language,regime,phase,family,instance_key,method,n,nnz,seed,n_reps,t_total_median_ns,t_total_iqr_ns,t_total_ci_lo_ns,t_total_ci_hi_ns,t_solve_median_ns,t_solve_iqr_ns,t_solve_ci_lo_ns,t_solve_ci_hi_ns,time_per_matvec_ns_median,ns_per_nonzero_median,peak_bytes_per_nonzero_median,matvecs,precond_applications,orthogonalizations,restart_cycles,iterations,index_a,krylov_m,converged,stop_residual,relres,drazin_error,precond_kind,precond_shift,precond_breakdown,tol,blas_backend
julia,multi_thread,drazin,blockdiag_high_index_singular,blockdiag_high_index_singular/ncore040_k5_n00000045,dgmres,45,1604,1000,30,4036609.0,159656.0,3979960.0,4089534.5,3558212.0,156838.25,3498226.5,3599308.5,818.7326277036356,2218.3366583541147,27428.38902743142,4346,0,820,1,40,5,120,true,1.2470963185838213e-15,0.4807381395400346,3.681473287025451e-14,none,nan,false,1e-08,openblas:libopenblas64_.so
julia,multi_thread,drazin,blockdiag_high_index_singular,blockdiag_high_index_singular/ncore040_k5_n00000045,dgmres,45,1604,1001,30,3951197.0,285246.0,3919667.0,4011500.0,3466087.0,221822.25,3441583.5,3497757.5,797.5349746893696,2160.902119700748,27428.38902743142,4346,0,820,1,40,5,120,true,6.671638694407498e-16,0.28651691259025386,6.810204164790198e-14,none,nan,false,1e-08,openblas:libopenblas64_.so
julia,multi_thread,drazin,blockdiag_high_index_singular,blockdiag_high_index_singular/ncore040_k5_n00000045,dgmres,45,1604,1002,30,3929420.0,105152.75,3900031.0,3978003.525,3450938.0,105371.75,3425517.0,3508761.5,794.0492406810861,2151.4576059850374,27428.38902743142,4346,0,820,1,40,5,120,true,1.0419640842650478e-15,0.13395791285635228,3.045206477193166e-14,none,nan,false,1e-08,openblas:libopenblas64_.so
julia,multi_thread,drazin,blockdiag_high_index_singular,blockdiag_high_index_singular/ncore040_k5_n00000045,gmres,45,1604,1000,30,1683243.0,643680.5,1421426.5,1921176.5,1173202.0,590690.75,915369.5,1399297.5,25504.391304347828,731.4226932668329,28756.26932668329,46,0,1035,1,45,0,120,false,0.3160538851249592,0.31605388512495913,0.8343733608495707,none,nan,false,1e-08,openblas:libopenblas64_.so
julia,multi_thread,drazin,blockdiag_high_index_singular,blockdiag_high_index_singular/ncore040_k5_n00000045,gmres,45,1604,1001,30,1695099.0,302307.5,1523637.0,1772730.0,1198542.0,264880.25,1015152.0,1232240.5,25500.893617021276,747.2206982543642,28756.26932668329,47,0,1081,1,46,0,120,false,0.008585413190121368,0.008585413190121367,0.7772862131361946,none,nan,false,1e-08,openblas:libopenblas64_.so
julia,multi_thread,drazin,blockdiag_high_index_singular,blockdiag_high_index_singular/ncore040_k5_n00000045,gmres,45,1604,1002,30,1695825.5,62284.75,1683177.5,1714594.0,1206199.5,260349.0,1192550.0,1219953.0,25663.81914893617,751.9947007481296,28756.26932668329,47,0,1081,1,46,0,120,false,0.021940519875934036,0.021940519875934046,0.2938753208035282,none,nan,false,1e-08,openblas:libopenblas64_.so
julia,multi_thread,drazin,coupled_singular,coupled_singular/ncore040_k3_n00000043,dgmres,43,1722,1000,30,3197280.0,410838.75,2958121.0,3261311.5,2628090.0,432884.25,2330755.0,2707129.0,1001.5586890243902,1526.184668989547,24457.068524970964,2624,0,820,1,40,3,120,true,1.4037854964283089e-15,1.1538977738234377,1.3133692391327864e-14,none,nan,false,1e-08,openblas:libopenblas64_.so
julia,multi_thread,drazin,coupled_singular,coupled_singular/ncore040_k3_n00000043,dgmres,43,1722,1001,30,3258768.5,252452.5,3168655.5875,3339004.5,2730196.5,226571.5,2644705.0,2782853.0,1040.4712271341464,1585.4799651567944,24457.068524970964,2624,0,820,1,40,3,120,true,1.3902189884437168e-15,0.33064852625817176,1.1651823616250974e-14,none,nan,false,1e-08,openblas:libopenblas64_.so
julia,multi_thread,drazin,coupled_singular,coupled_singular/ncore040_k3_n00000043,dgmres,43,1722,1002,30,3169101.5,324496.25,3103339.5,3216387.5,2645082.0,319164.25,2578325.5,2688988.0,1008.0342987804878,1536.0522648083625,24457.068524970964,2624,0,820,1,40,3,120,true,1.4885847980782589e-15,0.30584372979986846,1.0358687538949454e-14,none,nan,false,1e-08,openblas:libopenblas64_.so
julia,multi_thread,drazin,coupled_singular,coupled_singular/ncore040_k3_n00000043,gmres,43,1722,1000,30,1572539.5,1132027.5,1433263.5,1597420.0,997586.5,227151.25,888099.0,1031125.0,22168.588888888888,579.3185249709641,23041.783972125435,45,0,990,1,44,0,120,false,0.028241675286193042,0.028241675286193063,1.8139531815834877,none,nan,false,1e-08,openblas:libopenblas64_.so
julia,multi_thread,drazin,coupled_singular,coupled_singular/ncore040_k3_n00000043,gmres,43,1722,1001,30,1737703.5,446827.0,1441595.0,1807305.0,1214092.5,450772.5,906685.0,1280313.0,26979.833333333336,705.0479094076654,23041.783972125435,45,0,990,1,44,0,120,false,0.043603019600712695,0.043603019600712695,0.8125269800870517,none,nan,false,1e-08,openblas:libopenblas64_.so
julia,multi_thread,drazin,coupled_singular,coupled_singular/ncore040_k3_n00000043,gmres,43,1722,1002,30,1585081.5,347163.75,1288322.5,1611335.0,1062339.5,360368.0,748146.0,1091078.0,24144.079545454544,616.9218931475029,23041.783972125435,44,0,946,1,43,0,120,false,0.11518987476573904,0.11518987476573904,0.4979375514306554,none,nan,false,1e-08,openblas:libopenblas64_.so
julia,multi_thread,drazin,illcond_block_singular,illcond_block_singular/ncore040_k2_n00000042,dgmres,42,1601,1000,30,1581798.5,261520.75,1557517.5,1780289.5,1081167.5,259874.5,1070376.0,1128607.0,936.0757575757576,675.3076202373517,26246.63585259213,1155,0,528,1,32,2,120,true,8.255404137562765e-09,2.3233040642357925,1.0406654359546217,none,nan,false,1e-08,openblas:libopenblas64_.so
julia,multi_thread,drazin,illcond_block_singular,illcond_block_singular/ncore040_k2_n00000042,dgmres,42,1601,1001,30,1681982.5,222580.25,1498486.0,1705030.5,1178968.0,196926.25,1014718.5,1200805.0,1083.610294117647,736.3947532792006,26246.63585259213,1088,0,496,1,31,2,120,true,4.5093320683904736e-10,0.7140775525327484,1.0920886643861958,none,nan,false,1e-08,openblas:libopenblas64_.so
julia,multi_thread,drazin,illcond_block_singular,illcond_block_singular/ncore040_k2_n00000042,dgmres,42,1601,1002,30,1774545.0,378486.25,1575229.0,1834992.0,1078064.5,350319.5,1048639.9375,1335090.5,990.8681066176471,673.3694565896315,26246.63585259213,1088,0,496,1,31,2,120,true,5.178558674560187e-09,2.1209338830863502,1.0193715258387666,none,nan,false,1e-08,openblas:libopenblas64_.so
julia,multi_thread,drazin,illcond_block_singular,illcond_block_singular/ncore040_k2_n00000042,gmres,42,1601,1000,30,5372578.0,504490.5,5296812.0,5624609.5,4833718.5,507371.25,4740167.0,5022038.5,63601.55921052632,3019.187070580887,23780.337289194253,76,0,2850,1,75,0,120,false,0.31407935508508306,0.31407935508618356,0.8336238554236608,none,nan,false,1e-08,openblas:libopenblas64_.so
julia,multi_thread,drazin,illcond_block_singular,illcond_block_singular/ncore040_k2_n00000042,gmres,42,1601,1001,30,5260110.5,690107.25,4886808.0,5440986.5,4670519.0,613974.5,4367035.0,4823931.0,63979.71232876713,2917.251093066833,23780.337289194253,73,0,2628,1,72,0,120,false,0.12669219573152368,0.12669219573158452,0.22408628092167124,none,nan,false,1e-08,openblas:libopenblas64_.so
julia,multi_thread,drazin,illcond_block_singular,illcond_block_singular/ncore040_k2_n00000042,gmres,42,1601,1002,30,5690805.5,989831.0,5271690.0,5916699.0,5041534.0,747849.0,4692576.5,5177107.0,67220.45333333334,3148.990630855715,23780.337289194253,75,0,2775,1,74,0,120,false,0.01132921184208522,0.011329211842109332,0.09381787454858925,none,nan,false,1e-08,openblas:libopenblas64_.so
julia,multi_thread,drazin,similarity_singular,similarity_singular/ncore040_k3_n00000043,dgmres,43,1849,1000,30,3418746.0,523387.75,3030153.5,3467905.0,2797981.5,496174.75,2467019.0,2901939.925,1066.303925304878,1513.240400216333,22312.012979989184,2624,0,820,1,40,3,120,true,9.271039546818537e-16,0.42862091924553086,1.2044617396668503e-14,none,nan,false,1e-08,openblas:libopenblas64_.so
julia,multi_thread,drazin,similarity_singular,similarity_singular/ncore040_k3_n00000043,dgmres,43,1849,1001,30,3344625.5,159517.5,3264951.5,3399370.0,2778495.0,151041.25,2708085.5,2829136.5,1058.877667682927,1502.7014602487832,22312.012979989184,2624,0,820,1,40,3,120,true,9.3902004030405e-16,0.2706762651455522,2.0318323274004806e-14,none,nan,false,1e-08,openblas:libopenblas64_.so
julia,multi_thread,drazin,similarity_singular,similarity_singular/ncore040_k3_n00000043,dgmres,43,1849,1002,30,3311882.0,101631.25,3283258.5,3355411.5,2747432.0,77332.5,2721656.0,2771274.0,1047.0396341463415,1485.9015684153596,22312.012979989184,2624,0,820,1,40,3,120,true,1.1991466845362091e-15,0.496901719992437,8.034999344913465e-15,none,nan,false,1e-08,openblas:libopenblas64_.so
julia,multi_thread,drazin,similarity_singular,similarity_singular/ncore040_k3_n00000043,gmres,43,1849,1000,30,1483382.5,478765.0,1441225.0,1837807.0,902413.0,482726.75,877618.0,1272158.5,20053.62222222222,488.05462412114656,22801.583558680366,45,0,990,1,44,0,120,false,0.06787101807934436,0.06787101807934426,0.7349071482288759,none,nan,false,1e-08,openblas:libopenblas64_.so
julia,multi_thread,drazin,similarity_singular,similarity_singular/ncore040_k3_n00000043,gmres,43,1849,1001,30,1622146.0,380151.75,1283209.5,1645011.5,1068876.0,385385.5,730170.5,1094213.5,24292.63636363636,578.0832882639264,22801.583558680366,44,0,946,1,43,0,120,false,0.15694585686772122,0.1569458568677212,0.36297077295197305,none,nan,false,1e-08,openblas:libopenblas64_.so
julia,multi_thread,drazin,similarity_singular,similarity_singular/ncore040_k3_n00000043,gmres,43,1849,1002,30,1435555.5,193253.75,1363425.5,1521304.5,817562.0,152357.5,799099.0,933457.5,18580.954545454544,442.16441319632236,22801.583558680366,44,0,946,1,43,0,120,false,0.27108046622028686,0.27108046622028714,0.596602670632607,none,nan,false,1e-08,openblas:libopenblas64_.so
julia,multi_thread,drazin,similarity_singular,similarity_singular/ncore040_k4_n00000044,dgmres,44,1936,1000,30,4189378.5,492919.5,3977494.0,4228181.5,3466662.0,479570.5,3242642.5,3599372.0,994.7380200860832,1790.6311983471073,20192.26446280992,3485,0,820,1,40,4,120,true,8.139236554925433e-16,0.3057009626668703,5.286555611764727e-14,none,nan,false,1e-08,openblas:libopenblas64_.so
julia,multi_thread,drazin,similarity_singular,similarity_singular/ncore040_k4_n00000044,dgmres,44,1936,1001,30,4039918.5,89463.25,4019691.5,4069310.0,3420002.0,108881.75,3408079.5,3462117.0,981.3492109038737,1766.529958677686,20192.26446280992,3485,0,820,1,40,4,120,true,1.1185050394766442e-15,0.16275842220810643,3.417213994386861e-14,none,nan,false,1e-08,openblas:libopenblas64_.so
julia,multi_thread,drazin,similarity_singular,similarity_singular/ncore040_k4_n00000044,dgmres,44,1936,1002,30,3931782.0,206371.75,3865590.5,3972234.0,3319807.5,253115.5,3206440.5,3353662.0,952.5989956958392,1714.7766012396696,20192.26446280992,3485,0,820,1,40,4,120,true,1.0771514471090955e-15,0.38197790642872576,2.411299109087681e-14,none,nan,false,1e-08,openblas:libopenblas64_.so
julia,multi_thread,drazin,similarity_singular,similarity_singular/ncore040_k4_n00000044,gmres,44,1936,1000,30,1703817.0,457327.75,1469118.0,1862571.0,1079450.5,460853.75,866616.5,1282971.5,23987.78888888889,557.5674070247934,19972.23140495868,45,0,990,1,44,0,120,false,0.24258928143542585,0.24258928143542588,0.35405012669041874,none,nan,false,1e-08,openblas:libopenblas64_.so
julia,multi_thread,drazin,similarity_singular,similarity_singular/ncore040_k4_n00000044,gmres,44,1936,1001,30,1784160.0,364000.25,1613215.5,1891906.0999999999,1074713.5,354008.25,966823.0,1262395.0,23363.336956521736,555.1206095041323,19972.23140495868,46,0,1035,1,45,0,120,false,0.05011971027495482,0.05011971027495473,0.36283186511143456,none,nan,false,1e-08,openblas:libopenblas64_.so
julia,multi_thread,drazin,similarity_singular,similarity_singular/ncore040_k4_n00000044,gmres,44,1936,1002,30,1843107.5,435400.25,1767627.5,1902283.5,1261112.0,433785.75,1186481.5,1317576.0,27415.478260869568,651.400826446281,19972.23140495868,46,0,1035,1,45,0,120,false,0.09302400968897398,0.09302400968897388,0.5944810634249715,none,nan,false,1e-08,openblas:libopenblas64_.so
julia,multi_thread,drazin,similarity_singular,similarity_singular/ncore997_k3_n00001000,dgmres,1000,1000000,1000,20,10274617514.5,474013528.75,10117901612.5,10526919265.0,9865045521.0,454514381.5,9699336293.0,10105831226.5,443094.03166546894,9865.045521,158.101504,22264,0,7260,1,120,3,120,false,0.7027861289112365,1.2589776532615062,1.0558260754973108,none,nan,false,1e-08,openblas:libopenblas64_.so
julia,multi_thread,drazin,similarity_singular,similarity_singular/ncore997_k3_n00001000,gmres,1000,1000000,1000,30,528678161.0,276649660.0,495524670.0,746820595.5,124887143.5,79760390.5,109107144.0,166543761.0,1032125.152892562,124.88714350000001,234.84416,121,0,7260,1,120,0,120,false,0.9425921067399665,0.9425921067399666,1.003274675478181,none,nan,false,1e-08,openblas:libopenblas64_.so
julia,multi_thread,drazin,sparse_block_singular,sparse_block_singular/n00000103,dgmres,103,300,12345,30,2438920.0,419417.75,2254410.5,2513597.0,2360678.5,416172.0,2162791.5,2432235.0,899.648818597561,7868.928333333333,232407.04,2624,0,820,1,40,3,120,true,6.678749422956861e-09,0.17728247296652194,3.8247286032928883e-07,none,nan,false,1e-08,openblas:libopenblas64_.so
julia,multi_thread,drazin,sparse_block_singular,sparse_block_singular/n00000103,gmres,103,300,12345,30,12670392.5,2181916.25,12290632.0,13819631.0,12584470.5,2148974.25,12205116.0,13722372.0,117611.87383177571,41948.235,179008.85333333333,107,0,5671,1,106,0,120,false,0.15649910512848808,0.156499105128488,0.15834525569079405,none,nan,false,1e-08,openblas:libopenblas64_.so
julia,multi_thread,drazin,sparse_block_singular,sparse_block_singular/n00000503,dgmres,503,1500,12345,30,10581001.0,1106350.0,10356323.5,10975661.5,10209418.5,1088213.75,9983126.0,10600260.0,3890.7844893292686,6806.279,66745.68533333333,2624,0,820,1,40,3,120,true,9.215499288416959e-09,0.07376256184201045,6.097394486896819e-07,none,nan,false,1e-08,openblas:libopenblas64_.so
julia,multi_thread,drazin,sparse_block_singular,sparse_block_singular/n00000503,gmres,503,1500,12345,30,23786425.5,3862669.5,22615741.0,25691390.0,23396443.5,3800830.5,22235588.0,25269601.5,193359.03719008266,15597.629,70317.39733333333,121,0,7260,1,120,0,120,false,0.025883555152807283,0.025883552385741186,29901523.691646166,none,nan,false,1e-08,openblas:libopenblas64_.so
julia,multi_thread,spd,anisotropic_2d_spd,anisotropic_2d_spd/eps0p01_n00000576,cg,576,2784,1000,30,1638371.5,340496.5,1459834.0,1702921.5,608021.5,247982.25,477612.0,696288.0,4537.473880597015,218.39852729885058,28823.540229885057,134,0,0,0,134,-1,-1,true,9.405431306583761e-09,9.405430891551421e-09,nan,none,nan,false,1e-08,openblas:libopenblas64_.so
julia,multi_thread,spd,anisotropic_2d_spd,anisotropic_2d_spd/eps0p01_n00000576,cg,576,2784,1001,30,1520302.0,597207.5,1385199.5,1826287.5,483644.5,214554.5,462120.0,601404.0,3556.2095588235297,173.72288074712645,28823.540229885057,136,0,0,0,136,-1,-1,true,8.738392446935692e-09,8.738392020015398e-09,nan,none,nan,false,1e-08,openblas:libopenblas64_.so
julia,multi_thread,spd,anisotropic_2d_spd,anisotropic_2d_spd/eps0p01_n00000576,cg,576,2784,1002,30,1411710.0,592899.0,1393518.5,1496628.5,484206.0,292525.25,473510.5,501531.0,3560.338235294118,173.92456896551724,28823.540229885057,136,0,0,0,136,-1,-1,true,9.659567850288887e-09,9.659567791410609e-09,nan,none,nan,false,1e-08,openblas:libopenblas64_.so
julia,multi_thread,spd,anisotropic_2d_spd,anisotropic_2d_spd/eps0p01_n00000576,pcg_ic0,576,2784,1000,30,1504504.5,502734.25,1295114.5,1670844.0,191027.5,51510.0,171981.5,205981.0,14694.423076923078,68.61619971264368,24974.712643678162,13,13,0,0,13,-1,-1,true,7.398183091899312e-09,7.398183126972495e-09,nan,ic0,0.0,false,1e-08,openblas:libopenblas64_.so
julia,multi_thread,spd,anisotropic_2d_spd,anisotropic_2d_spd/eps0p01_n00000576,pcg_ic0,576,2784,1001,30,1694195.5,415770.25,1540689.0,1844008.5,204879.0,92274.25,166081.5,221942.0,15759.923076923078,73.5915948275862,24974.712643678162,13,13,0,0,13,-1,-1,true,9.132826729585778e-09,9.132826659722381e-09,nan,ic0,0.0,false,1e-08,openblas:libopenblas64_.so
julia,multi_thread,spd,anisotropic_2d_spd,anisotropic_2d_spd/eps0p01_n00000576,pcg_ic0,576,2784,1002,30,1530385.0,441124.25,1392942.5,1688765.1624999994,180519.5,53733.5,172868.5,217894.5,12894.25,64.84177442528735,24974.712643678162,14,14,0,0,14,-1,-1,true,2.8884982677264958e-09,2.888498170683498e-09,nan,ic0,0.0,false,1e-08,openblas:libopenblas64_.so
julia,multi_thread,spd,anisotropic_2d_spd,anisotropic_2d_spd/eps0p01_n00000576,pcg_jacobi,576,2784,1000,30,1260287.0,283127.25,1110141.125,1360010.0,473946.0,186060.75,410909.0,580407.0,3536.910447761194,170.23922413793105,17650.758620689656,134,134,0,0,134,-1,-1,true,9.405431306583826e-09,9.405430681378782e-09,nan,jacobi,nan,false,1e-08,openblas:libopenblas64_.so
julia,multi_thread,spd,anisotropic_2d_spd,anisotropic_2d_spd/eps0p01_n00000576,pcg_jacobi,576,2784,1001,30,1082820.0,25721.5,1077758.5,1096507.7125,384707.0,22249.5,380087.5,396988.27499999997,2828.7279411764703,138.1849856321839,17650.758620689656,136,136,0,0,136,-1,-1,true,8.738392446935614e-09,8.73839211863696e-09,nan,jacobi,nan,false,1e-08,openblas:libopenblas64_.so
julia,multi_thread,spd,anisotropic_2d_spd,anisotropic_2d_spd/eps0p01_n00000576,pcg_jacobi,576,2784,1002,30,1049587.5,349651.25,1041757.5,1057204.5,353563.0,6721.0,351946.0,357264.0,2599.7279411764707,126.9982040229885,17650.758620689656,136,136,0,0,136,-1,-1,true,9.6595678502889e-09,9.659567892541923e-09,nan,jacobi,nan,false,1e-08,openblas:libopenblas64_.so
julia,multi_thread,spd,anisotropic_2d_spd,anisotropic_2d_spd/eps0p1_n00000576,cg,576,2784,1000,30,1148477.0,240970.0,1075384.5875,1291990.5,368618.0,169538.25,322998.0,476446.5,3351.072727272727,132.4058908045977,18785.103448275862,110,0,0,0,110,-1,-1,true,9.393815169441814e-09,9.393815121128656e-09,nan,none,nan,false,1e-08,openblas:libopenblas64_.so
julia,multi_thread,spd,anisotropic_2d_spd,anisotropic_2d_spd/eps0p1_n00000576,cg,576,2784,1001,30,1037628.0,21170.0,1032952.0,1044349.0,296329.0,17100.75,292631.5,301962.5,2718.6146788990827,106.4400143678161,18785.103448275862,109,0,0,0,109,-1,-1,true,9.404627102465141e-09,9.404627190030574e-09,nan,none,nan,false,1e-08,openblas:libopenblas64_.so
julia,multi_thread,spd,anisotropic_2d_spd,anisotropic_2d_spd/eps0p1_n00000576,cg,576,2784,1002,30,1030289.0,38160.25,1018992.0,1041255.0,293259.5,25291.0,287320.5,303219.5,2618.388392857143,105.33746408045977,18785.103448275862,112,0,0,0,112,-1,-1,true,8.911646790312453e-09,8.911646536500362e-09,nan,none,nan,false,1e-08,openblas:libopenblas64_.so
julia,multi_thread,spd,anisotropic_2d_spd,anisotropic_2d_spd/eps0p1_n00000576,pcg_ic0,576,2784,1000,30,1138518.5,137976.0,1083220.0,1204625.5,253165.0,51289.75,219075.5,263394.0,10548.541666666668,90.93570402298852,18409.931034482757,24,24,0,0,24,-1,-1,true,6.802064807788573e-09,6.802064904384108e-09,nan,ic0,0.0,false,1e-08,openblas:libopenblas64_.so
julia,multi_thread,spd,anisotropic_2d_spd,anisotropic_2d_spd/eps0p1_n00000576,pcg_ic0,576,2784,1001,30,1045636.0,16863.75,1041351.5,1052584.0,214214.0,3558.5,213556.0,215392.0,8925.583333333332,76.94468390804597,18409.931034482757,24,24,0,0,24,-1,-1,true,5.500150431117407e-09,5.500150431054815e-09,nan,ic0,0.0,false,1e-08,openblas:libopenblas64_.so
julia,multi_thread,spd,anisotropic_2d_spd,anisotropic_2d_spd/eps0p1_n00000576,pcg_ic0,576,2784,1002,30,1046699.0,15592.0,1040613.5,1052291.0,214419.5,7501.25,212241.0,216924.5,8934.145833333332,77.0184985632184,18409.931034482757,24,24,0,0,24,-1,-1,true,7.651376870580646e-09,7.65137685487064e-09,nan,ic0,0.0,false,1e-08,openblas:libopenblas64_.so
julia,multi_thread,spd,anisotropic_2d_spd,anisotropic_2d_spd/eps0p1_n00000576,pcg_jacobi,576,2784,1000,30,1141146.0,230594.75,1071552.0,1270435.0,345902.5,164028.5,307952.5,455240.5,3144.568181818182,124.24658764367817,23390.16091954023,110,110,0,0,110,-1,-1,true,9.393815169441834e-09,9.393815050859316e-09,nan,jacobi,nan,false,1e-08,openblas:libopenblas64_.so
julia,multi_thread,spd,anisotropic_2d_spd,anisotropic_2d_spd/eps0p1_n00000576,pcg_jacobi,576,2784,1001,30,1044974.5,28917.5,1037849.5,1055229.5,286404.0,14390.0,280754.5,290138.0,2627.559633027523,102.875,23390.16091954023,109,109,0,0,109,-1,-1,true,9.404627102465123e-09,9.404627061756564e-09,nan,jacobi,nan,false,1e-08,openblas:libopenblas64_.so
julia,multi_thread,spd,anisotropic_2d_spd,anisotropic_2d_spd/eps0p1_n00000576,pcg_jacobi,576,2784,1002,30,1050698.5,21763.25,1045345.0,1058973.0,290517.5,14054.5,284473.5,293082.0,2593.90625,104.35255028735632,23390.16091954023,112,112,0,0,112,-1,-1,true,8.911646790312427e-09,8.911646612333957e-09,nan,jacobi,nan,false,1e-08,openblas:libopenblas64_.so
julia,multi_thread,spd,anisotropic_2d_spd,anisotropic_2d_spd/eps0p1_n00005041,cg,5041,24921,1000,30,15831569.5,610477.75,15612915.2,15985022.5,8922666.5,853174.0,8568811.5,9191620.0,28598.290064102563,358.0380602704546,4005.7667027807875,312,0,0,0,312,-1,-1,true,9.084582110434654e-09,9.084582308450162e-09,nan,none,nan,false,1e-08,openblas:libopenblas64_.so
julia,multi_thread,spd,anisotropic_2d_spd,anisotropic_2d_spd/eps0p1_n00005041,cg,5041,24921,1001,30,15783793.0,659082.5,15557072.675,15965905.5,8809976.0,674684.5,8680883.075,9030230.5,27791.72239747634,353.51615103727784,4005.7667027807875,317,0,0,0,317,-1,-1,true,9.551903994835032e-09,9.551904646343975e-09,nan,none,nan,false,1e-08,openblas:libopenblas64_.so
julia,multi_thread,spd,anisotropic_2d_spd,anisotropic_2d_spd/eps0p1_n00005041,cg,5041,24921,1002,30,15340182.0,744757.5,15081184.5,15656390.0,8394724.5,793276.0,8102090.0,8549048.0,26906.16826923077,336.8534368604791,4005.7667027807875,312,0,0,0,312,-1,-1,true,9.790472194375395e-09,9.790472139591897e-09,nan,none,nan,false,1e-08,openblas:libopenblas64_.so
julia,multi_thread,spd,anisotropic_2d_spd,anisotropic_2d_spd/eps0p1_n00005041,pcg_ic0,5041,24921,1000,30,14026458.5,622490.75,13865387.85,14175149.5,5796277.0,1309461.5,5191366.0,6393566.0,89173.4923076923,232.5860519240801,2441.2298061875526,65,65,0,0,65,-1,-1,true,9.515958986015993e-09,9.515959006417577e-09,nan,ic0,0.0,false,1e-08,openblas:libopenblas64_.so
julia,multi_thread,spd,anisotropic_2d_spd,anisotropic_2d_spd/eps0p1_n00005041,pcg_ic0,5041,24921,1001,30,13935024.0,2230123.5,12822741.5,14522527.5,5271264.5,1342922.5,5231480.0,6444550.0,79867.64393939395,211.51897997672646,2441.2298061875526,66,66,0,0,66,-1,-1,true,7.669889935028885e-09,7.669890174432234e-09,nan,ic0,0.0,false,1e-08,openblas:libopenblas64_.so
julia,multi_thread,spd,anisotropic_2d_spd,anisotropic_2d_spd/eps0p1_n00005041,pcg_ic0,5041,24921,1002,30,13812278.5,1578834.5,12792906.5,14103442.5,5219074.5,948862.0,5181979.0,5247955.5,79076.88636363637,209.42476224870592,2441.2298061875526,66,66,0,0,66,-1,-1,true,7.42775357255702e-09,7.427753552302843e-09,nan,ic0,0.0,false,1e-08,openblas:libopenblas64_.so
julia,multi_thread,spd,anisotropic_2d_spd,anisotropic_2d_spd/eps0p1_n00005041,pcg_jacobi,5041,24921,1000,30,16693410.0,482599.5,16459050.0,16750118.5,9418247.0,1005137.0,9199308.0,9742695.5,30186.6891025641,377.92412021989486,4865.3662373099,312,312,0,0,312,-1,-1,true,9.084582110434653e-09,9.084582426445609e-09,nan,jacobi,nan,false,1e-08,openblas:libopenblas64_.so
julia,multi_thread,spd,anisotropic_2d_spd,anisotropic_2d_spd/eps0p1_n00005041,pcg_jacobi,5041,24921,1001,30,15623295.0,959323.5,15447537.0,15967801.0,8712501.5,473775.5,8571235.0,8888666.0,27484.231861198736,349.60481120340273,4865.3662373099,317,317,0,0,317,-1,-1,true,9.551903994834978e-09,9.551904420650621e-09,nan,jacobi,nan,false,1e-08,openblas:libopenblas64_.so
julia,multi_thread,spd,anisotropic_2d_spd,anisotropic_2d_spd/eps0p1_n00005041,pcg_jacobi,5041,24921,1002,30,15698182.5,753286.75,15383358.5,15891133.0,8574090.0,884820.25,8293423.0,8840469.0,27481.057692307695,344.0508005296738,4865.3662373099,312,312,0,0,312,-1,-1,true,9.79047219437538e-09,9.790471947980898e-09,nan,jacobi,nan,false,1e-08,openblas:libopenblas64_.so
julia,multi_thread,spd,anisotropic_2d_spd,anisotropic_2d_spd/eps0p1_n00010000,cg,10000,49600,1000,30,36768987.5,6031449.5,35619116.0,40150069.5,22239213.0,4508998.75,20893084.0,24815946.5,50658.79954441913,448.37122983870967,1896.0516129032258,439,0,0,0,439,-1,-1,true,9.749438638704736e-09,9.749439363289807e-09,nan,none,nan,false,1e-08,openblas:libopenblas64_.so
julia,multi_thread,spd,anisotropic_2d_spd,anisotropic_2d_spd/eps0p1_n00010000,cg,10000,49600,1001,30,36303135.0,5465393.75,34689603.5,38154636.5,21847559.0,5103399.25,20635713.5,22774352.5,49994.41418764302,440.4749798387097,1896.0516129032258,437,0,0,0,437,-1,-1,true,9.941421219855903e-09,9.941421540856136e-09,nan,none,nan,false,1e-08,openblas:libopenblas64_.so
julia,multi_thread,spd,anisotropic_2d_spd,anisotropic_2d_spd/eps0p1_n00010000,cg,10000,49600,1002,30,35350596.5,4774372.5,34680377.5,38629864.5,20988452.5,5045166.75,20404600.0,24359086.5,48360.4896313364,423.1542842741935,1896.0516129032258,434,0,0,0,434,-1,-1,true,9.43062431662486e-09,9.430624262942914e-09,nan,none,nan,false,1e-08,openblas:libopenblas64_.so
julia,multi_thread,spd,anisotropic_2d_spd,anisotropic_2d_spd/eps0p1_n00010000,pcg_ic0,10000,49600,1000,30,34531497.0,10094404.5,32864244.0,40829094.0,17311583.0,7704366.5,16503979.0,19455587.5,188169.3804347826,349.0238508064516,1746.0851612903225,92,92,0,0,92,-1,-1,true,7.354786280122512e-09,7.354786364438564e-09,nan,ic0,0.0,false,1e-08,openblas:libopenblas64_.so
julia,multi_thread,spd,anisotropic_2d_spd,anisotropic_2d_spd/eps0p1_n00010000,pcg_ic0,10000,49600,1001,30,34100548.5,7014644.5,32434829.0,37260787.0,17194104.0,7645985.5,16311919.0,19579899.0,188946.19780219783,346.65532258064513,1746.0851612903225,91,91,0,0,91,-1,-1,true,8.790784075465009e-09,8.790784207466102e-09,nan,ic0,0.0,false,1e-08,openblas:libopenblas64_.so
julia,multi_thread,spd,anisotropic_2d_spd,anisotropic_2d_spd/eps0p1_n00010000,pcg_ic0,10000,49600,1002,30,33346013.0,10963449.5,31406286.0,38521612.5,16369732.5,8942842.25,15286758.5,20621429.0,181885.9166666667,330.03492943548383,1746.0851612903225,90,90,0,0,90,-1,-1,true,8.624039586315509e-09,8.624039655747312e-09,nan,ic0,0.0,false,1e-08,openblas:libopenblas64_.so
julia,multi_thread,spd,anisotropic_2d_spd,anisotropic_2d_spd/eps0p1_n00010000,pcg_jacobi,10000,49600,1000,30,38196169.0,3413754.0,37151846.3875,38852204.0,22663732.5,3943628.75,22197446.0,23479242.0,51625.81435079726,456.93009072580645,2285.501935483871,439,439,0,0,439,-1,-1,true,9.7494386387047e-09,9.74943951024494e-09,nan,jacobi,nan,false,1e-08,openblas:libopenblas64_.so
julia,multi_thread,spd,anisotropic_2d_spd,anisotropic_2d_spd/eps0p1_n00010000,pcg_jacobi,10000,49600,1001,30,36821402.5,4545517.0,36072638.0,38693003.0,21656878.0,3746553.0,21158772.5,23636391.0,49558.07322654463,436.6306048387097,2285.501935483871,437,437,0,0,437,-1,-1,true,9.941421219855734e-09,9.941421577613778e-09,nan,jacobi,nan,false,1e-08,openblas:libopenblas64_.so
julia,multi_thread,spd,anisotropic_2d_spd,anisotropic_2d_spd/eps0p1_n00010000,pcg_jacobi,10000,49600,1002,30,38491399.0,4407039.0,37708080.0,40578826.5,23285031.5,4467993.5,22499490.0,25198984.0,53652.14631336406,469.4562802419355,2285.501935483871,434,434,0,0,434,-1,-1,true,9.430624316624939e-09,9.430624199658845e-09,nan,jacobi,nan,false,1e-08,openblas:libopenblas64_.so
julia,multi_thread,spd,laplacian_1d_spd,laplacian_1d_spd/n00000100,cg,100,298,0,30,106943.5,2468.5,106105.0,107888.0,37259.0,1347.5,36925.0,37726.5,372.59000000000003,125.03020134228188,213060.72483221476,100,0,0,0,100,-1,-1,true,4.727254533206659e-17,1.3224871488156666e-13,nan,none,nan,false,1e-08,openblas:libopenblas64_.so
julia,multi_thread,spd,laplacian_1d_spd,laplacian_1d_spd/n00000100,pcg_ic0,100,298,0,30,89013.5,4721.75,87877.0,91980.0,2048.5,219.25,1951.0,2127.0,2048.5,6.874161073825503,172623.033557047,1,1,0,0,1,-1,-1,true,2.794185356301654e-14,2.816747774901665e-14,nan,ic0,0.0,false,1e-08,openblas:libopenblas64_.so
julia,multi_thread,spd,laplacian_1d_spd,laplacian_1d_spd/n00000100,pcg_jacobi,100,298,0,30,152236.0,18663.0,146267.5,162090.5,50285.5,7395.0,49677.0,53644.0,502.855,168.74328859060404,265965.10067114094,100,100,0,0,100,-1,-1,true,4.727254533206659e-17,1.3224871488156666e-13,nan,jacobi,nan,false,1e-08,openblas:libopenblas64_.so
julia,multi_thread,spd,laplacian_1d_spd,laplacian_1d_spd/n00000500,cg,500,1498,0,30,1425860.0,426431.5,1366102.0,1731715.5,1043001.0,435626.25,998476.5,1364867.5,2086.002,696.262349799733,36702.67556742323,500,0,0,0,500,-1,-1,true,5.168721004296842e-17,2.47496294081965e-13,nan,none,nan,false,1e-08,openblas:libopenblas64_.so
julia,multi_thread,spd,laplacian_1d_spd,laplacian_1d_spd/n00000500,pcg_ic0,500,1498,0,30,433499.5,12370.75,430896.0,437110.5,10773.5,704.25,10599.0,10978.0,10773.5,7.19192256341789,52846.056074766355,1,1,0,0,1,-1,-1,true,1.9343355189237168e-14,2.0929545856454028e-14,nan,ic0,0.0,false,1e-08,openblas:libopenblas64_.so
julia,multi_thread,spd,laplacian_1d_spd,laplacian_1d_spd/n00000500,pcg_jacobi,500,1498,0,30,1484102.5,644428.25,1427011.5,1977965.5,1120000.0,643403.75,1072979.5,1614402.0,2240.0,747.6635514018692,31266.86248331108,500,500,0,0,500,-1,-1,true,5.168721004296842e-17,2.47496294081965e-13,nan,jacobi,nan,false,1e-08,openblas:libopenblas64_.so
julia,multi_thread,spd,laplacian_2d_spd,laplacian_2d_spd/m020_n00000400,cg,400,1920,1000,30,560807.5,16043.0,556394.0,565979.5,120784.0,11099.0,118174.5,125006.0,1917.2063492063492,62.90833333333333,38956.8,63,0,0,0,63,-1,-1,true,9.088563411530722e-09,9.088563317520093e-09,nan,none,nan,false,1e-08,openblas:libopenblas64_.so
julia,multi_thread,spd,laplacian_2d_spd,laplacian_2d_spd/m020_n00000400,cg,400,1920,1001,30,576183.5,12899.5,570805.5,578181.0,131119.0,4538.25,129869.0375,133451.0,2048.734375,68.29114583333333,38956.8,64,0,0,0,64,-1,-1,true,9.733052329000377e-09,9.733052341209918e-09,nan,none,nan,false,1e-08,openblas:libopenblas64_.so
julia,multi_thread,spd,laplacian_2d_spd,laplacian_2d_spd/m020_n00000400,cg,400,1920,1002,30,563187.5,19612.75,557943.0,569939.0,121924.0,7811.75,119931.5,125344.0,1875.753846153846,63.50208333333333,38956.8,65,0,0,0,65,-1,-1,true,5.810632098552299e-09,5.8106321366498865e-09,nan,none,nan,false,1e-08,openblas:libopenblas64_.so
julia,multi_thread,spd,laplacian_2d_spd,laplacian_2d_spd/m020_n00000400,pcg_ic0,400,1920,1000,30,719450.0,50893.25,698358.4,728015.0,173893.0,27171.5,160229.5,179894.0,7560.565217391304,90.56927083333333,25465.6,23,23,0,0,23,-1,-1,true,9.962611994671106e-09,9.96261206193086e-09,nan,ic0,0.0,false,1e-08,openblas:libopenblas64_.so
julia,multi_thread,spd,laplacian_2d_spd,laplacian_2d_spd/m020_n00000400,pcg_ic0,400,1920,1001,30,650532.5,70612.75,644388.0,660236.5,154218.0,7681.75,152658.0,155952.0,6705.130434782608,80.321875,25465.6,23,23,0,0,23,-1,-1,true,9.582487612962019e-09,9.582487612509908e-09,nan,ic0,0.0,false,1e-08,openblas:libopenblas64_.so
julia,multi_thread,spd,laplacian_2d_spd,laplacian_2d_spd/m020_n00000400,pcg_ic0,400,1920,1002,30,642880.5,14161.0,639886.5,648340.0,151483.0,2277.5,150566.2125,152293.5,6586.217391304348,78.89739583333333,25465.6,23,23,0,0,23,-1,-1,true,5.023792943337718e-09,5.023793059429641e-09,nan,ic0,0.0,false,1e-08,openblas:libopenblas64_.so
julia,multi_thread,spd,laplacian_2d_spd,laplacian_2d_spd/m020_n00000400,pcg_jacobi,400,1920,1000,30,559207.5,14380.5,554531.5,567023.0,120007.5,10136.75,117655.5,125188.5,1904.8809523809523,62.50390625,28755.2,63,63,0,0,63,-1,-1,true,9.088563411530722e-09,9.088563317520093e-09,nan,jacobi,nan,false,1e-08,openblas:libopenblas64_.so
julia,multi_thread,spd,laplacian_2d_spd,laplacian_2d_spd/m020_n00000400,pcg_jacobi,400,1920,1001,30,549843.5,13835.5,546987.0,556020.5,117885.5,10470.75,117047.0,124719.63749999998,1841.9609375,61.39869791666666,28755.2,64,64,0,0,64,-1,-1,true,9.733052329000377e-09,9.733052341209918e-09,nan,jacobi,nan,false,1e-08,openblas:libopenblas64_.so
julia,multi_thread,spd,laplacian_2d_spd,laplacian_2d_spd/m020_n00000400,pcg_jacobi,400,1920,1002,30,562076.0,17706.75,556220.0,567902.5,131171.5,13375.5,124229.5,133795.0,2018.023076923077,68.31848958333333,28755.2,65,65,0,0,65,-1,-1,true,5.810632098552299e-09,5.8106321366498865e-09,nan,jacobi,nan,false,1e-08,openblas:libopenblas64_.so
julia,multi_thread,spd,laplacian_2d_spd,laplacian_2d_spd/m032_n00001024,cg,1024,4992,1000,30,1569107.0,57464.75,1558417.0,1594706.0,477911.0,33485.75,469457.5,492430.0,4731.79207920792,95.7353766025641,17537.641025641027,101,0,0,0,101,-1,-1,true,8.822208925159782e-09,8.822208956579435e-09,nan,none,nan,false,1e-08,openblas:libopenblas64_.so
julia,multi_thread,spd,laplacian_2d_spd,laplacian_2d_spd/m032_n00001024,cg,1024,4992,1001,30,1553320.0,103874.25,1539616.0,1584304.0,458674.0,41095.5,456079.5,475228.5,4680.34693877551,91.8818108974359,17537.641025641027,98,0,0,0,98,-1,-1,true,9.807146507434913e-09,9.807146619023713e-09,nan,none,nan,false,1e-08,openblas:libopenblas64_.so
julia,multi_thread,spd,laplacian_2d_spd,laplacian_2d_spd/m032_n00001024,cg,1024,4992,1002,30,1537027.5,1166726.25,1517919.5,2589051.0,454264.0,793416.75,435536.0,474536.5,4497.663366336634,90.99839743589743,17537.641025641027,101,0,0,0,101,-1,-1,true,7.606776179662985e-09,7.606776325310368e-09,nan,none,nan,false,1e-08,openblas:libopenblas64_.so
julia,multi_thread,spd,laplacian_2d_spd,laplacian_2d_spd/m032_n00001024,pcg_ic0,1024,4992,1000,30,1787302.0,42747.75,1778617.0,1811698.0,552648.0,19802.75,545741.0,561740.0,15789.942857142858,110.70673076923077,9948.71794871795,35,35,0,0,35,-1,-1,true,9.645333431732463e-09,9.645333454842255e-09,nan,ic0,0.0,false,1e-08,openblas:libopenblas64_.so
julia,multi_thread,spd,laplacian_2d_spd,laplacian_2d_spd/m032_n00001024,pcg_ic0,1024,4992,1001,30,1780698.5,1010755.75,1775341.5,1811140.387499999,543859.5,15034.75,540374.0,549885.5,15538.842857142856,108.9462139423077,9948.71794871795,35,35,0,0,35,-1,-1,true,8.258974965760394e-09,8.258974914806702e-09,nan,ic0,0.0,false,1e-08,openblas:libopenblas64_.so
julia,multi_thread,spd,laplacian_2d_spd,laplacian_2d_spd/m032_n00001024,pcg_ic0,1024,4992,1002,30,1752051.0,995298.0,1741902.0,1775270.0,518948.0,10670.5,514268.0,521071.5,15263.176470588234,103.95592948717949,9948.71794871795,34,34,0,0,34,-1,-1,true,7.716909536172416e-09,7.716909642708428e-09,nan,ic0,0.0,false,1e-08,openblas:libopenblas64_.so
julia,multi_thread,spd,laplacian_2d_spd,laplacian_2d_spd/m032_n00001024,pcg_jacobi,1024,4992,1000,30,1733418.0,618368.75,1695314.0,2101872.5,540778.5,359528.5,521141.0,816720.5,5354.242574257426,108.3290264423077,14470.564102564103,101,101,0,0,101,-1,-1,true,8.822208925159782e-09,8.822208956579435e-09,nan,jacobi,nan,false,1e-08,openblas:libopenblas64_.so
julia,multi_thread,spd,laplacian_2d_spd,laplacian_2d_spd/m032_n00001024,pcg_jacobi,1024,4992,1001,30,1662978.0,1103030.0,1633170.0,1859491.0,508478.5,919720.5,488940.0,529247.5,5188.556122448979,101.85867387820514,14470.564102564103,98,98,0,0,98,-1,-1,true,9.807146507434913e-09,9.807146619023713e-09,nan,jacobi,nan,false,1e-08,openblas:libopenblas64_.so
julia,multi_thread,spd,laplacian_2d_spd,laplacian_2d_spd/m032_n00001024,pcg_jacobi,1024,4992,1002,30,2517478.5,935863.0,1896858.225,2688758.0,543594.0,926553.0,521429.5,891802.0,5382.118811881188,108.89302884615384,14470.564102564103,101,101,0,0,101,-1,-1,true,7.606776179662985e-09,7.606776325310368e-09,nan,jacobi,nan,false,1e-08,openblas:libopenblas64_.so
julia,multi_thread,spd,laplacian_2d_spd,laplacian_2d_spd/m064_n00004096,cg,4096,20224,1000,30,9151775.5,617248.25,9081566.5,9508537.0,4573209.0,740641.5,4441451.0,4763812.5,23097.015151515152,226.1278184335443,3739.5443037974683,198,0,0,0,198,-1,-1,true,9.714596828784372e-09,9.71459683453789e-09,nan,none,nan,false,1e-08,openblas:libopenblas64_.so
julia,multi_thread,spd,laplacian_2d_spd,laplacian_2d_spd/m064_n00004096,cg,4096,20224,1001,30,9187135.5,852131.0,8952934.0,9502706.949999997,4555663.5,700129.5,4406365.5,4748415.5,23243.18112244898,225.2602600870253,3739.5443037974683,196,0,0,0,196,-1,-1,true,9.35506152477016e-09,9.355061382862508e-09,nan,none,nan,false,1e-08,openblas:libopenblas64_.so
julia,multi_thread,spd,laplacian_2d_spd,laplacian_2d_spd/m064_n00004096,cg,4096,20224,1002,30,8871865.5,516385.5,8646271.5,8951273.0,4346403.5,818615.25,4001366.5,4482173.087499999,22637.518229166664,214.91314774525318,3739.5443037974683,192,0,0,0,192,-1,-1,true,9.410455392306075e-09,9.410455296332803e-09,nan,none,nan,false,1e-08,openblas:libopenblas64_.so
julia,multi_thread,spd,laplacian_2d_spd,laplacian_2d_spd/m064_n00004096,pcg_ic0,4096,20224,1000,30,10669077.0,708107.75,10453317.0,11020005.5,5067324.0,1382004.75,4230021.5,5522484.0,77958.83076923077,250.5599287974684,3614.784810126582,65,65,0,0,65,-1,-1,true,8.53805550801166e-09,8.53805551910364e-09,nan,ic0,0.0,false,1e-08,openblas:libopenblas64_.so
julia,multi_thread,spd,laplacian_2d_spd,laplacian_2d_spd/m064_n00004096,pcg_ic0,4096,20224,1001,30,10533772.5,1449446.0,9543555.0,10717344.0,4262204.5,1157049.25,4211365.5,4565796.5,65572.37692307692,210.74982693829116,3614.784810126582,65,65,0,0,65,-1,-1,true,9.119432199079147e-09,9.119432330438548e-09,nan,ic0,0.0,false,1e-08,openblas:libopenblas64_.so
julia,multi_thread,spd,laplacian_2d_spd,laplacian_2d_spd/m064_n00004096,pcg_ic0,4096,20224,1002,30,9690537.5,1351684.0,9036845.0,10340239.5,3983138.0,69605.5,3967838.5,4003118.0,65297.34426229508,196.9510482594937,3614.784810126582,61,61,0,0,61,-1,-1,true,9.463942650550069e-09,9.463942577762476e-09,nan,ic0,0.0,false,1e-08,openblas:libopenblas64_.so
julia,multi_thread,spd,laplacian_2d_spd,laplacian_2d_spd/m064_n00004096,pcg_jacobi,4096,20224,1000,30,9602111.5,559469.0,9428175.0,9722327.5,4777723.5,531325.0,4571076.0,5003585.0,24129.916666666668,236.24028382120252,4344.506329113924,198,198,0,0,198,-1,-1,true,9.714596828784372e-09,9.71459683453789e-09,nan,jacobi,nan,false,1e-08,openblas:libopenblas64_.so
julia,multi_thread,spd,laplacian_2d_spd,laplacian_2d_spd/m064_n00004096,pcg_jacobi,4096,20224,1001,30,9474306.5,721076.75,9200942.0,9592587.0,4505462.5,1089481.5,4079051.5,4739293.0,22987.053571428572,222.7780112737342,4344.506329113924,196,196,0,0,196,-1,-1,true,9.35506152477016e-09,9.355061382862508e-09,nan,jacobi,nan,false,1e-08,openblas:libopenblas64_.so
julia,multi_thread,spd,laplacian_2d_spd,laplacian_2d_spd/m064_n00004096,pcg_jacobi,4096,20224,1002,30,9286948.0,1197607.0,9018459.0,9537095.0,4167311.0,927159.0,3812771.5,4617658.5,21704.744791666664,206.05770371835445,4344.506329113924,192,192,0,0,192,-1,-1,true,9.410455392306075e-09,9.410455296332803e-09,nan,jacobi,nan,false,1e-08,openblas:libopenblas64_.so
julia,multi_thread,spd,laplacian_2d_spd,laplacian_2d_spd/m071_n00005041,cg,5041,24921,1000,30,12355807.5,928150.75,12037410.5,12715691.0,6449212.5,508725.5,6291911.0,6632756.5,29583.54357798165,258.7862645961237,3492.472372697725,218,0,0,0,218,-1,-1,true,9.609180948604223e-09,9.609180898717564e-09,nan,none,nan,false,1e-08,openblas:libopenblas64_.so
julia,multi_thread,spd,laplacian_2d_spd,laplacian_2d_spd/m071_n00005041,cg,5041,24921,1001,30,11628068.0,1366483.5,11321644.5,12289008.5,5893862.5,956468.75,5776249.5,6356149.0,27036.066513761467,236.50184583283175,3492.472372697725,218,0,0,0,218,-1,-1,true,9.697734192683296e-09,9.697734328551922e-09,nan,none,nan,false,1e-08,openblas:libopenblas64_.so
julia,multi_thread,spd,laplacian_2d_spd,laplacian_2d_spd/m071_n00005041,cg,5041,24921,1002,30,11456272.0,496352.75,11269125.0,11576153.5,5753297.0,697183.5,5553884.0,5980597.0,26270.762557077625,230.86140203041612,3492.472372697725,219,0,0,0,219,-1,-1,true,9.249111741017924e-09,9.249111755384285e-09,nan,none,nan,false,1e-08,openblas:libopenblas64_.so
julia,multi_thread,spd,laplacian_2d_spd,laplacian_2d_spd/m071_n00005041,pcg_ic0,5041,24921,1000,30,13184280.0,1004359.25,13069148.0,13484735.5,6609896.0,1367366.0,6070074.0,6951828.5,91804.11111111111,265.23397937482446,1927.7711167288633,72,72,0,0,72,-1,-1,true,8.928347170076573e-09,8.928347153206663e-09,nan,ic0,0.0,false,1e-08,openblas:libopenblas64_.so
julia,multi_thread,spd,laplacian_2d_spd,laplacian_2d_spd/m071_n00005041,pcg_ic0,5041,24921,1001,30,13241903.5,2455943.75,12365464.0,13912285.5,5759751.0,1569082.75,5652720.0,7103845.5,78900.69863013699,231.12038040207057,1927.7711167288633,73,73,0,0,73,-1,-1,true,7.4067881097996675e-09,7.4067880763671604e-09,nan,ic0,0.0,false,1e-08,openblas:libopenblas64_.so
julia,multi_thread,spd,laplacian_2d_spd,laplacian_2d_spd/m071_n00005041,pcg_ic0,5041,24921,1002,30,13360949.5,1405092.25,12674005.5,13564019.5,5824040.0,190911.75,5743945.0,5864544.5,80889.44444444444,233.70009229164157,1927.7711167288633,72,72,0,0,72,-1,-1,true,9.880882609241844e-09,9.880882715574338e-09,nan,ic0,0.0,false,1e-08,openblas:libopenblas64_.so
julia,multi_thread,spd,laplacian_2d_spd,laplacian_2d_spd/m071_n00005041,pcg_jacobi,5041,24921,1000,30,12010942.5,779083.75,11749677.5,12245213.5,6201976.0,644396.25,6071383.075,6447918.0,28449.43119266055,248.86545483728582,3533.2334978532162,218,218,0,0,218,-1,-1,true,9.609180948604223e-09,9.609180898717564e-09,nan,jacobi,nan,false,1e-08,openblas:libopenblas64_.so
julia,multi_thread,spd,laplacian_2d_spd,laplacian_2d_spd/m071_n00005041,pcg_jacobi,5041,24921,1001,30,11707723.0,710132.0,11489461.0,12087917.5,5777225.5,852583.0,5574276.5,5961604.0,26501.034403669724,231.8215761807311,3533.2334978532162,218,218,0,0,218,-1,-1,true,9.697734192683296e-09,9.697734328551922e-09,nan,jacobi,nan,false,1e-08,openblas:libopenblas64_.so
julia,multi_thread,spd,laplacian_2d_spd,laplacian_2d_spd/m071_n00005041,pcg_jacobi,5041,24921,1002,30,11831812.5,633900.0,11627783.0,12014972.0,5952048.5,636692.0,5733174.0,6101091.5,27178.30365296804,238.83666385779063,3533.2334978532162,219,219,0,0,219,-1,-1,true,9.249111741017924e-09,9.249111755384285e-09,nan,jacobi,nan,false,1e-08,openblas:libopenblas64_.so
julia,multi_thread,spd,laplacian_2d_spd,laplacian_2d_spd/m096_n00009216,cg,9216,45696,1000,30,25561462.5,1983439.75,25307399.5,26530161.0,14504064.5,2450670.5,14204369.0,15569651.0,49166.320338983045,317.40337228641454,2440.6050420168067,295,0,0,0,295,-1,-1,true,9.784927503254676e-09,9.784927609252096e-09,nan,none,nan,false,1e-08,openblas:libopenblas64_.so
julia,multi_thread,spd,laplacian_2d_spd,laplacian_2d_spd/m096_n00009216,cg,9216,45696,1001,30,26240097.5,3278597.5,25327132.0,26798713.0,14943702.0,2400234.5,14594688.9875,16022640.0,50656.61694915254,327.02429096638656,2440.6050420168067,295,0,0,0,295,-1,-1,true,9.696051208217402e-09,9.696051313025606e-09,nan,none,nan,false,1e-08,openblas:libopenblas64_.so
julia,multi_thread,spd,laplacian_2d_spd,laplacian_2d_spd/m096_n00009216,cg,9216,45696,1002,30,25307467.0,2378410.25,24781796.5,26642818.5,14656890.5,2329395.25,14198182.0,16044101.0,49684.37457627119,320.7477787990196,2440.6050420168067,295,0,0,0,295,-1,-1,true,9.780805266011171e-09,9.780805244728962e-09,nan,none,nan,false,1e-08,openblas:libopenblas64_.so
julia,multi_thread,spd,laplacian_2d_spd,laplacian_2d_spd/m096_n00009216,pcg_ic0,9216,45696,1000,30,29638635.5,7164526.0,28804474.0,31455366.0,16441045.5,1190106.5,16194931.0,16994410.5,171260.890625,359.79178702731093,2032.8515406162464,96,96,0,0,96,-1,-1,true,8.404620264977965e-09,8.404620308263307e-09,nan,ic0,0.0,false,1e-08,openblas:libopenblas64_.so
julia,multi_thread,spd,laplacian_2d_spd,laplacian_2d_spd/m096_n00009216,pcg_ic0,9216,45696,1001,30,29609549.5,6546328.5,28108995.0,32337267.5,16193433.0,3813424.0,14813904.5,17610015.0,168681.59375,354.3730961134454,2032.8515406162464,96,96,0,0,96,-1,-1,true,8.662926443984182e-09,8.662926434806499e-09,nan,ic0,0.0,false,1e-08,openblas:libopenblas64_.so
julia,multi_thread,spd,laplacian_2d_spd,laplacian_2d_spd/m096_n00009216,pcg_ic0,9216,45696,1002,30,29380703.0,5250606.75,28696194.0,31519867.0,16021299.5,4520852.75,14459594.275,18035491.5,166888.5364583333,350.606169030112,2032.8515406162464,96,96,0,0,96,-1,-1,true,8.829405761357256e-09,8.8294059695546e-09,nan,ic0,0.0,false,1e-08,openblas:libopenblas64_.so
julia,multi_thread,spd,laplacian_2d_spd,laplacian_2d_spd/m096_n00009216,pcg_jacobi,9216,45696,1000,30,26609489.0,1949762.5,26259696.0,27272972.5,15460020.5,2089386.75,14910324.0,16215358.5,52406.849152542374,338.3232777485995,2269.6694677871146,295,295,0,0,295,-1,-1,true,9.784927503254676e-09,9.784927609252096e-09,nan,jacobi,nan,false,1e-08,openblas:libopenblas64_.so
julia,multi_thread,spd,laplacian_2d_spd,laplacian_2d_spd/m096_n00009216,pcg_jacobi,9216,45696,1001,30,25966482.5,2016618.0,25669276.775,26876309.0,14610702.0,2233916.5,14222191.0,15762240.5,49527.80338983051,319.7370010504202,2269.6694677871146,295,295,0,0,295,-1,-1,true,9.696051208217402e-09,9.696051313025606e-09,nan,jacobi,nan,false,1e-08,openblas:libopenblas64_.so
julia,multi_thread,spd,laplacian_2d_spd,laplacian_2d_spd/m096_n00009216,pcg_jacobi,9216,45696,1002,30,24776033.0,1628694.25,24400819.0,25688937.0,14121377.5,1707525.0,13851712.5,15100237.0,47869.07627118644,309.02874431022406,2269.6694677871146,295,295,0,0,295,-1,-1,true,9.780805266011171e-09,9.780805244728962e-09,nan,jacobi,nan,false,1e-08,openblas:libopenblas64_.so
julia,multi_thread,spd,laplacian_2d_spd,laplacian_2d_spd/m100_n00010000,cg,10000,49600,1000,30,28287481.5,1673920.75,27955029.0,28834558.5,16121357.5,1938159.75,15468805.5,16334551.0,52856.90983606558,325.02736895161286,2452.8929032258065,305,0,0,0,305,-1,-1,true,9.414438840788617e-09,9.414438659282787e-09,nan,none,nan,false,1e-08,openblas:libopenblas64_.so
julia,multi_thread,spd,laplacian_2d_spd,laplacian_2d_spd/m100_n00010000,cg,10000,49600,1001,30,27279064.5,3437898.0,26780369.0,28424043.5,15488340.5,2022696.5,15055374.5,16459316.0,52325.47466216216,312.26492943548385,2452.8929032258065,296,0,0,0,296,-1,-1,true,9.377600909009737e-09,9.377600809615379e-09,nan,none,nan,false,1e-08,openblas:libopenblas64_.so
julia,multi_thread,spd,laplacian_2d_spd,laplacian_2d_spd/m100_n00010000,cg,10000,49600,1002,30,27926344.0,2718590.25,27624738.0,29362427.5,16194770.5,3552722.0,15288372.0,17097981.0,53272.27138157895,326.50746975806453,2452.8929032258065,304,0,0,0,304,-1,-1,true,9.971325823331792e-09,9.971325904548825e-09,nan,none,nan,false,1e-08,openblas:libopenblas64_.so
julia,multi_thread,spd,laplacian_2d_spd,laplacian_2d_spd/m100_n00010000,pcg_ic0,10000,49600,1000,30,32166607.0,9401546.25,31323423.0,36601784.0,18846349.5,7239611.25,17855810.0,21337743.324999988,190367.1666666667,379.9667237903226,1408.1651612903227,99,99,0,0,99,-1,-1,true,9.595146143235187e-09,9.59514593098647e-09,nan,ic0,0.0,false,1e-08,openblas:libopenblas64_.so
julia,multi_thread,spd,laplacian_2d_spd,laplacian_2d_spd/m100_n00010000,pcg_ic0,10000,49600,1001,30,31447662.5,5978737.25,30512891.0,34015175.5,17146515.0,5047432.75,16805674.0,19152536.5,176768.19587628866,345.6958669354839,1408.1651612903227,97,97,0,0,97,-1,-1,true,8.721147658312316e-09,8.721147649421608e-09,nan,ic0,0.0,false,1e-08,openblas:libopenblas64_.so
julia,multi_thread,spd,laplacian_2d_spd,laplacian_2d_spd/m100_n00010000,pcg_ic0,10000,49600,1002,30,30867420.5,6811154.5,29439373.0,33119865.0,17371821.0,7342046.25,15765189.0,19682178.0,173718.21,350.2383266129032,1408.1651612903227,100,100,0,0,100,-1,-1,true,7.166304256260857e-09,7.166304237722147e-09,nan,ic0,0.0,false,1e-08,openblas:libopenblas64_.so
julia,multi_thread,spd,laplacian_2d_spd,laplacian_2d_spd/m100_n00010000,pcg_jacobi,10000,49600,1000,30,29209319.5,5340837.0,28183615.0,30507304.0,16972818.0,5144990.25,15984711.0,17908033.0,55648.58360655738,342.1939112903226,1958.978064516129,305,305,0,0,305,-1,-1,true,9.414438840788617e-09,9.414438659282787e-09,nan,jacobi,nan,false,1e-08,openblas:libopenblas64_.so
julia,multi_thread,spd,laplacian_2d_spd,laplacian_2d_spd/m100_n00010000,pcg_jacobi,10000,49600,1001,30,28202882.0,4067094.5,27458414.0,30665297.5,16069425.0,4177280.25,15534729.0,18240528.0,54288.59797297297,323.9803427419355,1958.978064516129,296,296,0,0,296,-1,-1,true,9.377600909009737e-09,9.377600809615379e-09,nan,jacobi,nan,false,1e-08,openblas:libopenblas64_.so
julia,multi_thread,spd,laplacian_2d_spd,laplacian_2d_spd/m100_n00010000,pcg_jacobi,10000,49600,1002,30,28055030.0,5692994.0,27366636.0,29918681.0,16128781.0,5998640.0,15212359.7125,17512155.0,53055.20065789473,325.1770362903226,1958.978064516129,304,304,0,0,304,-1,-1,true,9.971325823331792e-09,9.971325904548825e-09,nan,jacobi,nan,false,1e-08,openblas:libopenblas64_.so
julia,multi_thread,spd,laplacian_2d_spd,laplacian_2d_spd/m158_n00024964,cg,24964,124188,1000,30,156040996.0,56658206.5,137587216.0,162391210.5,114032314.0,52656205.75,99346382.5,121190534.5,239563.68487394956,918.2232904950558,679.3684413953039,476,0,0,0,476,-1,-1,true,9.831258476729773e-09,9.831258626746905e-09,nan,none,nan,false,1e-08,openblas:libopenblas64_.so
julia,multi_thread,spd,laplacian_2d_spd,laplacian_2d_spd/m158_n00024964,pcg_ic0,24964,124188,1000,30,155235493.0,23932231.5,152401002.5,158679979.5,103372892.0,19595141.25,95054855.0,110139279.0,666921.8838709677,832.3903436724966,1120.5060714400747,155,155,0,0,155,-1,-1,true,9.563899003175604e-09,9.563898927980539e-09,nan,ic0,0.0,false,1e-08,openblas:libopenblas64_.so
julia,multi_thread,spd,laplacian_2d_spd,laplacian_2d_spd/m158_n00024964,pcg_jacobi,24964,124188,1000,30,134408055.0,32793319.25,118230222.5,147781817.0,98877598.0,32689699.0,79477420.5,109472851.5,207726.04621848738,796.1928527716043,861.4964408799561,476,476,0,0,476,-1,-1,true,9.831258476729773e-09,9.831258626746905e-09,nan,jacobi,nan,false,1e-08,openblas:libopenblas64_.so
julia,multi_thread,spd,laplacian_2d_spd,laplacian_2d_spd/m224_n00050176,cg,50176,249984,1000,30,329502903.0,30098020.25,313415618.5,335324310.0,247981526.5,21144037.25,239761631.5,256481958.0,370121.6813432836,991.9895933339733,656.352278545827,670,0,0,0,670,-1,-1,true,9.862336581377437e-09,9.86233628699533e-09,nan,none,nan,false,1e-08,openblas:libopenblas64_.so
julia,multi_thread,spd,laplacian_2d_spd,laplacian_2d_spd/m224_n00050176,pcg_ic0,50176,249984,1000,30,336427585.5,48982596.0,307005801.0,342793220.0,251478569.5,42774825.5,225206635.5,254826362.0,1158887.4170506913,1005.9786606342806,644.047107014849,217,217,0,0,217,-1,-1,true,9.101733577677966e-09,9.101733407696938e-09,nan,ic0,0.0,false,1e-08,openblas:libopenblas64_.so
julia,multi_thread,spd,laplacian_2d_spd,laplacian_2d_spd/m224_n00050176,pcg_jacobi,50176,249984,1000,30,343434276.0,15927999.5,336734415.5,348514532.0,261671243.0,12831815.75,259318893.5,266836858.0,390554.09402985073,1046.751964125704,482.52329749103944,670,670,0,0,670,-1,-1,true,9.862336581377437e-09,9.86233628699533e-09,nan,jacobi,nan,false,1e-08,openblas:libopenblas64_.so
julia,multi_thread,spd,laplacian_3d_spd,laplacian_3d_spd/m008_n00000512,cg,512,3200,1000,30,1394642.0,460155.25,1279524.0,1532427.0,147704.0,81519.75,124035.0,164350.0,4344.235294117647,46.1575,24167.68,34,0,0,0,34,-1,-1,true,3.92300066941173e-09,3.923000671774171e-09,nan,none,nan,false,1e-08,openblas:libopenblas64_.so
julia,multi_thread,spd,laplacian_3d_spd,laplacian_3d_spd/m008_n00000512,cg,512,3200,1001,30,1443700.0,146241.5,1421622.5,1524683.5,163880.0,40637.25,158207.0,187129.5,4966.060606060606,51.2125,24167.68,33,0,0,0,33,-1,-1,true,8.246289744878773e-09,8.246289751110983e-09,nan,none,nan,false,1e-08,openblas:libopenblas64_.so
julia,multi_thread,spd,laplacian_3d_spd,laplacian_3d_spd/m008_n00000512,cg,512,3200,1002,30,1052730.0,257736.75,1049395.0,1110162.0,120558.0,15724.25,118737.5,127184.5,3653.272727272727,37.674375,24167.68,33,0,0,0,33,-1,-1,true,7.580280870724134e-09,7.5802808673507e-09,nan,none,nan,false,1e-08,openblas:libopenblas64_.so
julia,multi_thread,spd,laplacian_3d_spd,laplacian_3d_spd/m008_n00000512,pcg_ic0,512,3200,1000,30,956070.0,148230.25,930877.5,1051925.5,128668.5,15792.5,126706.5,138469.0,9190.607142857143,40.20890625,18205.44,14,14,0,0,14,-1,-1,true,2.0145202382801666e-09,2.014520232491613e-09,nan,ic0,0.0,false,1e-08,openblas:libopenblas64_.so
julia,multi_thread,spd,laplacian_3d_spd,laplacian_3d_spd/m008_n00000512,pcg_ic0,512,3200,1001,30,910362.0,12883.25,904014.5,914713.0,113894.0,2408.75,112862.5,114427.0,8761.076923076922,35.591875,18205.44,13,13,0,0,13,-1,-1,true,8.873689801893943e-09,8.873689780646172e-09,nan,ic0,0.0,false,1e-08,openblas:libopenblas64_.so
julia,multi_thread,spd,laplacian_3d_spd,laplacian_3d_spd/m008_n00000512,pcg_ic0,512,3200,1002,30,895510.5,14662.0,891677.725,903438.5,111224.5,3226.25,109703.5,111921.5,8555.73076923077,34.75765625,18205.44,13,13,0,0,13,-1,-1,true,6.2175326968967225e-09,6.217532710595574e-09,nan,ic0,0.0,false,1e-08,openblas:libopenblas64_.so
julia,multi_thread,spd,laplacian_3d_spd,laplacian_3d_spd/m008_n00000512,pcg_jacobi,512,3200,1000,30,918782.0,115526.75,833221.0,931729.2874999999,111360.5,41818.5,99352.0,134994.5,3275.3088235294117,34.80015625,18905.6,34,34,0,0,34,-1,-1,true,3.9230006694117295e-09,3.92300066645867e-09,nan,jacobi,nan,false,1e-08,openblas:libopenblas64_.so
julia,multi_thread,spd,laplacian_3d_spd,laplacian_3d_spd/m008_n00000512,pcg_jacobi,512,3200,1001,30,802267.5,22102.75,798439.0,809861.0,92007.0,5330.75,90731.5,92972.0,2788.090909090909,28.752187499999998,18905.6,33,33,0,0,33,-1,-1,true,8.246289744878763e-09,8.246289748122785e-09,nan,jacobi,nan,false,1e-08,openblas:libopenblas64_.so
julia,multi_thread,spd,laplacian_3d_spd,laplacian_3d_spd/m008_n00000512,pcg_jacobi,512,3200,1002,30,812877.0,13243.25,806417.35,817535.0,97410.5,3612.0,96411.0,98850.5,2951.8333333333335,30.44078125,18905.6,33,33,0,0,33,-1,-1,true,7.580280870724142e-09,7.580280872765188e-09,nan,jacobi,nan,false,1e-08,openblas:libopenblas64_.so
julia,multi_thread,spd,laplacian_3d_spd,laplacian_3d_spd/m012_n00001728,cg,1728,11232,1000,30,2935420.5,1042072.5,2900902.0,3015878.5,444854.5,38284.5,437989.5,464761.0,9078.663265306122,39.60599180911681,4046.4045584045584,49,0,0,0,49,-1,-1,true,6.990491565360198e-09,6.990491594008454e-09,nan,none,nan,false,1e-08,openblas:libopenblas64_.so
julia,multi_thread,spd,laplacian_3d_spd,laplacian_3d_spd/m012_n00001728,cg,1728,11232,1001,30,2931306.0,951307.25,2888188.5,3785335.5,410586.5,62524.0,405176.0,452216.5,8553.885416666666,36.55506588319088,4046.4045584045584,48,0,0,0,48,-1,-1,true,9.294389774135176e-09,9.294389790196395e-09,nan,none,nan,false,1e-08,openblas:libopenblas64_.so
julia,multi_thread,spd,laplacian_3d_spd,laplacian_3d_spd/m012_n00001728,cg,1728,11232,1002,30,2951140.5,952949.5,2908950.0,3810652.0,430944.0,40831.5,412716.0,448761.0,8794.775510204083,38.36752136752136,4046.4045584045584,49,0,0,0,49,-1,-1,true,6.550664102930492e-09,6.550664073430379e-09,nan,none,nan,false,1e-08,openblas:libopenblas64_.so
julia,multi_thread,spd,laplacian_3d_spd,laplacian_3d_spd/m012_n00001728,pcg_ic0,1728,11232,1000,30,3591244.0,1185727.25,3512500.0,4429956.0,560502.5,42971.25,532339.0,566119.0,31139.027777777777,49.902288105413106,6200.524216524216,18,18,0,0,18,-1,-1,true,6.4291523025281714e-09,6.429152303255193e-09,nan,ic0,0.0,false,1e-08,openblas:libopenblas64_.so
julia,multi_thread,spd,laplacian_3d_spd,laplacian_3d_spd/m012_n00001728,pcg_ic0,1728,11232,1001,30,3493933.5,1288868.0,3467867.5,4727054.0,542219.5,62412.5,513915.25,567406.5,30123.305555555555,48.27452813390313,6200.524216524216,18,18,0,0,18,-1,-1,true,4.3576762637945844e-09,4.357676255369124e-09,nan,ic0,0.0,false,1e-08,openblas:libopenblas64_.so
julia,multi_thread,spd,laplacian_3d_spd,laplacian_3d_spd/m012_n00001728,pcg_ic0,1728,11232,1002,30,3534714.5,1240124.75,3466256.0,4666061.5,551102.5,50389.5,519416.0,564316.0,30616.805555555555,49.06539351851852,6200.524216524216,18,18,0,0,18,-1,-1,true,9.55744182118048e-09,9.557441829728442e-09,nan,ic0,0.0,false,1e-08,openblas:libopenblas64_.so
julia,multi_thread,spd,laplacian_3d_spd,laplacian_3d_spd/m012_n00001728,pcg_jacobi,1728,11232,1000,30,3053044.0,1044565.25,3024832.0,3329250.0,478196.5,31403.5,471648.5,485607.83749999997,9759.112244897959,42.57447471509971,4946.780626780626,49,49,0,0,49,-1,-1,true,6.990491565360198e-09,6.990491577751376e-09,nan,jacobi,nan,false,1e-08,openblas:libopenblas64_.so
julia,multi_thread,spd,laplacian_3d_spd,laplacian_3d_spd/m012_n00001728,pcg_jacobi,1728,11232,1001,30,3176605.0,1114429.25,2988964.5,4047542.5,442755.5,62948.75,429394.5,473079.5,9224.072916666668,39.419115028490026,4946.780626780626,48,48,0,0,48,-1,-1,true,9.294389774135191e-09,9.29438979472654e-09,nan,jacobi,nan,false,1e-08,openblas:libopenblas64_.so
julia,multi_thread,spd,laplacian_3d_spd,laplacian_3d_spd/m012_n00001728,pcg_jacobi,1728,11232,1002,30,2997111.0,1188750.5,2979553.5,4088881.5,444800.0,43655.0,438181.75,469350.0,9077.551020408164,39.6011396011396,4946.780626780626,49,49,0,0,49,-1,-1,true,6.550664102930495e-09,6.5506640678237676e-09,nan,jacobi,nan,false,1e-08,openblas:libopenblas64_.so
julia,multi_thread,spd,laplacian_3d_spd,laplacian_3d_spd/m020_n00008000,cg,8000,53600,1000,30,17778908.0,1135789.25,17145191.5,18093540.0,4368552.0,1156372.25,3786918.0,4475865.5,57480.94736842105,81.50283582089551,1144.2053731343283,76,0,0,0,76,-1,-1,true,9.244314364529535e-09,9.244314350219028e-09,nan,none,nan,false,1e-08,openblas:libopenblas64_.so
julia,multi_thread,spd,laplacian_3d_spd,laplacian_3d_spd/m020_n00008000,cg,8000,53600,1001,30,17306165.0,945731.5,17026915.5,17774283.0,3606398.5,1057444.5,3412448.5,4178342.0,48085.31333333333,67.28355410447762,1144.2053731343283,75,0,0,0,75,-1,-1,true,9.009829795848455e-09,9.009829778774361e-09,nan,none,nan,false,1e-08,openblas:libopenblas64_.so
julia,multi_thread,spd,laplacian_3d_spd,laplacian_3d_spd/m020_n00008000,cg,8000,53600,1002,30,17525194.0,1128831.5,17231091.0,18011147.0,3743116.5,1699550.5,3445454.0,4598745.5,49908.22,69.8342630597015,1144.2053731343283,75,0,0,0,75,-1,-1,true,9.291277631177663e-09,9.291277634090465e-09,nan,none,nan,false,1e-08,openblas:libopenblas64_.so
julia,multi_thread,spd,laplacian_3d_spd,laplacian_3d_spd/m020_n00008000,pcg_ic0,8000,53600,1000,30,20371243.0,6022764.0,19426694.0,20939614.0,3914335.5,427631.0,3844914.5,4174793.0,144975.38888888888,73.02864738805971,1490.9898507462688,27,27,0,0,27,-1,-1,true,6.931878442110027e-09,6.9318784428737304e-09,nan,ic0,0.0,false,1e-08,openblas:libopenblas64_.so
julia,multi_thread,spd,laplacian_3d_spd,laplacian_3d_spd/m020_n00008000,pcg_ic0,8000,53600,1001,30,19307565.5,1907088.25,18930376.0,20335924.0,3822973.0,256180.5,3796210.0,3878638.5,141591.59259259258,71.32412313432835,1490.9898507462688,27,27,0,0,27,-1,-1,true,7.607442282322818e-09,7.607442292025319e-09,nan,ic0,0.0,false,1e-08,openblas:libopenblas64_.so
julia,multi_thread,spd,laplacian_3d_spd,laplacian_3d_spd/m020_n00008000,pcg_ic0,8000,53600,1002,30,19888204.0,2439326.25,19404116.0,20773692.5,4032021.0,205674.75,3994676.0,4129447.5,149334.11111111112,75.2242723880597,1490.9898507462688,27,27,0,0,27,-1,-1,true,7.3138571089602e-09,7.313857113641924e-09,nan,ic0,0.0,false,1e-08,openblas:libopenblas64_.so
julia,multi_thread,spd,laplacian_3d_spd,laplacian_3d_spd/m020_n00008000,pcg_jacobi,8000,53600,1000,30,17205693.0,1998513.5,16698083.5,17714534.5,4223127.0,938753.5,3722922.0,4420950.5,55567.46052631579,78.78968283582088,1459.0471641791046,76,76,0,0,76,-1,-1,true,9.244314364529517e-09,9.244314356864903e-09,nan,jacobi,nan,false,1e-08,openblas:libopenblas64_.so
julia,multi_thread,spd,laplacian_3d_spd,laplacian_3d_spd/m020_n00008000,pcg_jacobi,8000,53600,1001,30,16895320.5,837344.5,16574915.0,17079745.0,3440464.0,420342.0,3404408.0,3604478.5,45872.85333333333,64.18776119402986,1459.0471641791046,75,75,0,0,75,-1,-1,true,9.00982979584848e-09,9.00982978300698e-09,nan,jacobi,nan,false,1e-08,openblas:libopenblas64_.so
julia,multi_thread,spd,laplacian_3d_spd,laplacian_3d_spd/m020_n00008000,pcg_jacobi,8000,53600,1002,30,16686103.0,1376514.75,16221840.5,17020876.5,3389894.5,1054523.25,3343069.5,4132825.0,45198.59333333333,63.24430037313433,1459.0471641791046,75,75,0,0,75,-1,-1,true,9.291277631177712e-09,9.291277614344575e-09,nan,jacobi,nan,false,1e-08,openblas:libopenblas64_.so
julia,multi_thread,spd,laplacian_3d_spd,laplacian_3d_spd/m030_n00027000,cg,27000,183600,1000,30,90955658.0,21619278.5,82284757.5,100309324.0,30741253.0,12476926.5,27838347.5,36752522.0,276948.2252252252,167.43601851851852,680.7257516339869,111,0,0,0,111,-1,-1,true,8.071846162397387e-09,8.071846138390693e-09,nan,none,nan,false,1e-08,openblas:libopenblas64_.so
julia,multi_thread,spd,laplacian_3d_spd,laplacian_3d_spd/m030_n00027000,pcg_ic0,27000,183600,1000,30,96076842.5,14972391.5,88720422.0,97731815.0,23679141.5,5513021.75,21738900.5,25511195.899999987,607157.4743589744,128.97135893246187,589.9489324618736,39,39,0,0,39,-1,-1,true,6.952584399251827e-09,6.952584391345837e-09,nan,ic0,0.0,false,1e-08,openblas:libopenblas64_.so
julia,multi_thread,spd,laplacian_3d_spd,laplacian_3d_spd/m030_n00027000,pcg_jacobi,27000,183600,1000,30,89420918.0,14418981.25,86302203.0,95952601.5,32473758.0,15336274.75,28238055.5,38274873.5,292556.37837837834,176.87232026143792,802.3341176470589,111,111,0,0,111,-1,-1,true,8.071846162397387e-09,8.071846138099132e-09,nan,jacobi,nan,false,1e-08,openblas:libopenblas64_.so
julia,multi_thread,spd,suitesparse_spd,suitesparse_spd/HB_1138_bus_n00001138,cg,1138,4054,1000,30,6622988.5,475818.25,6523629.5,6861752.0,5368912.0,413747.75,5295430.0,5531575.5,4717.848857644991,1324.3492846571287,22105.669462259495,1138,0,0,0,1138,-1,-1,false,0.06241783043668592,0.062417830436724504,nan,none,nan,false,1e-08,openblas:libopenblas64_.so
julia,multi_thread,spd,suitesparse_spd,suitesparse_spd/HB_1138_bus_n00001138,cg,1138,4054,1001,30,6477442.5,431065.5,6362175.0,6655609.0,5177810.0,382510.75,5054705.5,5339743.5,4549.920913884007,1277.2101628021705,22105.669462259495,1138,0,0,0,1138,-1,-1,false,0.07772749165705367,0.07772749165644649,nan,none,nan,false,1e-08,openblas:libopenblas64_.so
julia,multi_thread,spd,suitesparse_spd,suitesparse_spd/HB_1138_bus_n00001138,cg,1138,4054,1002,30,6686995.5,383139.0,6585749.5,6858617.0,5381726.0,357481.5,5295376.0,5495126.0,4729.108963093146,1327.5101134681795,22105.669462259495,1138,0,0,0,1138,-1,-1,false,0.1674141050501381,0.16741410505058363,nan,none,nan,false,1e-08,openblas:libopenblas64_.so
julia,multi_thread,spd,suitesparse_spd,suitesparse_spd/HB_1138_bus_n00001138,pcg_ic0,1138,4054,1000,30,5500739.0,1535409.25,4818813.0,6294039.0,3053664.5,1570697.5,2805827.0,4298553.5,20494.392617449666,753.2472866304884,16674.98371978293,149,149,0,0,149,-1,-1,true,7.713726886423489e-09,7.713858793453345e-09,nan,ic0,0.0,false,1e-08,openblas:libopenblas64_.so
julia,multi_thread,spd,suitesparse_spd,suitesparse_spd/HB_1138_bus_n00001138,pcg_ic0,1138,4054,1001,30,6146780.5,1111942.0,5725892.0,6762101.5,3513136.5,1244780.25,3353302.5,4369389.812499999,23265.80463576159,866.5852244696596,16674.98371978293,151,151,0,0,151,-1,-1,true,5.949652513122293e-09,5.948729382085355e-09,nan,ic0,0.0,false,1e-08,openblas:libopenblas64_.so
julia,multi_thread,spd,suitesparse_spd,suitesparse_spd/HB_1138_bus_n00001138,pcg_ic0,1138,4054,1002,30,6095626.5,1591378.0,5961192.0,7336784.5,3484801.5,1436458.75,3432033.0,4334509.5,23078.155629139073,859.5958312777504,16674.98371978293,151,151,0,0,151,-1,-1,true,4.715975432914344e-09,4.714908925705609e-09,nan,ic0,0.0,false,1e-08,openblas:libopenblas64_.so
julia,multi_thread,spd,suitesparse_spd,suitesparse_spd/HB_1138_bus_n00001138,pcg_jacobi,1138,4054,1000,30,7443811.5,3607231.25,7073689.5,9331657.5,6003594.0,2672682.0,5738394.5,7755071.5,5909.049212598426,1480.9062654168722,24051.623088307842,1016,1016,0,0,1016,-1,-1,true,8.634477442238487e-09,8.634787173723803e-09,nan,jacobi,nan,false,1e-08,openblas:libopenblas64_.so
julia,multi_thread,spd,suitesparse_spd,suitesparse_spd/HB_1138_bus_n00001138,pcg_jacobi,1138,4054,1001,30,7285211.0,2628012.5,6924829.0,8692376.5,5907359.5,2177501.25,5539794.0875,6650640.72499997,5808.613077679449,1457.168105574741,24051.623088307842,1017,1017,0,0,1017,-1,-1,true,8.645175832628105e-09,8.63924250721441e-09,nan,jacobi,nan,false,1e-08,openblas:libopenblas64_.so
julia,multi_thread,spd,suitesparse_spd,suitesparse_spd/HB_1138_bus_n00001138,pcg_jacobi,1138,4054,1002,30,9349004.0,6229816.0,7152045.0,12036531.0,7487091.5,5115901.25,5783375.0,9312886.5,7376.444827586207,1846.840527873705,24051.623088307842,1015,1015,0,0,1015,-1,-1,true,8.435129040027777e-09,8.435373266333162e-09,nan,jacobi,nan,false,1e-08,openblas:libopenblas64_.so
julia,multi_thread,spd,suitesparse_spd,suitesparse_spd/HB_bcsstk14_n00001806,cg,1806,63454,1000,30,68580361.5,5377526.25,68074869.0,69616548.0,46569151.0,4817217.75,45841022.7625,47184921.0,25785.797895902546,733.9041037602042,1610.9272228701107,1806,0,0,0,1806,-1,-1,false,36.64502600904294,36.645026009042894,nan,none,nan,false,1e-08,openblas:libopenblas64_.so
julia,multi_thread,spd,suitesparse_spd,suitesparse_spd/HB_bcsstk14_n00001806,cg,1806,63454,1001,30,68028161.0,1766617.75,67754546.5,68803469.0,46038344.0,1318832.75,45466735.0,46452368.0,25491.884828349946,725.5388785576954,1610.9272228701107,1806,0,0,0,1806,-1,-1,false,28.79477274751589,28.794772747516067,nan,none,nan,false,1e-08,openblas:libopenblas64_.so
julia,multi_thread,spd,suitesparse_spd,suitesparse_spd/HB_bcsstk14_n00001806,cg,1806,63454,1002,30,80157831.0,3876309.75,79183278.0,80446782.5,57044544.5,2474968.75,56212875.0,57733745.5,31586.126522702107,898.9905206921549,1610.9272228701107,1806,0,0,0,1806,-1,-1,false,24.118061247104183,24.11806124710421,nan,none,nan,false,1e-08,openblas:libopenblas64_.so
julia,multi_thread,spd,suitesparse_spd,suitesparse_spd/HB_bcsstk14_n00001806,pcg_jacobi,1806,63454,1000,30,37178245.5,6824492.25,36160519.5,39736790.0,15185306.0,3857999.0,14311752.5,17350271.5,28436.902621722846,239.3120370662212,1398.3617738834432,534,534,0,0,534,-1,-1,true,9.775908237086274e-09,9.775922198098035e-09,nan,jacobi,nan,false,1e-08,openblas:libopenblas64_.so
julia,multi_thread,spd,suitesparse_spd,suitesparse_spd/HB_bcsstk14_n00001806,pcg_jacobi,1806,63454,1001,30,35848733.5,1896517.25,35506545.0,36409805.0,14432884.0,1615418.0,13777222.0,14708961.0,26977.353271028038,227.45428184196425,1398.3617738834432,535,535,0,0,535,-1,-1,true,8.794518252477371e-09,8.79455829458805e-09,nan,jacobi,nan,false,1e-08,openblas:libopenblas64_.so
julia,multi_thread,spd,suitesparse_spd,suitesparse_spd/HB_bcsstk14_n00001806,pcg_jacobi,1806,63454,1002,30,35486920.0,4570048.5,34982676.5,38588262.5,14043159.0,3834193.25,13379834.0,15345572.0,26199.923507462685,221.31243105241592,1398.3617738834432,536,536,0,0,536,-1,-1,true,8.005337935611248e-09,8.005329513332445e-09,nan,jacobi,nan,false,1e-08,openblas:libopenblas64_.so
julia,multi_thread,spd,suitesparse_spd,suitesparse_spd/HB_bcsstk16_n00004884,cg,4884,290378,1000,30,165085190.0,23327021.75,161381095.5,181824566.5,63457577.5,16382378.5,57731620.5,68712660.0,130840.36597938144,218.53438449193808,352.8694873578577,485,0,0,0,485,-1,-1,true,8.983012033452311e-09,8.982883392127252e-09,nan,none,nan,false,1e-08,openblas:libopenblas64_.so
julia,multi_thread,spd,suitesparse_spd,suitesparse_spd/HB_bcsstk16_n00004884,cg,4884,290378,1001,30,163876409.5,5669864.5,161387224.5,165403152.0,54069324.0,7316924.0,53018551.5,59102992.5,110571.21472392639,186.20323853735476,352.8694873578577,489,0,0,0,489,-1,-1,true,9.543886643754108e-09,9.543871991149407e-09,nan,none,nan,false,1e-08,openblas:libopenblas64_.so
julia,multi_thread,spd,suitesparse_spd,suitesparse_spd/HB_bcsstk16_n00004884,cg,4884,290378,1002,30,178829129.0,18835283.25,166566700.1875,184650539.5,70384287.0,13519798.5,66793517.0,72051722.0,143348.8533604888,242.38849706244963,352.8694873578577,491,0,0,0,491,-1,-1,true,9.313929277891936e-09,9.313744303470844e-09,nan,none,nan,false,1e-08,openblas:libopenblas64_.so
julia,multi_thread,spd,suitesparse_spd,suitesparse_spd/HB_bcsstk16_n00004884,pcg_ic0,4884,290378,1000,30,134547656.5,7922124.5,129414112.0,135842292.0,12979234.0,1866879.75,12785487.0,13312970.0,316566.68292682926,44.69771814669156,469.7497468816508,41,41,0,0,41,-1,-1,true,5.815453211424227e-09,5.815453258491602e-09,nan,ic0,0.0,false,1e-08,openblas:libopenblas64_.so
julia,multi_thread,spd,suitesparse_spd,suitesparse_spd/HB_bcsstk16_n00004884,pcg_ic0,4884,290378,1001,30,129373387.0,8556070.0,125652184.0,132067006.0,12465634.5,365608.75,12365875.0,12579831.0,311640.8625,42.92899083263883,469.7497468816508,40,40,0,0,40,-1,-1,true,9.333090156235231e-09,9.333090136720113e-09,nan,ic0,0.0,false,1e-08,openblas:libopenblas64_.so
julia,multi_thread,spd,suitesparse_spd,suitesparse_spd/HB_bcsstk16_n00004884,pcg_ic0,4884,290378,1002,30,129798010.0,8307780.75,126272073.0,132612268.5,12681440.0,294971.5,12643117.0,12816233.0,309303.4146341464,43.67217902182672,469.7497468816508,41,41,0,0,41,-1,-1,true,9.38278881970563e-09,9.382788746587104e-09,nan,ic0,0.0,false,1e-08,openblas:libopenblas64_.so
julia,multi_thread,spd,suitesparse_spd,suitesparse_spd/HB_bcsstk16_n00004884,pcg_jacobi,4884,290378,1000,30,188296533.0,66695372.25,164548679.5,199818966.0,33759928.5,8923334.0,31403319.5,34494677.0,164682.5780487805,116.26200504170427,380.78477019608926,205,205,0,0,205,-1,-1,true,9.592176859081854e-09,9.592176829505773e-09,nan,jacobi,nan,false,1e-08,openblas:libopenblas64_.so
julia,multi_thread,spd,suitesparse_spd,suitesparse_spd/HB_bcsstk16_n00004884,pcg_jacobi,4884,290378,1001,30,237251783.0,51390992.25,206579959.5,250627349.5,38528189.0,14615083.75,34395163.0,47295944.0,187942.38536585367,132.68287886823381,380.78477019608926,205,205,0,0,205,-1,-1,true,9.470647966663857e-09,9.47064779366572e-09,nan,jacobi,nan,false,1e-08,openblas:libopenblas64_.so
julia,multi_thread,spd,suitesparse_spd,suitesparse_spd/HB_bcsstk16_n00004884,pcg_jacobi,4884,290378,1002,30,249630946.5,71629453.0,224880068.0,285081955.0,46204587.0,23494997.5,39917076.0,57048723.0,224294.11165048543,159.1187589968937,380.78477019608926,206,206,0,0,206,-1,-1,true,9.149782083502112e-09,9.149782237108369e-09,nan,jacobi,nan,false,1e-08,openblas:libopenblas64_.so
julia,multi_thread,spd,suitesparse_spd,suitesparse_spd/HB_nos3_n00000960,cg,960,15844,1000,30,7736464.5,417512.25,7672482.5,7885325.0,2835718.5,826224.75,2125035.5375,2923789.5,10864.821839080461,178.97743625347135,3193.7631911133553,261,0,0,0,261,-1,-1,true,8.994160602714755e-09,8.994159204883217e-09,nan,none,nan,false,1e-08,openblas:libopenblas64_.so
julia,multi_thread,spd,suitesparse_spd,suitesparse_spd/HB_nos3_n00000960,cg,960,15844,1001,30,7730374.0,942493.5,7305394.5,7879145.5,2892565.5,918721.25,2161270.5,2990962.0,10956.6875,182.56535597071445,3193.7631911133553,264,0,0,0,264,-1,-1,true,7.180573374851517e-09,7.180575906848309e-09,nan,none,nan,false,1e-08,openblas:libopenblas64_.so
julia,multi_thread,spd,suitesparse_spd,suitesparse_spd/HB_nos3_n00000960,cg,960,15844,1002,30,7938933.5,280104.5,7896597.5,8009984.6,2104373.5,1110375.5,2069326.0,3114913.0,8001.420152091255,132.81832239333502,3193.7631911133553,263,0,0,0,263,-1,-1,true,9.583532843930351e-09,9.583533913484216e-09,nan,none,nan,false,1e-08,openblas:libopenblas64_.so
julia,multi_thread,spd,suitesparse_spd,suitesparse_spd/HB_nos3_n00000960,pcg_ic0,960,15844,1000,30,7504452.5,1038279.5,6716517.5,7621822.0,1321050.5,62990.5,1298931.0,1342206.5,27521.885416666668,83.3785975763696,3672.8018177227973,48,48,0,0,48,-1,-1,true,7.196820623759038e-09,7.196821308341031e-09,nan,ic0,0.0,false,1e-08,openblas:libopenblas64_.so
julia,multi_thread,spd,suitesparse_spd,suitesparse_spd/HB_nos3_n00000960,pcg_ic0,960,15844,1001,30,7491912.0,1112973.75,6699605.0,7726235.5,1351585.0,54321.0,1326358.0,1367886.0,28158.020833333336,85.30579399141632,3672.8018177227973,48,48,0,0,48,-1,-1,true,9.963367412265865e-09,9.963366890596415e-09,nan,ic0,0.0,false,1e-08,openblas:libopenblas64_.so
julia,multi_thread,spd,suitesparse_spd,suitesparse_spd/HB_nos3_n00000960,pcg_ic0,960,15844,1002,30,6646833.0,1124333.0,6597764.5,7687842.0,1373275.0,35430.25,1362521.0,1384576.0,28026.020408163266,86.67476647311284,3672.8018177227973,49,49,0,0,49,-1,-1,true,8.611349068360116e-09,8.611339587703577e-09,nan,ic0,0.0,false,1e-08,openblas:libopenblas64_.so
julia,multi_thread,spd,suitesparse_spd,suitesparse_spd/HB_nos3_n00000960,pcg_jacobi,960,15844,1000,30,7682328.5,860181.0,7569167.0,7831709.0,2734186.0,1094090.25,1854086.5,2899833.0,12151.937777777777,172.56917445089624,4321.429941933855,225,225,0,0,225,-1,-1,true,6.85825334447125e-09,6.858254310974468e-09,nan,jacobi,nan,false,1e-08,openblas:libopenblas64_.so
julia,multi_thread,spd,suitesparse_spd,suitesparse_spd/HB_nos3_n00000960,pcg_jacobi,960,15844,1001,30,7603948.0,1010248.5,7247078.5,7683086.0,1875728.5,985955.25,1814758.0,2581257.0,8299.683628318584,118.38730749810654,4321.429941933855,226,226,0,0,226,-1,-1,true,8.192279922800184e-09,8.192323759453127e-09,nan,jacobi,nan,false,1e-08,openblas:libopenblas64_.so
julia,multi_thread,spd,suitesparse_spd,suitesparse_spd/HB_nos3_n00000960,pcg_jacobi,960,15844,1002,30,7715932.0,294408.0,7625360.5,7811839.5,1893413.5,1118984.5,1811473.0,2814522.5,8304.445175438595,119.50350290330724,4321.429941933855,228,228,0,0,228,-1,-1,true,8.952068959101016e-09,8.952087069235369e-09,nan,jacobi,nan,false,1e-08,openblas:libopenblas64_.so
julia,multi_thread,spd,suitesparse_spd,suitesparse_spd/Pothen_bodyy4_n00017546,cg,17546,121938,1000,30,89257889.5,19000343.0,84723382.0,96042091.5,39538875.5,15211550.25,35748521.0,43853216.5,166830.6983122363,324.25392822581966,834.8667683576899,237,0,0,0,237,-1,-1,true,9.068064641593311e-09,9.068064628093121e-09,nan,none,nan,false,1e-08,openblas:libopenblas64_.so
julia,multi_thread,spd,suitesparse_spd,suitesparse_spd/Pothen_bodyy4_n00017546,cg,17546,121938,1001,30,85052915.0,25094621.75,81982416.5,102317122.975,36974926.5,23623236.25,34718541.5,51486484.5,156012.34810126584,303.22726713575753,834.8667683576899,237,0,0,0,237,-1,-1,true,9.424219092532312e-09,9.424219861839999e-09,nan,none,nan,false,1e-08,openblas:libopenblas64_.so
julia,multi_thread,spd,suitesparse_spd,suitesparse_spd/Pothen_bodyy4_n00017546,cg,17546,121938,1002,30,84152123.0,26957518.5,79494150.5,95662421.0,37129680.0,19506181.25,33979530.5,44951709.5,156665.3164556962,304.4963834079614,834.8667683576899,237,0,0,0,237,-1,-1,true,9.272479383438116e-09,9.272479031533434e-09,nan,none,nan,false,1e-08,openblas:libopenblas64_.so
julia,multi_thread,spd,suitesparse_spd,suitesparse_spd/Pothen_bodyy4_n00017546,pcg_ic0,17546,121938,1000,30,71665254.0,16001080.5,67206022.85,78039173.0,12816822.0,1792440.25,12357054.0,13393671.0,441959.3793103448,105.1093342518329,741.9545014679592,29,29,0,0,29,-1,-1,true,4.042250534113014e-09,4.042250506516341e-09,nan,ic0,0.0,false,1e-08,openblas:libopenblas64_.so
julia,multi_thread,spd,suitesparse_spd,suitesparse_spd/Pothen_bodyy4_n00017546,pcg_ic0,17546,121938,1001,30,68229714.5,22467829.0,66520279.0,87282633.0,13184528.5,1980582.5,12604216.0,14134673.0,454638.9137931034,108.12485443422068,741.9545014679592,29,29,0,0,29,-1,-1,true,6.323187557237353e-09,6.323187516144982e-09,nan,ic0,0.0,false,1e-08,openblas:libopenblas64_.so
julia,multi_thread,spd,suitesparse_spd,suitesparse_spd/Pothen_bodyy4_n00017546,pcg_ic0,17546,121938,1002,30,69633468.0,15368923.0,66696139.0,77919676.8625,12867704.0,1323239.5,12205478.0,13140904.5,459560.85714285716,105.52661188472831,741.9545014679592,28,28,0,0,28,-1,-1,true,8.842622539359795e-09,8.842622530816642e-09,nan,ic0,0.0,false,1e-08,openblas:libopenblas64_.so
julia,multi_thread,spd,suitesparse_spd,suitesparse_spd/Pothen_bodyy4_n00017546,pcg_jacobi,17546,121938,1000,30,75370719.0,19379575.0,68313742.0,84939581.5,28814387.0,18015267.25,25619027.5,35528942.5,158320.8076923077,236.30358870901605,982.5656973215897,182,182,0,0,182,-1,-1,true,9.467798172839512e-09,9.467797991902404e-09,nan,jacobi,nan,false,1e-08,openblas:libopenblas64_.so
julia,multi_thread,spd,suitesparse_spd,suitesparse_spd/Pothen_bodyy4_n00017546,pcg_jacobi,17546,121938,1001,30,82888716.0,19255282.75,81398487.0,99045207.96249996,33190971.0,18247476.75,31663009.5,39891732.5,180385.71195652173,272.19546818875165,982.5656973215897,184,184,0,0,184,-1,-1,true,9.080904733437567e-09,9.080905023547286e-09,nan,jacobi,nan,false,1e-08,openblas:libopenblas64_.so
julia,multi_thread,spd,suitesparse_spd,suitesparse_spd/Pothen_bodyy4_n00017546,pcg_jacobi,17546,121938,1002,30,82870838.5,18651331.75,80914158.0,97611684.5,33289742.0,18312477.0,32182121.0,46212752.5,181911.15846994537,273.0054781938362,982.5656973215897,183,183,0,0,183,-1,-1,true,9.189511325451464e-09,9.189511340587757e-09,nan,jacobi,nan,false,1e-08,openblas:libopenblas64_.so
julia,multi_thread,spd,varied_cond_spd,varied_cond_spd/kappa2e0_n00000200,cg,200,40000,1000,30,19302826.5,874469.75,19114694.5,19485625.0,1435851.5,56826.0,1416869.0,1454848.0,16892.370588235295,35.8962875,2000.896,85,0,0,0,85,-1,-1,true,9.041461076185577e-09,9.041460925455573e-09,nan,none,nan,false,1e-08,openblas:libopenblas64_.so
julia,multi_thread,spd,varied_cond_spd,varied_cond_spd/kappa2e0_n00000200,cg,200,40000,1001,30,19890376.0,3512948.25,19463342.0,22086344.0,1466073.0,189770.25,1441572.5,1522457.5,17047.36046511628,36.651825,2000.896,86,0,0,0,86,-1,-1,true,8.203966852176124e-09,8.203966769147377e-09,nan,none,nan,false,1e-08,openblas:libopenblas64_.so
julia,multi_thread,spd,varied_cond_spd,varied_cond_spd/kappa2e0_n00000200,cg,200,40000,1002,30,19766408.5,4423871.5,19058330.5,21080218.5,1443839.5,186102.5,1420025.0,1476125.0,16986.34705882353,36.0959875,2000.896,85,0,0,0,85,-1,-1,true,9.192845474573557e-09,9.192844835698578e-09,nan,none,nan,false,1e-08,openblas:libopenblas64_.so
julia,multi_thread,spd,varied_cond_spd,varied_cond_spd/kappa2e0_n00000200,pcg_ic0,200,40000,1000,30,14895421.5,936241.75,14570153.0,15258371.5,73430.0,6564.75,71266.5,76220.5,73430.0,1.83575,1608.6016,1,1,0,0,1,-1,-1,true,5.451200704501552e-15,5.600878496213782e-15,nan,ic0,0.0,false,1e-08,openblas:libopenblas64_.so
julia,multi_thread,spd,varied_cond_spd,varied_cond_spd/kappa2e0_n00000200,pcg_ic0,200,40000,1001,30,14624250.0,1185635.5,14220078.5,14700667.0,73065.5,8934.0,69358.5,74654.0,73065.5,1.8266375,1608.6016,1,1,0,0,1,-1,-1,true,5.4983902472302815e-15,5.4983902472302815e-15,nan,ic0,0.0,false,1e-08,openblas:libopenblas64_.so
julia,multi_thread,spd,varied_cond_spd,varied_cond_spd/kappa2e0_n00000200,pcg_ic0,200,40000,1002,30,14797224.0,1070952.0,14622595.0,14901655.5,71737.5,11122.5,63793.8375,73394.0,71737.5,1.7934375,1608.6016,1,1,0,0,1,-1,-1,true,5.418973143423881e-15,5.512255730930419e-15,nan,ic0,0.0,false,1e-08,openblas:libopenblas64_.so
julia,multi_thread,spd,varied_cond_spd,varied_cond_spd/kappa2e0_n00000200,pcg_jacobi,200,40000,1000,30,14544902.0,829656.5,14474890.0,14854918.5,1307802.5,23289.75,1297443.5,1312090.0,15569.077380952382,32.695062500000006,1693.184,84,84,0,0,84,-1,-1,true,7.72081416315509e-09,7.720813698120588e-09,nan,jacobi,nan,false,1e-08,openblas:libopenblas64_.so
julia,multi_thread,spd,varied_cond_spd,varied_cond_spd/kappa2e0_n00000200,pcg_jacobi,200,40000,1001,30,14531417.5,655580.5,14430759.5,14727097.0,1306699.5,21475.5,1298418.0,1312057.0,15555.94642857143,32.6674875,1693.184,84,84,0,0,84,-1,-1,true,9.371510748195044e-09,9.371510582759118e-09,nan,jacobi,nan,false,1e-08,openblas:libopenblas64_.so
julia,multi_thread,spd,varied_cond_spd,varied_cond_spd/kappa2e0_n00000200,pcg_jacobi,200,40000,1002,30,14604013.0,830923.0,14458846.5,14725721.0,1318528.5,27387.5,1312921.5,1325211.0,15512.1,32.9632125,1693.184,85,85,0,0,85,-1,-1,true,8.800542316349839e-09,8.800541906556566e-09,nan,jacobi,nan,false,1e-08,openblas:libopenblas64_.so
julia,multi_thread,spd,varied_cond_spd,varied_cond_spd/kappa4e0_n00000200,cg,200,40000,1000,30,16616327.5,452669.75,16586994.5,16786695.5,3092935.0,55972.25,3076095.0,3113207.5,15464.675,77.323375,1731.3792,200,0,0,0,200,-1,-1,false,0.010067511048072384,0.010067511048000478,nan,none,nan,false,1e-08,openblas:libopenblas64_.so
julia,multi_thread,spd,varied_cond_spd,varied_cond_spd/kappa4e0_n00000200,cg,200,40000,1001,30,16411684.0,1152419.5,16245316.525,16871560.0,3058469.5,490423.5,3035505.0,3090259.0,15292.3475,76.4617375,1731.3792,200,0,0,0,200,-1,-1,false,0.017271458917811153,0.017271458917838173,nan,none,nan,false,1e-08,openblas:libopenblas64_.so
julia,multi_thread,spd,varied_cond_spd,varied_cond_spd/kappa4e0_n00000200,cg,200,40000,1002,30,15728872.0,1099731.25,15477300.5,15819053.0,2442414.5,64433.75,2414000.5,2449899.5,12212.0725,61.0603625,1731.3792,200,0,0,0,200,-1,-1,false,0.009699798030285782,0.009699798030271892,nan,none,nan,false,1e-08,openblas:libopenblas64_.so
julia,multi_thread,spd,varied_cond_spd,varied_cond_spd/kappa4e0_n00000200,pcg_ic0,200,40000,1000,30,15301227.5,1177693.25,15112061.0,15783310.5,72900.5,3742.0,71998.0,74289.0,72900.5,1.8225125000000002,1577.2672,1,1,0,0,1,-1,-1,true,2.030752053674137e-13,2.142196067539435e-13,nan,ic0,0.0,false,1e-08,openblas:libopenblas64_.so
julia,multi_thread,spd,varied_cond_spd,varied_cond_spd/kappa4e0_n00000200,pcg_ic0,200,40000,1001,30,15073996.5,845600.25,14892873.5,15215160.0,72815.0,3707.5,71628.0,73934.5,72815.0,1.8203749999999999,1577.2672,1,1,0,0,1,-1,-1,true,2.2370844250501545e-13,2.2358105971354098e-13,nan,ic0,0.0,false,1e-08,openblas:libopenblas64_.so
julia,multi_thread,spd,varied_cond_spd,varied_cond_spd/kappa4e0_n00000200,pcg_ic0,200,40000,1002,30,14937797.0,558805.25,14878629.0,15009952.5,71524.0,2937.5,70956.0,72177.0,71524.0,1.7881,1577.2672,1,1,0,0,1,-1,-1,true,2.1804636536009123e-13,2.45977046371037e-13,nan,ic0,0.0,false,1e-08,openblas:libopenblas64_.so
julia,multi_thread,spd,varied_cond_spd,varied_cond_spd/kappa4e0_n00000200,pcg_jacobi,200,40000,1000,30,15332511.5,505725.75,15288556.5,15447803.5,2361822.5,25538.5,2357318.0,2372949.5,11809.1125,59.0455625,1349.632,200,201,0,0,200,-1,-1,false,0.009190963454381182,0.009190963454360367,nan,jacobi,nan,false,1e-08,openblas:libopenblas64_.so
julia,multi_thread,spd,varied_cond_spd,varied_cond_spd/kappa4e0_n00000200,pcg_jacobi,200,40000,1001,30,15466408.5,602080.5,15222501.0,15699511.0,2382565.0,52100.25,2368487.0,2405205.5,11912.825,59.564125000000004,1349.632,200,201,0,0,200,-1,-1,false,0.009816495756061954,0.009816495756046756,nan,jacobi,nan,false,1e-08,openblas:libopenblas64_.so
julia,multi_thread,spd,varied_cond_spd,varied_cond_spd/kappa4e0_n00000200,pcg_jacobi,200,40000,1002,30,15141628.0,1135377.25,14473609.5,15415876.1375,2365356.0,20454.75,2358159.5,2373040.0,11826.779999999999,59.1339,1349.632,200,201,0,0,200,-1,-1,false,0.00977474988383808,0.00977474988384488,nan,jacobi,nan,false,1e-08,openblas:libopenblas64_.so
julia,multi_thread,spd,varied_cond_spd,varied_cond_spd/kappa4e0_n00000500,cg,500,250000,1000,30,149019696.0,15755557.75,141598855.5,151872204.0,49751453.5,650742.5,49664548.0,49911829.0,99502.907,199.005814,300.335104,500,0,0,0,500,-1,-1,false,2.2749423429936793e-05,2.2749423474699004e-05,nan,none,nan,false,1e-08,openblas:libopenblas64_.so
julia,multi_thread,spd,varied_cond_spd,varied_cond_spd/kappa4e0_n00000500,cg,500,250000,1001,30,130415475.5,12515731.25,126213493.5,134316962.5,35588969.0,1071703.25,35419630.5,35942764.7375,71177.938,142.355876,300.335104,500,0,0,0,500,-1,-1,false,2.4688541518672817e-05,2.4688541541449116e-05,nan,none,nan,false,1e-08,openblas:libopenblas64_.so
julia,multi_thread,spd,varied_cond_spd,varied_cond_spd/kappa4e0_n00000500,cg,500,250000,1002,30,126156094.0,9308845.5,123302496.5,131407210.5,35381394.0,550808.25,35326686.5,35690670.5,70762.788,141.525576,300.335104,500,0,0,0,500,-1,-1,false,2.2054624438018924e-05,2.2054624463698893e-05,nan,none,nan,false,1e-08,openblas:libopenblas64_.so
julia,multi_thread,spd,varied_cond_spd,varied_cond_spd/kappa4e0_n00000500,pcg_ic0,500,250000,1000,30,120183423.5,8531801.5,117188971.5,122999103.0,492271.5,52367.0,479014.0,512616.5,492271.5,1.969086,416.989184,1,1,0,0,1,-1,-1,true,3.755956501936784e-13,3.9461973243098045e-13,nan,ic0,0.0,false,1e-08,openblas:libopenblas64_.so
julia,multi_thread,spd,varied_cond_spd,varied_cond_spd/kappa4e0_n00000500,pcg_ic0,500,250000,1001,30,121596911.5,18441891.5,112473992.05,127759347.5,516185.5,145564.25,490222.0,588698.0,516185.5,2.064742,416.989184,1,1,0,0,1,-1,-1,true,4.256340500843779e-13,4.2338210960702175e-13,nan,ic0,0.0,false,1e-08,openblas:libopenblas64_.so
julia,multi_thread,spd,varied_cond_spd,varied_cond_spd/kappa4e0_n00000500,pcg_ic0,500,250000,1002,30,123854814.0,14505550.25,116412222.5,128530268.0,609907.5,172033.0,531519.5,643499.0,609907.5,2.43963,416.989184,1,1,0,0,1,-1,-1,true,3.564978340689458e-13,3.6880196513123303e-13,nan,ic0,0.0,false,1e-08,openblas:libopenblas64_.so
julia,multi_thread,spd,varied_cond_spd,varied_cond_spd/kappa4e0_n00000500,pcg_jacobi,500,250000,1000,30,140943679.0,8128799.25,138005964.5,142921846.5,45551822.0,12609008.5,38923541.0,49860381.0,91103.644,182.207288,397.06624,500,501,0,0,500,-1,-1,false,1.7772934545881655e-05,1.777293455624138e-05,nan,jacobi,nan,false,1e-08,openblas:libopenblas64_.so
julia,multi_thread,spd,varied_cond_spd,varied_cond_spd/kappa4e0_n00000500,pcg_jacobi,500,250000,1001,30,137140466.0,13415924.25,129422407.5,139287245.5,38978145.0,4799423.0,37905844.5,39982887.0,77956.29000000001,155.91258,397.06624,500,501,0,0,500,-1,-1,false,2.5722911321957573e-05,2.5722911374583825e-05,nan,jacobi,nan,false,1e-08,openblas:libopenblas64_.so
julia,multi_thread,spd,varied_cond_spd,varied_cond_spd/kappa4e0_n00000500,pcg_jacobi,500,250000,1002,30,135103252.5,16437475.25,128348399.0,140016332.5,39367154.5,12235840.0,38821826.5,45611493.92499997,78734.30900000001,157.468618,397.06624,500,501,0,0,500,-1,-1,false,1.9487570832412346e-05,1.9487570769704945e-05,nan,jacobi,nan,false,1e-08,openblas:libopenblas64_.so
julia,multi_thread,spd,varied_cond_spd,varied_cond_spd/kappa4e0_n00001000,cg,1000,1000000,1000,30,661556364.5,56946401.75,653902122.0,677548959.0,283888258.0,50524287.25,278795203.0,288017205.5,316133.9175946548,283.88825799999995,191.963136,898,0,0,0,898,-1,-1,true,7.749360807331899e-09,7.749436759697564e-09,nan,none,nan,false,1e-08,openblas:libopenblas64_.so
julia,multi_thread,spd,varied_cond_spd,varied_cond_spd/kappa4e0_n00001000,cg,1000,1000000,1001,30,653131746.5,26027221.0,641380522.5,659929441.5,278389719.5,9718804.0,276653882.5,281254580.0,307612.9497237569,278.38971949999996,191.963136,905,0,0,0,905,-1,-1,true,8.823369923395174e-09,8.823406531094918e-09,nan,none,nan,false,1e-08,openblas:libopenblas64_.so
julia,multi_thread,spd,varied_cond_spd,varied_cond_spd/kappa4e0_n00001000,cg,1000,1000000,1002,30,667052876.5,66505822.75,651845962.5,690037458.0,284652113.5,46445686.75,279171163.5,292111154.0,314532.7220994475,284.6521135,191.963136,905,0,0,0,905,-1,-1,true,8.272363674767242e-09,8.272365924912568e-09,nan,none,nan,false,1e-08,openblas:libopenblas64_.so
julia,multi_thread,spd,varied_cond_spd,varied_cond_spd/kappa4e0_n00001000,pcg_ic0,1000,1000000,1000,30,506945397.0,15769168.25,501458039.5,514197336.0,1983940.0,237309.5,1915067.0,2089471.5,1983940.0,1.98394,257.200128,1,1,0,0,1,-1,-1,true,4.86046324032313e-13,5.114961862908308e-13,nan,ic0,0.0,false,1e-08,openblas:libopenblas64_.so
julia,multi_thread,spd,varied_cond_spd,varied_cond_spd/kappa4e0_n00001000,pcg_ic0,1000,1000000,1001,30,501000552.5,17235835.0,492024764.0,504958827.0,1914048.5,140298.0,1885072.0,1988888.0,1914048.5,1.9140484999999998,257.200128,1,1,0,0,1,-1,-1,true,5.846179487286991e-13,5.658722313169156e-13,nan,ic0,0.0,false,1e-08,openblas:libopenblas64_.so
julia,multi_thread,spd,varied_cond_spd,varied_cond_spd/kappa4e0_n00001000,pcg_ic0,1000,1000000,1002,30,499507103.0,18520484.75,489962346.0,504843201.5,1942838.0,635872.0,1903345.5,2067491.0,1942838.0,1.942838,257.200128,1,1,0,0,1,-1,-1,true,4.968019594719021e-13,5.129846083645642e-13,nan,ic0,0.0,false,1e-08,openblas:libopenblas64_.so
julia,multi_thread,spd,varied_cond_spd,varied_cond_spd/kappa4e0_n00001000,pcg_jacobi,1000,1000000,1000,30,670437151.5,31334271.25,658890043.5,681667790.0,285603797.5,11926972.25,283250948.5,290175088.0,320183.6294843049,285.60379750000004,205.96736,892,892,0,0,892,-1,-1,true,9.144815401104572e-09,9.14475312587201e-09,nan,jacobi,nan,false,1e-08,openblas:libopenblas64_.so
julia,multi_thread,spd,varied_cond_spd,varied_cond_spd/kappa4e0_n00001000,pcg_jacobi,1000,1000000,1001,30,763788308.0,399323547.75,678985258.5,966515695.0,325714416.5,233025956.5,287382469.5,428058133.0,365150.69114349777,325.7144165,205.96736,892,892,0,0,892,-1,-1,true,8.48842489605435e-09,8.488439589298418e-09,nan,jacobi,nan,false,1e-08,openblas:libopenblas64_.so
julia,multi_thread,spd,varied_cond_spd,varied_cond_spd/kappa4e0_n00001000,pcg_jacobi,1000,1000000,1002,30,1073723531.0,142308176.25,1024541379.5,1137763727.0,469835507.0,63280343.75,451172599.5,491996801.0,522039.45222222223,469.835507,205.96736,900,900,0,0,900,-1,-1,true,9.282148752292326e-09,9.28213685774155e-09,nan,jacobi,nan,false,1e-08,openblas:libopenblas64_.so
julia,multi_thread,spd,varied_cond_spd,varied_cond_spd/kappa6e0_n00000200,cg,200,40000,1000,30,16173675.0,1397676.0,15876574.0,16457512.5,2429903.0,38470.75,2412043.0,2439152.0,12149.515,60.747575,1735.168,200,0,0,0,200,-1,-1,false,5.75444183633865,5.754441836337745,nan,none,nan,false,1e-08,openblas:libopenblas64_.so
julia,multi_thread,spd,varied_cond_spd,varied_cond_spd/kappa6e0_n00000200,cg,200,40000,1001,30,16091894.5,1599786.75,15949030.5,16268651.0,2421114.0,26167.75,2410518.5,2427237.5,12105.57,60.52785,1735.168,200,0,0,0,200,-1,-1,false,7.122920279905428,7.122920279906115,nan,none,nan,false,1e-08,openblas:libopenblas64_.so
julia,multi_thread,spd,varied_cond_spd,varied_cond_spd/kappa6e0_n00000200,cg,200,40000,1002,30,15937837.5,921027.5,15853366.0,16063217.5,2417501.0,22313.0,2413188.0,2422630.0,12087.505000000001,60.437525,1735.168,200,0,0,0,200,-1,-1,false,2.6507623835216534,2.65076238352145,nan,none,nan,false,1e-08,openblas:libopenblas64_.so
julia,multi_thread,spd,varied_cond_spd,varied_cond_spd/kappa6e0_n00000200,pcg_ic0,200,40000,1000,30,15042995.5,1063495.75,14785353.5,15525180.5,75844.5,11854.75,68919.5,78589.0,75844.5,1.8961125,1630.5152,1,1,0,0,1,-1,-1,true,1.484318999375673e-11,1.4711468657248813e-11,nan,ic0,0.0,false,1e-08,openblas:libopenblas64_.so
julia,multi_thread,spd,varied_cond_spd,varied_cond_spd/kappa6e0_n00000200,pcg_ic0,200,40000,1001,30,14768946.5,1047746.75,14627527.0,15012671.1,72755.0,4225.5,71651.5,74781.0,72755.0,1.8188749999999998,1630.5152,1,1,0,0,1,-1,-1,true,1.4181421508190304e-11,1.6117193673488998e-11,nan,ic0,0.0,false,1e-08,openblas:libopenblas64_.so
julia,multi_thread,spd,varied_cond_spd,varied_cond_spd/kappa6e0_n00000200,pcg_ic0,200,40000,1002,30,14629487.5,1225395.25,13789417.5,14780127.0,66309.0,5191.5,65647.5,68617.0,66309.0,1.6577250000000001,1630.5152,1,1,0,0,1,-1,-1,true,1.5181389902024606e-11,1.5534414396173882e-11,nan,ic0,0.0,false,1e-08,openblas:libopenblas64_.so
julia,multi_thread,spd,varied_cond_spd,varied_cond_spd/kappa6e0_n00000200,pcg_jacobi,200,40000,1000,30,15773024.5,731225.5,15631652.5,15909976.0,2422524.0,73271.0,2390123.0,2438373.5,12112.619999999999,60.563100000000006,1670.2464,200,201,0,0,200,-1,-1,false,5.9461702655222535,5.946170265523791,nan,jacobi,nan,false,1e-08,openblas:libopenblas64_.so
julia,multi_thread,spd,varied_cond_spd,varied_cond_spd/kappa6e0_n00000200,pcg_jacobi,200,40000,1001,30,15904039.0,331522.5,15830397.0,16000771.0,2420710.0,65554.5,2403461.0,2441308.9,12103.55,60.51775,1670.2464,200,201,0,0,200,-1,-1,false,8.540361020131202,8.540361020133844,nan,jacobi,nan,false,1e-08,openblas:libopenblas64_.so
julia,multi_thread,spd,varied_cond_spd,varied_cond_spd/kappa6e0_n00000200,pcg_jacobi,200,40000,1002,30,15746149.0,1187482.0,15033322.5,15843971.5,2397203.0,62237.5,2378441.5,2418398.5,11986.015,59.930075,1670.2464,200,201,0,0,200,-1,-1,false,5.728641155512913,5.728641155512276,nan,jacobi,nan,false,1e-08,openblas:libopenblas64_.so
julia,single_thread,drazin,blockdiag_high_index_singular,blockdiag_high_index_singular/ncore040_k5_n00000045,dgmres,45,1604,1000,30,5582239.5,623570.25,5374724.0,5792383.5,4794217.0,589587.5,4656511.25,5083234.0,1103.133225954901,2988.9133416458853,64547.750623441396,4346,0,820,1,40,5,120,true,1.2470963185838213e-15,0.4807381395400346,3.681473287025451e-14,none,nan,false,1e-08,openblas:libopenblas64_.so
julia,single_thread,drazin,blockdiag_high_index_singular,blockdiag_high_index_singular/ncore040_k5_n00000045,dgmres,45,1604,1001,30,5959294.0,1273438.0,5369685.5,6300978.0,5185161.5,1137125.75,4722768.5,5529188.5,1193.0882420616658,3232.6443266832916,64547.750623441396,4346,0,820,1,40,5,120,true,6.671638694407498e-16,0.28651691259025386,6.810204164790198e-14,none,nan,false,1e-08,openblas:libopenblas64_.so
julia,single_thread,drazin,blockdiag_high_index_singular,blockdiag_high_index_singular/ncore040_k5_n00000045,dgmres,45,1604,1002,30,5918914.5,466843.75,5754744.0,6077760.0,5190356.0,437536.75,5022864.0,5358703.0,1194.2834790612058,3235.8827930174566,64547.750623441396,4346,0,820,1,40,5,120,true,1.0419640842650478e-15,0.13395791285635228,3.045206477193166e-14,none,nan,false,1e-08,openblas:libopenblas64_.so
julia,single_thread,drazin,blockdiag_high_index_singular,blockdiag_high_index_singular/ncore040_k5_n00000045,gmres,45,1604,1000,30,1474153.0,142223.75,1449770.5,1571537.0,964064.5,111019.75,938898.5,1029681.0,20957.92391304348,601.0377182044888,56376.17955112219,46,0,1035,1,45,0,120,false,0.3160538851249592,0.31605388512495913,0.8343733608495707,none,nan,false,1e-08,openblas:libopenblas64_.so
julia,single_thread,drazin,blockdiag_high_index_singular,blockdiag_high_index_singular/ncore040_k5_n00000045,gmres,45,1604,1001,30,1643420.5,262600.25,1449235.0,1692567.5,969066.5,284195.25,934481.325,1197551.5,20618.436170212764,604.1561720698255,56376.17955112219,47,0,1081,1,46,0,120,false,0.008585413190121368,0.008585413190121367,0.7772862131361946,none,nan,false,1e-08,openblas:libopenblas64_.so
julia,single_thread,drazin,blockdiag_high_index_singular,blockdiag_high_index_singular/ncore040_k5_n00000045,gmres,45,1604,1002,30,1658546.5,223129.5,1650134.0,1674129.5,1165204.5,239880.25,1158082.0,1177898.5,24791.58510638298,726.4367206982544,56376.17955112219,47,0,1081,1,46,0,120,false,0.021940519875934036,0.021940519875934046,0.2938753208035282,none,nan,false,1e-08,openblas:libopenblas64_.so
julia,single_thread,drazin,coupled_singular,coupled_singular/ncore040_k3_n00000043,dgmres,43,1722,1000,30,2865842.0,318313.75,2846994.5,2964277.5,2314015.0,331892.0,2300577.5,2392110.5,881.8654725609756,1343.795005807201,51680.483159117306,2624,0,820,1,40,3,120,true,1.4037854964283089e-15,1.1538977738234377,1.3133692391327864e-14,none,nan,false,1e-08,openblas:libopenblas64_.so
julia,single_thread,drazin,coupled_singular,coupled_singular/ncore040_k3_n00000043,dgmres,43,1722,1001,30,3112833.0,436693.5,2894082.0,3163354.9374999995,2577709.5,425997.5,2370537.5,2620522.35,982.3588033536585,1496.9277003484322,51680.483159117306,2624,0,820,1,40,3,120,true,1.3902189884437168e-15,0.33064852625817176,1.1651823616250974e-14,none,nan,false,1e-08,openblas:libopenblas64_.so
julia,single_thread,drazin,coupled_singular,coupled_singular/ncore040_k3_n00000043,dgmres,43,1722,1002,30,3178931.5,237940.75,3120784.5,3298715.5,2610750.0,188534.75,2577384.5,2726906.5,994.9504573170732,1516.1149825783973,51680.483159117306,2624,0,820,1,40,3,120,true,1.4885847980782589e-15,0.30584372979986846,1.0358687538949454e-14,none,nan,false,1e-08,openblas:libopenblas64_.so
julia,single_thread,drazin,coupled_singular,coupled_singular/ncore040_k3_n00000043,gmres,43,1722,1000,30,1366376.0,27929.0,1360299.7625,1379458.0,828545.0,23721.75,821867.0,835875.0,18412.11111111111,481.1527293844367,52941.156794425086,45,0,990,1,44,0,120,false,0.028241675286193042,0.028241675286193063,1.8139531815834877,none,nan,false,1e-08,openblas:libopenblas64_.so
julia,single_thread,drazin,coupled_singular,coupled_singular/ncore040_k3_n00000043,gmres,43,1722,1001,30,1509228.5,377588.0,1344759.0,1682680.5,984580.5,377494.5,815874.5,1158230.0,21879.566666666666,571.7656794425087,52941.156794425086,45,0,990,1,44,0,120,false,0.043603019600712695,0.043603019600712695,0.8125269800870517,none,nan,false,1e-08,openblas:libopenblas64_.so
julia,single_thread,drazin,coupled_singular,coupled_singular/ncore040_k3_n00000043,gmres,43,1722,1002,30,1294516.5,360508.75,1260493.0,1609492.5,754324.0,356221.0,732339.875,1079769.0,17143.727272727272,438.05110336817654,52941.156794425086,44,0,946,1,43,0,120,false,0.11518987476573904,0.11518987476573904,0.4979375514306554,none,nan,false,1e-08,openblas:libopenblas64_.so
julia,single_thread,drazin,illcond_block_singular,illcond_block_singular/ncore040_k2_n00000042,dgmres,42,1601,1000,30,2232163.5,279478.25,2084580.5,2316853.5,1559267.5,255782.0,1441167.4125,1653666.5,1350.0151515151515,973.9334790755777,65766.25608994378,1155,0,528,1,32,2,120,true,8.255404137562765e-09,2.3233040642357925,1.0406654359546217,none,nan,false,1e-08,openblas:libopenblas64_.so
julia,single_thread,drazin,illcond_block_singular,illcond_block_singular/ncore040_k2_n00000042,dgmres,42,1601,1001,30,1992846.0,80696.75,1969999.0,2019229.5,1352560.5,78376.5,1318793.0,1383777.0,1243.1622242647059,844.8222985633979,65766.25608994378,1088,0,496,1,31,2,120,true,4.5093320683904736e-10,0.7140775525327484,1.0920886643861958,none,nan,false,1e-08,openblas:libopenblas64_.so
julia,single_thread,drazin,illcond_block_singular,illcond_block_singular/ncore040_k2_n00000042,dgmres,42,1601,1002,30,1976372.0,565916.25,1949507.5,2459228.5,1343620.0,568214.25,1309244.5,1824489.5,1234.9448529411766,839.2379762648345,65766.25608994378,1088,0,496,1,31,2,120,true,5.178558674560187e-09,2.1209338830863502,1.0193715258387666,none,nan,false,1e-08,openblas:libopenblas64_.so
julia,single_thread,drazin,illcond_block_singular,illcond_block_singular/ncore040_k2_n00000042,gmres,42,1601,1000,30,4594810.0,338387.0,4525238.0,4625303.5,4106099.0,361030.0,3948702.5,4142702.5,54027.618421052626,2564.708931917551,47299.717676452216,76,0,2850,1,75,0,120,false,0.31407935508506774,0.31407935508618356,0.8336238554236608,none,nan,false,1e-08,openblas:libopenblas64_.so
julia,single_thread,drazin,illcond_block_singular,illcond_block_singular/ncore040_k2_n00000042,gmres,42,1601,1001,30,4194308.5,269080.5,4017792.5,4247648.5,3592088.5,262789.0,3515339.5,3758333.5,49206.691780821915,2243.653029356652,47299.717676452216,73,0,2628,1,72,0,120,false,0.1266921957315554,0.12669219573158452,0.22408628092167124,none,nan,false,1e-08,openblas:libopenblas64_.so
julia,single_thread,drazin,illcond_block_singular,illcond_block_singular/ncore040_k2_n00000042,gmres,42,1601,1002,30,4283574.5,376230.75,4239679.5,4368856.0,3795642.5,376672.0,3758312.5,3882927.0,50608.566666666666,2370.7948157401624,47299.717676452216,75,0,2775,1,74,0,120,false,0.011329211842085239,0.011329211842109332,0.09381787454858925,none,nan,false,1e-08,openblas:libopenblas64_.so
julia,single_thread,drazin,similarity_singular,similarity_singular/ncore040_k3_n00000043,dgmres,43,1849,1000,30,4075266.5,538877.0,4050287.5,4528903.0,3329848.0,526784.75,3277943.5,3728924.0,1268.996951219512,1800.8912925905895,54718.926987560844,2624,0,820,1,40,3,120,true,9.271039546818537e-16,0.42862091924553086,1.2044617396668503e-14,none,nan,false,1e-08,openblas:libopenblas64_.so
julia,single_thread,drazin,similarity_singular,similarity_singular/ncore040_k3_n00000043,dgmres,43,1849,1001,30,4620261.5,656569.0,4123537.0125,4701535.0,3820347.0,613486.0,3345666.5,3925320.0,1455.924923780488,2066.169280692266,54718.926987560844,2624,0,820,1,40,3,120,true,9.3902004030405e-16,0.2706762651455522,2.0318323274004806e-14,none,nan,false,1e-08,openblas:libopenblas64_.so
julia,single_thread,drazin,similarity_singular,similarity_singular/ncore040_k3_n00000043,dgmres,43,1849,1002,30,4682789.0,145709.5,4634458.0,4735886.5,3904042.5,168069.25,3872623.5,3940464.5,1487.8210746951218,2111.4345592212003,54718.926987560844,2624,0,820,1,40,3,120,true,1.1991466845362091e-15,0.496901719992437,8.034999344913465e-15,none,nan,false,1e-08,openblas:libopenblas64_.so
julia,single_thread,drazin,similarity_singular,similarity_singular/ncore040_k3_n00000043,gmres,43,1849,1000,30,1405645.0,40047.75,1398799.5,1421010.0,835422.5,27252.75,824564.5,841538.0,18564.944444444445,451.8239588967009,50197.59870200108,45,0,990,1,44,0,120,false,0.06787101807934436,0.06787101807934436,0.7349071482288759,none,nan,false,1e-08,openblas:libopenblas64_.so
julia,single_thread,drazin,similarity_singular,similarity_singular/ncore040_k3_n00000043,gmres,43,1849,1001,30,1331567.5,378682.5,1288168.0,1637712.5,747933.5,377406.75,726208.0,1081853.3624999998,16998.488636363636,404.5070308274743,50197.59870200108,44,0,946,1,43,0,120,false,0.15694585686772122,0.15694585686772114,0.36297077295197294,none,nan,false,1e-08,openblas:libopenblas64_.so
julia,single_thread,drazin,similarity_singular,similarity_singular/ncore040_k3_n00000043,gmres,43,1849,1002,30,1441572.5,398573.5,1291549.0,1640576.5,853011.5,406185.0,724068.5,1087123.0749999997,19386.625,461.33666846944294,50197.59870200108,44,0,946,1,43,0,120,false,0.27108046622028686,0.27108046622028714,0.596602670632607,none,nan,false,1e-08,openblas:libopenblas64_.so
julia,single_thread,drazin,similarity_singular,similarity_singular/ncore040_k4_n00000044,dgmres,44,1936,1000,30,3723654.5,460604.5,3687676.0,4103207.0,3124775.5,404753.25,3093052.2125,3466048.5,896.6357245337159,1614.036931818182,47275.371900826445,3485,0,820,1,40,4,120,true,8.139236554925433e-16,0.3057009626668703,5.286555611764727e-14,none,nan,false,1e-08,openblas:libopenblas64_.so
julia,single_thread,drazin,similarity_singular,similarity_singular/ncore040_k4_n00000044,dgmres,44,1936,1001,30,3825097.0,62194.75,3806799.0,3842435.5,3241780.5,56722.0,3222887.5,3257772.0,930.209612625538,1674.4733987603306,47275.371900826445,3485,0,820,1,40,4,120,true,1.1185050394766442e-15,0.16275842220810643,3.417213994386861e-14,none,nan,false,1e-08,openblas:libopenblas64_.so
julia,single_thread,drazin,similarity_singular,similarity_singular/ncore040_k4_n00000044,dgmres,44,1936,1002,30,3822545.5,53823.75,3799769.0,3839603.0,3236105.0,45749.5,3218849.0,3254333.5,928.5810616929699,1671.5418388429753,47275.371900826445,3485,0,820,1,40,4,120,true,1.0771514471090955e-15,0.38197790642872576,2.411299109087681e-14,none,nan,false,1e-08,openblas:libopenblas64_.so
julia,single_thread,drazin,similarity_singular,similarity_singular/ncore040_k4_n00000044,gmres,44,1936,1000,30,2064682.5,228745.0,1968864.5,2130727.0,1270081.5,169701.25,1177621.0,1314880.2374999998,28224.033333333333,656.0338326446281,53106.2479338843,45,0,990,1,44,0,120,false,0.24258928143542585,0.24258928143542585,0.35405012669041874,none,nan,false,1e-08,openblas:libopenblas64_.so
julia,single_thread,drazin,similarity_singular,similarity_singular/ncore040_k4_n00000044,gmres,44,1936,1001,30,2153928.5,596123.75,2082434.0,2349356.0,1341640.5,519448.75,1292388.0,1404724.0,29166.097826086956,692.9961260330579,53106.2479338843,46,0,1035,1,45,0,120,false,0.05011971027495482,0.050119710274954744,0.36283186511143456,none,nan,false,1e-08,openblas:libopenblas64_.so
julia,single_thread,drazin,similarity_singular,similarity_singular/ncore040_k4_n00000044,gmres,44,1936,1002,30,2513983.0,583981.75,2231646.5,2549475.5,1725079.0,609354.75,1230900.5,1771734.0,37501.71739130435,891.0532024793388,53106.2479338843,46,0,1035,1,45,0,120,false,0.093024009688974,0.09302400968897392,0.5944810634249715,none,nan,false,1e-08,openblas:libopenblas64_.so
julia,single_thread,drazin,similarity_singular,similarity_singular/ncore997_k3_n00001000,dgmres,1000,1000000,1000,20,8350527274.5,210450596.75,8303701275.0,8473243339.0,7923740088.5,208626530.5,7880418000.0,8033114314.5,355899.21346119297,7923.740088500001,212.402176,22264,0,7260,1,120,3,120,false,0.7027861289112365,1.2589776532615062,1.0558260754973108,none,nan,false,1e-08,openblas:libopenblas64_.so
julia,single_thread,drazin,similarity_singular,similarity_singular/ncore997_k3_n00001000,gmres,1000,1000000,1000,30,701004906.0,199799703.0,596630640.0,764986919.0,175334161.5,41110644.25,153859186.5,183518392.5,1449042.6570247933,175.3341615,261.963776,121,0,7260,1,120,0,120,false,0.9425921067399665,0.9425921067399666,1.003274675478181,none,nan,false,1e-08,openblas:libopenblas64_.so
julia,single_thread,drazin,sparse_block_singular,sparse_block_singular/n00000103,dgmres,103,300,12345,30,2093813.5,284031.25,2030204.0,2187381.5,2003956.0,299716.25,1950869.5,2102515.0,763.702743902439,6679.8533333333335,397421.2266666667,2624,0,820,1,40,3,120,true,6.678749422956861e-09,0.17728247296652194,3.8247286032928883e-07,none,nan,false,1e-08,openblas:libopenblas64_.so
julia,single_thread,drazin,sparse_block_singular,sparse_block_singular/n00000103,gmres,103,300,12345,30,15205257.0,508637.0,15090952.0,15410254.0,15084232.0,503452.0,14974681.0,15284481.0,140974.13084112148,50280.77333333333,495670.61333333334,107,0,5671,1,106,0,120,false,0.1564991051284881,0.156499105128488,0.15834525569079405,none,nan,false,1e-08,openblas:libopenblas64_.so
julia,single_thread,drazin,sparse_block_singular,sparse_block_singular/n00000503,dgmres,503,1500,12345,30,9067570.0,444515.75,8970911.9,9221164.0,8692328.5,431186.75,8595293.275,8855162.0,3312.6251905487807,5794.885666666667,102077.78133333333,2624,0,820,1,40,3,120,true,9.215499289239112e-09,0.07376256184201045,6.097394501551342e-07,none,nan,false,1e-08,openblas:libopenblas64_.so
julia,single_thread,drazin,sparse_block_singular,sparse_block_singular/n00000503,gmres,503,1500,12345,30,21711176.5,1539129.0,21368542.0,22560447.0,21230649.0,1536541.25,20996484.5,22178669.0,175459.9090909091,14153.766,104073.89866666666,121,0,7260,1,120,0,120,false,0.025883556208055353,0.025883552384347554,29901523.69164615,none,nan,false,1e-08,openblas:libopenblas64_.so
julia,single_thread,spd,anisotropic_2d_spd,anisotropic_2d_spd/eps0p01_n00000576,cg,576,2784,1000,30,1042189.0,79197.0,1021649.5625,1069518.0,367228.5,47808.75,348957.5,388742.5,2740.5111940298507,131.90678879310343,40496.55172413793,134,0,0,0,134,-1,-1,true,9.405431306583761e-09,9.405430891551421e-09,nan,none,nan,false,1e-08,openblas:libopenblas64_.so
julia,single_thread,spd,anisotropic_2d_spd,anisotropic_2d_spd/eps0p01_n00000576,cg,576,2784,1001,30,1025879.5,13336.0,1021902.0,1028366.5,358037.0,10252.0,353975.5,362109.0,2632.625,128.60524425287358,40496.55172413793,136,0,0,0,136,-1,-1,true,8.738392446935692e-09,8.738392020015398e-09,nan,none,nan,false,1e-08,openblas:libopenblas64_.so
julia,single_thread,spd,anisotropic_2d_spd,anisotropic_2d_spd/eps0p01_n00000576,cg,576,2784,1002,30,1028192.0,10929.5,1024522.5,1032655.5,360355.5,6573.75,358979.0,362412.0,2649.672794117647,129.43803879310343,40496.55172413793,136,0,0,0,136,-1,-1,true,9.659567850288887e-09,9.659567791410609e-09,nan,none,nan,false,1e-08,openblas:libopenblas64_.so
julia,single_thread,spd,anisotropic_2d_spd,anisotropic_2d_spd/eps0p01_n00000576,pcg_ic0,576,2784,1000,30,879959.5,18203.25,876761.0,886962.0,118121.0,3842.5,116743.5,119502.0,9086.23076923077,42.42852011494253,45587.12643678161,13,13,0,0,13,-1,-1,true,7.398183091899312e-09,7.398183126972495e-09,nan,ic0,0.0,false,1e-08,openblas:libopenblas64_.so
julia,single_thread,spd,anisotropic_2d_spd,anisotropic_2d_spd/eps0p01_n00000576,pcg_ic0,576,2784,1001,30,865800.5,14752.75,862394.5,871788.0,118031.5,3484.25,117247.5,119577.5,9079.346153846154,42.39637212643678,45587.12643678161,13,13,0,0,13,-1,-1,true,9.132826729585778e-09,9.132826659722381e-09,nan,ic0,0.0,false,1e-08,openblas:libopenblas64_.so
julia,single_thread,spd,anisotropic_2d_spd,anisotropic_2d_spd/eps0p01_n00000576,pcg_ic0,576,2784,1002,30,871589.0,7062.5,869535.0,875073.5,127369.5,3849.25,126695.0,129023.5,9097.82142857143,45.750538793103445,45587.12643678161,14,14,0,0,14,-1,-1,true,2.8884982677264958e-09,2.888498170683498e-09,nan,ic0,0.0,false,1e-08,openblas:libopenblas64_.so
julia,single_thread,spd,anisotropic_2d_spd,anisotropic_2d_spd/eps0p01_n00000576,pcg_jacobi,576,2784,1000,30,1064209.5,29234.0,1061221.5,1074525.0,369161.5,15503.75,365673.0,379006.0,2754.936567164179,132.60111350574712,42963.862068965514,134,134,0,0,134,-1,-1,true,9.405431306583826e-09,9.405430681378782e-09,nan,jacobi,nan,false,1e-08,openblas:libopenblas64_.so
julia,single_thread,spd,anisotropic_2d_spd,anisotropic_2d_spd/eps0p01_n00000576,pcg_jacobi,576,2784,1001,30,1082176.5,107067.25,1070180.0,1128166.0,381763.5,28787.75,375123.0,392272.5,2807.0845588235293,137.12769396551724,42963.862068965514,136,136,0,0,136,-1,-1,true,8.738392446935614e-09,8.73839211863696e-09,nan,jacobi,nan,false,1e-08,openblas:libopenblas64_.so
julia,single_thread,spd,anisotropic_2d_spd,anisotropic_2d_spd/eps0p01_n00000576,pcg_jacobi,576,2784,1002,30,1089646.0,21004.75,1081696.5,1095242.5,386157.0,20517.25,379522.0,393132.5,2839.389705882353,138.70581896551724,42963.862068965514,136,136,0,0,136,-1,-1,true,9.6595678502889e-09,9.659567892541923e-09,nan,jacobi,nan,false,1e-08,openblas:libopenblas64_.so
julia,single_thread,spd,anisotropic_2d_spd,anisotropic_2d_spd/eps0p1_n00000576,cg,576,2784,1000,30,1261186.0,174631.25,1211493.0,1359626.0,358993.0,22967.25,350664.5,366402.0,3263.572727272727,128.94863505747128,53935.08045977011,110,0,0,0,110,-1,-1,true,9.393815169441814e-09,9.393815121128656e-09,nan,none,nan,false,1e-08,openblas:libopenblas64_.so
julia,single_thread,spd,anisotropic_2d_spd,anisotropic_2d_spd/eps0p1_n00000576,cg,576,2784,1001,30,1149416.5,40473.0,1133970.0,1161101.5,334153.0,34244.25,329257.0,340576.0,3065.623853211009,120.02622126436782,53935.08045977011,109,0,0,0,109,-1,-1,true,9.404627102465141e-09,9.404627190030574e-09,nan,none,nan,false,1e-08,openblas:libopenblas64_.so
julia,single_thread,spd,anisotropic_2d_spd,anisotropic_2d_spd/eps0p1_n00000576,cg,576,2784,1002,30,1161793.0,198047.5,1144606.0,1303380.0,322276.0,28575.75,318470.0,340997.5,2877.464285714286,115.76005747126436,53935.08045977011,112,0,0,0,112,-1,-1,true,8.911646790312453e-09,8.911646536500362e-09,nan,none,nan,false,1e-08,openblas:libopenblas64_.so
julia,single_thread,spd,anisotropic_2d_spd,anisotropic_2d_spd/eps0p1_n00000576,pcg_ic0,576,2784,1000,30,1058947.0,33143.25,1052384.0,1076125.0,211041.5,8792.75,209389.0,216096.5,8793.395833333332,75.80513649425288,43943.724137931036,24,24,0,0,24,-1,-1,true,6.802064807788573e-09,6.802064904384108e-09,nan,ic0,0.0,false,1e-08,openblas:libopenblas64_.so
julia,single_thread,spd,anisotropic_2d_spd,anisotropic_2d_spd/eps0p1_n00000576,pcg_ic0,576,2784,1001,30,1034658.0,8995.75,1032579.5,1038540.0,209388.5,3581.75,207787.0,210006.5,8724.520833333332,75.21138649425288,43943.724137931036,24,24,0,0,24,-1,-1,true,5.500150431117407e-09,5.500150431054815e-09,nan,ic0,0.0,false,1e-08,openblas:libopenblas64_.so
julia,single_thread,spd,anisotropic_2d_spd,anisotropic_2d_spd/eps0p1_n00000576,pcg_ic0,576,2784,1002,30,1054187.5,7367.0,1052023.5,1057746.5,212975.5,5134.5,211788.0,215534.5,8873.979166666668,76.49982040229885,43943.724137931036,24,24,0,0,24,-1,-1,true,7.651376870580646e-09,7.65137685487064e-09,nan,ic0,0.0,false,1e-08,openblas:libopenblas64_.so
julia,single_thread,spd,anisotropic_2d_spd,anisotropic_2d_spd/eps0p1_n00000576,pcg_jacobi,576,2784,1000,30,1057296.5,26041.75,1051689.5,1066896.5,293544.5,17175.25,289065.0,301274.0,2668.586363636364,105.43983477011494,45668.0459770115,110,110,0,0,110,-1,-1,true,9.393815169441834e-09,9.393815050859316e-09,nan,jacobi,nan,false,1e-08,openblas:libopenblas64_.so
julia,single_thread,spd,anisotropic_2d_spd,anisotropic_2d_spd/eps0p1_n00000576,pcg_jacobi,576,2784,1001,30,1041953.5,16654.25,1037638.0,1049318.0,283763.5,10906.0,282020.4875,289685.5,2603.3348623853212,101.92654454022988,45668.0459770115,109,109,0,0,109,-1,-1,true,9.404627102465123e-09,9.404627061756564e-09,nan,jacobi,nan,false,1e-08,openblas:libopenblas64_.so
julia,single_thread,spd,anisotropic_2d_spd,anisotropic_2d_spd/eps0p1_n00000576,pcg_jacobi,576,2784,1002,30,1054080.5,16282.25,1051238.6,1062627.0,297064.0,14292.25,293406.5,303871.0,2652.357142857143,106.70402298850576,45668.0459770115,112,112,0,0,112,-1,-1,true,8.911646790312427e-09,8.911646612333957e-09,nan,jacobi,nan,false,1e-08,openblas:libopenblas64_.so
julia,single_thread,spd,anisotropic_2d_spd,anisotropic_2d_spd/eps0p1_n00005041,cg,5041,24921,1000,30,15355305.0,640966.75,15165048.0,15630295.5,8345878.5,908961.75,7867841.5,8466206.0,26749.610576923078,334.8934031539665,6451.762930861522,312,0,0,0,312,-1,-1,true,9.084582110434654e-09,9.084582308450162e-09,nan,none,nan,false,1e-08,openblas:libopenblas64_.so
julia,single_thread,spd,anisotropic_2d_spd,anisotropic_2d_spd/eps0p1_n00005041,cg,5041,24921,1001,30,16093143.0,708368.0,15984953.0,16399776.5,9049679.5,489133.75,8735944.5,9113744.0,28547.884858044163,363.1346856065166,6451.762930861522,317,0,0,0,317,-1,-1,true,9.551903994835032e-09,9.551904646343975e-09,nan,none,nan,false,1e-08,openblas:libopenblas64_.so
julia,single_thread,spd,anisotropic_2d_spd,anisotropic_2d_spd/eps0p1_n00005041,cg,5041,24921,1002,30,15169454.5,574508.0,15046993.0,15305696.5,8331649.0,552079.75,8153735.0,8438605.0,26704.003205128203,334.3224188435456,6451.762930861522,312,0,0,0,312,-1,-1,true,9.790472194375395e-09,9.790472139591897e-09,nan,none,nan,false,1e-08,openblas:libopenblas64_.so
julia,single_thread,spd,anisotropic_2d_spd,anisotropic_2d_spd/eps0p1_n00005041,pcg_ic0,5041,24921,1000,30,14401474.0,2442108.0,13353213.0,15100986.0,5163235.5,1440483.0,5074010.5,6010082.0,79434.39230769231,207.1841218249669,5429.118895710445,65,65,0,0,65,-1,-1,true,9.515958986015993e-09,9.515959006417577e-09,nan,ic0,0.0,false,1e-08,openblas:libopenblas64_.so
julia,single_thread,spd,anisotropic_2d_spd,anisotropic_2d_spd/eps0p1_n00005041,pcg_ic0,5041,24921,1001,30,14242795.0,2571393.0,12877079.5625,14964418.0,5147588.5,1445054.75,5112765.0,6496120.0,77993.76515151515,206.55625777456763,5429.118895710445,66,66,0,0,66,-1,-1,true,7.669889935028885e-09,7.669890174432234e-09,nan,ic0,0.0,false,1e-08,openblas:libopenblas64_.so
julia,single_thread,spd,anisotropic_2d_spd,anisotropic_2d_spd/eps0p1_n00005041,pcg_ic0,5041,24921,1002,30,13156575.0,2158124.0,12652600.5,14363736.0,5132011.0,1462662.0,5094812.0,5847751.487499998,77757.74242424243,205.93118253681632,5429.118895710445,66,66,0,0,66,-1,-1,true,7.42775357255702e-09,7.427753552302843e-09,nan,ic0,0.0,false,1e-08,openblas:libopenblas64_.so
julia,single_thread,spd,anisotropic_2d_spd,anisotropic_2d_spd/eps0p1_n00005041,pcg_jacobi,5041,24921,1000,30,15586279.0,998002.75,15463403.0,15933352.0,8443907.0,843121.75,8180652.5,8659583.0,27063.80448717949,338.8269732354239,6276.391477067534,312,312,0,0,312,-1,-1,true,9.084582110434653e-09,9.084582426445609e-09,nan,jacobi,nan,false,1e-08,openblas:libopenblas64_.so
julia,single_thread,spd,anisotropic_2d_spd,anisotropic_2d_spd/eps0p1_n00005041,pcg_jacobi,5041,24921,1001,30,15774707.5,894957.25,15568464.0,16132882.0,8542526.5,1047109.0,8211020.5,8784640.0,26948.033123028392,342.78425825608923,6276.391477067534,317,317,0,0,317,-1,-1,true,9.551903994834978e-09,9.551904420650621e-09,nan,jacobi,nan,false,1e-08,openblas:libopenblas64_.so
julia,single_thread,spd,anisotropic_2d_spd,anisotropic_2d_spd/eps0p1_n00005041,pcg_jacobi,5041,24921,1002,30,15524455.5,920394.75,15346661.5,15722976.0,8356621.0,1349815.0,7596960.5,8577013.5,26784.041666666664,335.3244653103808,6276.391477067534,312,312,0,0,312,-1,-1,true,9.79047219437538e-09,9.790471947980898e-09,nan,jacobi,nan,false,1e-08,openblas:libopenblas64_.so
julia,single_thread,spd,anisotropic_2d_spd,anisotropic_2d_spd/eps0p1_n00010000,cg,10000,49600,1000,30,37048631.5,1772456.25,36391987.0,37759271.5,22353681.5,2750645.5,21218478.0,23341469.0,50919.54783599089,450.6790625,3547.912258064516,439,0,0,0,439,-1,-1,true,9.749438638704736e-09,9.749439363289807e-09,nan,none,nan,false,1e-08,openblas:libopenblas64_.so
julia,single_thread,spd,anisotropic_2d_spd,anisotropic_2d_spd/eps0p1_n00010000,cg,10000,49600,1001,30,37185497.5,2132868.25,36445972.0,37859961.5,22102512.5,2901081.75,21265800.0,23065008.5,50577.83180778032,445.61517137096774,3547.912258064516,437,0,0,0,437,-1,-1,true,9.941421219855903e-09,9.941421540856136e-09,nan,none,nan,false,1e-08,openblas:libopenblas64_.so
julia,single_thread,spd,anisotropic_2d_spd,anisotropic_2d_spd/eps0p1_n00010000,cg,10000,49600,1002,30,37679775.5,3098223.0,37020365.0,38900318.0,22706219.0,2522856.25,21798534.0,23307933.924999993,52318.476958525345,457.7866733870968,3547.912258064516,434,0,0,0,434,-1,-1,true,9.43062431662486e-09,9.430624262942914e-09,nan,none,nan,false,1e-08,openblas:libopenblas64_.so
julia,single_thread,spd,anisotropic_2d_spd,anisotropic_2d_spd/eps0p1_n00010000,pcg_ic0,10000,49600,1000,30,33427828.0,5227053.5,32753614.0,35065792.0,17353827.0,2295636.0,16813261.5,18137799.0,188628.5543478261,349.87554435483867,3384.650322580645,92,92,0,0,92,-1,-1,true,7.354786280122512e-09,7.354786364438564e-09,nan,ic0,0.0,false,1e-08,openblas:libopenblas64_.so
julia,single_thread,spd,anisotropic_2d_spd,anisotropic_2d_spd/eps0p1_n00010000,pcg_ic0,10000,49600,1001,30,32483542.0,3296082.5,31892003.0,33539738.0,14390658.5,2848075.0,14208095.0,16700245.0,158139.1043956044,290.1342439516129,3384.650322580645,91,91,0,0,91,-1,-1,true,8.790784075465009e-09,8.790784207466102e-09,nan,ic0,0.0,false,1e-08,openblas:libopenblas64_.so
julia,single_thread,spd,anisotropic_2d_spd,anisotropic_2d_spd/eps0p1_n00010000,pcg_ic0,10000,49600,1002,30,32330122.5,3672835.25,31832985.5,34523280.0,16083534.5,4193134.0,14281447.5,18112162.5,178705.93888888886,324.26480846774194,3384.650322580645,90,90,0,0,90,-1,-1,true,8.624039586315509e-09,8.624039655747312e-09,nan,ic0,0.0,false,1e-08,openblas:libopenblas64_.so
julia,single_thread,spd,anisotropic_2d_spd,anisotropic_2d_spd/eps0p1_n00010000,pcg_jacobi,10000,49600,1000,30,35952020.5,1496683.75,35710093.0,36828453.5,22281243.5,1722543.0,21907741.0,22935524.5,50754.54100227791,449.21861895161294,3676.985806451613,439,439,0,0,439,-1,-1,true,9.7494386387047e-09,9.74943951024494e-09,nan,jacobi,nan,false,1e-08,openblas:libopenblas64_.so
julia,single_thread,spd,anisotropic_2d_spd,anisotropic_2d_spd/eps0p1_n00010000,pcg_jacobi,10000,49600,1001,30,35906420.0,1659829.75,35558618.0,36789882.5,21997694.0,1970666.75,21710615.0,22804046.0,50337.97254004577,443.50189516129035,3676.985806451613,437,437,0,0,437,-1,-1,true,9.941421219855734e-09,9.941421577613778e-09,nan,jacobi,nan,false,1e-08,openblas:libopenblas64_.so
julia,single_thread,spd,anisotropic_2d_spd,anisotropic_2d_spd/eps0p1_n00010000,pcg_jacobi,10000,49600,1002,30,35715999.5,1542521.0,35352008.0,36511958.0,21874526.0,2164432.25,21508445.5,22638356.0,50402.133640552995,441.0186693548387,3676.985806451613,434,434,0,0,434,-1,-1,true,9.430624316624939e-09,9.430624199658845e-09,nan,jacobi,nan,false,1e-08,openblas:libopenblas64_.so
julia,single_thread,spd,laplacian_1d_spd,laplacian_1d_spd/n00000100,cg,100,298,0,30,110622.5,3659.5,110049.0,111813.0,39224.5,1762.5,38463.0,39834.5,392.245,131.62583892617448,445776.75167785236,100,0,0,0,100,-1,-1,true,4.727254533206659e-17,1.3224871488156666e-13,nan,none,nan,false,1e-08,openblas:libopenblas64_.so
julia,single_thread,spd,laplacian_1d_spd,laplacian_1d_spd/n00000100,pcg_ic0,100,298,0,30,84629.5,2648.5,84003.5,85615.5,2124.0,142.5,2082.5,2172.0,2124.0,7.12751677852349,424100.93959731545,1,1,0,0,1,-1,-1,true,2.794185356301654e-14,2.816747774901665e-14,nan,ic0,0.0,false,1e-08,openblas:libopenblas64_.so
julia,single_thread,spd,laplacian_1d_spd,laplacian_1d_spd/n00000100,pcg_jacobi,100,298,0,30,109742.0,4324.5,108585.0,111637.5,36303.0,1272.25,36080.0,36755.0,363.03,121.8221476510067,420114.89932885906,100,100,0,0,100,-1,-1,true,4.727254533206659e-17,1.3224871488156666e-13,nan,jacobi,nan,false,1e-08,openblas:libopenblas64_.so
julia,single_thread,spd,laplacian_1d_spd,laplacian_1d_spd/n00000500,cg,500,1498,0,30,1325625.5,42575.75,1318649.5,1343023.0,975829.5,45812.25,966727.5,994461.5,1951.659,651.421562082777,83194.18958611482,500,0,0,0,500,-1,-1,true,5.168721004296842e-17,2.47496294081965e-13,nan,none,nan,false,1e-08,openblas:libopenblas64_.so
julia,single_thread,spd,laplacian_1d_spd,laplacian_1d_spd/n00000500,pcg_ic0,500,1498,0,30,405736.5,10067.25,401973.0,409551.625,10524.0,498.25,10392.0,10715.5,10524.0,7.025367156208278,87497.99732977303,1,1,0,0,1,-1,-1,true,1.9343355189237168e-14,2.0929545856454028e-14,nan,ic0,0.0,false,1e-08,openblas:libopenblas64_.so
julia,single_thread,spd,laplacian_1d_spd,laplacian_1d_spd/n00000500,pcg_jacobi,500,1498,0,30,1310554.0,43350.0,1299973.0,1325502.5,974866.5,24112.25,966316.5,979760.5,1949.733,650.7787049399199,85657.80507343124,500,500,0,0,500,-1,-1,true,5.168721004296842e-17,2.47496294081965e-13,nan,jacobi,nan,false,1e-08,openblas:libopenblas64_.so
julia,single_thread,spd,laplacian_2d_spd,laplacian_2d_spd/m020_n00000400,cg,400,1920,1000,30,739196.5,39879.75,733725.5,754104.5,149130.5,14757.0,143645.0,154800.5,2367.1507936507933,77.67213541666666,73102.93333333333,63,0,0,0,63,-1,-1,true,9.088563411530722e-09,9.088563317520093e-09,nan,none,nan,false,1e-08,openblas:libopenblas64_.so
julia,single_thread,spd,laplacian_2d_spd,laplacian_2d_spd/m020_n00000400,cg,400,1920,1001,30,732312.0,19708.5,729862.0,740802.0,148799.5,3975.75,147331.0,149940.0,2324.9921875,77.49973958333334,73102.93333333333,64,0,0,0,64,-1,-1,true,9.733052329000377e-09,9.733052341209918e-09,nan,none,nan,false,1e-08,openblas:libopenblas64_.so
julia,single_thread,spd,laplacian_2d_spd,laplacian_2d_spd/m020_n00000400,cg,400,1920,1002,30,739970.0,22104.0,732649.0,747774.0,155233.0,8590.5,153525.5,158837.0,2388.2,80.85052083333333,73102.93333333333,65,0,0,0,65,-1,-1,true,5.810632098552299e-09,5.8106321366498865e-09,nan,none,nan,false,1e-08,openblas:libopenblas64_.so
julia,single_thread,spd,laplacian_2d_spd,laplacian_2d_spd/m020_n00000400,pcg_ic0,400,1920,1000,30,634232.0,16043.0,630936.5,644580.0,141347.5,4195.75,140530.5,142796.5,6145.54347826087,73.61848958333333,66549.33333333333,23,23,0,0,23,-1,-1,true,9.962611994671106e-09,9.96261206193086e-09,nan,ic0,0.0,false,1e-08,openblas:libopenblas64_.so
julia,single_thread,spd,laplacian_2d_spd,laplacian_2d_spd/m020_n00000400,pcg_ic0,400,1920,1001,30,635549.5,10492.75,633309.5,640491.0,139378.5,2283.0,139023.0,140552.0,6059.934782608696,72.59296875,66549.33333333333,23,23,0,0,23,-1,-1,true,9.582487612962019e-09,9.582487612509908e-09,nan,ic0,0.0,false,1e-08,openblas:libopenblas64_.so
julia,single_thread,spd,laplacian_2d_spd,laplacian_2d_spd/m020_n00000400,pcg_ic0,400,1920,1002,30,633425.0,6738.75,630971.5,635680.0,141076.0,2814.0,140359.5,142363.5,6133.739130434783,73.47708333333333,66549.33333333333,23,23,0,0,23,-1,-1,true,5.023792943337718e-09,5.023793059429641e-09,nan,ic0,0.0,false,1e-08,openblas:libopenblas64_.so
julia,single_thread,spd,laplacian_2d_spd,laplacian_2d_spd/m020_n00000400,pcg_jacobi,400,1920,1000,30,547863.0,23226.75,544840.0,553598.0,115840.0,4972.5,114254.2,116938.5,1838.7301587301588,60.333333333333336,62568.53333333333,63,63,0,0,63,-1,-1,true,9.088563411530722e-09,9.088563317520093e-09,nan,jacobi,nan,false,1e-08,openblas:libopenblas64_.so
julia,single_thread,spd,laplacian_2d_spd,laplacian_2d_spd/m020_n00000400,pcg_jacobi,400,1920,1001,30,548368.5,15213.75,543276.5,554388.0,118262.5,10201.5,116581.5,122808.0,1847.8515625,61.595052083333336,62568.53333333333,64,64,0,0,64,-1,-1,true,9.733052329000377e-09,9.733052341209918e-09,nan,jacobi,nan,false,1e-08,openblas:libopenblas64_.so
julia,single_thread,spd,laplacian_2d_spd,laplacian_2d_spd/m020_n00000400,pcg_jacobi,400,1920,1002,30,543456.5,12305.0,540683.0,550088.5,117682.0,7698.75,115081.5,121660.5,1810.4923076923078,61.29270833333334,62568.53333333333,65,65,0,0,65,-1,-1,true,5.810632098552299e-09,5.8106321366498865e-09,nan,jacobi,nan,false,1e-08,openblas:libopenblas64_.so
julia,single_thread,spd,laplacian_2d_spd,laplacian_2d_spd/m032_n00001024,cg,1024,4992,1000,30,1622747.0,28757.0,1612775.0,1629232.45,490257.0,27445.75,481108.0,503765.0,4854.029702970297,98.20853365384616,24488.20512820513,101,0,0,0,101,-1,-1,true,8.822208925159782e-09,8.822208956579435e-09,nan,none,nan,false,1e-08,openblas:libopenblas64_.so
julia,single_thread,spd,laplacian_2d_spd,laplacian_2d_spd/m032_n00001024,cg,1024,4992,1001,30,1602596.0,25979.5,1592445.0,1611075.0,478459.0,23975.75,471863.0,487610.0,4882.234693877551,95.84515224358975,24488.20512820513,98,0,0,0,98,-1,-1,true,9.807146507434913e-09,9.807146619023713e-09,nan,none,nan,false,1e-08,openblas:libopenblas64_.so
julia,single_thread,spd,laplacian_2d_spd,laplacian_2d_spd/m032_n00001024,cg,1024,4992,1002,30,1617015.0,693936.5,1608834.0,1628463.5,493121.0,17302.0,488137.0,497454.5,4882.3861386138615,98.7822516025641,24488.20512820513,101,0,0,0,101,-1,-1,true,7.606776179662985e-09,7.606776325310368e-09,nan,none,nan,false,1e-08,openblas:libopenblas64_.so
julia,single_thread,spd,laplacian_2d_spd,laplacian_2d_spd/m032_n00001024,pcg_ic0,1024,4992,1000,30,1825077.5,129212.0,1789695.0,1874526.5,558894.0,40825.0,544667.0,567707.0,15968.4,111.9579326923077,24737.641025641027,35,35,0,0,35,-1,-1,true,9.645333431732463e-09,9.645333454842255e-09,nan,ic0,0.0,false,1e-08,openblas:libopenblas64_.so
julia,single_thread,spd,laplacian_2d_spd,laplacian_2d_spd/m032_n00001024,pcg_ic0,1024,4992,1001,30,1845290.0,49443.0,1838027.0,1864989.5,569196.0,10693.75,566134.5,572337.5,16262.742857142857,114.02163461538461,24737.641025641027,35,35,0,0,35,-1,-1,true,8.258974965760394e-09,8.258974914806702e-09,nan,ic0,0.0,false,1e-08,openblas:libopenblas64_.so
julia,single_thread,spd,laplacian_2d_spd,laplacian_2d_spd/m032_n00001024,pcg_ic0,1024,4992,1002,30,1812209.5,38309.5,1806017.5,1828227.5,550341.5,11571.75,548300.0,554227.5,16186.514705882353,110.24469150641025,24737.641025641027,34,34,0,0,34,-1,-1,true,7.716909536172416e-09,7.716909642708428e-09,nan,ic0,0.0,false,1e-08,openblas:libopenblas64_.so
julia,single_thread,spd,laplacian_2d_spd,laplacian_2d_spd/m032_n00001024,pcg_jacobi,1024,4992,1000,30,1603261.0,19452.0,1594472.5,1609104.0,483896.0,17930.5,478971.5,489806.5,4791.049504950495,96.93429487179488,27503.589743589742,101,101,0,0,101,-1,-1,true,8.822208925159782e-09,8.822208956579435e-09,nan,jacobi,nan,false,1e-08,openblas:libopenblas64_.so
julia,single_thread,spd,laplacian_2d_spd,laplacian_2d_spd/m032_n00001024,pcg_jacobi,1024,4992,1001,30,1593488.5,16878.75,1587655.0,1598750.5,475833.0,12891.25,471737.0375,481469.0,4855.438775510203,95.31911057692308,27503.589743589742,98,98,0,0,98,-1,-1,true,9.807146507434913e-09,9.807146619023713e-09,nan,jacobi,nan,false,1e-08,openblas:libopenblas64_.so
julia,single_thread,spd,laplacian_2d_spd,laplacian_2d_spd/m032_n00001024,pcg_jacobi,1024,4992,1002,30,1574008.5,968855.5,1561308.675,1936063.5,461778.5,725236.75,458749.0,473772.5,4572.064356435643,92.50370592948718,27503.589743589742,101,101,0,0,101,-1,-1,true,7.606776179662985e-09,7.606776325310368e-09,nan,jacobi,nan,false,1e-08,openblas:libopenblas64_.so
julia,single_thread,spd,laplacian_2d_spd,laplacian_2d_spd/m064_n00004096,cg,4096,20224,1000,30,13947516.5,1766608.5,13333642.0,14578221.5,7327713.5,778892.75,7169177.0,7763370.474999997,37008.65404040404,362.32760581487344,7687.696202531645,198,0,0,0,198,-1,-1,true,9.714596828784372e-09,9.71459683453789e-09,nan,none,nan,false,1e-08,openblas:libopenblas64_.so
julia,single_thread,spd,laplacian_2d_spd,laplacian_2d_spd/m064_n00004096,cg,4096,20224,1001,30,13164160.0,2757828.5,12408614.5,14116624.0,5583082.5,1800202.25,5315564.0,6721651.5,28485.114795918365,276.06222804588606,7687.696202531645,196,0,0,0,196,-1,-1,true,9.35506152477016e-09,9.355061382862508e-09,nan,none,nan,false,1e-08,openblas:libopenblas64_.so
julia,single_thread,spd,laplacian_2d_spd,laplacian_2d_spd/m064_n00004096,cg,4096,20224,1002,30,13834750.0,1510610.0,13393953.5,14106450.5,7001961.0,680622.25,6861502.0,7305744.0,36468.546875,346.22038172468353,7687.696202531645,192,0,0,0,192,-1,-1,true,9.410455392306075e-09,9.410455296332803e-09,nan,none,nan,false,1e-08,openblas:libopenblas64_.so
julia,single_thread,spd,laplacian_2d_spd,laplacian_2d_spd/m064_n00004096,pcg_ic0,4096,20224,1000,30,10557251.0,2205006.75,9361868.5,11129184.0,4196725.5,1241487.25,4165458.0,5287944.5,64565.00769230769,207.51213904272151,6774.278481012659,65,65,0,0,65,-1,-1,true,8.53805550801166e-09,8.53805551910364e-09,nan,ic0,0.0,false,1e-08,openblas:libopenblas64_.so
julia,single_thread,spd,laplacian_2d_spd,laplacian_2d_spd/m064_n00004096,pcg_ic0,4096,20224,1001,30,10554563.0,2159163.0,9450563.0,11231119.0,4303708.5,1300562.75,4199681.0,5307331.0,66210.9,212.80204212816454,6774.278481012659,65,65,0,0,65,-1,-1,true,9.119432199079147e-09,9.119432330438548e-09,nan,ic0,0.0,false,1e-08,openblas:libopenblas64_.so
julia,single_thread,spd,laplacian_2d_spd,laplacian_2d_spd/m064_n00004096,pcg_ic0,4096,20224,1002,30,10302733.0,1844614.5,9042158.5,10703066.5,3911725.0,1107635.5,3885393.0,3975242.5,64126.639344262294,193.41994659810126,6774.278481012659,61,61,0,0,61,-1,-1,true,9.463942650550069e-09,9.463942577762476e-09,nan,ic0,0.0,false,1e-08,openblas:libopenblas64_.so
julia,single_thread,spd,laplacian_2d_spd,laplacian_2d_spd/m064_n00004096,pcg_jacobi,4096,20224,1000,30,9399965.5,504166.75,9355209.0,9668963.5,4801909.0,421173.5,4677636.5,4935056.5,24252.065656565657,237.43616495253167,7274.93670886076,198,198,0,0,198,-1,-1,true,9.714596828784372e-09,9.71459683453789e-09,nan,jacobi,nan,false,1e-08,openblas:libopenblas64_.so
julia,single_thread,spd,laplacian_2d_spd,laplacian_2d_spd/m064_n00004096,pcg_jacobi,4096,20224,1001,30,9335611.0,438401.0,9193297.5,9537267.5,4667872.0,1003763.5,3830825.0,4757631.5,23815.673469387755,230.80854430379748,7274.93670886076,196,196,0,0,196,-1,-1,true,9.35506152477016e-09,9.355061382862508e-09,nan,jacobi,nan,false,1e-08,openblas:libopenblas64_.so
julia,single_thread,spd,laplacian_2d_spd,laplacian_2d_spd/m064_n00004096,pcg_jacobi,4096,20224,1002,30,8542678.0,2345878.0,8229802.5,9840950.5,3650164.5,1331048.0,3621189.5,3866950.624999999,19011.2734375,180.48677314082278,7274.93670886076,192,192,0,0,192,-1,-1,true,9.410455392306075e-09,9.410455296332803e-09,nan,jacobi,nan,false,1e-08,openblas:libopenblas64_.so
julia,single_thread,spd,laplacian_2d_spd,laplacian_2d_spd/m071_n00005041,cg,5041,24921,1000,30,12400928.0,1125051.5,12265623.5,12766105.5,6485953.0,977552.25,6321178.5,6776276.125,29752.077981651375,260.26054331688135,6363.9950242767145,218,0,0,0,218,-1,-1,true,9.609180948604223e-09,9.609180898717564e-09,nan,none,nan,false,1e-08,openblas:libopenblas64_.so
julia,single_thread,spd,laplacian_2d_spd,laplacian_2d_spd/m071_n00005041,cg,5041,24921,1001,30,11986026.5,544885.25,11852692.0,12075518.0,6077892.5,943560.75,5799446.5,6258203.0,27880.240825688074,243.88638096384574,6363.9950242767145,218,0,0,0,218,-1,-1,true,9.697734192683296e-09,9.697734328551922e-09,nan,none,nan,false,1e-08,openblas:libopenblas64_.so
julia,single_thread,spd,laplacian_2d_spd,laplacian_2d_spd/m071_n00005041,cg,5041,24921,1002,30,11881020.0,571643.0,11779065.0,12021460.0,6089305.0,510926.75,5809928.5,6158597.9625,27805.045662100456,244.34432807672243,6363.9950242767145,219,0,0,0,219,-1,-1,true,9.249111741017924e-09,9.249111755384285e-09,nan,none,nan,false,1e-08,openblas:libopenblas64_.so
julia,single_thread,spd,laplacian_2d_spd,laplacian_2d_spd/m071_n00005041,pcg_ic0,5041,24921,1000,30,13625388.0,2533992.75,12788546.0,14385551.5,5737313.0,1669095.0,5682704.5,7223250.5,79684.90277777778,230.22001524818427,6249.436539464708,72,72,0,0,72,-1,-1,true,8.928347170076573e-09,8.928347153206663e-09,nan,ic0,0.0,false,1e-08,openblas:libopenblas64_.so
julia,single_thread,spd,laplacian_2d_spd,laplacian_2d_spd/m071_n00005041,pcg_ic0,5041,24921,1001,30,13637738.5,2488082.0,12792640.5,14367167.5,7121063.0,1664723.5,5791142.5,7318362.0,97548.80821917808,285.74547570322216,6249.436539464708,73,73,0,0,73,-1,-1,true,7.4067881097996675e-09,7.4067880763671604e-09,nan,ic0,0.0,false,1e-08,openblas:libopenblas64_.so
julia,single_thread,spd,laplacian_2d_spd,laplacian_2d_spd/m071_n00005041,pcg_ic0,5041,24921,1002,30,12117564.5,2572787.25,11968811.5,14285603.0,5704012.5,102415.0,5679869.5,5746647.0,79222.39583333334,228.88377272180088,6249.436539464708,72,72,0,0,72,-1,-1,true,9.880882609241844e-09,9.880882715574338e-09,nan,ic0,0.0,false,1e-08,openblas:libopenblas64_.so
julia,single_thread,spd,laplacian_2d_spd,laplacian_2d_spd/m071_n00005041,pcg_jacobi,5041,24921,1000,30,11764270.5,413881.5,11627355.5,11940900.5,6076701.5,744696.5,5903294.5,6354605.5,27874.77752293578,243.83858994422377,6254.038601982264,218,218,0,0,218,-1,-1,true,9.609180948604223e-09,9.609180898717564e-09,nan,jacobi,nan,false,1e-08,openblas:libopenblas64_.so
julia,single_thread,spd,laplacian_2d_spd,laplacian_2d_spd/m071_n00005041,pcg_jacobi,5041,24921,1001,30,11736260.5,424620.5,11653232.5,11925195.0,6111522.5,1097319.0,5195000.0,6186199.0,28034.506880733945,245.23584527105655,6254.038601982264,218,218,0,0,218,-1,-1,true,9.697734192683296e-09,9.697734328551922e-09,nan,jacobi,nan,false,1e-08,openblas:libopenblas64_.so
julia,single_thread,spd,laplacian_2d_spd,laplacian_2d_spd/m071_n00005041,pcg_jacobi,5041,24921,1002,30,11798921.5,604999.25,11661590.5,11920319.7375,6020069.0,1232111.0,5147857.0,6262551.5,27488.899543378997,241.56610890413708,6254.038601982264,219,219,0,0,219,-1,-1,true,9.249111741017924e-09,9.249111755384285e-09,nan,jacobi,nan,false,1e-08,openblas:libopenblas64_.so
julia,single_thread,spd,laplacian_2d_spd,laplacian_2d_spd/m096_n00009216,cg,9216,45696,1000,30,25736276.0,1094502.0,25363268.0,26188121.5,15036553.5,930270.75,14691946.0,15191336.0,50971.36779661017,329.05623030462186,3767.2156862745096,295,0,0,0,295,-1,-1,true,9.784927503254676e-09,9.784927609252096e-09,nan,none,nan,false,1e-08,openblas:libopenblas64_.so
julia,single_thread,spd,laplacian_2d_spd,laplacian_2d_spd/m096_n00009216,cg,9216,45696,1001,30,25459367.0,1068669.25,25299684.0,25991772.0,14682740.5,1938016.25,13560356.5,14989261.0,49772.00169491525,321.3134738270308,3767.2156862745096,295,0,0,0,295,-1,-1,true,9.696051208217402e-09,9.696051313025606e-09,nan,none,nan,false,1e-08,openblas:libopenblas64_.so
julia,single_thread,spd,laplacian_2d_spd,laplacian_2d_spd/m096_n00009216,cg,9216,45696,1002,30,25343537.5,1035792.0,25202444.5,25863812.55,14398298.0,1473926.5,13778876.5,15010993.5,48807.789830508475,315.0888042717087,3767.2156862745096,295,0,0,0,295,-1,-1,true,9.780805266011171e-09,9.780805244728962e-09,nan,none,nan,false,1e-08,openblas:libopenblas64_.so
julia,single_thread,spd,laplacian_2d_spd,laplacian_2d_spd/m096_n00009216,pcg_ic0,9216,45696,1000,30,28106905.5,5131710.25,27716371.0,30404626.0,16493904.0,5633671.0,15004080.925,18184531.0,171811.5,360.9485294117647,3488.627450980392,96,96,0,0,96,-1,-1,true,8.404620264977965e-09,8.404620308263307e-09,nan,ic0,0.0,false,1e-08,openblas:libopenblas64_.so
julia,single_thread,spd,laplacian_2d_spd,laplacian_2d_spd/m096_n00009216,pcg_ic0,9216,45696,1001,30,27576757.0,2758602.0,27184206.0,28510804.0,15343579.5,3845561.5,13490016.5,16601669.5,159828.953125,335.7751116071429,3488.627450980392,96,96,0,0,96,-1,-1,true,8.662926443984182e-09,8.662926434806499e-09,nan,ic0,0.0,false,1e-08,openblas:libopenblas64_.so
julia,single_thread,spd,laplacian_2d_spd,laplacian_2d_spd/m096_n00009216,pcg_ic0,9216,45696,1002,30,28099783.5,3722292.75,27041019.8625,29070319.5,15150694.5,3921719.0,13785118.5,16906097.0,157819.734375,331.5540638130252,3488.627450980392,96,96,0,0,96,-1,-1,true,8.829405761357256e-09,8.8294059695546e-09,nan,ic0,0.0,false,1e-08,openblas:libopenblas64_.so
julia,single_thread,spd,laplacian_2d_spd,laplacian_2d_spd/m096_n00009216,pcg_jacobi,9216,45696,1000,30,39941585.0,7648422.75,35105555.0,41550583.5,21679744.5,5359007.0,19459626.5,23707675.599999994,73490.6593220339,474.43418461134456,4121.366946778711,295,295,0,0,295,-1,-1,true,9.784927503254676e-09,9.784927609252096e-09,nan,jacobi,nan,false,1e-08,openblas:libopenblas64_.so
julia,single_thread,spd,laplacian_2d_spd,laplacian_2d_spd/m096_n00009216,pcg_jacobi,9216,45696,1001,30,34349740.5,1778345.5,33863865.175,34583268.0,20196395.0,1492869.75,19450461.0,20453727.0,68462.35593220338,441.9729297969188,4121.366946778711,295,295,0,0,295,-1,-1,true,9.696051208217402e-09,9.696051313025606e-09,nan,jacobi,nan,false,1e-08,openblas:libopenblas64_.so
julia,single_thread,spd,laplacian_2d_spd,laplacian_2d_spd/m096_n00009216,pcg_jacobi,9216,45696,1002,30,34161428.5,1479789.25,33665899.825,34566225.0,19770200.5,1968068.75,19145818.5,20141561.0,67017.62881355932,432.6461944152661,4121.366946778711,295,295,0,0,295,-1,-1,true,9.780805266011171e-09,9.780805244728962e-09,nan,jacobi,nan,false,1e-08,openblas:libopenblas64_.so
julia,single_thread,spd,laplacian_2d_spd,laplacian_2d_spd/m100_n00010000,cg,10000,49600,1000,30,27883383.0,3808606.75,27658765.5,29431252.58749998,16326432.0,2714174.0,15776818.0,16829179.5,53529.28524590164,329.16193548387093,3639.5767741935483,305,0,0,0,305,-1,-1,true,9.414438840788617e-09,9.414438659282787e-09,nan,none,nan,false,1e-08,openblas:libopenblas64_.so
julia,single_thread,spd,laplacian_2d_spd,laplacian_2d_spd/m100_n00010000,cg,10000,49600,1001,30,28762213.0,1142048.75,28421126.725,29221988.0,16854925.5,1212131.25,16461579.0,17321467.0,56942.31587837838,339.8170463709678,3639.5767741935483,296,0,0,0,296,-1,-1,true,9.377600909009737e-09,9.377600809615379e-09,nan,none,nan,false,1e-08,openblas:libopenblas64_.so
julia,single_thread,spd,laplacian_2d_spd,laplacian_2d_spd/m100_n00010000,cg,10000,49600,1002,30,30086155.0,3432035.0,28253765.5,30852641.7,17545884.0,2727967.75,16407706.0,18155513.0,57716.72368421053,353.7476612903226,3639.5767741935483,304,0,0,0,304,-1,-1,true,9.971325823331792e-09,9.971325904548825e-09,nan,none,nan,false,1e-08,openblas:libopenblas64_.so
julia,single_thread,spd,laplacian_2d_spd,laplacian_2d_spd/m100_n00010000,pcg_ic0,10000,49600,1000,30,42959903.0,23352757.5,35852250.5,51892026.5,23330702.0,19782570.0,20713593.0,31975443.5,235663.65656565657,470.37705645161293,2544.309677419355,99,99,0,0,99,-1,-1,true,9.595146143235187e-09,9.59514593098647e-09,nan,ic0,0.0,false,1e-08,openblas:libopenblas64_.so
julia,single_thread,spd,laplacian_2d_spd,laplacian_2d_spd/m100_n00010000,pcg_ic0,10000,49600,1001,30,36272669.0,11211495.0,33944404.5,43042252.0,21184089.0,11087015.5,19210658.5,26711171.0,218392.6701030928,427.0985685483871,2544.309677419355,97,97,0,0,97,-1,-1,true,8.721147658312316e-09,8.721147649421608e-09,nan,ic0,0.0,false,1e-08,openblas:libopenblas64_.so
julia,single_thread,spd,laplacian_2d_spd,laplacian_2d_spd/m100_n00010000,pcg_ic0,10000,49600,1002,30,35108886.5,10858041.25,33481139.5,39055110.0,20095318.0,7544974.0,16974024.0,22798137.5,200953.18,405.14754032258065,2544.309677419355,100,100,0,0,100,-1,-1,true,7.166304256260857e-09,7.166304237722147e-09,nan,ic0,0.0,false,1e-08,openblas:libopenblas64_.so
julia,single_thread,spd,laplacian_2d_spd,laplacian_2d_spd/m100_n00010000,pcg_jacobi,10000,49600,1000,30,27352916.5,1044191.5,27084999.0,27709127.0,15857648.0,1689020.5,15470440.0,16166150.5,51992.28852459016,319.7106451612903,3649.8167741935486,305,305,0,0,305,-1,-1,true,9.414438840788617e-09,9.414438659282787e-09,nan,jacobi,nan,false,1e-08,openblas:libopenblas64_.so
julia,single_thread,spd,laplacian_2d_spd,laplacian_2d_spd/m100_n00010000,pcg_jacobi,10000,49600,1001,30,26954827.5,1406696.25,26494210.5,27381369.5,15602211.0,1573559.5,15148992.5,16059593.5,52710.1722972973,314.5607056451613,3649.8167741935486,296,296,0,0,296,-1,-1,true,9.377600909009737e-09,9.377600809615379e-09,nan,jacobi,nan,false,1e-08,openblas:libopenblas64_.so
julia,single_thread,spd,laplacian_2d_spd,laplacian_2d_spd/m100_n00010000,pcg_jacobi,10000,49600,1002,30,27460692.0,1337136.0,27053930.0,27732745.0,15865781.5,2189690.0,15586834.0,16401329.5,52190.07072368421,319.874627016129,3649.8167741935486,304,304,0,0,304,-1,-1,true,9.971325823331792e-09,9.971325904548825e-09,nan,jacobi,nan,false,1e-08,openblas:libopenblas64_.so
julia,single_thread,spd,laplacian_2d_spd,laplacian_2d_spd/m158_n00024964,cg,24964,124188,1000,30,91896124.0,79642327.0,90256647.675,93772345.0,60352360.0,78081070.5,59096790.0,63150753.5,126790.67226890757,485.97577865816345,1641.1968950301157,476,0,0,0,476,-1,-1,true,9.83125847672973e-09,9.831258374557377e-09,nan,none,nan,false,1e-08,openblas:libopenblas64_.so
julia,single_thread,spd,laplacian_2d_spd,laplacian_2d_spd/m158_n00024964,pcg_ic0,24964,124188,1000,30,114612210.0,70400620.0,104711846.5,172526960.0,70690519.0,58950985.75,68527921.5,103219800.5,456067.864516129,569.2218169227301,1576.3208039424098,155,155,0,0,155,-1,-1,true,9.56389900317516e-09,9.563898712187148e-09,nan,ic0,0.0,false,1e-08,openblas:libopenblas64_.so
julia,single_thread,spd,laplacian_2d_spd,laplacian_2d_spd/m158_n00024964,pcg_jacobi,24964,124188,1000,30,126592354.5,100676622.0,122865003.0,147951745.5,85540782.5,95906126.75,79357700.5,101377926.0,179707.5262605042,688.8007094083164,1753.4355010145907,476,476,0,0,476,-1,-1,true,9.83125847672973e-09,9.831258374557377e-09,nan,jacobi,nan,false,1e-08,openblas:libopenblas64_.so
julia,single_thread,spd,laplacian_2d_spd,laplacian_2d_spd/m224_n00050176,cg,50176,249984,1000,30,303128771.5,6737832.5,301092320.0,305513319.0,240410101.5,9853114.75,237984070.0,241953536.0,358821.0470149254,961.7019549251152,849.2698412698413,670,0,0,0,670,-1,-1,true,9.862336581377507e-09,9.862336045385639e-09,nan,none,nan,false,1e-08,openblas:libopenblas64_.so
julia,single_thread,spd,laplacian_2d_spd,laplacian_2d_spd/m224_n00050176,pcg_ic0,50176,249984,1000,30,351484552.5,4648496.25,349271868.0,352339899.1625,274330319.0,4629461.5,272329650.0,276288445.0,1264195.0184331797,1097.3915090565797,939.0762928827445,217,217,0,0,217,-1,-1,true,9.101733577678411e-09,9.10173383603155e-09,nan,ic0,0.0,false,1e-08,openblas:libopenblas64_.so
julia,single_thread,spd,laplacian_2d_spd,laplacian_2d_spd/m224_n00050176,pcg_jacobi,50176,249984,1000,30,319674880.5,15496255.5,317354535.0,331899371.0,255117246.5,11673900.75,254262627.0,263817055.0,380772.0097014925,1020.5343001952125,805.7183819764465,670,670,0,0,670,-1,-1,true,9.862336581377507e-09,9.862336045385639e-09,nan,jacobi,nan,false,1e-08,openblas:libopenblas64_.so
julia,single_thread,spd,laplacian_3d_spd,laplacian_3d_spd/m008_n00000512,cg,512,3200,1000,30,1384079.5,585601.25,1164006.0,1591969.5,125675.5,61548.0,119910.0,163915.5,3696.338235294118,39.27359375,46022.4,34,0,0,0,34,-1,-1,true,3.92300066941173e-09,3.923000671774171e-09,nan,none,nan,false,1e-08,openblas:libopenblas64_.so
julia,single_thread,spd,laplacian_3d_spd,laplacian_3d_spd/m008_n00000512,cg,512,3200,1001,30,1037302.0,43285.0,1029061.5,1056346.0,114259.5,8924.25,109744.0,116385.0,3462.409090909091,35.70609375,46022.4,33,0,0,0,33,-1,-1,true,8.246289744878773e-09,8.246289751110983e-09,nan,none,nan,false,1e-08,openblas:libopenblas64_.so
julia,single_thread,spd,laplacian_3d_spd,laplacian_3d_spd/m008_n00000512,cg,512,3200,1002,30,1067481.0,38818.0,1058570.5,1088012.0,117436.0,5609.0,114605.0,118301.5,3558.6666666666665,36.698750000000004,46022.4,33,0,0,0,33,-1,-1,true,7.580280870724134e-09,7.5802808673507e-09,nan,none,nan,false,1e-08,openblas:libopenblas64_.so
julia,single_thread,spd,laplacian_3d_spd,laplacian_3d_spd/m008_n00000512,pcg_ic0,512,3200,1000,30,930217.5,14504.75,928121.0,935266.5,123166.0,5593.0,121865.0,124945.0,8797.571428571428,38.489375,37027.84,14,14,0,0,14,-1,-1,true,2.0145202382801666e-09,2.014520232491613e-09,nan,ic0,0.0,false,1e-08,openblas:libopenblas64_.so
julia,single_thread,spd,laplacian_3d_spd,laplacian_3d_spd/m008_n00000512,pcg_ic0,512,3200,1001,30,912756.5,23077.5,908869.5,923658.5,115001.5,6884.0,113489.0,117779.5,8846.26923076923,35.937968749999996,37027.84,13,13,0,0,13,-1,-1,true,8.873689801893943e-09,8.873689780646172e-09,nan,ic0,0.0,false,1e-08,openblas:libopenblas64_.so
julia,single_thread,spd,laplacian_3d_spd,laplacian_3d_spd/m008_n00000512,pcg_ic0,512,3200,1002,30,910944.5,8575.5,906973.0,913360.0,113834.0,2606.0,113275.5,114551.0,8756.461538461539,35.573125,37027.84,13,13,0,0,13,-1,-1,true,6.2175326968967225e-09,6.217532710595574e-09,nan,ic0,0.0,false,1e-08,openblas:libopenblas64_.so
julia,single_thread,spd,laplacian_3d_spd,laplacian_3d_spd/m008_n00000512,pcg_jacobi,512,3200,1000,30,828897.0,28911.0,821924.0,837398.0,91693.5,11918.5,89860.5,97824.5,2696.8676470588234,28.65421875,38827.52,34,34,0,0,34,-1,-1,true,3.9230006694117295e-09,3.92300066645867e-09,nan,jacobi,nan,false,1e-08,openblas:libopenblas64_.so
julia,single_thread,spd,laplacian_3d_spd,laplacian_3d_spd/m008_n00000512,pcg_jacobi,512,3200,1001,30,835246.0,9158.0,833586.0,839361.5,99600.0,4264.25,98006.8625,100706.86249999999,3018.181818181818,31.125,38827.52,33,33,0,0,33,-1,-1,true,8.246289744878763e-09,8.246289748122785e-09,nan,jacobi,nan,false,1e-08,openblas:libopenblas64_.so
julia,single_thread,spd,laplacian_3d_spd,laplacian_3d_spd/m008_n00000512,pcg_jacobi,512,3200,1002,30,830761.0,9451.0,828859.5,835358.0,99145.0,3622.75,97987.5,100477.5,3004.393939393939,30.9828125,38827.52,33,33,0,0,33,-1,-1,true,7.580280870724142e-09,7.580280872765188e-09,nan,jacobi,nan,false,1e-08,openblas:libopenblas64_.so
julia,single_thread,spd,laplacian_3d_spd,laplacian_3d_spd/m012_n00001728,cg,1728,11232,1000,30,4208335.0,84876.5,4182597.5,4242751.0,616611.0,24972.5,609213.675,626946.0,12583.897959183672,54.89770299145299,12914.871794871795,49,0,0,0,49,-1,-1,true,6.990491565360198e-09,6.990491594008454e-09,nan,none,nan,false,1e-08,openblas:libopenblas64_.so
julia,single_thread,spd,laplacian_3d_spd,laplacian_3d_spd/m012_n00001728,cg,1728,11232,1001,30,5450544.5,2333264.25,4148981.0,6300916.0,618067.5,417068.75,601913.0,981221.0,12876.40625,55.027377136752136,12914.871794871795,48,0,0,0,48,-1,-1,true,9.294389774135176e-09,9.294389790196395e-09,nan,none,nan,false,1e-08,openblas:libopenblas64_.so
julia,single_thread,spd,laplacian_3d_spd,laplacian_3d_spd/m012_n00001728,cg,1728,11232,1002,30,4188166.5,2113507.75,4162185.5,5391148.0,625898.5,32135.5,612713.5,637848.0,12773.438775510203,55.72458155270655,12914.871794871795,49,0,0,0,49,-1,-1,true,6.550664102930492e-09,6.550664073430379e-09,nan,none,nan,false,1e-08,openblas:libopenblas64_.so
julia,single_thread,spd,laplacian_3d_spd,laplacian_3d_spd/m012_n00001728,pcg_ic0,1728,11232,1000,30,3675492.0,228172.5,3613285.0,3761070.0,597812.0,36189.0,582690.0,607022.5,33211.77777777778,53.22400284900285,9716.695156695157,18,18,0,0,18,-1,-1,true,6.4291523025281714e-09,6.429152303255193e-09,nan,ic0,0.0,false,1e-08,openblas:libopenblas64_.so
julia,single_thread,spd,laplacian_3d_spd,laplacian_3d_spd/m012_n00001728,pcg_ic0,1728,11232,1001,30,3649446.0,1581489.75,3571830.5,4450515.0,580637.0,38268.5,567302.0,596366.0,32257.61111111111,51.6948896011396,9716.695156695157,18,18,0,0,18,-1,-1,true,4.3576762637945844e-09,4.357676255369124e-09,nan,ic0,0.0,false,1e-08,openblas:libopenblas64_.so
julia,single_thread,spd,laplacian_3d_spd,laplacian_3d_spd/m012_n00001728,pcg_ic0,1728,11232,1002,30,3651585.0,1596414.0,3556428.5,4996789.5,581257.0,63416.75,546696.5,586392.5,32292.055555555555,51.75008903133903,9716.695156695157,18,18,0,0,18,-1,-1,true,9.55744182118048e-09,9.557441829728442e-09,nan,ic0,0.0,false,1e-08,openblas:libopenblas64_.so
julia,single_thread,spd,laplacian_3d_spd,laplacian_3d_spd/m012_n00001728,pcg_jacobi,1728,11232,1000,30,2933109.5,74001.0,2912064.5,2962110.0,446733.0,19373.75,439709.0,453376.0,9117.0,39.77323717948718,11146.210826210827,49,49,0,0,49,-1,-1,true,6.990491565360198e-09,6.990491577751376e-09,nan,jacobi,nan,false,1e-08,openblas:libopenblas64_.so
julia,single_thread,spd,laplacian_3d_spd,laplacian_3d_spd/m012_n00001728,pcg_jacobi,1728,11232,1001,30,2907226.5,990121.5,2890194.5,2949569.15,440251.5,24804.5,438068.0,453567.0,9171.90625,39.19618055555556,11146.210826210827,48,48,0,0,48,-1,-1,true,9.294389774135191e-09,9.29438979472654e-09,nan,jacobi,nan,false,1e-08,openblas:libopenblas64_.so
julia,single_thread,spd,laplacian_3d_spd,laplacian_3d_spd/m012_n00001728,pcg_jacobi,1728,11232,1002,30,2916418.5,1351923.5,2892284.0,4095711.0,445366.5,43873.25,440951.5,455452.5,9089.112244897959,39.65157585470085,11146.210826210827,49,49,0,0,49,-1,-1,true,6.550664102930495e-09,6.5506640678237676e-09,nan,jacobi,nan,false,1e-08,openblas:libopenblas64_.so
julia,single_thread,spd,laplacian_3d_spd,laplacian_3d_spd/m020_n00008000,cg,8000,53600,1000,30,17334941.5,1109668.25,17104576.5,17984114.5,3592039.5,1534319.5,3374949.0,4428022.0,47263.67763157895,67.01566231343284,2400.5922388059703,76,0,0,0,76,-1,-1,true,9.244314364529535e-09,9.244314350219028e-09,nan,none,nan,false,1e-08,openblas:libopenblas64_.so
julia,single_thread,spd,laplacian_3d_spd,laplacian_3d_spd/m020_n00008000,cg,8000,53600,1001,30,17182680.0,935024.75,16942436.0,17414822.0,3873598.5,1573654.5,3333096.0,4584909.0,51647.979999999996,72.26862873134328,2400.5922388059703,75,0,0,0,75,-1,-1,true,9.009829795848455e-09,9.009829778774361e-09,nan,none,nan,false,1e-08,openblas:libopenblas64_.so
julia,single_thread,spd,laplacian_3d_spd,laplacian_3d_spd/m020_n00008000,cg,8000,53600,1002,30,16904745.5,2365215.75,16215886.0,17138539.5,3287382.5,1678725.5,3235553.5,4755041.5,43831.76666666666,61.331763059701494,2400.5922388059703,75,0,0,0,75,-1,-1,true,9.291277631177663e-09,9.291277634090465e-09,nan,none,nan,false,1e-08,openblas:libopenblas64_.so
julia,single_thread,spd,laplacian_3d_spd,laplacian_3d_spd/m020_n00008000,pcg_ic0,8000,53600,1000,30,19490419.5,2240197.0,18895481.0,20301072.0,3865226.0,484000.75,3839420.0,3887598.5,143156.51851851854,72.11242537313433,2381.105671641791,27,27,0,0,27,-1,-1,true,6.931878442110027e-09,6.9318784428737304e-09,nan,ic0,0.0,false,1e-08,openblas:libopenblas64_.so
julia,single_thread,spd,laplacian_3d_spd,laplacian_3d_spd/m020_n00008000,pcg_ic0,8000,53600,1001,30,19389969.0,3045640.75,18432540.0,19752497.0,3830720.5,99270.0,3816921.5,3854745.5,141878.53703703702,71.46866604477611,2381.105671641791,27,27,0,0,27,-1,-1,true,7.607442282322818e-09,7.607442292025319e-09,nan,ic0,0.0,false,1e-08,openblas:libopenblas64_.so
julia,single_thread,spd,laplacian_3d_spd,laplacian_3d_spd/m020_n00008000,pcg_ic0,8000,53600,1002,30,19564590.0,3003429.75,17127791.0,19779815.5,3841962.5,39629.5,3824912.0,3851462.0,142294.90740740742,71.67840485074626,2381.105671641791,27,27,0,0,27,-1,-1,true,7.3138571089602e-09,7.313857113641924e-09,nan,ic0,0.0,false,1e-08,openblas:libopenblas64_.so
julia,single_thread,spd,laplacian_3d_spd,laplacian_3d_spd/m020_n00008000,pcg_jacobi,8000,53600,1000,30,17361913.5,949049.75,17234007.0,17808708.0,4466520.5,1682656.75,3694816.0,5178367.0,58770.006578947374,83.33060634328359,2531.419701492537,76,76,0,0,76,-1,-1,true,9.244314364529517e-09,9.244314356864903e-09,nan,jacobi,nan,false,1e-08,openblas:libopenblas64_.so
julia,single_thread,spd,laplacian_3d_spd,laplacian_3d_spd/m020_n00008000,pcg_jacobi,8000,53600,1001,30,17159675.5,906567.5,16878883.0,17519577.5,3762447.5,1714492.25,3462503.0,4993675.225,50165.96666666667,70.19491604477611,2531.419701492537,75,75,0,0,75,-1,-1,true,9.00982979584848e-09,9.00982978300698e-09,nan,jacobi,nan,false,1e-08,openblas:libopenblas64_.so
julia,single_thread,spd,laplacian_3d_spd,laplacian_3d_spd/m020_n00008000,pcg_jacobi,8000,53600,1002,30,16756081.0,2820598.5,15488819.5,17281785.0,3417451.5,1532682.75,3379469.5,4133413.5,45566.020000000004,63.75842350746269,2531.419701492537,75,75,0,0,75,-1,-1,true,9.291277631177712e-09,9.291277614344575e-09,nan,jacobi,nan,false,1e-08,openblas:libopenblas64_.so
julia,single_thread,spd,laplacian_3d_spd,laplacian_3d_spd/m030_n00027000,cg,27000,183600,1000,30,75726914.0,65051788.75,69387751.0,104891536.0,21371816.5,12475517.25,19875912.0,25508600.0,192538.8873873874,116.40422930283225,817.3483224400871,111,0,0,0,111,-1,-1,true,8.071846162397387e-09,8.071846157471829e-09,nan,none,nan,false,1e-08,openblas:libopenblas64_.so
julia,single_thread,spd,laplacian_3d_spd,laplacian_3d_spd/m030_n00027000,pcg_ic0,27000,183600,1000,30,94346799.5,62688106.0,83518102.5,136829690.0,22878246.0,9167938.5,20170162.0,25039630.0,586621.6923076923,124.60918300653594,932.0854030501089,39,39,0,0,39,-1,-1,true,6.95258439925181e-09,6.952584392454271e-09,nan,ic0,0.0,false,1e-08,openblas:libopenblas64_.so
julia,single_thread,spd,laplacian_3d_spd,laplacian_3d_spd/m030_n00027000,pcg_jacobi,27000,183600,1000,30,65184774.0,69987916.5,64486239.5,75495768.0,20380073.0,12914588.0,18728476.0,22658115.5,183604.26126126124,111.00257625272332,924.2548148148148,111,111,0,0,111,-1,-1,true,8.071846162397367e-09,8.071846133630623e-09,nan,jacobi,nan,false,1e-08,openblas:libopenblas64_.so
julia,single_thread,spd,suitesparse_spd,suitesparse_spd/HB_1138_bus_n00001138,cg,1138,4054,1000,30,6902146.0,288436.5,6826654.0,7040954.0,5591959.0,280420.75,5524566.3625,5710258.0,4913.847978910369,1379.36827824371,29774.302910705475,1138,0,0,0,1138,-1,-1,false,0.06241783043668592,0.062417830436724504,nan,none,nan,false,1e-08,openblas:libopenblas64_.so
julia,single_thread,spd,suitesparse_spd,suitesparse_spd/HB_1138_bus_n00001138,cg,1138,4054,1001,30,7841322.5,529068.5,7570397.5,7996394.5,6393769.5,506390.5,6103124.0,6511899.5,5618.426625659051,1577.1508386778492,29774.302910705475,1138,0,0,0,1138,-1,-1,false,0.07772749165705367,0.07772749165644649,nan,none,nan,false,1e-08,openblas:libopenblas64_.so
julia,single_thread,spd,suitesparse_spd,suitesparse_spd/HB_1138_bus_n00001138,cg,1138,4054,1002,30,6917543.5,1046301.75,6748072.5,7510852.5,5600935.5,893494.5,5431542.6125,6107266.5,4921.735940246046,1381.5825111001482,29774.302910705475,1138,0,0,0,1138,-1,-1,false,0.1674141050501381,0.16741410505058363,nan,none,nan,false,1e-08,openblas:libopenblas64_.so
julia,single_thread,spd,suitesparse_spd,suitesparse_spd/HB_1138_bus_n00001138,pcg_ic0,1138,4054,1000,30,3535452.0,100168.5,3526531.5,3573674.0,2100485.0,85448.75,2076119.5,2130037.5,14097.21476510067,518.1265416872225,29786.427232363098,149,149,0,0,149,-1,-1,true,7.713726886423489e-09,7.713858793453345e-09,nan,ic0,0.0,false,1e-08,openblas:libopenblas64_.so
julia,single_thread,spd,suitesparse_spd,suitesparse_spd/HB_1138_bus_n00001138,pcg_ic0,1138,4054,1001,30,4068357.5,728739.0,3795927.0,4285867.5,2400899.5,595139.25,2110822.0,2642656.0,15899.996688741721,592.2297730636408,29786.427232363098,151,151,0,0,151,-1,-1,true,5.949652513122293e-09,5.948729382085355e-09,nan,ic0,0.0,false,1e-08,openblas:libopenblas64_.so
julia,single_thread,spd,suitesparse_spd,suitesparse_spd/HB_1138_bus_n00001138,pcg_ic0,1138,4054,1002,30,4135749.5,892817.5,3727007.0,4363771.0,2533403.0,666884.5,2119483.1,2699778.0,16777.50331125828,624.914405525407,29786.427232363098,151,151,0,0,151,-1,-1,true,4.715975432914344e-09,4.714908925705609e-09,nan,ic0,0.0,false,1e-08,openblas:libopenblas64_.so
julia,single_thread,spd,suitesparse_spd,suitesparse_spd/HB_1138_bus_n00001138,pcg_jacobi,1138,4054,1000,30,6290323.5,274061.0,6245021.5,6395651.5,5034552.5,207540.25,4993775.5,5100512.5,4955.268208661417,1241.8728416378885,30082.462752836705,1016,1016,0,0,1016,-1,-1,true,8.634477442238487e-09,8.634787173723803e-09,nan,jacobi,nan,false,1e-08,openblas:libopenblas64_.so
julia,single_thread,spd,suitesparse_spd,suitesparse_spd/HB_1138_bus_n00001138,pcg_jacobi,1138,4054,1001,30,6098361.0,213852.25,5963314.5,6124742.0,4774625.0,252276.25,4682258.0,4870652.5,4694.813176007867,1177.7565367538232,30082.462752836705,1017,1017,0,0,1017,-1,-1,true,8.645175832628105e-09,8.63924250721441e-09,nan,jacobi,nan,false,1e-08,openblas:libopenblas64_.so
julia,single_thread,spd,suitesparse_spd,suitesparse_spd/HB_1138_bus_n00001138,pcg_jacobi,1138,4054,1002,30,5980049.0,345746.0,5887238.0,6113923.0,4704804.0,315143.5,4616444.0,4826678.0,4635.27487684729,1160.5337937839172,30082.462752836705,1015,1015,0,0,1015,-1,-1,true,8.435129040027777e-09,8.435373266333162e-09,nan,jacobi,nan,false,1e-08,openblas:libopenblas64_.so
julia,single_thread,spd,suitesparse_spd,suitesparse_spd/HB_bcsstk14_n00001806,cg,1806,63454,1000,30,68368279.5,2588395.0,67702623.5,69229127.0,46349306.0,3496326.25,45537923.0,48456140.0,25664.067552602435,730.4394679610426,2372.9482144545655,1806,0,0,0,1806,-1,-1,false,36.64502600904294,36.645026009042894,nan,none,nan,false,1e-08,openblas:libopenblas64_.so
julia,single_thread,spd,suitesparse_spd,suitesparse_spd/HB_bcsstk14_n00001806,cg,1806,63454,1001,30,67688196.5,2656649.5,67252658.725,68249914.0,46438480.5,3276108.0,44908175.0,47387381.0,25713.444352159466,731.8448088378983,2372.9482144545655,1806,0,0,0,1806,-1,-1,false,28.79477274751589,28.794772747516067,nan,none,nan,false,1e-08,openblas:libopenblas64_.so
julia,single_thread,spd,suitesparse_spd,suitesparse_spd/HB_bcsstk14_n00001806,cg,1806,63454,1002,30,68120919.5,1715545.25,67708098.5,68450337.0,47012531.5,2810917.75,45461571.5,47584560.5,26031.302048726466,740.8915356005925,2372.9482144545655,1806,0,0,0,1806,-1,-1,false,24.118061247104183,24.11806124710421,nan,none,nan,false,1e-08,openblas:libopenblas64_.so
julia,single_thread,spd,suitesparse_spd,suitesparse_spd/HB_bcsstk14_n00001806,pcg_jacobi,1806,63454,1000,30,36202385.5,892732.75,35913176.5,36432281.0,14514039.0,2334408.0,13405154.0,15454880.5,27179.84831460674,228.73323982727646,2073.0456708796924,534,534,0,0,534,-1,-1,true,9.775908237086274e-09,9.775922198098035e-09,nan,jacobi,nan,false,1e-08,openblas:libopenblas64_.so
julia,single_thread,spd,suitesparse_spd,suitesparse_spd/HB_bcsstk14_n00001806,pcg_jacobi,1806,63454,1001,30,36060792.0,1003384.75,35702051.0,36385354.5,13823984.5,2312904.0,13330613.0,14649723.5,25839.22336448598,217.8583619629968,2073.0456708796924,535,535,0,0,535,-1,-1,true,8.794518252477371e-09,8.79455829458805e-09,nan,jacobi,nan,false,1e-08,openblas:libopenblas64_.so
julia,single_thread,spd,suitesparse_spd,suitesparse_spd/HB_bcsstk14_n00001806,pcg_jacobi,1806,63454,1002,30,35771248.5,3333920.5,33691723.5,36392233.0,13159959.5,2056182.0,13111485.5,14031870.5,24552.163246268658,207.39369464493964,2073.0456708796924,536,536,0,0,536,-1,-1,true,8.005337935611248e-09,8.005329513332445e-09,nan,jacobi,nan,false,1e-08,openblas:libopenblas64_.so
julia,single_thread,spd,suitesparse_spd,suitesparse_spd/HB_bcsstk16_n00004884,cg,4884,290378,1000,30,160475699.5,70644608.0,150875195.0,216398314.0,53242255.5,12499376.5,52444572.0,54482400.0,109777.84639175258,183.3549907362128,554.6663727968372,485,0,0,0,485,-1,-1,true,8.983012033452311e-09,8.982883392127252e-09,nan,none,nan,false,1e-08,openblas:libopenblas64_.so
julia,single_thread,spd,suitesparse_spd,suitesparse_spd/HB_bcsstk16_n00004884,cg,4884,290378,1001,30,160475637.5,57014854.25,153258392.5,208665813.0,53684647.0,11030056.5,51151530.0,55271959.0,109784.55419222903,184.87849286102943,554.6663727968372,489,0,0,0,489,-1,-1,true,9.543886643754108e-09,9.543871991149407e-09,nan,none,nan,false,1e-08,openblas:libopenblas64_.so
julia,single_thread,spd,suitesparse_spd,suitesparse_spd/HB_bcsstk16_n00004884,cg,4884,290378,1002,30,161189351.0,56759043.25,154675688.5,204037724.0,53448106.5,6214816.0,51532757.5,55169649.0,108855.61405295317,184.06389774707452,554.6663727968372,491,0,0,0,491,-1,-1,true,9.313929277891936e-09,9.313744303470844e-09,nan,none,nan,false,1e-08,openblas:libopenblas64_.so
julia,single_thread,spd,suitesparse_spd,suitesparse_spd/HB_bcsstk16_n00004884,pcg_ic0,4884,290378,1000,30,132579558.0,61959700.75,124342027.5,178000180.5,13096732.0,372277.75,13018492.5,13244971.0,319432.48780487804,45.10235623910903,580.592744629414,41,41,0,0,41,-1,-1,true,5.815453211424227e-09,5.815453258491602e-09,nan,ic0,0.0,false,1e-08,openblas:libopenblas64_.so
julia,single_thread,spd,suitesparse_spd,suitesparse_spd/HB_bcsstk16_n00004884,pcg_ic0,4884,290378,1001,30,124806170.0,65514708.5,121331550.0,183246965.0,12809334.0,373604.5,12716478.5,13004143.0,320233.35,44.11261872455903,580.592744629414,40,40,0,0,40,-1,-1,true,9.333090156235231e-09,9.333090136720113e-09,nan,ic0,0.0,false,1e-08,openblas:libopenblas64_.so
julia,single_thread,spd,suitesparse_spd,suitesparse_spd/HB_bcsstk16_n00004884,pcg_ic0,4884,290378,1002,30,123924036.5,69738869.25,122113389.125,183772860.0,13227056.0,417885.75,13100014.0,13338036.012499997,322611.1219512195,45.55116434440626,580.592744629414,41,41,0,0,41,-1,-1,true,9.38278881970563e-09,9.382788746587104e-09,nan,ic0,0.0,false,1e-08,openblas:libopenblas64_.so
julia,single_thread,spd,suitesparse_spd,suitesparse_spd/HB_bcsstk16_n00004884,pcg_jacobi,4884,290378,1000,30,134420161.0,70774813.75,125446527.0,186481153.5,22195412.0,2407490.0,21745859.0,22658058.0,108270.30243902438,76.43627272038515,544.1575876960376,205,205,0,0,205,-1,-1,true,9.592176859081854e-09,9.592176829505773e-09,nan,jacobi,nan,false,1e-08,openblas:libopenblas64_.so
julia,single_thread,spd,suitesparse_spd,suitesparse_spd/HB_bcsstk16_n00004884,pcg_jacobi,4884,290378,1001,30,128062017.5,67298686.0,122827656.5,157065958.5,21747356.0,561625.5,21626124.0,21991139.0,106084.66341463415,74.89326326374587,544.1575876960376,205,205,0,0,205,-1,-1,true,9.470647966663857e-09,9.47064779366572e-09,nan,jacobi,nan,false,1e-08,openblas:libopenblas64_.so
julia,single_thread,spd,suitesparse_spd,suitesparse_spd/HB_bcsstk16_n00004884,pcg_jacobi,4884,290378,1002,30,124385679.5,68307827.5,121446748.0,131878446.0,21365504.5,340323.75,21276076.0,21486824.0,103716.04126213593,73.57824800776919,544.1575876960376,206,206,0,0,206,-1,-1,true,9.149782083502112e-09,9.149782237108369e-09,nan,jacobi,nan,false,1e-08,openblas:libopenblas64_.so
julia,single_thread,spd,suitesparse_spd,suitesparse_spd/HB_nos3_n00000960,cg,960,15844,1000,30,7009403.5,1221227.0,6955349.5,7834891.0,2113753.0,70698.75,2085720.5,2136920.5,8098.6704980842915,133.41031305225954,6980.314062105529,261,0,0,0,261,-1,-1,true,8.994160602714755e-09,8.994159204883217e-09,nan,none,nan,false,1e-08,openblas:libopenblas64_.so
julia,single_thread,spd,suitesparse_spd,suitesparse_spd/HB_nos3_n00000960,cg,960,15844,1001,30,7890392.5,178960.75,7859556.5,7942214.0,3002794.0,979313.5,2100382.0,3046757.5,11374.219696969696,189.5224690734663,6980.314062105529,264,0,0,0,264,-1,-1,true,7.180573374851517e-09,7.180575906848309e-09,nan,none,nan,false,1e-08,openblas:libopenblas64_.so
julia,single_thread,spd,suitesparse_spd,suitesparse_spd/HB_nos3_n00000960,cg,960,15844,1002,30,7342880.0,981369.0,6967950.0125,7864933.5,2144962.0,907729.0,2106146.0,2750958.0,8155.749049429658,135.38008078767987,6980.314062105529,263,0,0,0,263,-1,-1,true,9.583532843930351e-09,9.583533913484216e-09,nan,none,nan,false,1e-08,openblas:libopenblas64_.so
julia,single_thread,spd,suitesparse_spd,suitesparse_spd/HB_nos3_n00000960,pcg_ic0,960,15844,1000,30,6555071.5,1245345.75,6536277.175,6620053.5,1253111.5,20522.0,1246143.0,1262111.0,26106.489583333336,79.09060212067659,7520.880585710679,48,48,0,0,48,-1,-1,true,7.196820623759038e-09,7.196821308341031e-09,nan,ic0,0.0,false,1e-08,openblas:libopenblas64_.so
julia,single_thread,spd,suitesparse_spd,suitesparse_spd/HB_nos3_n00000960,pcg_ic0,960,15844,1001,30,7768864.0,1486439.25,6642770.5,7913108.0,1254288.0,35464.75,1245920.5,1269861.0,26131.0,79.16485735925272,7520.880585710679,48,48,0,0,48,-1,-1,true,9.963367412265865e-09,9.963366890596415e-09,nan,ic0,0.0,false,1e-08,openblas:libopenblas64_.so
julia,single_thread,spd,suitesparse_spd,suitesparse_spd/HB_nos3_n00000960,pcg_ic0,960,15844,1002,30,6591462.0,58480.75,6575287.0,6605340.0,1274646.5,19385.75,1269634.3125,1286491.0,26013.19387755102,80.4497917192628,7520.880585710679,49,49,0,0,49,-1,-1,true,8.611349068360116e-09,8.611339587703577e-09,nan,ic0,0.0,false,1e-08,openblas:libopenblas64_.so
julia,single_thread,spd,suitesparse_spd,suitesparse_spd/HB_nos3_n00000960,pcg_jacobi,960,15844,1000,30,7361586.5,510178.0,7289116.0,7629615.5,1993405.0,104976.0,1969497.5,2031556.0,8859.577777777777,125.81450391315325,7985.183539510224,225,225,0,0,225,-1,-1,true,6.85825334447125e-09,6.858254310974468e-09,nan,jacobi,nan,false,1e-08,openblas:libopenblas64_.so
julia,single_thread,spd,suitesparse_spd,suitesparse_spd/HB_nos3_n00000960,pcg_jacobi,960,15844,1001,30,8935811.5,1758622.5,7844279.0,9220585.0,2446092.0,1788553.25,2060507.0,3555362.0,10823.41592920354,154.386013632921,7985.183539510224,226,226,0,0,226,-1,-1,true,8.192279922800184e-09,8.192323759453127e-09,nan,jacobi,nan,false,1e-08,openblas:libopenblas64_.so
julia,single_thread,spd,suitesparse_spd,suitesparse_spd/HB_nos3_n00000960,pcg_jacobi,960,15844,1002,30,9387587.5,1404752.25,9010719.0,9738371.0,2488542.5,1690795.0,2250206.5,3552916.5,10914.660087719298,157.06529285533955,7985.183539510224,228,228,0,0,228,-1,-1,true,8.952068959101016e-09,8.952087069235369e-09,nan,jacobi,nan,false,1e-08,openblas:libopenblas64_.so
julia,single_thread,spd,suitesparse_spd,suitesparse_spd/Pothen_bodyy4_n00017546,cg,17546,121938,1000,30,66832572.5,12162285.25,66341390.5,68330610.5,26081671.5,6509532.25,25342851.0,27215475.5,110049.24683544305,213.89289228952418,1477.9970148764125,237,0,0,0,237,-1,-1,true,9.049236063341252e-09,9.049235982404554e-09,nan,none,nan,false,1e-08,openblas:libopenblas64_.so
julia,single_thread,spd,suitesparse_spd,suitesparse_spd/Pothen_bodyy4_n00017546,cg,17546,121938,1001,30,69401577.5,6628369.0,66840909.225,71611366.5,28999642.0,8307757.0,27400313.5,32670971.5,122361.35864978904,237.82284439633258,1477.9970148764125,237,0,0,0,237,-1,-1,true,9.40530636628994e-09,9.40530601431138e-09,nan,none,nan,false,1e-08,openblas:libopenblas64_.so
julia,single_thread,spd,suitesparse_spd,suitesparse_spd/Pothen_bodyy4_n00017546,cg,17546,121938,1002,30,66684967.5,6615260.5,65728266.325,70551799.5,26856860.0,7444992.0,25268199.0,29648749.5,113320.08438818566,220.25012711377912,1477.9970148764125,237,0,0,0,237,-1,-1,true,9.28139065422113e-09,9.28139040231286e-09,nan,none,nan,false,1e-08,openblas:libopenblas64_.so
julia,single_thread,spd,suitesparse_spd,suitesparse_spd/Pothen_bodyy4_n00017546,pcg_ic0,17546,121938,1000,30,60690105.5,49397858.5,57222096.5,70165785.5,10484737.5,4415926.0,9830190.0,12581676.5,361542.6724137931,85.98416818383112,978.7027505781626,29,29,0,0,29,-1,-1,true,4.042250534113026e-09,4.0422505763822345e-09,nan,ic0,0.0,false,1e-08,openblas:libopenblas64_.so
julia,single_thread,spd,suitesparse_spd,suitesparse_spd/Pothen_bodyy4_n00017546,pcg_ic0,17546,121938,1001,30,57964025.0,10883661.0,56421729.0,63393037.5,10013687.0,2165851.0,9678128.0,10456822.5,345299.5517241379,82.1211353310699,978.7027505781626,29,29,0,0,29,-1,-1,true,6.323187557237346e-09,6.323187474667739e-09,nan,ic0,0.0,false,1e-08,openblas:libopenblas64_.so
julia,single_thread,spd,suitesparse_spd,suitesparse_spd/Pothen_bodyy4_n00017546,pcg_ic0,17546,121938,1002,30,57531636.5,10435545.5,55936206.5,59843420.0,9314989.5,611914.25,9284224.5,9592225.0,332678.1964285714,76.39119470550608,978.7027505781626,28,28,0,0,28,-1,-1,true,8.842622539359663e-09,8.842622544248405e-09,nan,ic0,0.0,false,1e-08,openblas:libopenblas64_.so
julia,single_thread,spd,suitesparse_spd,suitesparse_spd/Pothen_bodyy4_n00017546,pcg_jacobi,17546,121938,1000,30,61297258.5,49694699.75,59247573.0,71386327.5,19660205.0,4238798.0,19112139.3625,20982536.5,108023.1043956044,161.23115845757678,1335.9749380832882,182,182,0,0,182,-1,-1,true,9.467798172839461e-09,9.467798296837876e-09,nan,jacobi,nan,false,1e-08,openblas:libopenblas64_.so
julia,single_thread,spd,suitesparse_spd,suitesparse_spd/Pothen_bodyy4_n00017546,pcg_jacobi,17546,121938,1001,30,60795728.5,2098606.5,60497929.0,61098955.0,20897632.0,2197343.25,20495648.5,22414914.5,113574.08695652174,171.37915990093325,1335.9749380832882,184,184,0,0,184,-1,-1,true,9.08090473343759e-09,9.080904754822007e-09,nan,jacobi,nan,false,1e-08,openblas:libopenblas64_.so
julia,single_thread,spd,suitesparse_spd,suitesparse_spd/Pothen_bodyy4_n00017546,pcg_jacobi,17546,121938,1002,30,59789439.0,9669803.75,59192334.5,60313915.0,19645297.5,4267707.0,18606610.0,21357576.0,107351.3524590164,161.10890370516165,1335.9749380832882,183,183,0,0,183,-1,-1,true,9.189511325451397e-09,9.189511328221263e-09,nan,jacobi,nan,false,1e-08,openblas:libopenblas64_.so
julia,single_thread,spd,varied_cond_spd,varied_cond_spd/kappa2e0_n00000200,cg,200,40000,1000,30,15658866.5,3109082.25,13570953.0,16238038.5,1069734.5,38934.25,1058726.5,1079440.5,12585.111764705882,26.7433625,3972.5056,85,0,0,0,85,-1,-1,true,9.041461076185577e-09,9.041460925455573e-09,nan,none,nan,false,1e-08,openblas:libopenblas64_.so
julia,single_thread,spd,varied_cond_spd,varied_cond_spd/kappa2e0_n00000200,cg,200,40000,1001,30,21668474.0,3715704.25,20578943.575,23743663.5,1602178.5,131397.25,1578367.0,1646441.0,18629.982558139534,40.0544625,3972.5056,86,0,0,0,86,-1,-1,true,8.203966852176124e-09,8.203966769147377e-09,nan,none,nan,false,1e-08,openblas:libopenblas64_.so
julia,single_thread,spd,varied_cond_spd,varied_cond_spd/kappa2e0_n00000200,cg,200,40000,1002,30,20745672.0,4909102.5,18420394.5,22524280.0,1409796.0,51980.0,1400480.0,1422993.0,16585.835294117645,35.2449,3972.5056,85,0,0,0,85,-1,-1,true,9.192845474573557e-09,9.192844835698578e-09,nan,none,nan,false,1e-08,openblas:libopenblas64_.so
julia,single_thread,spd,varied_cond_spd,varied_cond_spd/kappa2e0_n00000200,pcg_ic0,200,40000,1000,30,15151046.0,2717279.5,13689191.5,15460185.5,66044.0,5693.25,64974.5,69845.0,66044.0,1.6511,3342.848,1,1,0,0,1,-1,-1,true,5.451200704501552e-15,5.600878496213782e-15,nan,ic0,0.0,false,1e-08,openblas:libopenblas64_.so
julia,single_thread,spd,varied_cond_spd,varied_cond_spd/kappa2e0_n00000200,pcg_ic0,200,40000,1001,30,14657847.5,1889619.75,13537548.0,15030457.0,65673.0,4187.25,64915.5,67475.5,65673.0,1.6418249999999999,3342.848,1,1,0,0,1,-1,-1,true,5.4983902472302815e-15,5.4983902472302815e-15,nan,ic0,0.0,false,1e-08,openblas:libopenblas64_.so
julia,single_thread,spd,varied_cond_spd,varied_cond_spd/kappa2e0_n00000200,pcg_ic0,200,40000,1002,30,14555939.0,2222621.25,13598647.0,15303710.0,67078.0,5036.25,65456.775,68950.0,67078.0,1.67695,3342.848,1,1,0,0,1,-1,-1,true,5.418973143423881e-15,5.512255730930419e-15,nan,ic0,0.0,false,1e-08,openblas:libopenblas64_.so
julia,single_thread,spd,varied_cond_spd,varied_cond_spd/kappa2e0_n00000200,pcg_jacobi,200,40000,1000,30,15619773.0,2318559.25,13711572.5,15818703.0,1341981.0,23579.0,1336096.5,1349703.5,15975.964285714286,33.549525,2732.2368,84,84,0,0,84,-1,-1,true,7.72081416315509e-09,7.720813698120588e-09,nan,jacobi,nan,false,1e-08,openblas:libopenblas64_.so
julia,single_thread,spd,varied_cond_spd,varied_cond_spd/kappa2e0_n00000200,pcg_jacobi,200,40000,1001,30,13463321.0,2206602.75,13112155.5,15213414.0,1051936.0,31099.0,1045941.5,1068080.0,12523.047619047618,26.2984,2732.2368,84,84,0,0,84,-1,-1,true,9.371510748195044e-09,9.371510582759118e-09,nan,jacobi,nan,false,1e-08,openblas:libopenblas64_.so
julia,single_thread,spd,varied_cond_spd,varied_cond_spd/kappa2e0_n00000200,pcg_jacobi,200,40000,1002,30,13148695.5,2030360.0,13103561.0,15034288.0,1079123.5,38253.0,1064351.5,1087557.5,12695.570588235294,26.9780875,2732.2368,85,85,0,0,85,-1,-1,true,8.800542316349839e-09,8.800541906556566e-09,nan,jacobi,nan,false,1e-08,openblas:libopenblas64_.so
julia,single_thread,spd,varied_cond_spd,varied_cond_spd/kappa4e0_n00000200,cg,200,40000,1000,30,16603890.0,1979155.5,15000790.5,16786275.0,2384308.5,58145.75,2370703.5,2423640.0,11921.5425,59.607712500000005,3400.3968,200,0,0,0,200,-1,-1,false,0.010067511048072384,0.010067511048000478,nan,none,nan,false,1e-08,openblas:libopenblas64_.so
julia,single_thread,spd,varied_cond_spd,varied_cond_spd/kappa4e0_n00000200,cg,200,40000,1001,30,15901409.5,2100796.25,15011634.5,16938914.0,2418093.5,44858.5,2400957.0,2429322.0,12090.4675,60.4523375,3400.3968,200,0,0,0,200,-1,-1,false,0.017271458917811153,0.017271458917838173,nan,none,nan,false,1e-08,openblas:libopenblas64_.so
julia,single_thread,spd,varied_cond_spd,varied_cond_spd/kappa4e0_n00000200,cg,200,40000,1002,30,15200431.0,1993152.75,14976370.0,16648565.0,2398795.5,23307.0,2392956.5,2404339.25,11993.9775,59.9698875,3400.3968,200,0,0,0,200,-1,-1,false,0.009699798030285782,0.009699798030271892,nan,none,nan,false,1e-08,openblas:libopenblas64_.so
julia,single_thread,spd,varied_cond_spd,varied_cond_spd/kappa4e0_n00000200,pcg_ic0,200,40000,1000,30,15768096.0,2797878.25,13856648.0,16230946.0,68507.0,3602.0,67848.6,70562.0,68507.0,1.712675,3480.9856,1,1,0,0,1,-1,-1,true,2.030752053674137e-13,2.142196067539435e-13,nan,ic0,0.0,false,1e-08,openblas:libopenblas64_.so
julia,single_thread,spd,varied_cond_spd,varied_cond_spd/kappa4e0_n00000200,pcg_ic0,200,40000,1001,30,15153599.5,2234254.5,13923904.0,15871840.0,68854.5,5239.25,67369.5,70635.26249999998,68854.5,1.7213625000000001,3480.9856,1,1,0,0,1,-1,-1,true,2.2370844250501545e-13,2.2358105971354098e-13,nan,ic0,0.0,false,1e-08,openblas:libopenblas64_.so
julia,single_thread,spd,varied_cond_spd,varied_cond_spd/kappa4e0_n00000200,pcg_ic0,200,40000,1002,30,14188274.0,2331071.0,13730077.0,15367363.0,70560.5,4659.75,69071.3125,71567.0,70560.5,1.7640125,3480.9856,1,1,0,0,1,-1,-1,true,2.1804636536009123e-13,2.45977046371037e-13,nan,ic0,0.0,false,1e-08,openblas:libopenblas64_.so
julia,single_thread,spd,varied_cond_spd,varied_cond_spd/kappa4e0_n00000200,pcg_jacobi,200,40000,1000,30,18564866.0,1892680.0,17470126.5,18865561.0,2739501.5,65818.5,2704082.5,2749774.5,13697.5075,68.4875375,3011.9936,200,201,0,0,200,-1,-1,false,0.009190963454381182,0.009190963454360367,nan,jacobi,nan,false,1e-08,openblas:libopenblas64_.so
julia,single_thread,spd,varied_cond_spd,varied_cond_spd/kappa4e0_n00000200,pcg_jacobi,200,40000,1001,30,18564617.0,1940906.25,17550546.5,18756098.5,2717251.5,111986.75,2676817.0,2759892.0,13586.2575,67.9312875,3011.9936,200,201,0,0,200,-1,-1,false,0.009816495756061954,0.009816495756046756,nan,jacobi,nan,false,1e-08,openblas:libopenblas64_.so
julia,single_thread,spd,varied_cond_spd,varied_cond_spd/kappa4e0_n00000200,pcg_jacobi,200,40000,1002,30,17296610.5,2292870.0,16815843.0,18885097.5,2687429.0,77150.75,2670997.0,2712710.275,13437.145,67.18572499999999,3011.9936,200,201,0,0,200,-1,-1,false,0.00977474988383808,0.00977474988384488,nan,jacobi,nan,false,1e-08,openblas:libopenblas64_.so
julia,single_thread,spd,varied_cond_spd,varied_cond_spd/kappa4e0_n00000500,cg,500,250000,1000,30,124940159.5,70687714.0,123812136.5,180960212.0,36333620.0,678673.25,36111922.0,36523139.5,72667.23999999999,145.33448,648.88832,500,0,0,0,500,-1,-1,false,2.2749423429936793e-05,2.2749423474699004e-05,nan,none,nan,false,1e-08,openblas:libopenblas64_.so
julia,single_thread,spd,varied_cond_spd,varied_cond_spd/kappa4e0_n00000500,cg,500,250000,1001,30,125469064.5,11319599.25,124513686.5,129347738.0,36436490.5,1294688.5,36238188.5,36964070.0,72872.981,145.74596200000002,648.88832,500,0,0,0,500,-1,-1,false,2.4688541518672817e-05,2.4688541541449116e-05,nan,none,nan,false,1e-08,openblas:libopenblas64_.so
julia,single_thread,spd,varied_cond_spd,varied_cond_spd/kappa4e0_n00000500,cg,500,250000,1002,30,124734702.5,6230287.0,123713208.6375,128166755.0,35332204.5,681363.5,35259265.5,35662733.5,70664.40900000001,141.328818,648.88832,500,0,0,0,500,-1,-1,false,2.2054624438018924e-05,2.2054624463698893e-05,nan,none,nan,false,1e-08,openblas:libopenblas64_.so
julia,single_thread,spd,varied_cond_spd,varied_cond_spd/kappa4e0_n00000500,pcg_ic0,500,250000,1000,30,103542748.0,66733702.25,98823090.5,157320781.0,407689.0,28043.75,401942.5,413825.0,407689.0,1.6307559999999999,637.730816,1,1,0,0,1,-1,-1,true,3.755956501936784e-13,3.9461973243098045e-13,nan,ic0,0.0,false,1e-08,openblas:libopenblas64_.so
julia,single_thread,spd,varied_cond_spd,varied_cond_spd/kappa4e0_n00000500,pcg_ic0,500,250000,1001,30,98930020.5,62776546.0,97758296.0,133880633.7875,417171.0,43435.25,403017.5,435008.0,417171.0,1.668684,637.730816,1,1,0,0,1,-1,-1,true,4.256340500843779e-13,4.2338210960702175e-13,nan,ic0,0.0,false,1e-08,openblas:libopenblas64_.so
julia,single_thread,spd,varied_cond_spd,varied_cond_spd/kappa4e0_n00000500,pcg_ic0,500,250000,1002,30,105290074.5,59466058.75,97659094.5,107689168.0,395313.0,21416.5,390070.0,399584.0,395313.0,1.581252,637.730816,1,1,0,0,1,-1,-1,true,3.564978340689458e-13,3.6880196513123303e-13,nan,ic0,0.0,false,1e-08,openblas:libopenblas64_.so
julia,single_thread,spd,varied_cond_spd,varied_cond_spd/kappa4e0_n00000500,pcg_jacobi,500,250000,1000,30,127765045.0,58749071.0,125078755.0,158103463.06249988,36636486.5,561757.0,36441180.5,36859465.0,73272.973,146.54594600000001,653.164544,500,501,0,0,500,-1,-1,false,1.7772934545881655e-05,1.777293455624138e-05,nan,jacobi,nan,false,1e-08,openblas:libopenblas64_.so
julia,single_thread,spd,varied_cond_spd,varied_cond_spd/kappa4e0_n00000500,pcg_jacobi,500,250000,1001,30,129043993.5,44046678.75,126642734.5,131200589.0,36665170.0,670798.25,36475162.5,36904068.0,73330.34,146.66068,653.164544,500,501,0,0,500,-1,-1,false,2.5722911321957573e-05,2.5722911374583825e-05,nan,jacobi,nan,false,1e-08,openblas:libopenblas64_.so
julia,single_thread,spd,varied_cond_spd,varied_cond_spd/kappa4e0_n00000500,pcg_jacobi,500,250000,1002,30,126002482.5,6995680.25,124911424.0,130678006.0,36728949.0,658343.75,36369633.5,36913812.5,73457.898,146.915796,653.164544,500,501,0,0,500,-1,-1,false,1.9487570832412346e-05,1.9487570769704945e-05,nan,jacobi,nan,false,1e-08,openblas:libopenblas64_.so
julia,single_thread,spd,varied_cond_spd,varied_cond_spd/kappa4e0_n00001000,cg,1000,1000000,1000,30,1155952448.5,78839265.25,1135262862.5,1190643918.5,485468562.5,76755987.25,472279922.5,510284592.5,540610.8713808462,485.4685625,258.904064,898,0,0,0,898,-1,-1,true,7.749360807331899e-09,7.749436759697564e-09,nan,none,nan,false,1e-08,openblas:libopenblas64_.so
julia,single_thread,spd,varied_cond_spd,varied_cond_spd/kappa4e0_n00001000,cg,1000,1000000,1001,30,803642226.5,453097413.25,767598545.0,1155297771.0,295057820.5,252511567.25,291589579.0,522477130.0,326030.7408839779,295.0578205,258.904064,905,0,0,0,905,-1,-1,true,8.823369923395174e-09,8.823406531094918e-09,nan,none,nan,false,1e-08,openblas:libopenblas64_.so
julia,single_thread,spd,varied_cond_spd,varied_cond_spd/kappa4e0_n00001000,cg,1000,1000000,1002,30,736826178.0,51900863.0,734278218.0,747935002.0,294738704.0,3704457.25,293687963.0,295914303.0,325678.1259668508,294.738704,258.904064,905,0,0,0,905,-1,-1,true,8.272363674767242e-09,8.272365924912568e-09,nan,none,nan,false,1e-08,openblas:libopenblas64_.so
julia,single_thread,spd,varied_cond_spd,varied_cond_spd/kappa4e0_n00001000,pcg_ic0,1000,1000000,1000,30,582154425.0,62408120.75,532815691.5,584412801.5,1904476.5,57975.5,1886676.0,1930862.0,1904476.5,1.9044765,334.27456,1,1,0,0,1,-1,-1,true,4.86046324032313e-13,5.114961862908308e-13,nan,ic0,0.0,false,1e-08,openblas:libopenblas64_.so
julia,single_thread,spd,varied_cond_spd,varied_cond_spd/kappa4e0_n00001000,pcg_ic0,1000,1000000,1001,30,580501451.0,63588051.25,530592326.5,583919225.5,1919775.5,79139.0,1882888.0,1930396.5,1919775.5,1.9197755,334.27456,1,1,0,0,1,-1,-1,true,5.846179487286991e-13,5.658722313169156e-13,nan,ic0,0.0,false,1e-08,openblas:libopenblas64_.so
julia,single_thread,spd,varied_cond_spd,varied_cond_spd/kappa4e0_n00001000,pcg_ic0,1000,1000000,1002,30,580408327.5,65516443.25,530434889.0,584070275.0,1941115.5,91187.75,1926446.5,1970689.6375,1941115.5,1.9411155,334.27456,1,1,0,0,1,-1,-1,true,4.968019594719021e-13,5.129846083645642e-13,nan,ic0,0.0,false,1e-08,openblas:libopenblas64_.so
julia,single_thread,spd,varied_cond_spd,varied_cond_spd/kappa4e0_n00001000,pcg_jacobi,1000,1000000,1000,30,715174140.0,59986180.75,708276350.0,763136666.5,277732608.0,5381038.75,275988305.0,279126132.0,311359.4260089686,277.732608,271.36,892,892,0,0,892,-1,-1,true,9.144815401104572e-09,9.14475312587201e-09,nan,jacobi,nan,false,1e-08,openblas:libopenblas64_.so
julia,single_thread,spd,varied_cond_spd,varied_cond_spd/kappa4e0_n00001000,pcg_jacobi,1000,1000000,1001,30,747760887.0,71197461.25,716883014.0,784608463.0,278046702.5,5059131.5,276221244.5,279771090.0,311711.5498878924,278.04670250000004,271.36,892,892,0,0,892,-1,-1,true,8.48842489605435e-09,8.488439589298418e-09,nan,jacobi,nan,false,1e-08,openblas:libopenblas64_.so
julia,single_thread,spd,varied_cond_spd,varied_cond_spd/kappa4e0_n00001000,pcg_jacobi,1000,1000000,1002,30,796418898.5,329301433.5,777825790.5,925201679.0,291243321.0,160488258.0,287645830.0,374623188.0,323603.69,291.24332100000004,271.36,900,900,0,0,900,-1,-1,true,9.282148752292326e-09,9.28213685774155e-09,nan,jacobi,nan,false,1e-08,openblas:libopenblas64_.so
julia,single_thread,spd,varied_cond_spd,varied_cond_spd/kappa6e0_n00000200,cg,200,40000,1000,30,17300067.5,2179108.0,15806858.0,17664838.0,3083469.0,39574.25,3069851.0,3101158.5,15417.345,77.086725,3025.3056,200,0,0,0,200,-1,-1,false,5.75444183633865,5.754441836337745,nan,none,nan,false,1e-08,openblas:libopenblas64_.so
julia,single_thread,spd,varied_cond_spd,varied_cond_spd/kappa6e0_n00000200,cg,200,40000,1001,30,15366785.0,1804872.75,14819773.5,16549240.0,2418717.0,43148.25,2397581.5,2428327.5,12093.585,60.467924999999994,3025.3056,200,0,0,0,200,-1,-1,false,7.122920279905428,7.122920279906115,nan,none,nan,false,1e-08,openblas:libopenblas64_.so
julia,single_thread,spd,varied_cond_spd,varied_cond_spd/kappa6e0_n00000200,cg,200,40000,1002,30,15815393.5,1343992.0,15700682.5,16787043.5,3047921.5,650028.25,2649164.5,3067181.5,15239.6075,76.1980375,3025.3056,200,0,0,0,200,-1,-1,false,2.6507623835216534,2.65076238352145,nan,none,nan,false,1e-08,openblas:libopenblas64_.so
julia,single_thread,spd,varied_cond_spd,varied_cond_spd/kappa6e0_n00000200,pcg_ic0,200,40000,1000,30,14910532.0,2641129.25,13922453.0,15514132.0,68919.0,5832.5,68102.0,72657.5,68919.0,1.722975,3163.8528,1,1,0,0,1,-1,-1,true,1.484318999375673e-11,1.4711468657248813e-11,nan,ic0,0.0,false,1e-08,openblas:libopenblas64_.so
julia,single_thread,spd,varied_cond_spd,varied_cond_spd/kappa6e0_n00000200,pcg_ic0,200,40000,1001,30,14912830.5,1900830.75,14304465.0,15258058.0,68227.0,4609.75,67439.475,69585.0,68227.0,1.7056749999999998,3163.8528,1,1,0,0,1,-1,-1,true,1.4181421508190304e-11,1.6117193673488998e-11,nan,ic0,0.0,false,1e-08,openblas:libopenblas64_.so
julia,single_thread,spd,varied_cond_spd,varied_cond_spd/kappa6e0_n00000200,pcg_ic0,200,40000,1002,30,14728190.0,1924342.75,13734298.0,15184852.0,68004.0,3586.25,67484.0,69728.0,68004.0,1.7001,3163.8528,1,1,0,0,1,-1,-1,true,1.5181389902024606e-11,1.5534414396173882e-11,nan,ic0,0.0,false,1e-08,openblas:libopenblas64_.so
julia,single_thread,spd,varied_cond_spd,varied_cond_spd/kappa6e0_n00000200,pcg_jacobi,200,40000,1000,30,16580293.5,1820332.75,15230334.5,16688377.5,2418424.5,24734.5,2408821.5,2424513.5,12092.122500000001,60.460612499999996,3379.712,200,201,0,0,200,-1,-1,false,5.9461702655222535,5.946170265523791,nan,jacobi,nan,false,1e-08,openblas:libopenblas64_.so
julia,single_thread,spd,varied_cond_spd,varied_cond_spd/kappa6e0_n00000200,pcg_jacobi,200,40000,1001,30,15358328.5,2150871.75,14957212.0,16956611.0,2405568.0,39958.75,2398918.0,2418428.0,12027.84,60.1392,3379.712,200,201,0,0,200,-1,-1,false,8.540361020131202,8.540361020133844,nan,jacobi,nan,false,1e-08,openblas:libopenblas64_.so
julia,single_thread,spd,varied_cond_spd,varied_cond_spd/kappa6e0_n00000200,pcg_jacobi,200,40000,1002,30,15201562.5,2448813.25,14870478.5,16979808.5,2404977.5,66616.75,2388734.3625,2423097.5,12024.8875,60.1244375,3379.712,200,201,0,0,200,-1,-1,false,5.728641155512913,5.728641155512276,nan,jacobi,nan,false,1e-08,openblas:libopenblas64_.so
python,multi_thread,drazin,blockdiag_high_index_singular,blockdiag_high_index_singular/ncore040_k5_n00000045,dgmres,45,1604,1000,30,5964173.0,74794.25,5920232.5,5982865.5,5237633.0,73803.75,5196831.6625,5252515.5,1205.1617579383342,3265.3572319201994,1527.0623441396508,4346,0,820,1,40,5,120,true,1.5506512276059405e-15,0.4807381395400346,2.854385940559629e-14,none,nan,false,1e-08,scipy-openblas:0.3.31.188.0
python,multi_thread,drazin,blockdiag_high_index_singular,blockdiag_high_index_singular/ncore040_k5_n00000045,dgmres,45,1604,1001,30,5958145.5,41403.5,5946497.0,5973923.0,5231290.0,31857.0,5217894.5,5241612.9375,1203.7022549470778,3261.4027431421446,1527.0623441396508,4346,0,820,1,40,5,120,true,5.621981576841421e-16,0.28651691259025386,3.6668786867251036e-14,none,nan,false,1e-08,scipy-openblas:0.3.31.188.0
python,multi_thread,drazin,blockdiag_high_index_singular,blockdiag_high_index_singular/ncore040_k5_n00000045,dgmres,45,1604,1002,30,5958164.5,102834.0,5937929.0,5985244.0,5229280.0,92971.25,5208292.0,5248531.5,1203.2397606994937,3260.149625935162,1527.0623441396508,4346,0,820,1,40,5,120,true,2.307359385077056e-15,0.13395791285635228,2.154555735795347e-14,none,nan,false,1e-08,scipy-openblas:0.3.31.188.0
python,multi_thread,drazin,blockdiag_high_index_singular,blockdiag_high_index_singular/ncore040_k5_n00000045,gmres,45,1604,1000,30,5109418.5,80687.25,5080461.5,5135947.5,4381617.0,60203.0,4364903.0,4413550.5,95252.54347826086,2731.681421446384,1927.9800498753118,46,0,1035,1,45,0,120,false,0.31605388512495924,0.31605388512495913,0.8343733608495706,none,nan,false,1e-08,scipy-openblas:0.3.31.188.0
python,multi_thread,drazin,blockdiag_high_index_singular,blockdiag_high_index_singular/ncore040_k5_n00000045,gmres,45,1604,1001,30,5328719.5,60569.0,5300653.5,5352244.0,4586030.0,52519.0,4565972.0,4601135.5,97575.10638297873,2859.1209476309227,1927.9800498753118,47,0,1081,1,46,0,120,false,0.00858541319012137,0.008585413190121367,0.7776375265648046,none,nan,false,1e-08,scipy-openblas:0.3.31.188.0
python,multi_thread,drazin,blockdiag_high_index_singular,blockdiag_high_index_singular/ncore040_k5_n00000045,gmres,45,1604,1002,30,5346157.0,53231.75,5338958.0,5366744.0,4613355.5,47900.25,4599362.0,4629555.5,98156.5,2876.1567955112223,1927.9800498753118,47,0,1081,1,46,0,120,false,0.021940519875934046,0.021940519875934046,0.2944364735890761,none,nan,false,1e-08,scipy-openblas:0.3.31.188.0
python,multi_thread,drazin,coupled_singular,coupled_singular/ncore040_k3_n00000043,dgmres,43,1722,1000,30,5451525.0,102902.5,5426182.0,5491681.5,4670676.0,86318.5,4659833.5,4688147.5,1779.9832317073171,2712.3554006968643,1360.5760743321719,2624,0,820,1,40,3,120,true,1.857242683107859e-15,1.1538977738234364,6.4400749769917086e-15,none,nan,false,1e-08,scipy-openblas:0.3.31.188.0
python,multi_thread,drazin,coupled_singular,coupled_singular/ncore040_k3_n00000043,dgmres,43,1722,1001,30,5430754.5,32718.25,5415434.0,5440232.5,4655214.0,21466.25,4646390.5,4660114.5,1774.090701219512,2703.376306620209,1360.5760743321719,2624,0,820,1,40,3,120,true,9.457839375494445e-16,0.3306485262581711,9.26347759562881e-15,none,nan,false,1e-08,scipy-openblas:0.3.31.188.0
python,multi_thread,drazin,coupled_singular,coupled_singular/ncore040_k3_n00000043,dgmres,43,1722,1002,30,5464621.5,69267.25,5453364.0,5479503.0,4661813.0,65586.75,4648412.0,4682486.0,1776.6055640243903,2707.2084785133566,1360.5760743321719,2624,0,820,1,40,3,120,true,1.8954333071425016e-15,0.30584372979986424,8.769445036702777e-15,none,nan,false,1e-08,scipy-openblas:0.3.31.188.0
python,multi_thread,drazin,coupled_singular,coupled_singular/ncore040_k3_n00000043,gmres,43,1722,1000,30,5104763.0,504375.25,5044815.0,5349975.0,4317829.5,406809.25,4267851.45,4526772.5,95951.76666666666,2507.4503484320558,808.7340301974448,45,0,990,1,44,0,120,false,0.02824167528619306,0.028241675286193063,1.8128852780075133,none,nan,false,1e-08,scipy-openblas:0.3.31.188.0
python,multi_thread,drazin,coupled_singular,coupled_singular/ncore040_k3_n00000043,gmres,43,1722,1001,30,5069685.5,111499.0,5029814.5,5100695.0,4263951.5,66715.0,4243786.5,4300220.0,94754.47777777778,2476.16231126597,808.7340301974448,45,0,990,1,44,0,120,false,0.043603019600712674,0.043603019600712695,0.807078993130655,none,nan,false,1e-08,scipy-openblas:0.3.31.188.0
python,multi_thread,drazin,coupled_singular,coupled_singular/ncore040_k3_n00000043,gmres,43,1722,1002,30,4816078.5,132162.0,4797379.0,4873080.0,4031166.0,103397.5,4010132.0,4071475.0,91617.40909090909,2340.979094076655,808.7340301974448,44,0,946,1,43,0,120,false,0.11518987476573905,0.11518987476573904,0.4979375514306588,none,nan,false,1e-08,scipy-openblas:0.3.31.188.0
python,multi_thread,drazin,illcond_block_singular,illcond_block_singular/ncore040_k2_n00000042,dgmres,42,1601,1000,30,3442863.0,89626.75,3412764.5,3465555.5,2696513.0,59884.5,2681927.5,2711817.0,2334.64329004329,1684.267957526546,1476.1973766396002,1155,0,528,1,32,2,120,true,8.254444357278661e-09,2.324001253373356,1.0407165657689639,none,nan,false,1e-08,scipy-openblas:0.3.31.188.0
python,multi_thread,drazin,illcond_block_singular,illcond_block_singular/ncore040_k2_n00000042,dgmres,42,1601,1001,30,3258737.0,27221.0,3247704.5,3267786.5,2534164.5,18873.75,2526462.0,2540035.5,2329.1953125,1582.8635227982509,1476.1973766396002,1088,0,496,1,31,2,120,true,4.509650029011159e-10,0.7140854654187088,1.092090864876423,none,nan,false,1e-08,scipy-openblas:0.3.31.188.0
python,multi_thread,drazin,illcond_block_singular,illcond_block_singular/ncore040_k2_n00000042,dgmres,42,1601,1002,30,3231297.0,45874.5,3215087.0,3248717.0,2510430.5,50492.75,2493085.0,2523087.0,2307.380974264706,1568.0390381011866,1476.1973766396002,1088,0,496,1,31,2,120,true,5.177349934586456e-09,2.1209196478210464,1.019370394801348,none,nan,false,1e-08,scipy-openblas:0.3.31.188.0
python,multi_thread,drazin,illcond_block_singular,illcond_block_singular/ncore040_k2_n00000042,gmres,42,1601,1000,30,12429819.5,149213.5,12390213.0,12476153.5,11685791.0,132787.0,11646713.0,11731518.0,153760.40789473685,7299.057464084946,2005.786383510306,76,0,2850,1,75,0,120,false,0.314079355086471,0.31407935508618356,0.8333068059418327,none,nan,false,1e-08,scipy-openblas:0.3.31.188.0
python,multi_thread,drazin,illcond_block_singular,illcond_block_singular/ncore040_k2_n00000042,gmres,42,1601,1001,30,11800129.5,144337.5,11750144.5,11834496.0,11052264.5,121665.0,11002090.5,11093673.5,149354.92567567568,6903.350718301062,2005.786383510306,74,0,2701,1,73,0,120,false,0.12669219573161525,0.12669219573158455,0.22407709429630387,none,nan,false,1e-08,scipy-openblas:0.3.31.188.0
python,multi_thread,drazin,illcond_block_singular,illcond_block_singular/ncore040_k2_n00000042,gmres,42,1601,1002,30,11881811.5,315562.75,11809321.0,12019276.0,11129002.5,331964.0,11063352.5,11292173.0,150391.92567567568,6951.282011242973,2005.786383510306,74,0,2701,1,73,0,120,false,0.01132921184205255,0.011329211842109332,0.09379826115979716,none,nan,false,1e-08,scipy-openblas:0.3.31.188.0
python,multi_thread,drazin,similarity_singular,similarity_singular/ncore040_k3_n00000043,dgmres,43,1849,1000,30,5524565.0,121103.0,5503346.5,5562141.0,4715175.5,93467.75,4701602.5,4735364.0,1796.9418826219512,2550.121957815035,1776.6316928069227,2624,0,820,1,40,3,120,true,2.718941834627574e-15,0.4286209192455284,1.1267860758599768e-14,none,nan,false,1e-08,scipy-openblas:0.3.31.188.0
python,multi_thread,drazin,similarity_singular,similarity_singular/ncore040_k3_n00000043,dgmres,43,1849,1001,30,5496673.0,74773.75,5468694.9,5522025.0,4677107.0,65252.0,4650867.5,4700386.0,1782.4340701219512,2529.5332612222824,1776.6316928069227,2624,0,820,1,40,3,120,true,2.720839329738894e-15,0.2706762651455511,1.6372307063885782e-14,none,nan,false,1e-08,scipy-openblas:0.3.31.188.0
python,multi_thread,drazin,similarity_singular,similarity_singular/ncore040_k3_n00000043,dgmres,43,1849,1002,30,5531553.5,59974.25,5510233.0,5557700.5,4703738.0,69599.0,4684227.5,4729744.0,1792.5830792682927,2543.9361817198487,1776.6316928069227,2624,0,820,1,40,3,120,true,1.6675061902972065e-15,0.49690171999243654,1.0551804800337009e-14,none,nan,false,1e-08,scipy-openblas:0.3.31.188.0
python,multi_thread,drazin,similarity_singular,similarity_singular/ncore040_k3_n00000043,gmres,43,1849,1000,30,4942652.0,85981.5,4911724.5,4980887.0,4133586.0,65307.5,4109994.0,4158287.0,91857.46666666667,2235.579232017307,1400.03893996755,45,0,990,1,44,0,120,false,0.0678710180793445,0.06787101807934434,0.7335321966910372,none,nan,false,1e-08,scipy-openblas:0.3.31.188.0
python,multi_thread,drazin,similarity_singular,similarity_singular/ncore040_k3_n00000043,gmres,43,1849,1001,30,4714531.5,19676.5,4709679.5,4721417.1375,3917091.5,24325.75,3908163.0,3923576.5,89024.80681818182,2118.4918875067606,1400.03893996755,44,0,946,1,43,0,120,false,0.15694585686772114,0.1569458568677211,0.3629707729519765,none,nan,false,1e-08,scipy-openblas:0.3.31.188.0
python,multi_thread,drazin,similarity_singular,similarity_singular/ncore040_k3_n00000043,gmres,43,1849,1002,30,4768107.0,69836.5,4729940.5,4783455.5,3928004.0,55226.25,3912016.75,3937233.8375,89272.81818181818,2124.3937263385615,1400.03893996755,44,0,946,1,43,0,120,false,0.2710804662202869,0.2710804662202872,0.5966026706326077,none,nan,false,1e-08,scipy-openblas:0.3.31.188.0
python,multi_thread,drazin,similarity_singular,similarity_singular/ncore040_k4_n00000044,dgmres,44,1936,1000,30,6034839.5,89533.75,6013417.0,6075467.0,5156575.0,64076.25,5147825.0,5181194.0,1479.6484935437588,2663.520144628099,1354.0495867768595,3485,0,820,1,40,4,120,true,1.4362332005304733e-15,0.3057009626668743,3.723221167717682e-14,none,nan,false,1e-08,scipy-openblas:0.3.31.188.0
python,multi_thread,drazin,similarity_singular,similarity_singular/ncore040_k4_n00000044,dgmres,44,1936,1001,30,6030756.0,84529.0,6017468.0,6081986.0,5156852.5,82718.0,5144619.0,5205741.5,1479.7281205164993,2663.6634814049585,1354.0495867768595,3485,0,820,1,40,4,120,true,1.7030909730429206e-15,0.16275842220810408,3.288981280649002e-14,none,nan,false,1e-08,scipy-openblas:0.3.31.188.0
python,multi_thread,drazin,similarity_singular,similarity_singular/ncore040_k4_n00000044,dgmres,44,1936,1002,30,5977100.0,56159.5,5965081.0,6009005.5,5110997.0,44421.25,5100896.0,5136685.0,1466.5701578192252,2639.9777892561983,1354.0495867768595,3485,0,820,1,40,4,120,true,1.077478726027428e-15,0.3819779064287275,3.3707324793262167e-14,none,nan,false,1e-08,scipy-openblas:0.3.31.188.0
python,multi_thread,drazin,similarity_singular,similarity_singular/ncore040_k4_n00000044,gmres,44,1936,1000,30,5006185.0,78149.75,4964296.0,5019958.0,4153634.0,72386.5,4126745.3375,4170392.0,92302.97777777778,2145.472107438017,1305.388429752066,45,0,990,1,44,0,120,false,0.24258928143542582,0.2425892814354259,0.35405012669041885,none,nan,false,1e-08,scipy-openblas:0.3.31.188.0
python,multi_thread,drazin,similarity_singular,similarity_singular/ncore040_k4_n00000044,gmres,44,1936,1001,30,5255296.5,44213.5,5244000.0,5273274.5,4399312.5,32091.75,4392396.5,4410111.0,95637.22826086957,2272.372159090909,1305.388429752066,46,0,1035,1,45,0,120,false,0.050119710274954696,0.05011971027495469,0.36528692292306686,none,nan,false,1e-08,scipy-openblas:0.3.31.188.0
python,multi_thread,drazin,similarity_singular,similarity_singular/ncore040_k4_n00000044,gmres,44,1936,1002,30,5141131.0,60994.75,5132901.0,5186708.0,4309773.5,60704.75,4297383.0,4341425.874999999,93690.72826086957,2226.122675619835,1305.388429752066,46,0,1035,1,45,0,120,false,0.09302400968897391,0.093024009688974,0.5948713963603075,none,nan,false,1e-08,scipy-openblas:0.3.31.188.0
python,multi_thread,drazin,similarity_singular,similarity_singular/ncore997_k3_n00001000,dgmres,1000,1000000,1000,20,5450976772.0,2732839088.0,5409199401.5,7586315211.5,4993283240.5,2580238392.0,4950652841.0,7054896708.0,224276.10674182535,4993.283240500001,160.002048,22264,0,7260,1,120,3,120,false,0.7027861289112368,1.2589776532615076,1.0558260754973108,none,nan,false,1e-08,scipy-openblas:0.3.31.188.0
python,multi_thread,drazin,similarity_singular,similarity_singular/ncore997_k3_n00001000,gmres,1000,1000000,1000,30,549387220.5,12526489.75,544720250.5,554197866.5,117319213.0,701560.5,117053342.0,117495750.5,969580.2727272727,117.319213,157.708288,121,0,7260,1,120,0,120,false,0.9425921067399663,0.9425921067399664,1.0032746754781812,none,nan,false,1e-08,scipy-openblas:0.3.31.188.0
python,multi_thread,drazin,sparse_block_singular,sparse_block_singular/n00000103,dgmres,103,300,12345,30,5106251.0,718241.0,4911699.0,5487101.0,4891555.0,677247.75,4692079.0,5256937.0,1864.1596798780488,16305.183333333334,11823.786666666667,2624,0,820,1,40,3,120,true,6.678749468185569e-09,0.177282472966522,3.8247286680903106e-07,none,nan,false,1e-08,scipy-openblas:0.3.31.188.0
python,multi_thread,drazin,sparse_block_singular,sparse_block_singular/n00000103,gmres,103,300,12345,30,41036163.0,2150980.75,39973411.5,41699732.5,40765777.0,2118088.5,39745930.5,41428515.5,380988.57009345794,135885.92333333334,11345.92,107,0,5671,1,106,0,120,false,0.15649910512848805,0.15649910512848803,0.15828841909468097,none,nan,false,1e-08,scipy-openblas:0.3.31.188.0
python,multi_thread,drazin,sparse_block_singular,sparse_block_singular/n00000503,dgmres,503,1500,12345,30,9961964.5,69107.25,9934835.5,9979593.0,9456081.0,72160.5,9431097.0,9470668.5,3603.689405487805,6304.054,3132.074666666667,2624,0,820,1,40,3,120,true,9.215499283333635e-09,0.07376256184201045,6.09739448011502e-07,none,nan,false,1e-08,scipy-openblas:0.3.31.188.0
python,multi_thread,drazin,sparse_block_singular,sparse_block_singular/n00000503,gmres,503,1500,12345,30,61393955.5,1764167.75,61018464.5,61974150.5,60889903.0,1711684.25,60475206.5,61454056.5,503222.3388429752,40593.26866666667,2689.7066666666665,121,0,7260,1,120,0,120,false,0.02588387401416853,0.02588386497000311,11932836.119315095,none,nan,false,1e-08,scipy-openblas:0.3.31.188.0
python,multi_thread,spd,anisotropic_2d_spd,anisotropic_2d_spd/eps0p01_n00000576,cg,576,2784,1000,30,2289079.5,72688.0,2265477.0,2300823.5,1367213.5,37780.25,1353116.975,1385074.0,10203.085820895521,491.09680316091954,706.2068965517242,134,0,0,0,134,-1,-1,true,9.405431306583761e-09,9.405430891551421e-09,nan,none,nan,false,1e-08,scipy-openblas:0.3.31.188.0
python,multi_thread,spd,anisotropic_2d_spd,anisotropic_2d_spd/eps0p01_n00000576,cg,576,2784,1001,30,2055187.5,144232.0,2011481.0,2122942.0,1235089.0,95741.25,1208403.5,1275015.0,9081.536764705883,443.63829022988506,706.2068965517242,136,0,0,0,136,-1,-1,true,8.738392446935692e-09,8.738392020015398e-09,nan,none,nan,false,1e-08,scipy-openblas:0.3.31.188.0
python,multi_thread,spd,anisotropic_2d_spd,anisotropic_2d_spd/eps0p01_n00000576,cg,576,2784,1002,30,1996480.5,34000.5,1977823.0,2002119.5,1185083.0,11509.75,1181712.5,1188456.0,8713.845588235294,425.6763649425287,706.2068965517242,136,0,0,0,136,-1,-1,true,9.659567850288888e-09,9.659567791410609e-09,nan,none,nan,false,1e-08,scipy-openblas:0.3.31.188.0
python,multi_thread,spd,anisotropic_2d_spd,anisotropic_2d_spd/eps0p01_n00000576,pcg_ic0,576,2784,1000,30,7006439.0,99804.75,6972346.0,7047385.0,4703890.0,76105.75,4680022.5,4733629.0,361837.6923076923,1689.6156609195402,1076.9655172413793,13,13,0,0,13,-1,-1,true,7.398183091899116e-09,7.398183001715064e-09,nan,ic0,0.0,false,1e-08,scipy-openblas:0.3.31.188.0
python,multi_thread,spd,anisotropic_2d_spd,anisotropic_2d_spd/eps0p01_n00000576,pcg_ic0,576,2784,1001,30,6990619.0,105998.0,6960383.0,7036638.5,4687277.5,50977.25,4670798.0,4697567.5,360559.8076923077,1683.6485272988507,1076.9655172413793,13,13,0,0,13,-1,-1,true,9.132826729585735e-09,9.132826726545484e-09,nan,ic0,0.0,false,1e-08,scipy-openblas:0.3.31.188.0
python,multi_thread,spd,anisotropic_2d_spd,anisotropic_2d_spd/eps0p01_n00000576,pcg_ic0,576,2784,1002,30,7343677.5,71170.25,7323802.0,7378710.0,5038561.0,44704.25,5021348.5,5048884.0,359897.2142857143,1809.8279454022988,1076.9655172413793,14,14,0,0,14,-1,-1,true,2.8884982677265016e-09,2.88849826756758e-09,nan,ic0,0.0,false,1e-08,scipy-openblas:0.3.31.188.0
python,multi_thread,spd,anisotropic_2d_spd,anisotropic_2d_spd/eps0p01_n00000576,pcg_jacobi,576,2784,1000,30,1821266.0,25087.0,1811533.0,1828852.5,1017171.5,15825.25,1014621.275,1021698.0,7590.832089552239,365.3633261494253,770.9425287356322,134,134,0,0,134,-1,-1,true,9.405431306583826e-09,9.405430681378784e-09,nan,jacobi,nan,false,1e-08,scipy-openblas:0.3.31.188.0
python,multi_thread,spd,anisotropic_2d_spd,anisotropic_2d_spd/eps0p01_n00000576,pcg_jacobi,576,2784,1001,30,1850362.5,25167.5,1840875.0,1860505.0,1035135.5,17529.0,1029944.5,1038638.5,7611.29044117647,371.81591235632186,770.9425287356322,136,136,0,0,136,-1,-1,true,8.738392446935614e-09,8.73839211863696e-09,nan,jacobi,nan,false,1e-08,scipy-openblas:0.3.31.188.0
python,multi_thread,spd,anisotropic_2d_spd,anisotropic_2d_spd/eps0p01_n00000576,pcg_jacobi,576,2784,1002,30,1848381.5,17650.75,1846068.0,1856620.5,1029976.5,13803.5,1026974.5,1036815.0,7573.3566176470595,369.9628232758621,770.9425287356322,136,136,0,0,136,-1,-1,true,9.6595678502889e-09,9.659567892541923e-09,nan,jacobi,nan,false,1e-08,scipy-openblas:0.3.31.188.0
python,multi_thread,spd,anisotropic_2d_spd,anisotropic_2d_spd/eps0p1_n00000576,cg,576,2784,1000,30,2049583.0,45903.75,2041753.5,2071331.2124999997,959492.0,27117.5,948125.5,969162.0,8722.654545454545,344.6451149425287,645.8850574712644,110,0,0,0,110,-1,-1,true,9.393815169441814e-09,9.393815121128656e-09,nan,none,nan,false,1e-08,scipy-openblas:0.3.31.188.0
python,multi_thread,spd,anisotropic_2d_spd,anisotropic_2d_spd/eps0p1_n00000576,cg,576,2784,1001,30,1821834.0,24735.25,1814710.5,1830456.5,845404.0,7135.0,843724.5,847697.0,7756.0,303.66522988505744,645.8850574712644,109,0,0,0,109,-1,-1,true,9.404627102465141e-09,9.404627190030574e-09,nan,none,nan,false,1e-08,scipy-openblas:0.3.31.188.0
python,multi_thread,spd,anisotropic_2d_spd,anisotropic_2d_spd/eps0p1_n00000576,cg,576,2784,1002,30,1832488.5,17675.0,1827778.0,1838730.5,866808.5,10311.5,862868.5,869673.5,7739.361607142857,311.35362787356325,645.8850574712644,112,0,0,0,112,-1,-1,true,8.911646790312453e-09,8.91164653650036e-09,nan,none,nan,false,1e-08,scipy-openblas:0.3.31.188.0
python,multi_thread,spd,anisotropic_2d_spd,anisotropic_2d_spd/eps0p1_n00000576,pcg_ic0,576,2784,1000,30,10958388.5,304495.5,10890147.0,11044138.0,8709880.0,183148.0,8663465.0,8785927.5,362911.6666666666,3128.5488505747126,1394.7586206896551,24,24,0,0,24,-1,-1,true,6.802064807788571e-09,6.802064873407649e-09,nan,ic0,0.0,false,1e-08,scipy-openblas:0.3.31.188.0
python,multi_thread,spd,anisotropic_2d_spd,anisotropic_2d_spd/eps0p1_n00000576,pcg_ic0,576,2784,1001,30,10948710.0,387766.5,10860177.5,11125526.5,8714163.5,406541.5,8651387.5,8930067.0,363090.1458333334,3130.0874640804595,1394.7586206896551,24,24,0,0,24,-1,-1,true,5.50015043111744e-09,5.500150479178324e-09,nan,ic0,0.0,false,1e-08,scipy-openblas:0.3.31.188.0
python,multi_thread,spd,anisotropic_2d_spd,anisotropic_2d_spd/eps0p1_n00000576,pcg_ic0,576,2784,1002,30,10862978.0,278003.5,10784360.0,10974908.5,8640532.5,271281.5,8591376.0,8764192.0,360022.1875,3103.639547413793,1394.7586206896551,24,24,0,0,24,-1,-1,true,7.65137687058062e-09,7.65137683110952e-09,nan,ic0,0.0,false,1e-08,scipy-openblas:0.3.31.188.0
python,multi_thread,spd,anisotropic_2d_spd,anisotropic_2d_spd/eps0p1_n00000576,pcg_jacobi,576,2784,1000,30,1860266.5,36016.75,1844477.5,1868997.0,848075.0,32280.25,841315.5,864035.8,7709.772727272727,304.6246408045977,720.919540229885,110,110,0,0,110,-1,-1,true,9.393815169441834e-09,9.393815050859314e-09,nan,jacobi,nan,false,1e-08,scipy-openblas:0.3.31.188.0
python,multi_thread,spd,anisotropic_2d_spd,anisotropic_2d_spd/eps0p1_n00000576,pcg_jacobi,576,2784,1001,30,1803941.5,23493.0,1800648.5,1816539.5,817417.5,7135.0,813978.0,819836.0,7499.243119266055,293.6126077586207,720.919540229885,109,109,0,0,109,-1,-1,true,9.404627102465123e-09,9.404627061756564e-09,nan,jacobi,nan,false,1e-08,scipy-openblas:0.3.31.188.0
python,multi_thread,spd,anisotropic_2d_spd,anisotropic_2d_spd/eps0p1_n00000576,pcg_jacobi,576,2784,1002,30,1813659.0,16696.25,1808918.0,1817087.5,837080.5,7808.5,835664.5,840610.5,7473.933035714286,300.675466954023,720.919540229885,112,112,0,0,112,-1,-1,true,8.911646790312428e-09,8.911646612333957e-09,nan,jacobi,nan,false,1e-08,scipy-openblas:0.3.31.188.0
python,multi_thread,spd,anisotropic_2d_spd,anisotropic_2d_spd/eps0p1_n00005041,cg,5041,24921,1000,30,15888105.0,318748.25,15845290.0,16035482.0,7257583.5,164401.25,7215896.0,7316178.5,23261.485576923078,291.223606596846,265.9334697644557,312,0,0,0,312,-1,-1,true,9.084582110434656e-09,9.084582308450167e-09,nan,none,nan,false,1e-08,scipy-openblas:0.3.31.188.0
python,multi_thread,spd,anisotropic_2d_spd,anisotropic_2d_spd/eps0p1_n00005041,cg,5041,24921,1001,30,15900331.5,136229.75,15854007.5,15956002.0,7288743.5,156796.5,7251853.0,7351114.0,22992.881703470033,292.47395770635205,265.9334697644557,317,0,0,0,317,-1,-1,true,9.551903994835032e-09,9.551904646343976e-09,nan,none,nan,false,1e-08,scipy-openblas:0.3.31.188.0
python,multi_thread,spd,anisotropic_2d_spd,anisotropic_2d_spd/eps0p1_n00005041,cg,5041,24921,1002,30,15580325.5,238190.0,15538947.5,15704631.5,7066496.0,103329.75,7046576.5,7134147.0,22649.02564102564,283.5558765699611,265.9334697644557,312,0,0,0,312,-1,-1,true,9.790472194375394e-09,9.790472139591897e-09,nan,none,nan,false,1e-08,scipy-openblas:0.3.31.188.0
python,multi_thread,spd,anisotropic_2d_spd,anisotropic_2d_spd/eps0p1_n00005041,pcg_ic0,5041,24921,1000,30,61672427.5,945011.75,61453179.0,61967683.5,43772321.5,666537.0,43478853.0,43968630.0,673420.3307692308,1756.4432205770233,468.4242205368966,65,65,0,0,65,-1,-1,true,9.515958986015943e-09,9.51595909333322e-09,nan,ic0,0.0,false,1e-08,scipy-openblas:0.3.31.188.0
python,multi_thread,spd,anisotropic_2d_spd,anisotropic_2d_spd/eps0p1_n00005041,pcg_ic0,5041,24921,1001,30,64444160.0,1815925.0,64045909.5,65361596.5,46254602.5,1273782.5,46041848.5,46829578.5,700827.3106060605,1856.0492155210466,468.4242205368966,66,66,0,0,66,-1,-1,true,7.669889935028994e-09,7.669889976682376e-09,nan,ic0,0.0,false,1e-08,scipy-openblas:0.3.31.188.0
python,multi_thread,spd,anisotropic_2d_spd,anisotropic_2d_spd/eps0p1_n00005041,pcg_ic0,5041,24921,1002,30,62479920.0,641032.5,62206448.0,62651668.85,44451861.5,426085.5,44289605.0,44545049.5,673513.053030303,1783.7109867180288,468.4242205368966,66,66,0,0,66,-1,-1,true,7.427753572557004e-09,7.427753551447189e-09,nan,ic0,0.0,false,1e-08,scipy-openblas:0.3.31.188.0
python,multi_thread,spd,anisotropic_2d_spd,anisotropic_2d_spd/eps0p1_n00005041,pcg_jacobi,5041,24921,1000,30,22294778.5,2664849.5,22132025.5,22669240.0,9712602.0,664240.5,9677787.5,10025592.5,31130.134615384617,389.73564463705304,274.80887604831264,312,312,0,0,312,-1,-1,true,9.084582110434656e-09,9.084582426445614e-09,nan,jacobi,nan,false,1e-08,scipy-openblas:0.3.31.188.0
python,multi_thread,spd,anisotropic_2d_spd,anisotropic_2d_spd/eps0p1_n00005041,pcg_jacobi,5041,24921,1001,30,23326643.5,1761846.75,22653503.0,23974442.0,10231286.5,1128358.5,9983258.0,10413674.0,32275.35173501577,410.54879418963924,274.80887604831264,317,317,0,0,317,-1,-1,true,9.551903994834978e-09,9.551904420650623e-09,nan,jacobi,nan,false,1e-08,scipy-openblas:0.3.31.188.0
python,multi_thread,spd,anisotropic_2d_spd,anisotropic_2d_spd/eps0p1_n00005041,pcg_jacobi,5041,24921,1002,30,22155883.5,410016.25,22109912.5,22270034.5,9651818.5,141539.25,9615443.0,9694787.0,30935.315705128203,387.2965972473015,274.80887604831264,312,312,0,0,312,-1,-1,true,9.79047219437538e-09,9.7904719479809e-09,nan,jacobi,nan,false,1e-08,scipy-openblas:0.3.31.188.0
python,multi_thread,spd,anisotropic_2d_spd,anisotropic_2d_spd/eps0p1_n00010000,cg,10000,49600,1000,30,48938827.5,7783869.0,48253393.0,52729143.0,24037584.5,3763954.75,23662196.5,25636544.0,54755.31776765376,484.62871975806456,218.6735483870968,439,0,0,0,439,-1,-1,true,9.749438638704738e-09,9.749439363289807e-09,nan,none,nan,false,1e-08,scipy-openblas:0.3.31.188.0
python,multi_thread,spd,anisotropic_2d_spd,anisotropic_2d_spd/eps0p1_n00010000,cg,10000,49600,1001,30,47511910.5,624418.0,47155240.0,47633918.425,23122869.0,481697.5,22973686.5,23292139.912499994,52912.74370709382,466.186875,218.6735483870968,437,0,0,0,437,-1,-1,true,9.941421219855901e-09,9.94142154085614e-09,nan,none,nan,false,1e-08,scipy-openblas:0.3.31.188.0
python,multi_thread,spd,anisotropic_2d_spd,anisotropic_2d_spd/eps0p1_n00010000,cg,10000,49600,1002,30,48245318.0,5836472.25,47961209.0,49725821.5,23476384.5,2536660.75,23171816.0,24107167.5,54093.051843317975,473.31420362903225,218.6735483870968,434,0,0,0,434,-1,-1,true,9.430624316624859e-09,9.430624262942917e-09,nan,none,nan,false,1e-08,scipy-openblas:0.3.31.188.0
python,multi_thread,spd,anisotropic_2d_spd,anisotropic_2d_spd/eps0p1_n00010000,pcg_ic0,10000,49600,1000,30,135558559.0,2773787.5,135095391.5,136090571.5,98619095.0,1579589.5,98353413.5,99184148.5,1071946.6847826086,1988.2882056451613,357.16129032258067,92,92,0,0,92,-1,-1,true,7.3547862801225315e-09,7.354786335330012e-09,nan,ic0,0.0,false,1e-08,scipy-openblas:0.3.31.188.0
python,multi_thread,spd,anisotropic_2d_spd,anisotropic_2d_spd/eps0p1_n00010000,pcg_ic0,10000,49600,1001,30,134385468.5,1556498.25,133665030.2875,134811652.9875,97404808.0,1002442.0,97051918.5,97712202.0,1070382.5054945056,1963.8066129032259,357.16129032258067,91,91,0,0,91,-1,-1,true,8.790784075464938e-09,8.790784107269112e-09,nan,ic0,0.0,false,1e-08,scipy-openblas:0.3.31.188.0
python,multi_thread,spd,anisotropic_2d_spd,anisotropic_2d_spd/eps0p1_n00010000,pcg_ic0,10000,49600,1002,30,133494680.5,2107225.75,132932148.5,134206939.5,96334183.0,1410849.75,95908619.5,96883369.3625,1070379.8111111112,1942.221431451613,357.16129032258067,90,90,0,0,90,-1,-1,true,8.624039586315362e-09,8.624039646865548e-09,nan,ic0,0.0,false,1e-08,scipy-openblas:0.3.31.188.0
python,multi_thread,spd,anisotropic_2d_spd,anisotropic_2d_spd/eps0p1_n00010000,pcg_jacobi,10000,49600,1000,30,35455443.5,533554.5,35337674.0,35561050.5,17597052.0,222313.25,17509473.5,17635994.0,40084.400911161734,354.7792741935484,161.28,439,439,0,0,439,-1,-1,true,9.7494386387047e-09,9.749439510244941e-09,nan,jacobi,nan,false,1e-08,scipy-openblas:0.3.31.188.0
python,multi_thread,spd,anisotropic_2d_spd,anisotropic_2d_spd/eps0p1_n00010000,pcg_jacobi,10000,49600,1001,30,35203421.0,523496.75,35089086.5,35473303.0,17181336.5,182387.25,17118950.5,17269176.0,39316.559496567505,346.39791330645164,161.28,437,437,0,0,437,-1,-1,true,9.941421219855736e-09,9.941421577613781e-09,nan,jacobi,nan,false,1e-08,scipy-openblas:0.3.31.188.0
python,multi_thread,spd,anisotropic_2d_spd,anisotropic_2d_spd/eps0p1_n00010000,pcg_jacobi,10000,49600,1002,30,34456286.5,605056.75,34164829.5,34635689.762499996,16982890.0,159348.0,16937676.5,17067220.0,39131.08294930875,342.3969758064516,161.28,434,434,0,0,434,-1,-1,true,9.430624316624939e-09,9.430624199658849e-09,nan,jacobi,nan,false,1e-08,scipy-openblas:0.3.31.188.0
python,multi_thread,spd,laplacian_1d_spd,laplacian_1d_spd/n00000100,cg,100,298,0,30,1984037.5,823644.25,1975563.0,1989831.5,1667812.5,768544.25,1662772.5,1673563.0,16678.125,5596.686241610738,5085.637583892618,100,0,0,0,100,-1,-1,true,4.727254533206659e-17,1.3224871488156666e-13,nan,none,nan,false,1e-08,scipy-openblas:0.3.31.188.0
python,multi_thread,spd,laplacian_1d_spd,laplacian_1d_spd/n00000100,pcg_ic0,100,298,0,30,1356841.5,15953.25,1352731.0,1362315.0,679353.0,8262.75,675436.0,681926.0,679353.0,2279.7080536912754,8576.859060402685,1,1,0,0,1,-1,-1,true,3.1292511790327834e-14,3.1292511790327834e-14,nan,ic0,0.0,false,1e-08,scipy-openblas:0.3.31.188.0
python,multi_thread,spd,laplacian_1d_spd,laplacian_1d_spd/n00000100,pcg_jacobi,100,298,0,30,1151911.5,428458.0,808582.0,1183056.0,845826.5,356175.5,572130.5,918718.0,8458.265,2838.3439597315437,7491.006711409396,100,100,0,0,100,-1,-1,true,4.727254533206659e-17,1.3224871488156666e-13,nan,jacobi,nan,false,1e-08,scipy-openblas:0.3.31.188.0
python,multi_thread,spd,laplacian_1d_spd,laplacian_1d_spd/n00000500,cg,500,1498,0,30,3886649.0,84853.5,3848694.0,3913564.7125,3380105.5,76315.75,3360639.0,3415754.5,6760.210999999999,2256.412216288384,1569.4953271028037,500,0,0,0,500,-1,-1,true,5.1687210042968414e-17,2.47496294081965e-13,nan,none,nan,false,1e-08,scipy-openblas:0.3.31.188.0
python,multi_thread,spd,laplacian_1d_spd,laplacian_1d_spd/n00000500,pcg_ic0,500,1498,0,30,2799750.0,20366.75,2794232.0,2807809.0,757560.5,8872.25,755335.0,760154.5,757560.5,505.7146194926569,1692.5393858477971,1,1,0,0,1,-1,-1,true,2.33562814169898e-14,2.4184640607241984e-14,nan,ic0,0.0,false,1e-08,scipy-openblas:0.3.31.188.0
python,multi_thread,spd,laplacian_1d_spd,laplacian_1d_spd/n00000500,pcg_jacobi,500,1498,0,30,3936392.0,131513.75,3901046.0,3977598.0,3423245.5,130586.25,3397073.1375,3461042.0,6846.491,2285.2106141522027,1356.2189586114819,500,500,0,0,500,-1,-1,true,5.1687210042968414e-17,2.47496294081965e-13,nan,jacobi,nan,false,1e-08,scipy-openblas:0.3.31.188.0
python,multi_thread,spd,laplacian_2d_spd,laplacian_2d_spd/m020_n00000400,cg,400,1920,1000,30,1180467.5,52196.5,1151839.5,1194547.5,507041.5,19585.5,501120.0,515669.0,8048.277777777777,264.0841145833333,1188.2666666666667,63,0,0,0,63,-1,-1,true,9.088563411530723e-09,9.088563317520095e-09,nan,none,nan,false,1e-08,scipy-openblas:0.3.31.188.0
python,multi_thread,spd,laplacian_2d_spd,laplacian_2d_spd/m020_n00000400,cg,400,1920,1001,30,1190292.5,61077.25,1167270.5,1208587.5,512866.0,12024.75,510412.5,517397.0,8013.53125,267.1177083333333,1188.2666666666667,64,0,0,0,64,-1,-1,true,9.733052329000377e-09,9.733052341209918e-09,nan,none,nan,false,1e-08,scipy-openblas:0.3.31.188.0
python,multi_thread,spd,laplacian_2d_spd,laplacian_2d_spd/m020_n00000400,cg,400,1920,1002,30,1119671.0,69884.5,1092367.45,1139085.5,490351.5,34789.5,479464.0,501235.0,7543.869230769231,255.39140625,1188.2666666666667,65,0,0,0,65,-1,-1,true,5.810632098552299e-09,5.810632136649886e-09,nan,none,nan,false,1e-08,scipy-openblas:0.3.31.188.0
python,multi_thread,spd,laplacian_2d_spd,laplacian_2d_spd/m020_n00000400,pcg_ic0,400,1920,1000,30,13552613.5,1109636.0,13219581.0,14002331.5,11297893.5,1054541.5,11137166.0,11810615.0,491212.7608695652,5884.31953125,0.0,23,23,0,0,23,-1,-1,true,9.962611994671104e-09,9.962612077917077e-09,nan,ic0,0.0,false,1e-08,scipy-openblas:0.3.31.188.0
python,multi_thread,spd,laplacian_2d_spd,laplacian_2d_spd/m020_n00000400,pcg_ic0,400,1920,1001,30,13671067.0,1642698.5,13461128.5,14105906.5,11449868.0,1673471.75,11266860.5,11987362.5,497820.347826087,5963.472916666667,0.0,23,23,0,0,23,-1,-1,true,9.58248761296212e-09,9.582487654552255e-09,nan,ic0,0.0,false,1e-08,scipy-openblas:0.3.31.188.0
python,multi_thread,spd,laplacian_2d_spd,laplacian_2d_spd/m020_n00000400,pcg_ic0,400,1920,1002,30,13274660.0,462532.5,13216582.0,13497502.0,11177558.0,354064.25,11101718.5,11311231.5,485980.7826086957,5821.644791666667,0.0,23,23,0,0,23,-1,-1,true,5.023792943337763e-09,5.023792913216521e-09,nan,ic0,0.0,false,1e-08,scipy-openblas:0.3.31.188.0
python,multi_thread,spd,laplacian_2d_spd,laplacian_2d_spd/m020_n00000400,pcg_jacobi,400,1920,1000,30,1014307.0,33340.25,1007987.8875,1024237.0,438350.0,6649.75,436801.0,440313.0,6957.936507936508,228.30729166666669,979.2,63,63,0,0,63,-1,-1,true,9.088563411530723e-09,9.088563317520095e-09,nan,jacobi,nan,false,1e-08,scipy-openblas:0.3.31.188.0
python,multi_thread,spd,laplacian_2d_spd,laplacian_2d_spd/m020_n00000400,pcg_jacobi,400,1920,1001,30,1016194.0,29682.5,1010969.0,1033905.3624999999,444682.5,6661.75,442367.0,446169.0,6948.1640625,231.60546875,979.2,64,64,0,0,64,-1,-1,true,9.733052329000377e-09,9.733052341209918e-09,nan,jacobi,nan,false,1e-08,scipy-openblas:0.3.31.188.0
python,multi_thread,spd,laplacian_2d_spd,laplacian_2d_spd/m020_n00000400,pcg_jacobi,400,1920,1002,30,1022681.0,32693.0,1014913.0,1039496.5,446051.5,9601.25,442473.5,448862.19999999995,6862.330769230769,232.31848958333336,979.2,65,65,0,0,65,-1,-1,true,5.810632098552299e-09,5.810632136649886e-09,nan,jacobi,nan,false,1e-08,scipy-openblas:0.3.31.188.0
python,multi_thread,spd,laplacian_2d_spd,laplacian_2d_spd/m032_n00001024,cg,1024,4992,1000,30,2272131.0,24256.25,2265846.0,2284867.0,971598.0,14901.5,965111.5,976599.5,9619.782178217822,194.6310096153846,489.02564102564105,101,0,0,0,101,-1,-1,true,8.822208925159784e-09,8.822208956579438e-09,nan,none,nan,false,1e-08,scipy-openblas:0.3.31.188.0
python,multi_thread,spd,laplacian_2d_spd,laplacian_2d_spd/m032_n00001024,cg,1024,4992,1001,30,2224397.5,26717.75,2215989.0,2235286.7875,934497.5,15442.75,925747.5,937759.0,9535.688775510203,187.19901842948718,489.02564102564105,98,0,0,0,98,-1,-1,true,9.807146507434913e-09,9.807146619023715e-09,nan,none,nan,false,1e-08,scipy-openblas:0.3.31.188.0
python,multi_thread,spd,laplacian_2d_spd,laplacian_2d_spd/m032_n00001024,cg,1024,4992,1002,30,2255905.5,45673.75,2246779.3625,2263610.0,964893.5,7570.0,962729.0,967055.5,9553.40099009901,193.2879607371795,489.02564102564105,101,0,0,0,101,-1,-1,true,7.606776179662985e-09,7.606776325310368e-09,nan,none,nan,false,1e-08,scipy-openblas:0.3.31.188.0
python,multi_thread,spd,laplacian_2d_spd,laplacian_2d_spd/m032_n00001024,pcg_ic0,1024,4992,1000,30,16790446.5,385146.0,16664049.5,16926806.15,13408127.5,241403.75,13344864.0,13455514.5,383089.35714285716,2685.9229767628203,908.3076923076923,35,35,0,0,35,-1,-1,true,9.645333431732467e-09,9.645333533497078e-09,nan,ic0,0.0,false,1e-08,scipy-openblas:0.3.31.188.0
python,multi_thread,spd,laplacian_2d_spd,laplacian_2d_spd/m032_n00001024,pcg_ic0,1024,4992,1001,30,16687764.5,172307.0,16674818.5,16719394.0,13332988.0,97757.0,13286130.0,13348129.5,380942.51428571425,2670.8709935897436,908.3076923076923,35,35,0,0,35,-1,-1,true,8.258974965760228e-09,8.258974948143583e-09,nan,ic0,0.0,false,1e-08,scipy-openblas:0.3.31.188.0
python,multi_thread,spd,laplacian_2d_spd,laplacian_2d_spd/m032_n00001024,pcg_ic0,1024,4992,1002,30,16512366.0,268608.25,16353420.0,16575082.0,13020751.0,207391.5,12959094.0,13064267.0,382963.26470588235,2608.323517628205,908.3076923076923,34,34,0,0,34,-1,-1,true,7.716909536172613e-09,7.716909598767684e-09,nan,ic0,0.0,false,1e-08,scipy-openblas:0.3.31.188.0
python,multi_thread,spd,laplacian_2d_spd,laplacian_2d_spd/m032_n00001024,pcg_jacobi,1024,4992,1000,30,2709818.0,100087.25,2671559.0,2736187.5,1109021.5,49966.25,1099454.5,1131184.0,10980.410891089108,222.15975560897436,75.48717948717949,101,101,0,0,101,-1,-1,true,8.822208925159784e-09,8.822208956579438e-09,nan,jacobi,nan,false,1e-08,scipy-openblas:0.3.31.188.0
python,multi_thread,spd,laplacian_2d_spd,laplacian_2d_spd/m032_n00001024,pcg_jacobi,1024,4992,1001,30,2419426.5,147593.0,2393458.0,2471391.0,997787.5,75304.0,979435.5,1023143.5,10181.505102040817,199.87730368589743,75.48717948717949,98,98,0,0,98,-1,-1,true,9.807146507434913e-09,9.807146619023715e-09,nan,jacobi,nan,false,1e-08,scipy-openblas:0.3.31.188.0
python,multi_thread,spd,laplacian_2d_spd,laplacian_2d_spd/m032_n00001024,pcg_jacobi,1024,4992,1002,30,2307179.5,41928.0,2290669.0,2319204.5,927519.5,10020.5,925240.0,929999.5,9183.361386138615,185.80118189102564,75.48717948717949,101,101,0,0,101,-1,-1,true,7.606776179662985e-09,7.606776325310368e-09,nan,jacobi,nan,false,1e-08,scipy-openblas:0.3.31.188.0
python,multi_thread,spd,laplacian_2d_spd,laplacian_2d_spd/m064_n00004096,cg,4096,20224,1000,30,9122311.0,188387.75,9055143.0,9203720.5,3860537.0,45518.0,3848117.0,3864931.5,19497.661616161615,190.8888943829114,243.84810126582278,198,0,0,0,198,-1,-1,true,9.714596828784372e-09,9.714596834537893e-09,nan,none,nan,false,1e-08,scipy-openblas:0.3.31.188.0
python,multi_thread,spd,laplacian_2d_spd,laplacian_2d_spd/m064_n00004096,cg,4096,20224,1001,30,8931557.5,76134.0,8896445.5,8945799.5,3758231.5,48243.0,3747909.5,3778978.5,19174.650510204083,185.83027590981013,243.84810126582278,196,0,0,0,196,-1,-1,true,9.355061524770158e-09,9.355061382862512e-09,nan,none,nan,false,1e-08,scipy-openblas:0.3.31.188.0
python,multi_thread,spd,laplacian_2d_spd,laplacian_2d_spd/m064_n00004096,cg,4096,20224,1002,30,8858465.0,109960.25,8836300.5,8910936.5,3648436.5,24406.75,3640219.5,3659121.0,19002.2734375,180.40133010284808,243.84810126582278,192,0,0,0,192,-1,-1,true,9.410455392306075e-09,9.410455296332806e-09,nan,none,nan,false,1e-08,scipy-openblas:0.3.31.188.0
python,multi_thread,spd,laplacian_2d_spd,laplacian_2d_spd/m064_n00004096,pcg_ic0,4096,20224,1000,30,52713502.5,1718554.25,52015852.5,53423878.5,39498218.0,1539619.75,38999447.0,40192379.5,607664.8923076923,1953.0368868670887,520.3037974683544,65,65,0,0,65,-1,-1,true,8.538055508013133e-09,8.538055610939179e-09,nan,ic0,0.0,false,1e-08,scipy-openblas:0.3.31.188.0
python,multi_thread,spd,laplacian_2d_spd,laplacian_2d_spd/m064_n00004096,pcg_ic0,4096,20224,1001,30,52485322.0,1195528.5,52267561.5,53070846.5,39292593.0,820657.5,39111846.5,39783887.0,604501.4307692307,1942.869511471519,520.3037974683544,65,65,0,0,65,-1,-1,true,9.119432199079223e-09,9.119432273472175e-09,nan,ic0,0.0,false,1e-08,scipy-openblas:0.3.31.188.0
python,multi_thread,spd,laplacian_2d_spd,laplacian_2d_spd/m064_n00004096,pcg_ic0,4096,20224,1002,30,49847623.5,438006.0,49789314.0,49991185.0,36680776.5,300231.75,36596961.0,36838995.5,601324.2049180327,1813.7251038370255,520.3037974683544,61,61,0,0,61,-1,-1,true,9.463942650549344e-09,9.463942676836883e-09,nan,ic0,0.0,false,1e-08,scipy-openblas:0.3.31.188.0
python,multi_thread,spd,laplacian_2d_spd,laplacian_2d_spd/m064_n00004096,pcg_jacobi,4096,20224,1000,30,14177417.0,2140893.25,13373243.5,15122643.0,5369852.5,795422.0,5306488.0,5864187.5,27120.467171717173,265.5188142800633,263.69620253164555,198,198,0,0,198,-1,-1,true,9.714596828784372e-09,9.714596834537893e-09,nan,jacobi,nan,false,1e-08,scipy-openblas:0.3.31.188.0
python,multi_thread,spd,laplacian_2d_spd,laplacian_2d_spd/m064_n00004096,pcg_jacobi,4096,20224,1001,30,13570784.0,985556.0,13431452.5,13788145.0,5353868.5,456319.75,5298890.5,5433257.5,27315.655612244896,264.7284661787975,263.69620253164555,196,196,0,0,196,-1,-1,true,9.355061524770158e-09,9.355061382862512e-09,nan,jacobi,nan,false,1e-08,scipy-openblas:0.3.31.188.0
python,multi_thread,spd,laplacian_2d_spd,laplacian_2d_spd/m064_n00004096,pcg_jacobi,4096,20224,1002,30,15888475.5,686893.0,15428385.3375,16013127.0,5987759.0,463534.75,5836474.0,6159141.187499997,31186.244791666664,296.07194422468353,263.69620253164555,192,192,0,0,192,-1,-1,true,9.410455392306075e-09,9.410455296332806e-09,nan,jacobi,nan,false,1e-08,scipy-openblas:0.3.31.188.0
python,multi_thread,spd,laplacian_2d_spd,laplacian_2d_spd/m071_n00005041,cg,5041,24921,1000,30,14257425.0,741667.5,14002199.0,14443633.0,5799272.5,325669.5,5633309.0,5897990.0,26602.16743119266,232.70625175554756,201.99767264555996,218,0,0,0,218,-1,-1,true,9.609180948604223e-09,9.609180898717567e-09,nan,none,nan,false,1e-08,scipy-openblas:0.3.31.188.0
python,multi_thread,spd,laplacian_2d_spd,laplacian_2d_spd/m071_n00005041,cg,5041,24921,1001,30,12109806.5,2560182.0,11979923.5,13281846.0,5190406.5,373141.25,5161873.0,5382667.0,23809.204128440368,208.2744071265198,201.99767264555996,218,0,0,0,218,-1,-1,true,9.697734192683295e-09,9.697734328551924e-09,nan,none,nan,false,1e-08,scipy-openblas:0.3.31.188.0
python,multi_thread,spd,laplacian_2d_spd,laplacian_2d_spd/m071_n00005041,cg,5041,24921,1002,30,18460965.0,6763017.75,15351263.0,20261324.0,5801014.0,468549.25,5730960.5,6049191.5,26488.648401826482,232.7761325789495,201.99767264555996,219,0,0,0,219,-1,-1,true,9.249111741017924e-09,9.249111755384286e-09,nan,none,nan,false,1e-08,scipy-openblas:0.3.31.188.0
python,multi_thread,spd,laplacian_2d_spd,laplacian_2d_spd/m071_n00005041,pcg_ic0,5041,24921,1000,30,66872067.0,869068.0,66606430.5,67252135.0,50430395.5,800347.75,50163946.0,50610302.0,700422.1597222222,2023.6104289554994,486.83247060711847,72,72,0,0,72,-1,-1,true,8.928347170075973e-09,8.928347193754673e-09,nan,ic0,0.0,false,1e-08,scipy-openblas:0.3.31.188.0
python,multi_thread,spd,laplacian_2d_spd,laplacian_2d_spd/m071_n00005041,pcg_ic0,5041,24921,1001,30,69252299.0,807661.75,68938951.0,69563664.5,52353229.0,692508.75,52198526.0,52695185.0,717167.5205479453,2100.7675855704024,486.83247060711847,73,73,0,0,73,-1,-1,true,7.406788109799654e-09,7.4067881327857346e-09,nan,ic0,0.0,false,1e-08,scipy-openblas:0.3.31.188.0
python,multi_thread,spd,laplacian_2d_spd,laplacian_2d_spd/m071_n00005041,pcg_ic0,5041,24921,1002,30,67387653.5,577051.75,67223218.5,67588364.5,50520973.0,625403.0,50283377.0,50759062.0,701680.1805555555,2027.2450142450143,486.83247060711847,72,72,0,0,72,-1,-1,true,9.880882609241846e-09,9.880882660277568e-09,nan,ic0,0.0,false,1e-08,scipy-openblas:0.3.31.188.0
python,multi_thread,spd,laplacian_2d_spd,laplacian_2d_spd/m071_n00005041,pcg_jacobi,5041,24921,1000,30,12210144.0,306681.0,12119327.0,12301561.5,5650438.0,184005.75,5588114.0,5713055.0,25919.440366972478,226.73399943822477,249.66189157738452,218,218,0,0,218,-1,-1,true,9.609180948604223e-09,9.609180898717567e-09,nan,jacobi,nan,false,1e-08,scipy-openblas:0.3.31.188.0
python,multi_thread,spd,laplacian_2d_spd,laplacian_2d_spd/m071_n00005041,pcg_jacobi,5041,24921,1001,30,12392674.5,341667.0,12324528.0,12538711.5,5778728.0,113868.0,5721734.0,5809112.5,26507.92660550459,231.8818666987681,249.66189157738452,218,218,0,0,218,-1,-1,true,9.697734192683295e-09,9.697734328551924e-09,nan,jacobi,nan,false,1e-08,scipy-openblas:0.3.31.188.0
python,multi_thread,spd,laplacian_2d_spd,laplacian_2d_spd/m071_n00005041,pcg_jacobi,5041,24921,1002,30,12111496.5,883754.25,11513418.0,12258581.5,5512085.0,765301.75,4944327.0,5625569.5,25169.33789954338,221.1823361823362,249.66189157738452,219,219,0,0,219,-1,-1,true,9.249111741017924e-09,9.249111755384286e-09,nan,jacobi,nan,false,1e-08,scipy-openblas:0.3.31.188.0
python,multi_thread,spd,laplacian_2d_spd,laplacian_2d_spd/m096_n00009216,cg,9216,45696,1000,30,22823162.5,312009.5,22755801.0,22969815.0,10881259.5,142550.0,10845687.5,10937274.5,36885.62542372881,238.12280068277312,224.80672268907563,295,0,0,0,295,-1,-1,true,9.784927503254674e-09,9.784927609252096e-09,nan,none,nan,false,1e-08,scipy-openblas:0.3.31.188.0
python,multi_thread,spd,laplacian_2d_spd,laplacian_2d_spd/m096_n00009216,cg,9216,45696,1001,30,24820504.5,576480.0,24609401.5,25036705.912499998,12429887.5,207300.75,12389502.0,12543191.5,42135.21186440678,272.01259410014006,224.80672268907563,295,0,0,0,295,-1,-1,true,9.696051208217405e-09,9.696051313025611e-09,nan,none,nan,false,1e-08,scipy-openblas:0.3.31.188.0
python,multi_thread,spd,laplacian_2d_spd,laplacian_2d_spd/m096_n00009216,cg,9216,45696,1002,30,22723811.5,542006.25,22651657.5,23016761.5,10766568.5,130260.25,10743853.5,10816649.0,36496.84237288136,235.612931109944,224.80672268907563,295,0,0,0,295,-1,-1,true,9.780805266011171e-09,9.780805244728967e-09,nan,none,nan,false,1e-08,scipy-openblas:0.3.31.188.0
python,multi_thread,spd,laplacian_2d_spd,laplacian_2d_spd/m096_n00009216,pcg_ic0,9216,45696,1000,30,147183760.0,9055875.25,142208621.5,149142297.5,110796007.0,5932866.25,107675584.0,113181167.5,1154125.0729166665,2424.632506127451,303.1484593837535,96,96,0,0,96,-1,-1,true,8.404620264977937e-09,8.404620460134758e-09,nan,ic0,0.0,false,1e-08,scipy-openblas:0.3.31.188.0
python,multi_thread,spd,laplacian_2d_spd,laplacian_2d_spd/m096_n00009216,pcg_ic0,9216,45696,1001,30,195594197.5,39305375.0,190909533.5,213062338.5,146555484.0,30245133.0,143861379.0,161972902.5,1526619.625,3207.1840861344535,303.1484593837535,96,96,0,0,96,-1,-1,true,8.662926443984198e-09,8.662926432802695e-09,nan,ic0,0.0,false,1e-08,scipy-openblas:0.3.31.188.0
python,multi_thread,spd,laplacian_2d_spd,laplacian_2d_spd/m096_n00009216,pcg_ic0,9216,45696,1002,30,181302228.5,30428355.25,169540929.0,191404513.5,131321742.0,30588045.25,125976732.0,148790415.0,1367934.8125,2873.812631302521,303.1484593837535,96,96,0,0,96,-1,-1,true,8.82940576135731e-09,8.82940587024719e-09,nan,ic0,0.0,false,1e-08,scipy-openblas:0.3.31.188.0
python,multi_thread,spd,laplacian_2d_spd,laplacian_2d_spd/m096_n00009216,pcg_jacobi,9216,45696,1000,30,23509982.0,1429352.5,23279118.5,23932399.5,10851701.5,1651943.5,10750535.3625,10985780.0,36785.42881355932,237.4759606967787,224.53781512605042,295,295,0,0,295,-1,-1,true,9.784927503254674e-09,9.784927609252096e-09,nan,jacobi,nan,false,1e-08,scipy-openblas:0.3.31.188.0
python,multi_thread,spd,laplacian_2d_spd,laplacian_2d_spd/m096_n00009216,pcg_jacobi,9216,45696,1001,30,23007686.5,697130.25,22686887.0,23171018.5,10673613.5,222566.25,10648863.0,10749406.2125,36181.740677966096,233.5787268032213,224.53781512605042,295,295,0,0,295,-1,-1,true,9.696051208217405e-09,9.696051313025611e-09,nan,jacobi,nan,false,1e-08,scipy-openblas:0.3.31.188.0
python,multi_thread,spd,laplacian_2d_spd,laplacian_2d_spd/m096_n00009216,pcg_jacobi,9216,45696,1002,30,22661942.0,414393.75,22501603.5,22844220.5,10716681.5,132042.25,10661552.0,10738458.0,36327.73389830509,234.5212162990196,224.53781512605042,295,295,0,0,295,-1,-1,true,9.780805266011171e-09,9.780805244728967e-09,nan,jacobi,nan,false,1e-08,scipy-openblas:0.3.31.188.0
python,multi_thread,spd,laplacian_2d_spd,laplacian_2d_spd/m100_n00010000,cg,10000,49600,1000,30,25404151.0,522551.0,25216611.5,25538552.0,11992824.5,227291.75,11935387.5,12093078.0,39320.73606557377,241.79081653225808,215.28774193548387,305,0,0,0,305,-1,-1,true,9.414438840788617e-09,9.41443865928279e-09,nan,none,nan,false,1e-08,scipy-openblas:0.3.31.188.0
python,multi_thread,spd,laplacian_2d_spd,laplacian_2d_spd/m100_n00010000,cg,10000,49600,1001,30,25377353.5,575284.5,25186469.5,25574239.0,11775117.0,180874.0,11712475.0,11821631.0,39780.80067567567,237.40155241935486,215.28774193548387,296,0,0,0,296,-1,-1,true,9.377600909009737e-09,9.377600809615382e-09,nan,none,nan,false,1e-08,scipy-openblas:0.3.31.188.0
python,multi_thread,spd,laplacian_2d_spd,laplacian_2d_spd/m100_n00010000,cg,10000,49600,1002,30,25589328.0,604074.5,25366453.5,25808723.5,11955998.5,193469.25,11920685.5,12054639.5,39328.94243421053,241.0483568548387,215.28774193548387,304,0,0,0,304,-1,-1,true,9.971325823331796e-09,9.971325904548828e-09,nan,none,nan,false,1e-08,scipy-openblas:0.3.31.188.0
python,multi_thread,spd,laplacian_2d_spd,laplacian_2d_spd/m100_n00010000,pcg_ic0,10000,49600,1000,30,138232048.0,1391942.0,137722683.0,138777341.5,105641693.0,1019686.75,105480226.0,106052606.0,1067087.808080808,2129.8728427419355,360.1341935483871,99,99,0,0,99,-1,-1,true,9.595146143235218e-09,9.595146078724807e-09,nan,ic0,0.0,false,1e-08,scipy-openblas:0.3.31.188.0
python,multi_thread,spd,laplacian_2d_spd,laplacian_2d_spd/m100_n00010000,pcg_ic0,10000,49600,1001,30,136185086.5,1043427.75,135776669.0,136540018.6625,103471003.0,885858.5,103178613.0,103762574.0,1066711.3711340206,2086.108931451613,360.1341935483871,97,97,0,0,97,-1,-1,true,8.721147658312365e-09,8.721147588685196e-09,nan,ic0,0.0,false,1e-08,scipy-openblas:0.3.31.188.0
python,multi_thread,spd,laplacian_2d_spd,laplacian_2d_spd/m100_n00010000,pcg_ic0,10000,49600,1002,30,138800472.0,1210863.5,138530966.5,139425413.5,106354286.5,790156.5,106119111.5125,106825311.0,1063542.865,2144.239647177419,360.1341935483871,100,100,0,0,100,-1,-1,true,7.1663042562608875e-09,7.166304316778048e-09,nan,ic0,0.0,false,1e-08,scipy-openblas:0.3.31.188.0
python,multi_thread,spd,laplacian_2d_spd,laplacian_2d_spd/m100_n00010000,pcg_jacobi,10000,49600,1000,30,25236318.5,405581.0,25021548.5,25352766.5,12022995.5,164798.25,11994676.0,12097736.0,39419.65737704918,242.39910282258063,224.86709677419356,305,305,0,0,305,-1,-1,true,9.414438840788617e-09,9.41443865928279e-09,nan,jacobi,nan,false,1e-08,scipy-openblas:0.3.31.188.0
python,multi_thread,spd,laplacian_2d_spd,laplacian_2d_spd/m100_n00010000,pcg_jacobi,10000,49600,1001,30,24723457.0,443995.25,24617995.5,24953926.0,11683752.0,197423.5,11601682.5,11747043.0,39472.13513513513,235.55951612903226,224.86709677419356,296,296,0,0,296,-1,-1,true,9.377600909009737e-09,9.377600809615382e-09,nan,jacobi,nan,false,1e-08,scipy-openblas:0.3.31.188.0
python,multi_thread,spd,laplacian_2d_spd,laplacian_2d_spd/m100_n00010000,pcg_jacobi,10000,49600,1002,30,25512409.5,366034.25,25348373.0,25647185.0,12004558.0,100598.0,11965795.0,12037457.6375,39488.67763157895,242.02737903225807,224.86709677419356,304,304,0,0,304,-1,-1,true,9.971325823331796e-09,9.971325904548828e-09,nan,jacobi,nan,false,1e-08,scipy-openblas:0.3.31.188.0
python,multi_thread,spd,laplacian_2d_spd,laplacian_2d_spd/m158_n00024964,cg,24964,124188,1000,30,117949724.0,9520102.25,116992116.0,119182727.5,78593366.5,9063544.5,77547214.0,79380881.0,165112.1144957983,632.857977421329,189.6479531033594,476,0,0,0,476,-1,-1,true,9.831258476729773e-09,9.831258626746907e-09,nan,none,nan,false,1e-08,scipy-openblas:0.3.31.188.0
python,multi_thread,spd,laplacian_2d_spd,laplacian_2d_spd/m158_n00024964,pcg_ic0,24964,124188,1000,30,519866791.0,7230913.25,519085300.0,521918973.5,418327541.0,3811819.0,417444161.0,419897359.5,2698887.3612903226,3368.5021177569492,225.92843108834992,155,155,0,0,155,-1,-1,true,9.563899003174778e-09,9.563899055443271e-09,nan,ic0,0.0,false,1e-08,scipy-openblas:0.3.31.188.0
python,multi_thread,spd,laplacian_2d_spd,laplacian_2d_spd/m158_n00024964,pcg_jacobi,24964,124188,1000,30,116084089.5,11595012.75,107289078.0,117987224.0,76447445.0,11481036.25,67067308.0,78036688.0,160603.87605042016,615.5783570071183,192.68232035301318,476,476,0,0,476,-1,-1,true,9.831258476729773e-09,9.831258626746907e-09,nan,jacobi,nan,false,1e-08,scipy-openblas:0.3.31.188.0
python,multi_thread,spd,laplacian_2d_spd,laplacian_2d_spd/m224_n00050176,cg,50176,249984,1000,30,282938164.5,30838561.5,261982393.0,286953972.0,202983342.5,27437075.5,179972954.5,204936507.0,302960.21268656716,811.985337061572,189.09984639016898,670,0,0,0,670,-1,-1,true,9.862336581377437e-09,9.862336286995333e-09,nan,none,nan,false,1e-08,scipy-openblas:0.3.31.188.0
python,multi_thread,spd,laplacian_2d_spd,laplacian_2d_spd/m224_n00050176,pcg_ic0,50176,249984,1000,30,2423169015.0,366934046.5,2346024283.0,2537417532.537499,2077486040.0,242374211.75,2003982925.5,2167676647.5,9573668.387096774,8310.47603046595,254.8858166922683,217,217,0,0,217,-1,-1,true,9.101733577679018e-09,9.101733695815196e-09,nan,ic0,0.0,false,1e-08,scipy-openblas:0.3.31.188.0
python,multi_thread,spd,laplacian_2d_spd,laplacian_2d_spd/m224_n00050176,pcg_jacobi,50176,249984,1000,30,293136787.0,15384932.5,290555340.0,298566908.5,209839064.0,10972648.0,207298150.5,213165064.0,313192.6328358209,839.4099782386072,187.96927803379415,670,670,0,0,670,-1,-1,true,9.862336581377437e-09,9.862336286995333e-09,nan,jacobi,nan,false,1e-08,scipy-openblas:0.3.31.188.0
python,multi_thread,spd,laplacian_3d_spd,laplacian_3d_spd/m008_n00000512,cg,512,3200,1000,30,1186698.0,1093478.0,1170143.0,1552190.0,287500.5,494971.0,284677.5,339909.5,8455.89705882353,89.84390625,650.24,34,0,0,0,34,-1,-1,true,3.92300066941173e-09,3.923000671774171e-09,nan,none,nan,false,1e-08,scipy-openblas:0.3.31.188.0
python,multi_thread,spd,laplacian_3d_spd,laplacian_3d_spd/m008_n00000512,cg,512,3200,1001,30,1167976.5,35697.75,1158343.55,1180262.5,275958.5,6952.25,273984.5,278994.0,8362.378787878788,86.23703125,650.24,33,0,0,0,33,-1,-1,true,8.246289744878773e-09,8.246289751110983e-09,nan,none,nan,false,1e-08,scipy-openblas:0.3.31.188.0
python,multi_thread,spd,laplacian_3d_spd,laplacian_3d_spd/m008_n00000512,cg,512,3200,1002,30,1153946.5,35696.25,1144570.5,1171978.5,276582.0,6149.5,275084.0,279850.5,8381.272727272728,86.43187499999999,650.24,33,0,0,0,33,-1,-1,true,7.580280870724134e-09,7.580280867350699e-09,nan,none,nan,false,1e-08,scipy-openblas:0.3.31.188.0
python,multi_thread,spd,laplacian_3d_spd,laplacian_3d_spd/m008_n00000512,pcg_ic0,512,3200,1000,30,11827977.5,1373582.25,11120855.0,12080329.5,8405742.5,1084873.25,7894334.5,8611467.0,600410.1785714286,2626.79453125,1082.88,14,14,0,0,14,-1,-1,true,2.014520238280144e-09,2.014520241621868e-09,nan,ic0,0.0,false,1e-08,scipy-openblas:0.3.31.188.0
python,multi_thread,spd,laplacian_3d_spd,laplacian_3d_spd/m008_n00000512,pcg_ic0,512,3200,1001,30,10823192.5,683347.5,10616290.5,11092920.0,7570399.5,538215.0,7363819.0,7711818.0,582338.423076923,2365.74984375,1082.88,13,13,0,0,13,-1,-1,true,8.873689801894198e-09,8.873689808594274e-09,nan,ic0,0.0,false,1e-08,scipy-openblas:0.3.31.188.0
python,multi_thread,spd,laplacian_3d_spd,laplacian_3d_spd/m008_n00000512,pcg_ic0,512,3200,1002,30,10686401.5,1115664.25,10268487.1125,11176856.0,7458314.5,740677.5,7149023.0,7743658.0,573716.5,2330.72328125,1082.88,13,13,0,0,13,-1,-1,true,6.217532696896377e-09,6.217532716885483e-09,nan,ic0,0.0,false,1e-08,scipy-openblas:0.3.31.188.0
python,multi_thread,spd,laplacian_3d_spd,laplacian_3d_spd/m008_n00000512,pcg_jacobi,512,3200,1000,30,1408004.5,47341.75,1396590.0,1416889.0,343444.0,7116.75,341265.0,345491.0,10101.29411764706,107.32625,180.48,34,34,0,0,34,-1,-1,true,3.9230006694117295e-09,3.92300066645867e-09,nan,jacobi,nan,false,1e-08,scipy-openblas:0.3.31.188.0
python,multi_thread,spd,laplacian_3d_spd,laplacian_3d_spd/m008_n00000512,pcg_jacobi,512,3200,1001,30,1377616.5,37104.75,1367112.0,1398019.5,328887.5,11878.0,323745.5,333589.0,9966.28787878788,102.77734375,180.48,33,33,0,0,33,-1,-1,true,8.246289744878763e-09,8.246289748122785e-09,nan,jacobi,nan,false,1e-08,scipy-openblas:0.3.31.188.0
python,multi_thread,spd,laplacian_3d_spd,laplacian_3d_spd/m008_n00000512,pcg_jacobi,512,3200,1002,30,1302999.5,27471.5,1293660.5,1315464.5,311930.0,6073.25,309831.0,314279.0,9452.424242424244,97.478125,180.48,33,33,0,0,33,-1,-1,true,7.58028087072414e-09,7.580280872765187e-09,nan,jacobi,nan,false,1e-08,scipy-openblas:0.3.31.188.0
python,multi_thread,spd,laplacian_3d_spd,laplacian_3d_spd/m012_n00001728,cg,1728,11232,1000,30,3564301.5,78566.25,3533988.5125,3595249.5,694252.5,42580.0,682507.0,716189.975,14168.418367346938,61.810229700854705,353.7321937321937,49,0,0,0,49,-1,-1,true,6.990491565360198e-09,6.9904915940084525e-09,nan,none,nan,false,1e-08,scipy-openblas:0.3.31.188.0
python,multi_thread,spd,laplacian_3d_spd,laplacian_3d_spd/m012_n00001728,cg,1728,11232,1001,30,3574451.5,86444.25,3559450.0,3605845.5,712754.5,21895.75,704660.0,718730.5,14849.052083333332,63.45748753561253,353.7321937321937,48,0,0,0,48,-1,-1,true,9.294389774135176e-09,9.294389790196395e-09,nan,none,nan,false,1e-08,scipy-openblas:0.3.31.188.0
python,multi_thread,spd,laplacian_3d_spd,laplacian_3d_spd/m012_n00001728,cg,1728,11232,1002,30,3579320.0,117923.0,3534007.0,3627128.0,683871.0,24503.75,678700.5,687795.5,13956.551020408164,60.88595085470085,353.7321937321937,49,0,0,0,49,-1,-1,true,6.550664102930492e-09,6.550664073430379e-09,nan,none,nan,false,1e-08,scipy-openblas:0.3.31.188.0
python,multi_thread,spd,laplacian_3d_spd,laplacian_3d_spd/m012_n00001728,pcg_ic0,1728,11232,1000,30,23996009.5,1895107.5,23378020.0,24480531.0,13218463.5,1130008.75,12840080.0,13406826.0,734359.0833333334,1176.8575053418804,525.4928774928775,18,18,0,0,18,-1,-1,true,6.429152302528183e-09,6.429152301837721e-09,nan,ic0,0.0,false,1e-08,scipy-openblas:0.3.31.188.0
python,multi_thread,spd,laplacian_3d_spd,laplacian_3d_spd/m012_n00001728,pcg_ic0,1728,11232,1001,30,23913198.5,2767235.75,22605872.5,24686943.5,13199561.5,1594373.0,12293568.4875,13598562.5,733308.9722222222,1175.17463497151,525.4928774928775,18,18,0,0,18,-1,-1,true,4.357676263794579e-09,4.357676260311236e-09,nan,ic0,0.0,false,1e-08,scipy-openblas:0.3.31.188.0
python,multi_thread,spd,laplacian_3d_spd,laplacian_3d_spd/m012_n00001728,pcg_ic0,1728,11232,1002,30,24895278.5,7461551.75,24351893.5,28141911.0,13513133.5,2130480.0,13354168.5,14446632.0,750729.638888889,1203.092370014245,525.4928774928775,18,18,0,0,18,-1,-1,true,9.55744182118066e-09,9.557441829268606e-09,nan,ic0,0.0,false,1e-08,scipy-openblas:0.3.31.188.0
python,multi_thread,spd,laplacian_3d_spd,laplacian_3d_spd/m012_n00001728,pcg_jacobi,1728,11232,1000,30,3723851.5,2730862.0,3627200.5,5097163.5,747409.5,840597.5,734532.25,1119215.0,15253.255102040817,66.54286858974359,340.6039886039886,49,49,0,0,49,-1,-1,true,6.990491565360198e-09,6.990491577751376e-09,nan,jacobi,nan,false,1e-08,scipy-openblas:0.3.31.188.0
python,multi_thread,spd,laplacian_3d_spd,laplacian_3d_spd/m012_n00001728,pcg_jacobi,1728,11232,1001,30,3597416.5,139901.5,3574531.0,3654743.0,688094.5,35973.25,677160.0,706374.5,14335.302083333332,61.26197471509972,340.6039886039886,48,48,0,0,48,-1,-1,true,9.294389774135191e-09,9.29438979472654e-09,nan,jacobi,nan,false,1e-08,scipy-openblas:0.3.31.188.0
python,multi_thread,spd,laplacian_3d_spd,laplacian_3d_spd/m012_n00001728,pcg_jacobi,1728,11232,1002,30,3589142.5,120251.75,3565054.5,3661859.5,699675.5,45868.0,686127.0,717472.5,14279.091836734693,62.29304665242165,340.6039886039886,49,49,0,0,49,-1,-1,true,6.550664102930495e-09,6.5506640678237676e-09,nan,jacobi,nan,false,1e-08,scipy-openblas:0.3.31.188.0
python,multi_thread,spd,laplacian_3d_spd,laplacian_3d_spd/m020_n00008000,cg,8000,53600,1000,30,17860822.5,231816.0,17789180.75,17914929.5,3533063.5,128792.75,3496726.5,3572025.0,46487.67763157895,65.91536380597014,221.07701492537313,76,0,0,0,76,-1,-1,true,9.244314364529535e-09,9.244314350219031e-09,nan,none,nan,false,1e-08,scipy-openblas:0.3.31.188.0
python,multi_thread,spd,laplacian_3d_spd,laplacian_3d_spd/m020_n00008000,cg,8000,53600,1001,30,17752866.5,327434.25,17677928.5,17823183.0,3507689.5,97261.0,3482335.0,3541940.5,46769.19333333333,65.4419682835821,221.07701492537313,75,0,0,0,75,-1,-1,true,9.009829795848453e-09,9.009829778774365e-09,nan,none,nan,false,1e-08,scipy-openblas:0.3.31.188.0
python,multi_thread,spd,laplacian_3d_spd,laplacian_3d_spd/m020_n00008000,cg,8000,53600,1002,30,17453156.0,546552.5,17354587.0,17654471.0,3077254.5,475153.0,3051310.5,3423929.5,41030.06,57.41146455223881,221.07701492537313,75,0,0,0,75,-1,-1,true,9.291277631177664e-09,9.29127763409047e-09,nan,none,nan,false,1e-08,scipy-openblas:0.3.31.188.0
python,multi_thread,spd,laplacian_3d_spd,laplacian_3d_spd/m020_n00008000,pcg_ic0,8000,53600,1000,30,63327426.0,3131221.0,63040118.5,64713925.0,28899806.5,562057.0,28807500.5,29140948.5,1070363.2037037038,539.1754944029851,306.74149253731343,27,27,0,0,27,-1,-1,true,6.93187844211002e-09,6.9318784394480546e-09,nan,ic0,0.0,false,1e-08,scipy-openblas:0.3.31.188.0
python,multi_thread,spd,laplacian_3d_spd,laplacian_3d_spd/m020_n00008000,pcg_ic0,8000,53600,1001,30,66525550.0,1042969.0,66164989.0,66847570.0,30271814.0,331800.0,30160165.0,30343564.5,1121178.2962962962,564.7726492537313,306.74149253731343,27,27,0,0,27,-1,-1,true,7.60744228232281e-09,7.60744228474901e-09,nan,ic0,0.0,false,1e-08,scipy-openblas:0.3.31.188.0
python,multi_thread,spd,laplacian_3d_spd,laplacian_3d_spd/m020_n00008000,pcg_ic0,8000,53600,1002,30,64278998.0,1220339.5,64111908.5,64633842.5,28752509.5,260025.5,28648877.0,28839259.0,1064907.7592592593,536.4274160447761,306.74149253731343,27,27,0,0,27,-1,-1,true,7.313857108960198e-09,7.313857110576822e-09,nan,ic0,0.0,false,1e-08,scipy-openblas:0.3.31.188.0
python,multi_thread,spd,laplacian_3d_spd,laplacian_3d_spd/m020_n00008000,pcg_jacobi,8000,53600,1000,30,17058760.0,417152.25,16959695.0,17260312.0,3049584.5,36142.5,3034971.0,3057261.5,40126.11184210527,56.89523320895522,218.70805970149254,76,76,0,0,76,-1,-1,true,9.244314364529518e-09,9.244314356864904e-09,nan,jacobi,nan,false,1e-08,scipy-openblas:0.3.31.188.0
python,multi_thread,spd,laplacian_3d_spd,laplacian_3d_spd/m020_n00008000,pcg_jacobi,8000,53600,1001,30,16750818.0,210202.25,16659488.0,16773563.0,3055730.5,33491.75,3041535.0,3066808.0,40743.073333333334,57.0098973880597,218.70805970149254,75,75,0,0,75,-1,-1,true,9.00982979584848e-09,9.009829783006983e-09,nan,jacobi,nan,false,1e-08,scipy-openblas:0.3.31.188.0
python,multi_thread,spd,laplacian_3d_spd,laplacian_3d_spd/m020_n00008000,pcg_jacobi,8000,53600,1002,30,16992301.5,415533.75,16847241.5,17098775.0,3040075.0,38164.0,3027153.5,3053312.0,40534.33333333333,56.7178171641791,218.70805970149254,75,75,0,0,75,-1,-1,true,9.291277631177714e-09,9.291277614344578e-09,nan,jacobi,nan,false,1e-08,scipy-openblas:0.3.31.188.0
python,multi_thread,spd,laplacian_3d_spd,laplacian_3d_spd/m030_n00027000,cg,27000,183600,1000,30,79309286.5,7391104.0,78012969.85,82243233.5,19850591.5,3156083.25,19605375.0,20929847.0,178834.15765765766,108.11869008714596,189.40653594771243,111,0,0,0,111,-1,-1,true,8.071846162397387e-09,8.071846138390695e-09,nan,none,nan,false,1e-08,scipy-openblas:0.3.31.188.0
python,multi_thread,spd,laplacian_3d_spd,laplacian_3d_spd/m030_n00027000,pcg_ic0,27000,183600,1000,30,267597737.5,3295247.0,266326357.0,268692999.0,127139297.5,641676.5,126932298.0,127375121.5,3259981.987179487,692.4798338779956,223.71834422657952,39,39,0,0,39,-1,-1,true,6.952584399251843e-09,6.952584388274323e-09,nan,ic0,0.0,false,1e-08,scipy-openblas:0.3.31.188.0
python,multi_thread,spd,laplacian_3d_spd,laplacian_3d_spd/m030_n00027000,pcg_jacobi,27000,183600,1000,30,71779276.5,2378577.0,71159120.0,72839803.0,19648858.0,451981.25,19593410.0,20000900.0,177016.73873873876,107.01992374727669,191.83825708061002,111,111,0,0,111,-1,-1,true,8.071846162397387e-09,8.071846138099132e-09,nan,jacobi,nan,false,1e-08,scipy-openblas:0.3.31.188.0
python,multi_thread,spd,suitesparse_spd,suitesparse_spd/HB_1138_bus_n00001138,cg,1138,4054,1000,30,11787539.0,438694.75,11582124.0,11819947.55,10132745.5,398756.75,9980524.5,10253704.0,8903.994288224956,2499.443882585101,541.5530340404539,1138,0,0,0,1138,-1,-1,false,0.0624178304366859,0.06241783043672452,nan,none,nan,false,1e-08,scipy-openblas:0.3.31.188.0
python,multi_thread,spd,suitesparse_spd,suitesparse_spd/HB_1138_bus_n00001138,cg,1138,4054,1001,30,11467957.0,179698.75,11409089.5,11548402.5,9873616.0,126353.0,9839619.575,9933868.5,8676.288224956063,2435.5244203256043,541.5530340404539,1138,0,0,0,1138,-1,-1,false,0.07772749165705367,0.07772749165644649,nan,none,nan,false,1e-08,scipy-openblas:0.3.31.188.0
python,multi_thread,spd,suitesparse_spd,suitesparse_spd/HB_1138_bus_n00001138,cg,1138,4054,1002,30,11388699.0,238172.0,11351970.5,11488074.5,9836854.5,176185.25,9800316.0,9889833.0,8643.984622144113,2426.4564627528366,541.5530340404539,1138,0,0,0,1138,-1,-1,false,0.16741410505013804,0.1674141050505836,nan,none,nan,false,1e-08,scipy-openblas:0.3.31.188.0
python,multi_thread,spd,suitesparse_spd,suitesparse_spd/HB_1138_bus_n00001138,pcg_ic0,1138,4054,1000,30,107296939.5,9225152.25,105304916.5,111236243.01249994,102360436.5,9733203.75,100234523.0,106090195.69999993,673423.9243421052,25249.244326591022,2695.6408485446473,152,152,0,0,152,-1,-1,true,9.456455309873959e-09,9.456670577209805e-09,nan,ic0,0.0,false,1e-08,scipy-openblas:0.3.31.188.0
python,multi_thread,spd,suitesparse_spd,suitesparse_spd/HB_1138_bus_n00001138,pcg_ic0,1138,4054,1001,30,77408184.5,1461749.5,77084915.5,78355254.0,73725419.5,1470633.0,73335386.5,74578200.0,494801.4731543624,18185.845954612727,2695.6408485446473,149,149,0,0,149,-1,-1,true,7.440815761467176e-09,7.441829715625086e-09,nan,ic0,0.0,false,1e-08,scipy-openblas:0.3.31.188.0
python,multi_thread,spd,suitesparse_spd,suitesparse_spd/HB_1138_bus_n00001138,pcg_ic0,1138,4054,1002,30,78211142.5,1055452.0,77848934.5,78663848.0,74415052.0,1196321.5,74072754.5,74848582.5,492814.91390728473,18355.957572767635,2695.6408485446473,151,151,0,0,151,-1,-1,true,8.64946318291213e-09,8.651021231988865e-09,nan,ic0,0.0,false,1e-08,scipy-openblas:0.3.31.188.0
python,multi_thread,spd,suitesparse_spd,suitesparse_spd/HB_1138_bus_n00001138,pcg_jacobi,1138,4054,1000,30,10859590.5,395663.0,10649133.5,10956291.0,9185052.5,451216.25,8964915.0,9314273.5,9040.406003937009,2265.6764923532314,134.3778983719783,1016,1016,0,0,1016,-1,-1,true,8.634477442238487e-09,8.634787173723803e-09,nan,jacobi,nan,false,1e-08,scipy-openblas:0.3.31.188.0
python,multi_thread,spd,suitesparse_spd,suitesparse_spd/HB_1138_bus_n00001138,pcg_jacobi,1138,4054,1001,30,11177680.5,93371.25,11151493.0,11206471.0,9496402.5,76994.0,9476509.5,9529264.0,9337.662241887905,2342.477183029107,134.3778983719783,1017,1017,0,0,1017,-1,-1,true,8.645175832628105e-09,8.63924250721441e-09,nan,jacobi,nan,false,1e-08,scipy-openblas:0.3.31.188.0
python,multi_thread,spd,suitesparse_spd,suitesparse_spd/HB_1138_bus_n00001138,pcg_jacobi,1138,4054,1002,30,10674523.5,100174.5,10639512.0,10692144.0,9007242.0,106489.0,8949293.0,9035972.0,8874.130049261084,2221.8159842131226,134.3778983719783,1015,1015,0,0,1015,-1,-1,true,8.435129040027775e-09,8.435373266333157e-09,nan,jacobi,nan,false,1e-08,scipy-openblas:0.3.31.188.0
python,multi_thread,spd,suitesparse_spd,suitesparse_spd/HB_bcsstk14_n00001806,cg,1806,63454,1000,30,78815176.0,1888611.75,78024392.0,79369690.5,54622103.0,1130999.75,54471767.0,55453894.5,30244.796788482832,860.8141803511205,193.2002395436064,1806,0,0,0,1806,-1,-1,false,36.64502600904295,36.645026009042915,nan,none,nan,false,1e-08,scipy-openblas:0.3.31.188.0
python,multi_thread,spd,suitesparse_spd,suitesparse_spd/HB_bcsstk14_n00001806,cg,1806,63454,1001,30,78624760.5,1034799.75,78290474.0,78962263.5,54857058.0,554963.0,54673726.0,54933709.0,30374.89368770764,864.5169414063731,193.2002395436064,1806,0,0,0,1806,-1,-1,false,28.79477274751588,28.79477274751606,nan,none,nan,false,1e-08,scipy-openblas:0.3.31.188.0
python,multi_thread,spd,suitesparse_spd,suitesparse_spd/HB_bcsstk14_n00001806,cg,1806,63454,1002,30,79472120.0,1750292.25,78775727.0,80059823.5,55309694.0,1272464.25,54820240.0,55852761.0,30625.5227021041,871.6502348157721,193.2002395436064,1806,0,0,0,1806,-1,-1,false,24.118061247104187,24.118061247104215,nan,none,nan,false,1e-08,scipy-openblas:0.3.31.188.0
python,multi_thread,spd,suitesparse_spd,suitesparse_spd/HB_bcsstk14_n00001806,pcg_jacobi,1806,63454,1000,30,41532098.0,505755.25,41389681.5,41782247.5,17197663.5,261629.25,17134962.0,17277286.5,32205.362359550563,271.0256800201721,199.8489614523907,534,534,0,0,534,-1,-1,true,9.775908237086274e-09,9.775922198098036e-09,nan,jacobi,nan,false,1e-08,scipy-openblas:0.3.31.188.0
python,multi_thread,spd,suitesparse_spd,suitesparse_spd/HB_bcsstk14_n00001806,pcg_jacobi,1806,63454,1001,30,41216445.5,772576.25,40990817.5,41585804.5,17122019.5,166815.25,17098842.5,17145649.0,32003.77476635514,269.83357235162475,199.8489614523907,535,535,0,0,535,-1,-1,true,8.794518252477373e-09,8.79455829458805e-09,nan,jacobi,nan,false,1e-08,scipy-openblas:0.3.31.188.0
python,multi_thread,spd,suitesparse_spd,suitesparse_spd/HB_bcsstk14_n00001806,pcg_jacobi,1806,63454,1002,30,40972193.0,781287.75,40824946.0,41232850.5,17106894.0,514738.25,16803299.0,17151751.0,31915.847014925374,269.59520282409306,199.8489614523907,536,536,0,0,536,-1,-1,true,8.005337935611248e-09,8.005329513332446e-09,nan,jacobi,nan,false,1e-08,scipy-openblas:0.3.31.188.0
python,multi_thread,spd,suitesparse_spd,suitesparse_spd/HB_bcsstk16_n00004884,cg,4884,290378,1000,30,168581009.0,4193141.75,167265362.0,170691686.0,53466646.0,1185324.0,52857774.5,53813440.5,110240.50721649485,184.12774383734305,179.97528738403048,485,0,0,0,485,-1,-1,true,8.98301203345231e-09,8.982883392127253e-09,nan,none,nan,false,1e-08,scipy-openblas:0.3.31.188.0
python,multi_thread,spd,suitesparse_spd,suitesparse_spd/HB_bcsstk16_n00004884,cg,4884,290378,1001,30,171518904.5,2278448.0,170686310.0,172117676.5,54275602.5,862135.0,53870097.5,54454188.5,110993.05214723927,186.91361776718622,179.97528738403048,489,0,0,0,489,-1,-1,true,9.543886643754107e-09,9.543871991149407e-09,nan,none,nan,false,1e-08,scipy-openblas:0.3.31.188.0
python,multi_thread,spd,suitesparse_spd,suitesparse_spd/HB_bcsstk16_n00004884,cg,4884,290378,1002,30,170078908.0,4238065.25,169329317.0,172151041.0,54016808.0,1635871.25,53590344.0,54440055.5,110013.86558044807,186.0223846159144,179.97528738403048,491,0,0,0,491,-1,-1,true,9.313929277891938e-09,9.313744303470846e-09,nan,none,nan,false,1e-08,scipy-openblas:0.3.31.188.0
python,multi_thread,spd,suitesparse_spd,suitesparse_spd/HB_bcsstk16_n00004884,pcg_ic0,4884,290378,1000,30,468247850.0,21994171.0,462438488.5,475040038.0,134760529.5,5647281.25,130977668.0,135894968.5,3286842.182926829,464.0865681973152,178.832721487165,41,41,0,0,41,-1,-1,true,5.815453184763767e-09,5.81545308748507e-09,nan,ic0,0.0,false,1e-08,scipy-openblas:0.3.31.188.0
python,multi_thread,spd,suitesparse_spd,suitesparse_spd/HB_bcsstk16_n00004884,pcg_ic0,4884,290378,1001,30,438333725.0,7033705.75,437055905.0,441410838.5,122587077.5,1915578.25,121804235.5,123184703.0375,3064676.9375,422.163791678433,178.832721487165,40,40,0,0,40,-1,-1,true,9.333090178748468e-09,9.333090120481163e-09,nan,ic0,0.0,false,1e-08,scipy-openblas:0.3.31.188.0
python,multi_thread,spd,suitesparse_spd,suitesparse_spd/HB_bcsstk16_n00004884,pcg_ic0,4884,290378,1002,30,461350617.5,28356290.5,450238948.5,468029497.0,129199810.0,7446916.75,126330782.0,131689189.98749997,3151214.8780487804,444.93663431802685,178.832721487165,41,41,0,0,41,-1,-1,true,9.38278882045881e-09,9.382788754606154e-09,nan,ic0,0.0,false,1e-08,scipy-openblas:0.3.31.188.0
python,multi_thread,spd,suitesparse_spd,suitesparse_spd/HB_bcsstk16_n00004884,pcg_jacobi,4884,290378,1000,30,141995106.5,3843989.0,140804196.0,143528668.0,23275196.5,718867.25,22970061.5,23486284.5,113537.54390243902,80.15482061313185,179.42516306331746,205,205,0,0,205,-1,-1,true,9.592176859081854e-09,9.592176829505775e-09,nan,jacobi,nan,false,1e-08,scipy-openblas:0.3.31.188.0
python,multi_thread,spd,suitesparse_spd,suitesparse_spd/HB_bcsstk16_n00004884,pcg_jacobi,4884,290378,1001,30,142074837.0,4103116.25,140914733.0,143578732.0,23476937.5,869294.0,23164609.0,23706408.5,114521.6463414634,80.8495736591615,179.42516306331746,205,205,0,0,205,-1,-1,true,9.470647966663857e-09,9.47064779366572e-09,nan,jacobi,nan,false,1e-08,scipy-openblas:0.3.31.188.0
python,multi_thread,spd,suitesparse_spd,suitesparse_spd/HB_bcsstk16_n00004884,pcg_jacobi,4884,290378,1002,30,141963052.5,3740561.75,141147986.0,142975683.5,23245908.5,609579.0,22953323.5,23405182.5,112844.21601941748,80.05395897760849,179.42516306331746,206,206,0,0,206,-1,-1,true,9.149782083502112e-09,9.14978223710837e-09,nan,jacobi,nan,false,1e-08,scipy-openblas:0.3.31.188.0
python,multi_thread,spd,suitesparse_spd,suitesparse_spd/HB_nos3_n00000960,cg,960,15844,1000,30,8927012.0,229720.0,8890370.0,9028687.5,3262238.5,56065.5,3250194.0,3280913.5,12498.998084291188,205.89740595809138,295.4890179247665,261,0,0,0,261,-1,-1,true,8.994160602714755e-09,8.994159204883217e-09,nan,none,nan,false,1e-08,scipy-openblas:0.3.31.188.0
python,multi_thread,spd,suitesparse_spd,suitesparse_spd/HB_nos3_n00000960,cg,960,15844,1001,30,8971948.5,135521.0,8943799.0,9012804.5,3275415.5,25102.25,3266611.0,3283284.0,12406.876893939394,206.72907725321886,295.4890179247665,264,0,0,0,264,-1,-1,true,7.180573374851517e-09,7.180575906848309e-09,nan,none,nan,false,1e-08,scipy-openblas:0.3.31.188.0
python,multi_thread,spd,suitesparse_spd,suitesparse_spd/HB_nos3_n00000960,cg,960,15844,1002,30,8929475.5,139737.25,8880131.0,8982370.0,3258136.5,40422.5,3244423.5,3277634.0,12388.351711026615,205.63850669022975,295.4890179247665,263,0,0,0,263,-1,-1,true,9.583532843930348e-09,9.583533913484217e-09,nan,none,nan,false,1e-08,scipy-openblas:0.3.31.188.0
python,multi_thread,spd,suitesparse_spd,suitesparse_spd/HB_nos3_n00000960,pcg_ic0,960,15844,1000,30,35707046.0,327949.25,35582594.0,35798361.0,23975843.0,306180.75,23898199.0,24101737.0,499496.7291666666,1513.2443196162585,431.47084069679374,48,48,0,0,48,-1,-1,true,7.1968206186654676e-09,7.196825231478694e-09,nan,ic0,0.0,false,1e-08,scipy-openblas:0.3.31.188.0
python,multi_thread,spd,suitesparse_spd,suitesparse_spd/HB_nos3_n00000960,pcg_ic0,960,15844,1001,30,35757335.5,468508.0,35588006.0,35953759.5,23842784.0,270892.5,23789502.0,23957839.5,496724.6666666667,1504.8462509467306,431.47084069679374,48,48,0,0,48,-1,-1,true,9.963367410774978e-09,9.963367756505984e-09,nan,ic0,0.0,false,1e-08,scipy-openblas:0.3.31.188.0
python,multi_thread,spd,suitesparse_spd,suitesparse_spd/HB_nos3_n00000960,pcg_ic0,960,15844,1002,30,36089098.0,278922.0,36011188.0,36175445.6875,24228299.5,378613.0,24141405.0,24357951.5,494455.0918367347,1529.178206261045,431.47084069679374,49,49,0,0,49,-1,-1,true,8.611349068747357e-09,8.611346853907207e-09,nan,ic0,0.0,false,1e-08,scipy-openblas:0.3.31.188.0
python,multi_thread,spd,suitesparse_spd,suitesparse_spd/HB_nos3_n00000960,pcg_jacobi,960,15844,1000,30,8640969.0,151649.75,8577517.0,8700471.2375,2864306.0,39595.0,2853570.5,2874319.0,12730.24888888889,180.7817470335774,244.3019439535471,225,225,0,0,225,-1,-1,true,6.8582533444712495e-09,6.858254310974467e-09,nan,jacobi,nan,false,1e-08,scipy-openblas:0.3.31.188.0
python,multi_thread,spd,suitesparse_spd,suitesparse_spd/HB_nos3_n00000960,pcg_jacobi,960,15844,1001,30,8616497.5,80600.0,8583088.0,8645942.5,2868020.5,44558.0,2853049.5,2879701.0,12690.356194690266,181.01618909366323,244.3019439535471,226,226,0,0,226,-1,-1,true,8.192279922800184e-09,8.192323759453126e-09,nan,jacobi,nan,false,1e-08,scipy-openblas:0.3.31.188.0
python,multi_thread,spd,suitesparse_spd,suitesparse_spd/HB_nos3_n00000960,pcg_jacobi,960,15844,1002,30,8687167.5,162408.0,8616067.0,8745913.0,2907126.5,65648.75,2898247.7625,2928253.5,12750.554824561405,183.48437894471095,244.3019439535471,228,228,0,0,228,-1,-1,true,8.952068959101014e-09,8.952087069235369e-09,nan,jacobi,nan,false,1e-08,scipy-openblas:0.3.31.188.0
python,multi_thread,spd,suitesparse_spd,suitesparse_spd/Pothen_bodyy4_n00017546,cg,17546,121938,1000,30,92178043.5,2044813.5,91796981.0,92892546.0,35394254.5,363363.5,35257270.0,35519211.0,149342.8459915612,290.26435155570863,186.42916892191113,237,0,0,0,237,-1,-1,true,9.068064641593311e-09,9.068064628093121e-09,nan,none,nan,false,1e-08,scipy-openblas:0.3.31.188.0
python,multi_thread,spd,suitesparse_spd,suitesparse_spd/Pothen_bodyy4_n00017546,cg,17546,121938,1001,30,92969748.0,974266.25,92762037.5,93369164.0,35477789.0,502086.25,35232201.0,35586378.0,149695.31223628693,290.94940871590484,186.42916892191113,237,0,0,0,237,-1,-1,true,9.424219092532309e-09,9.424219861839999e-09,nan,none,nan,false,1e-08,scipy-openblas:0.3.31.188.0
python,multi_thread,spd,suitesparse_spd,suitesparse_spd/Pothen_bodyy4_n00017546,cg,17546,121938,1002,30,92771692.5,1217636.0,92334374.0,93240944.5,35220564.0,405456.5,35109746.0,35297202.5,148609.9746835443,288.8399350489593,186.42916892191113,237,0,0,0,237,-1,-1,true,9.272479383438115e-09,9.272479031533433e-09,nan,none,nan,false,1e-08,scipy-openblas:0.3.31.188.0
python,multi_thread,spd,suitesparse_spd,suitesparse_spd/Pothen_bodyy4_n00017546,pcg_ic0,17546,121938,1000,30,177446498.5,3570681.75,176465243.0,178860792.5,72561944.5,1037847.75,72256170.0,73070690.0,2502136.0172413792,595.0724507536617,246.22086634191146,29,29,0,0,29,-1,-1,true,4.0422505341130024e-09,4.042250488770208e-09,nan,ic0,0.0,false,1e-08,scipy-openblas:0.3.31.188.0
python,multi_thread,spd,suitesparse_spd,suitesparse_spd/Pothen_bodyy4_n00017546,pcg_ic0,17546,121938,1001,30,178683609.5,4577008.0,177650102.5,180988097.5,73189511.0,2216822.25,72587149.5,73955878.0,2523776.2413793104,600.2190539454477,246.22086634191146,29,29,0,0,29,-1,-1,true,6.32318755723734e-09,6.323187565066226e-09,nan,ic0,0.0,false,1e-08,scipy-openblas:0.3.31.188.0
python,multi_thread,spd,suitesparse_spd,suitesparse_spd/Pothen_bodyy4_n00017546,pcg_ic0,17546,121938,1002,30,175065776.0,3123160.5,174310617.5,177201265.0,70126174.5,1047283.0,69889552.5,70434412.5,2504506.2321428573,575.096971411701,246.22086634191146,28,28,0,0,28,-1,-1,true,8.842622539359736e-09,8.842622589175889e-09,nan,ic0,0.0,false,1e-08,scipy-openblas:0.3.31.188.0
python,multi_thread,spd,suitesparse_spd,suitesparse_spd/Pothen_bodyy4_n00017546,pcg_jacobi,17546,121938,1000,30,79732442.5,1841580.0,79348249.0,80849085.0,26091410.0,348772.75,25946044.5,26207106.95,143359.3956043956,213.97275664682053,191.80370352146173,182,182,0,0,182,-1,-1,true,9.467798172839512e-09,9.467797991902404e-09,nan,jacobi,nan,false,1e-08,scipy-openblas:0.3.31.188.0
python,multi_thread,spd,suitesparse_spd,suitesparse_spd/Pothen_bodyy4_n00017546,pcg_jacobi,17546,121938,1001,30,79263794.0,2696353.75,77411916.5,79698287.0,23462604.5,3298661.0,23168439.5,26192082.5,127514.15489130435,192.41421460086275,191.80370352146173,184,184,0,0,184,-1,-1,true,9.080904733437563e-09,9.080905023547284e-09,nan,jacobi,nan,false,1e-08,scipy-openblas:0.3.31.188.0
python,multi_thread,spd,suitesparse_spd,suitesparse_spd/Pothen_bodyy4_n00017546,pcg_jacobi,17546,121938,1002,30,80125217.0,1933485.5,79491354.0,80481293.5,25050664.0,3165120.0,23506894.5,26347497.0,136888.8743169399,205.4377142482245,191.80370352146173,183,183,0,0,183,-1,-1,true,9.18951132545146e-09,9.189511340587755e-09,nan,jacobi,nan,false,1e-08,scipy-openblas:0.3.31.188.0
python,multi_thread,spd,varied_cond_spd,varied_cond_spd/kappa2e0_n00000200,cg,200,40000,1000,30,17127785.0,745566.0,16997080.5,17343923.0,1693414.5,34113.25,1679630.5,1706152.0375,19922.523529411767,42.3353625,164.1472,85,0,0,0,85,-1,-1,true,9.041461076185577e-09,9.041460925455573e-09,nan,none,nan,false,1e-08,scipy-openblas:0.3.31.188.0
python,multi_thread,spd,varied_cond_spd,varied_cond_spd/kappa2e0_n00000200,cg,200,40000,1001,30,17193665.5,422185.0,16908230.0,17261479.0,1703419.5,38174.25,1695990.0,1717064.5,19807.20348837209,42.5854875,164.1472,86,0,0,0,86,-1,-1,true,8.203966852176124e-09,8.203966769147377e-09,nan,none,nan,false,1e-08,scipy-openblas:0.3.31.188.0
python,multi_thread,spd,varied_cond_spd,varied_cond_spd/kappa2e0_n00000200,cg,200,40000,1002,30,17243607.0,243310.0,17185647.0,17384964.0,1703567.5,17543.75,1697766.0,1708932.0,20041.970588235294,42.5891875,164.1472,85,0,0,0,85,-1,-1,true,9.192845474573557e-09,9.192844835698581e-09,nan,none,nan,false,1e-08,scipy-openblas:0.3.31.188.0
python,multi_thread,spd,varied_cond_spd,varied_cond_spd/kappa2e0_n00000200,pcg_ic0,200,40000,1000,30,56334741.0,644045.5,56222998.0,56632853.5,898295.0,47686.0,876903.0,907902.0,898295.0,22.457375,182.9888,1,1,0,0,1,-1,-1,true,5.520531951952032e-15,5.369911842905126e-15,nan,ic0,0.0,false,1e-08,scipy-openblas:0.3.31.188.0
python,multi_thread,spd,varied_cond_spd,varied_cond_spd/kappa2e0_n00000200,pcg_ic0,200,40000,1001,30,56844536.5,855696.75,56392501.0,57028356.0,907572.0,59783.75,885759.5,925276.5,907572.0,22.689300000000003,182.9888,1,1,0,0,1,-1,-1,true,5.092244792551137e-15,4.7901905969671585e-15,nan,ic0,0.0,false,1e-08,scipy-openblas:0.3.31.188.0
python,multi_thread,spd,varied_cond_spd,varied_cond_spd/kappa2e0_n00000200,pcg_ic0,200,40000,1002,30,57203675.0,926556.25,57020241.0,57480322.724999994,913985.0,39358.25,897400.0,924119.5,913985.0,22.849625,182.9888,1,1,0,0,1,-1,-1,true,5.1137881593911305e-15,4.93324375403425e-15,nan,ic0,0.0,false,1e-08,scipy-openblas:0.3.31.188.0
python,multi_thread,spd,varied_cond_spd,varied_cond_spd/kappa2e0_n00000200,pcg_jacobi,200,40000,1000,30,16607165.5,540183.25,16525975.0,16907762.5,1653854.0,30985.25,1644701.5,1665816.5,19688.738095238095,41.34635,158.9248,84,84,0,0,84,-1,-1,true,7.72081416315509e-09,7.720813698120588e-09,nan,jacobi,nan,false,1e-08,scipy-openblas:0.3.31.188.0
python,multi_thread,spd,varied_cond_spd,varied_cond_spd/kappa2e0_n00000200,pcg_jacobi,200,40000,1001,30,16483827.5,126396.25,16456341.5,16554102.5,1654103.0,23604.0,1643313.5,1657493.5,19691.70238095238,41.352575,158.9248,84,84,0,0,84,-1,-1,true,9.371510748195044e-09,9.371510582759118e-09,nan,jacobi,nan,false,1e-08,scipy-openblas:0.3.31.188.0
python,multi_thread,spd,varied_cond_spd,varied_cond_spd/kappa2e0_n00000200,pcg_jacobi,200,40000,1002,30,16587589.0,260415.25,16501343.5,16708755.0,1664743.0,24395.0,1654960.0,1674871.5,19585.211764705884,41.618575,158.9248,85,85,0,0,85,-1,-1,true,8.800542316349839e-09,8.800541906556566e-09,nan,jacobi,nan,false,1e-08,scipy-openblas:0.3.31.188.0
python,multi_thread,spd,varied_cond_spd,varied_cond_spd/kappa4e0_n00000200,cg,200,40000,1000,30,19914810.5,281145.25,19847366.5,20012636.0,4077302.0,114580.5,4019324.0,4102084.0,20386.510000000002,101.93254999999999,164.2496,200,0,0,0,200,-1,-1,false,0.010067511048072384,0.010067511048000478,nan,none,nan,false,1e-08,scipy-openblas:0.3.31.188.0
python,multi_thread,spd,varied_cond_spd,varied_cond_spd/kappa4e0_n00000200,cg,200,40000,1001,30,19556883.0,457810.25,19486444.5,19688419.5,3907630.5,98377.0,3882537.0,3934600.5,19538.1525,97.6907625,164.2496,200,0,0,0,200,-1,-1,false,0.017271458917811153,0.01727145891783817,nan,none,nan,false,1e-08,scipy-openblas:0.3.31.188.0
python,multi_thread,spd,varied_cond_spd,varied_cond_spd/kappa4e0_n00000200,cg,200,40000,1002,30,19856767.0,596459.75,19675958.5,19968825.5,3956191.0,118107.5,3901653.0,3997370.9749999996,19780.955,98.904775,164.2496,200,0,0,0,200,-1,-1,false,0.009699798030285783,0.009699798030271895,nan,none,nan,false,1e-08,scipy-openblas:0.3.31.188.0
python,multi_thread,spd,varied_cond_spd,varied_cond_spd/kappa4e0_n00000200,pcg_ic0,200,40000,1000,30,56303573.5,367719.5,56187890.0,56385615.0,908621.0,28375.5,899980.0,922559.5,908621.0,22.715525,187.5968,1,1,0,0,1,-1,-1,true,2.2128632533772668e-13,2.334936054516002e-13,nan,ic0,0.0,false,1e-08,scipy-openblas:0.3.31.188.0
python,multi_thread,spd,varied_cond_spd,varied_cond_spd/kappa4e0_n00000200,pcg_ic0,200,40000,1001,30,56578985.0,392777.25,56482064.0,56709028.5,912862.5,30851.75,900210.5,925215.0,912862.5,22.8215625,187.5968,1,1,0,0,1,-1,-1,true,2.410275323483309e-13,2.520210984340823e-13,nan,ic0,0.0,false,1e-08,scipy-openblas:0.3.31.188.0
python,multi_thread,spd,varied_cond_spd,varied_cond_spd/kappa4e0_n00000200,pcg_ic0,200,40000,1002,30,57238080.0,364340.75,57183605.9625,57414635.0,919612.0,25907.0,914253.0,931227.9,919612.0,22.990299999999998,187.5968,1,1,0,0,1,-1,-1,true,2.1275140139381536e-13,1.9830784388849228e-13,nan,ic0,0.0,false,1e-08,scipy-openblas:0.3.31.188.0
python,multi_thread,spd,varied_cond_spd,varied_cond_spd/kappa4e0_n00000200,pcg_jacobi,200,40000,1000,30,19685528.5,498102.75,19603478.0,19988945.0,3907650.5,35650.5,3896611.5,3917791.5,19538.252500000002,97.6912625,161.5872,200,201,0,0,200,-1,-1,false,0.00919096345438118,0.009190963454360367,nan,jacobi,nan,false,1e-08,scipy-openblas:0.3.31.188.0
python,multi_thread,spd,varied_cond_spd,varied_cond_spd/kappa4e0_n00000200,pcg_jacobi,200,40000,1001,30,19664945.0,445354.0,19467581.0,19813340.5,3893090.0,27205.0,3888739.775,3907673.0,19465.45,97.32724999999999,161.5872,200,201,0,0,200,-1,-1,false,0.009816495756061956,0.009816495756046756,nan,jacobi,nan,false,1e-08,scipy-openblas:0.3.31.188.0
python,multi_thread,spd,varied_cond_spd,varied_cond_spd/kappa4e0_n00000200,pcg_jacobi,200,40000,1002,30,19647158.0,367198.25,19576546.5,19824179.0,3899738.0,33214.5,3888304.5,3916088.0,19498.690000000002,97.49345,161.5872,200,201,0,0,200,-1,-1,false,0.009774749883838082,0.009774749883844882,nan,jacobi,nan,false,1e-08,scipy-openblas:0.3.31.188.0
python,multi_thread,spd,varied_cond_spd,varied_cond_spd/kappa4e0_n00000500,cg,500,250000,1000,30,154661979.0,3987415.25,154077649.3,156295140.5,51388026.5,359862.0,51231046.0,51514727.0,102776.053,205.552106,145.670144,500,0,0,0,500,-1,-1,false,2.2749423429936786e-05,2.2749423474699008e-05,nan,none,nan,false,1e-08,scipy-openblas:0.3.31.188.0
python,multi_thread,spd,varied_cond_spd,varied_cond_spd/kappa4e0_n00000500,cg,500,250000,1001,30,154813511.5,1504641.5,154339253.55,155396055.0,51095144.0,504593.5,50932111.0,51289986.5,102190.288,204.380576,145.670144,500,0,0,0,500,-1,-1,false,2.468854151867282e-05,2.468854154144912e-05,nan,none,nan,false,1e-08,scipy-openblas:0.3.31.188.0
python,multi_thread,spd,varied_cond_spd,varied_cond_spd/kappa4e0_n00000500,cg,500,250000,1002,30,154759072.0,1520004.0,154297349.0,155459435.5,51166718.5,265216.0,51059103.5,51256548.0,102333.437,204.666874,145.670144,500,0,0,0,500,-1,-1,false,2.2054624438018924e-05,2.20546244636989e-05,nan,none,nan,false,1e-08,scipy-openblas:0.3.31.188.0
python,multi_thread,spd,varied_cond_spd,varied_cond_spd/kappa4e0_n00000500,pcg_ic0,500,250000,1000,30,699909777.5,7026946.5,698170221.0,702958005.5,3000035.5,76084.25,2961349.0,3021610.0,3000035.5,12.000142,162.840576,1,1,0,0,1,-1,-1,true,3.930323280726219e-13,3.9478963272034905e-13,nan,ic0,0.0,false,1e-08,scipy-openblas:0.3.31.188.0
python,multi_thread,spd,varied_cond_spd,varied_cond_spd/kappa4e0_n00000500,pcg_ic0,500,250000,1001,30,702979992.0,3449179.0,701856331.0,703996973.0,2999773.5,48049.75,2985405.0,3010578.5,2999773.5,11.999094,162.840576,1,1,0,0,1,-1,-1,true,4.2096148479785383e-13,4.385716697070578e-13,nan,ic0,0.0,false,1e-08,scipy-openblas:0.3.31.188.0
python,multi_thread,spd,varied_cond_spd,varied_cond_spd/kappa4e0_n00000500,pcg_ic0,500,250000,1002,30,702624409.5,2577817.0,701809518.5,703856600.5,3016201.5,62641.25,2992124.5,3031920.0,3016201.5,12.064806,162.840576,1,1,0,0,1,-1,-1,true,3.6041421914779803e-13,3.687025072291108e-13,nan,ic0,0.0,false,1e-08,scipy-openblas:0.3.31.188.0
python,multi_thread,spd,varied_cond_spd,varied_cond_spd/kappa4e0_n00000500,pcg_jacobi,500,250000,1000,30,207913012.0,56416001.25,174890184.5,210534365.5,66288629.5,15676726.5,53380749.5,66613415.0,132577.25900000002,265.154518,144.850944,500,501,0,0,500,-1,-1,false,1.7772934545881655e-05,1.7772934556241383e-05,nan,jacobi,nan,false,1e-08,scipy-openblas:0.3.31.188.0
python,multi_thread,spd,varied_cond_spd,varied_cond_spd/kappa4e0_n00000500,pcg_jacobi,500,250000,1001,30,154233733.5,831903.75,153920361.0,154428686.5,51017320.5,306425.75,50920943.0,51128857.5,102034.641,204.069282,144.850944,500,501,0,0,500,-1,-1,false,2.572291132195758e-05,2.5722911374583828e-05,nan,jacobi,nan,false,1e-08,scipy-openblas:0.3.31.188.0
python,multi_thread,spd,varied_cond_spd,varied_cond_spd/kappa4e0_n00000500,pcg_jacobi,500,250000,1002,30,199318312.5,66412503.0,161152166.0,224759103.0,59865423.5,22219943.75,52530629.5,73791836.5,119730.84700000001,239.46169400000002,144.850944,500,501,0,0,500,-1,-1,false,1.9487570832412346e-05,1.948757076970495e-05,nan,jacobi,nan,false,1e-08,scipy-openblas:0.3.31.188.0
python,multi_thread,spd,varied_cond_spd,varied_cond_spd/kappa4e0_n00001000,cg,1000,1000000,1000,30,797035442.0,9217595.25,794501929.5,801253920.0,361370444.0,2611584.5,360186926.0,362299877.0,402416.9755011136,361.370444,155.680768,898,0,0,0,898,-1,-1,true,7.7493608073319e-09,7.749436759697564e-09,nan,none,nan,false,1e-08,scipy-openblas:0.3.31.188.0
python,multi_thread,spd,varied_cond_spd,varied_cond_spd/kappa4e0_n00001000,cg,1000,1000000,1001,30,802781170.0,11278513.5,801195759.0,807945198.9124999,364427098.5,3895969.75,363452501.0,365444991.5,402681.87679558014,364.4270985,155.680768,905,0,0,0,905,-1,-1,true,8.823369923395175e-09,8.823406531094918e-09,nan,none,nan,false,1e-08,scipy-openblas:0.3.31.188.0
python,multi_thread,spd,varied_cond_spd,varied_cond_spd/kappa4e0_n00001000,cg,1000,1000000,1002,30,800275253.5,8006858.25,796651516.0,802915003.0,362843443.0,2124040.5,362021965.5,363562296.0,400931.9812154696,362.843443,155.680768,905,0,0,0,905,-1,-1,true,8.272363674767242e-09,8.27236592491257e-09,nan,none,nan,false,1e-08,scipy-openblas:0.3.31.188.0
python,multi_thread,spd,varied_cond_spd,varied_cond_spd/kappa4e0_n00001000,pcg_ic0,1000,1000000,1000,30,9006675914.5,1077831366.25,8552422696.0,9193186619.5,15156536.0,1182633.5,14929952.125,15386050.0,15156536.0,15.156536,169.623552,1,1,0,0,1,-1,-1,true,5.092050770222038e-13,5.188928456223977e-13,nan,ic0,0.0,false,1e-08,scipy-openblas:0.3.31.188.0
python,multi_thread,spd,varied_cond_spd,varied_cond_spd/kappa4e0_n00001000,pcg_ic0,1000,1000000,1001,30,9638029254.5,781801239.75,9285624864.0,9845913333.0,16023671.0,2022529.0,14953604.0,16188827.0,16023671.0,16.023671,169.623552,1,1,0,0,1,-1,-1,true,5.970130782378623e-13,5.888232379333451e-13,nan,ic0,0.0,false,1e-08,scipy-openblas:0.3.31.188.0
python,multi_thread,spd,varied_cond_spd,varied_cond_spd/kappa4e0_n00001000,pcg_ic0,1000,1000000,1002,30,6082924299.0,1461787177.5,6012880372.0,6133694026.0,11047990.5,2751118.5,10950581.5,11401545.0,11047990.5,11.047990500000001,169.623552,1,1,0,0,1,-1,-1,true,5.102532022388881e-13,5.368674692304474e-13,nan,ic0,0.0,false,1e-08,scipy-openblas:0.3.31.188.0
python,multi_thread,spd,varied_cond_spd,varied_cond_spd/kappa4e0_n00001000,pcg_jacobi,1000,1000000,1000,30,796351882.5,45820034.75,792517962.0,800188832.5,359218149.5,13046709.0,358695105.5,364500603.5,402710.9299327354,359.2181495,150.36416,892,892,0,0,892,-1,-1,true,9.144815401104575e-09,9.144753125872013e-09,nan,jacobi,nan,false,1e-08,scipy-openblas:0.3.31.188.0
python,multi_thread,spd,varied_cond_spd,varied_cond_spd/kappa4e0_n00001000,pcg_jacobi,1000,1000000,1001,30,795575843.5,29403755.0,793309747.0,801166702.5,358470946.5,5673680.25,357796991.0,360322922.5,401873.2584080717,358.47094649999997,150.36416,892,892,0,0,892,-1,-1,true,8.48842489605435e-09,8.488439589298418e-09,nan,jacobi,nan,false,1e-08,scipy-openblas:0.3.31.188.0
python,multi_thread,spd,varied_cond_spd,varied_cond_spd/kappa4e0_n00001000,pcg_jacobi,1000,1000000,1002,30,802769195.0,54743490.25,797687814.5,819339553.0,362966036.0,11850940.75,362010263.0,364698197.0,403295.59555555554,362.96603600000003,150.36416,900,900,0,0,900,-1,-1,true,9.282148752292326e-09,9.28213685774155e-09,nan,jacobi,nan,false,1e-08,scipy-openblas:0.3.31.188.0
python,multi_thread,spd,varied_cond_spd,varied_cond_spd/kappa6e0_n00000200,cg,200,40000,1000,30,23549491.0,1017350.25,22951325.5,23723963.0,4329201.0,71572.25,4307404.0,4347718.0,21646.004999999997,108.230025,125.5424,200,0,0,0,200,-1,-1,false,5.75444183633865,5.754441836337745,nan,none,nan,false,1e-08,scipy-openblas:0.3.31.188.0
python,multi_thread,spd,varied_cond_spd,varied_cond_spd/kappa6e0_n00000200,cg,200,40000,1001,30,22212117.0,598213.75,21973152.0,22368928.7875,4314213.5,38381.25,4303554.0,4332379.125,21571.067499999997,107.85533749999999,125.5424,200,0,0,0,200,-1,-1,false,7.122920279905427,7.122920279906115,nan,none,nan,false,1e-08,scipy-openblas:0.3.31.188.0
python,multi_thread,spd,varied_cond_spd,varied_cond_spd/kappa6e0_n00000200,cg,200,40000,1002,30,22776261.5,643370.75,22522328.5,23008174.0,4438543.0,122952.0,4412354.5375,4464788.5,22192.715,110.963575,125.5424,200,0,0,0,200,-1,-1,false,2.650762383521654,2.6507623835214504,nan,none,nan,false,1e-08,scipy-openblas:0.3.31.188.0
python,multi_thread,spd,varied_cond_spd,varied_cond_spd/kappa6e0_n00000200,pcg_ic0,200,40000,1000,30,56452420.5,758089.25,56330813.0,56877205.0,935325.0,26768.5,929341.0,940425.5,935325.0,23.383125,194.9696,1,1,0,0,1,-1,-1,true,1.3425367883302334e-11,1.2974430446258966e-11,nan,ic0,0.0,false,1e-08,scipy-openblas:0.3.31.188.0
python,multi_thread,spd,varied_cond_spd,varied_cond_spd/kappa6e0_n00000200,pcg_ic0,200,40000,1001,30,57186369.0,1665504.25,56885411.5,58358352.0,933175.0,53769.25,912928.5,941126.5,933175.0,23.329375,194.9696,1,1,0,0,1,-1,-1,true,1.4261830619796752e-11,1.5434035605315245e-11,nan,ic0,0.0,false,1e-08,scipy-openblas:0.3.31.188.0
python,multi_thread,spd,varied_cond_spd,varied_cond_spd/kappa6e0_n00000200,pcg_ic0,200,40000,1002,30,57581656.5,721708.0,57387424.0,57860221.5,940191.5,63705.25,916285.5,955696.0,940191.5,23.5047875,194.9696,1,1,0,0,1,-1,-1,true,1.2642433806183744e-11,1.3311277511005823e-11,nan,ic0,0.0,false,1e-08,scipy-openblas:0.3.31.188.0
python,multi_thread,spd,varied_cond_spd,varied_cond_spd/kappa6e0_n00000200,pcg_jacobi,200,40000,1000,30,19535366.0,591140.5,19288238.5,19628206.0,3883176.0,81336.75,3855400.5,3901086.0,19415.879999999997,97.07939999999999,169.472,200,201,0,0,200,-1,-1,false,5.9461702655222535,5.946170265523791,nan,jacobi,nan,false,1e-08,scipy-openblas:0.3.31.188.0
python,multi_thread,spd,varied_cond_spd,varied_cond_spd/kappa6e0_n00000200,pcg_jacobi,200,40000,1001,30,19333874.5,344609.75,19192166.5,19445950.5,3856115.0,58622.75,3843842.0,3880428.0,19280.575,96.402875,169.472,200,201,0,0,200,-1,-1,false,8.540361020131202,8.540361020133844,nan,jacobi,nan,false,1e-08,scipy-openblas:0.3.31.188.0
python,multi_thread,spd,varied_cond_spd,varied_cond_spd/kappa6e0_n00000200,pcg_jacobi,200,40000,1002,30,19341028.0,275423.25,19252005.5,19458887.0,3881120.5,90097.0,3843557.0,3908071.0,19405.6025,97.02801249999999,169.472,200,201,0,0,200,-1,-1,false,5.728641155512914,5.728641155512276,nan,jacobi,nan,false,1e-08,scipy-openblas:0.3.31.188.0
python,single_thread,drazin,blockdiag_high_index_singular,blockdiag_high_index_singular/ncore040_k5_n00000045,dgmres,45,1604,1000,30,11632137.5,6358802.25,10817381.0,17044658.0,9982037.0,6151362.25,9417622.0,15459204.0,2296.833179935573,6223.215087281796,1616.438902743142,4346,0,820,1,40,5,120,true,1.5506512276059405e-15,0.4807381395400346,2.854385940559629e-14,none,nan,false,1e-08,scipy-openblas:0.3.31.188.0
python,single_thread,drazin,blockdiag_high_index_singular,blockdiag_high_index_singular/ncore040_k5_n00000045,dgmres,45,1604,1001,30,8492740.0,521460.75,8439214.0,8689186.0,7403788.0,329251.25,7368375.0,7576879.5,1703.586746433502,4615.827930174563,1616.438902743142,4346,0,820,1,40,5,120,true,5.621981576841421e-16,0.28651691259025386,3.6668786867251036e-14,none,nan,false,1e-08,scipy-openblas:0.3.31.188.0
python,single_thread,drazin,blockdiag_high_index_singular,blockdiag_high_index_singular/ncore040_k5_n00000045,dgmres,45,1604,1002,30,8545160.5,235509.75,8508281.425,8635739.5,7450993.5,185452.5,7408541.0,7510549.5,1714.4485734008283,4645.257793017457,1616.438902743142,4346,0,820,1,40,5,120,true,2.307359385077056e-15,0.13395791285635228,2.154555735795347e-14,none,nan,false,1e-08,scipy-openblas:0.3.31.188.0
python,single_thread,drazin,blockdiag_high_index_singular,blockdiag_high_index_singular/ncore040_k5_n00000045,gmres,45,1604,1000,30,5097927.5,41257.25,5087374.5,5118106.0,4376267.0,35101.75,4364512.0,4391136.0,95136.23913043478,2728.3460099750623,2282.932668329177,46,0,1035,1,45,0,120,false,0.31605388512495924,0.31605388512495913,0.8343733608495706,none,nan,false,1e-08,scipy-openblas:0.3.31.188.0
python,single_thread,drazin,blockdiag_high_index_singular,blockdiag_high_index_singular/ncore040_k5_n00000045,gmres,45,1604,1001,30,5298971.0,38959.0,5293142.0,5308317.0,4570323.0,38823.75,4562710.0,4585793.0,97240.91489361701,2849.32855361596,2282.932668329177,47,0,1081,1,46,0,120,false,0.00858541319012137,0.008585413190121367,0.7776375265648046,none,nan,false,1e-08,scipy-openblas:0.3.31.188.0
python,single_thread,drazin,blockdiag_high_index_singular,blockdiag_high_index_singular/ncore040_k5_n00000045,gmres,45,1604,1002,30,5353471.5,54590.25,5334627.1625,5360893.0,4601093.0,45574.25,4587713.5,4613839.5375,97895.59574468085,2868.5118453865334,2282.932668329177,47,0,1081,1,46,0,120,false,0.021940519875934046,0.021940519875934046,0.2944364735890761,none,nan,false,1e-08,scipy-openblas:0.3.31.188.0
python,single_thread,drazin,coupled_singular,coupled_singular/ncore040_k3_n00000043,dgmres,43,1722,1000,30,5478202.5,54581.75,5468155.0,5494570.0,4700223.0,32963.0,4692916.0,4714819.0,1791.2435213414633,2729.51393728223,2509.4541231126595,2624,0,820,1,40,3,120,true,1.857242683107859e-15,1.1538977738234364,6.4400749769917086e-15,none,nan,false,1e-08,scipy-openblas:0.3.31.188.0
python,single_thread,drazin,coupled_singular,coupled_singular/ncore040_k3_n00000043,dgmres,43,1722,1001,30,5487231.0,79188.25,5463911.0,5519233.9375,4698707.0,60696.75,4683040.5,4728234.5,1790.6657774390244,2728.6335656213705,2509.4541231126595,2624,0,820,1,40,3,120,true,9.457839375494445e-16,0.3306485262581711,9.26347759562881e-15,none,nan,false,1e-08,scipy-openblas:0.3.31.188.0
python,single_thread,drazin,coupled_singular,coupled_singular/ncore040_k3_n00000043,dgmres,43,1722,1002,30,5511770.0,42590.25,5504845.0,5525991.0,4708388.0,39743.25,4693993.0,4721505.0,1794.3551829268292,2734.2555168408826,2509.4541231126595,2624,0,820,1,40,3,120,true,1.8954333071425016e-15,0.30584372979986424,8.769445036702777e-15,none,nan,false,1e-08,scipy-openblas:0.3.31.188.0
python,single_thread,drazin,coupled_singular,coupled_singular/ncore040_k3_n00000043,gmres,43,1722,1000,30,5012017.0,47516.25,4998806.5,5036495.5,4232525.5,30003.5,4223523.0,4245423.0,94056.12222222221,2457.912601626016,1415.2845528455284,45,0,990,1,44,0,120,false,0.02824167528619306,0.028241675286193063,1.8128852780075133,none,nan,false,1e-08,scipy-openblas:0.3.31.188.0
python,single_thread,drazin,coupled_singular,coupled_singular/ncore040_k3_n00000043,gmres,43,1722,1001,30,5078252.5,124132.0,5042475.0,5140456.5,4277008.5,98094.0,4257819.5,4323112.5,95044.63333333333,2483.7447735191636,1415.2845528455284,45,0,990,1,44,0,120,false,0.043603019600712674,0.043603019600712695,0.807078993130655,none,nan,false,1e-08,scipy-openblas:0.3.31.188.0
python,single_thread,drazin,coupled_singular,coupled_singular/ncore040_k3_n00000043,gmres,43,1722,1002,30,4819565.5,200292.25,4799152.0,4915172.0,4027089.5,136810.5,4016093.7625,4063391.0,91524.76136363637,2338.6117886178863,1415.2845528455284,44,0,946,1,43,0,120,false,0.11518987476573905,0.11518987476573904,0.4979375514306588,none,nan,false,1e-08,scipy-openblas:0.3.31.188.0
python,single_thread,drazin,illcond_block_singular,illcond_block_singular/ncore040_k2_n00000042,dgmres,42,1601,1000,30,3386842.5,69301.5,3358841.0,3414946.0,2671750.5,54760.75,2653816.5,2680812.0,2313.203896103896,1668.8010618363523,2189.9912554653342,1155,0,528,1,32,2,120,true,8.254444357278661e-09,2.324001253373356,1.0407165657689639,none,nan,false,1e-08,scipy-openblas:0.3.31.188.0
python,single_thread,drazin,illcond_block_singular,illcond_block_singular/ncore040_k2_n00000042,dgmres,42,1601,1001,30,3256101.0,69042.25,3234420.7125,3279110.0,2523240.5,41660.25,2514801.0,2543261.5,2319.1548713235297,1576.0402873204248,2189.9912554653342,1088,0,496,1,31,2,120,true,4.509650029011159e-10,0.7140854654187088,1.092090864876423,none,nan,false,1e-08,scipy-openblas:0.3.31.188.0
python,single_thread,drazin,illcond_block_singular,illcond_block_singular/ncore040_k2_n00000042,dgmres,42,1601,1002,30,3275240.5,75601.75,3237067.0,3301599.5,2535683.0,49221.0,2517751.0,2556231.0,2330.5909926470586,1583.8119925046844,2189.9912554653342,1088,0,496,1,31,2,120,true,5.177349934586456e-09,2.1209196478210464,1.019370394801348,none,nan,false,1e-08,scipy-openblas:0.3.31.188.0
python,single_thread,drazin,illcond_block_singular,illcond_block_singular/ncore040_k2_n00000042,gmres,42,1601,1000,30,12350185.0,179517.0,12322441.0,12421450.0,11606252.5,170315.5,11590544.0,11685676.0,152713.8486842105,7249.376951905059,2461.1817613991257,76,0,2850,1,75,0,120,false,0.314079355086471,0.31407935508618356,0.8333068059418327,none,nan,false,1e-08,scipy-openblas:0.3.31.188.0
python,single_thread,drazin,illcond_block_singular,illcond_block_singular/ncore040_k2_n00000042,gmres,42,1601,1001,30,11684825.5,89328.75,11663135.0,11712821.0,10930034.5,83106.5,10909756.0,10953491.3,147703.16891891893,6827.004684572143,2461.1817613991257,74,0,2701,1,73,0,120,false,0.12669219573161525,0.12669219573158455,0.22407709429630387,none,nan,false,1e-08,scipy-openblas:0.3.31.188.0
python,single_thread,drazin,illcond_block_singular,illcond_block_singular/ncore040_k2_n00000042,gmres,42,1601,1002,30,11746083.0,158267.75,11734504.5,11812393.0,11016150.5,155958.25,10992795.0,11061215.0,148866.89864864864,6880.793566520924,2461.1817613991257,74,0,2701,1,73,0,120,false,0.01132921184205255,0.011329211842109332,0.09379826115979716,none,nan,false,1e-08,scipy-openblas:0.3.31.188.0
python,single_thread,drazin,similarity_singular,similarity_singular/ncore040_k3_n00000043,dgmres,43,1849,1000,30,5549772.0,35145.25,5536949.0,5559870.0,4730400.0,33300.25,4715855.0,4738646.5,1802.7439024390244,2558.355868036777,1408.8999459167117,2624,0,820,1,40,3,120,true,2.718941834627574e-15,0.4286209192455284,1.1267860758599768e-14,none,nan,false,1e-08,scipy-openblas:0.3.31.188.0
python,single_thread,drazin,similarity_singular,similarity_singular/ncore040_k3_n00000043,dgmres,43,1849,1001,30,5538330.0,53863.25,5522849.0,5562777.5,4710519.5,34155.0,4702605.0,4724292.5,1795.1674923780488,2547.603839913467,1408.8999459167117,2624,0,820,1,40,3,120,true,2.720839329738894e-15,0.2706762651455511,1.6372307063885782e-14,none,nan,false,1e-08,scipy-openblas:0.3.31.188.0
python,single_thread,drazin,similarity_singular,similarity_singular/ncore040_k3_n00000043,dgmres,43,1849,1002,30,5517267.0,52573.0,5496847.075,5538011.5,4689771.5,27086.75,4684464.0,4704236.5,1787.260480182927,2536.382639264467,1408.8999459167117,2624,0,820,1,40,3,120,true,1.6675061902972065e-15,0.49690171999243654,1.0551804800337009e-14,none,nan,false,1e-08,scipy-openblas:0.3.31.188.0
python,single_thread,drazin,similarity_singular,similarity_singular/ncore040_k3_n00000043,gmres,43,1849,1000,30,4970574.5,68959.0,4955737.5,4990932.5,4150356.0,46798.0,4141046.5,4170384.9749999996,92230.13333333333,2244.6489994591675,1577.2590589507843,45,0,990,1,44,0,120,false,0.0678710180793445,0.06787101807934434,0.7335321966910372,none,nan,false,1e-08,scipy-openblas:0.3.31.188.0
python,single_thread,drazin,similarity_singular,similarity_singular/ncore040_k3_n00000043,gmres,43,1849,1001,30,4833300.5,48565.5,4824472.0,4859262.5,4005361.5,35529.75,3993385.5,4021125.5,91030.94318181818,2166.2312060573286,1577.2590589507843,44,0,946,1,43,0,120,false,0.15694585686772114,0.1569458568677211,0.3629707729519765,none,nan,false,1e-08,scipy-openblas:0.3.31.188.0
python,single_thread,drazin,similarity_singular,similarity_singular/ncore040_k3_n00000043,gmres,43,1849,1002,30,4793039.5,26418.0,4783934.0,4804047.0,3955265.5,21815.25,3952604.0,3961308.5,89892.39772727274,2139.1376419686317,1577.2590589507843,44,0,946,1,43,0,120,false,0.2710804662202869,0.2710804662202872,0.5966026706326077,none,nan,false,1e-08,scipy-openblas:0.3.31.188.0
python,single_thread,drazin,similarity_singular,similarity_singular/ncore040_k4_n00000044,dgmres,44,1936,1000,30,5907059.0,42393.75,5897531.0,5923427.0,5052552.0,30691.75,5044238.5,5060891.0,1449.7997130559543,2609.789256198347,1290.5785123966941,3485,0,820,1,40,4,120,true,1.4362332005304733e-15,0.3057009626668743,3.723221167717682e-14,none,nan,false,1e-08,scipy-openblas:0.3.31.188.0
python,single_thread,drazin,similarity_singular,similarity_singular/ncore040_k4_n00000044,dgmres,44,1936,1001,30,5831356.0,57269.5,5813845.0,5852122.5,4985940.0,33850.25,4969956.5,4996894.5,1430.6857962697275,2575.3822314049585,1290.5785123966941,3485,0,820,1,40,4,120,true,1.7030909730429206e-15,0.16275842220810408,3.288981280649002e-14,none,nan,false,1e-08,scipy-openblas:0.3.31.188.0
python,single_thread,drazin,similarity_singular,similarity_singular/ncore040_k4_n00000044,dgmres,44,1936,1002,30,5794419.5,17949.0,5789692.5,5801926.0,4954237.0,25211.5,4942272.0,4959664.0,1421.5888091822094,2559.006714876033,1290.5785123966941,3485,0,820,1,40,4,120,true,1.077478726027428e-15,0.3819779064287275,3.3707324793262167e-14,none,nan,false,1e-08,scipy-openblas:0.3.31.188.0
python,single_thread,drazin,similarity_singular,similarity_singular/ncore040_k4_n00000044,gmres,44,1936,1000,30,5065845.0,127445.0,5049764.0,5115498.0,4204595.5,92432.75,4191036.5,4231588.0,93435.45555555556,2171.7951962809916,1715.8347107438017,45,0,990,1,44,0,120,false,0.24258928143542582,0.2425892814354259,0.35405012669041885,none,nan,false,1e-08,scipy-openblas:0.3.31.188.0
python,single_thread,drazin,similarity_singular,similarity_singular/ncore040_k4_n00000044,gmres,44,1936,1001,30,5306295.5,80547.0,5289747.5,5336358.5,4443887.0,65946.75,4422185.0,4466854.0,96606.23913043478,2295.3961776859505,1715.8347107438017,46,0,1035,1,45,0,120,false,0.050119710274954696,0.05011971027495469,0.36528692292306686,none,nan,false,1e-08,scipy-openblas:0.3.31.188.0
python,single_thread,drazin,similarity_singular,similarity_singular/ncore040_k4_n00000044,gmres,44,1936,1002,30,5312767.5,65709.5,5299478.0,5330936.0,4417868.5,52250.25,4405904.0,4437383.5,96040.61956521739,2281.9568698347107,1715.8347107438017,46,0,1035,1,45,0,120,false,0.09302400968897391,0.093024009688974,0.5948713963603075,none,nan,false,1e-08,scipy-openblas:0.3.31.188.0
python,single_thread,drazin,similarity_singular,similarity_singular/ncore997_k3_n00001000,dgmres,1000,1000000,1000,20,4623244001.0,35490427.75,4611374082.5,4643580368.0,4191824170.5,28042431.0,4185537765.5,4209848634.0,188278.12479788,4191.8241705,158.445568,22264,0,7260,1,120,3,120,false,0.7027861289112368,1.2589776532615076,1.0558260754973108,none,nan,false,1e-08,scipy-openblas:0.3.31.188.0
python,single_thread,drazin,similarity_singular,similarity_singular/ncore997_k3_n00001000,gmres,1000,1000000,1000,30,601285798.0,224549174.0,541877398.0,742510397.0,116640013.5,63808940.25,112465046.5,175019332.5,963967.0537190082,116.64001350000001,158.703616,121,0,7260,1,120,0,120,false,0.9425921067399663,0.9425921067399664,1.0032746754781812,none,nan,false,1e-08,scipy-openblas:0.3.31.188.0
python,single_thread,drazin,sparse_block_singular,sparse_block_singular/n00000103,dgmres,103,300,12345,30,4708169.5,44390.5,4699780.0,4730398.5,4507881.5,38716.75,4497565.0,4523799.0,1717.9426448170732,15026.271666666667,14731.946666666667,2624,0,820,1,40,3,120,true,6.678749468185569e-09,0.177282472966522,3.8247286680903106e-07,none,nan,false,1e-08,scipy-openblas:0.3.31.188.0
python,single_thread,drazin,sparse_block_singular,sparse_block_singular/n00000103,gmres,103,300,12345,30,39293405.0,3560843.75,38329796.0,40103122.0,39042642.0,3547464.75,38104923.5,39872775.0,364884.50467289716,130142.14,15237.12,107,0,5671,1,106,0,120,false,0.15649910512848805,0.15649910512848803,0.15828841909468097,none,nan,false,1e-08,scipy-openblas:0.3.31.188.0
python,single_thread,drazin,sparse_block_singular,sparse_block_singular/n00000503,dgmres,503,1500,12345,30,8776820.0,162507.25,8738588.0,8868267.924999999,8227426.5,177724.0,8201978.5,8348181.774999999,3135.4521722560976,5484.951,3626.325333333333,2624,0,820,1,40,3,120,true,9.215499283333635e-09,0.07376256184201045,6.09739448011502e-07,none,nan,false,1e-08,scipy-openblas:0.3.31.188.0
python,single_thread,drazin,sparse_block_singular,sparse_block_singular/n00000503,gmres,503,1500,12345,30,65028185.5,2051572.25,64296165.0,65794907.0,64399952.0,2060520.75,63662833.0,65126832.0,532231.0082644628,42933.30133333334,2629.632,121,0,7260,1,120,0,120,false,0.02588387401416853,0.02588386497000311,11932836.119315095,none,nan,false,1e-08,scipy-openblas:0.3.31.188.0
python,single_thread,spd,anisotropic_2d_spd,anisotropic_2d_spd/eps0p01_n00000576,cg,576,2784,1000,30,1843652.0,28662.25,1833347.0,1853644.5,1040384.0,17360.5,1035896.5,1044860.0,7764.059701492537,373.7011494252873,679.7241379310345,134,0,0,0,134,-1,-1,true,9.405431306583761e-09,9.405430891551421e-09,nan,none,nan,false,1e-08,scipy-openblas:0.3.31.188.0
python,single_thread,spd,anisotropic_2d_spd,anisotropic_2d_spd/eps0p01_n00000576,cg,576,2784,1001,30,1851607.0,26498.5,1842781.0,1860815.5,1052895.5,14820.75,1045009.0,1057403.0,7741.878676470588,378.1952227011494,679.7241379310345,136,0,0,0,136,-1,-1,true,8.738392446935692e-09,8.738392020015398e-09,nan,none,nan,false,1e-08,scipy-openblas:0.3.31.188.0
python,single_thread,spd,anisotropic_2d_spd,anisotropic_2d_spd/eps0p01_n00000576,cg,576,2784,1002,30,1860342.5,32209.5,1850749.8625,1867447.0,1059054.5,17285.0,1051161.0,1063157.0,7787.16544117647,380.407507183908,679.7241379310345,136,0,0,0,136,-1,-1,true,9.659567850288888e-09,9.659567791410609e-09,nan,none,nan,false,1e-08,scipy-openblas:0.3.31.188.0
python,single_thread,spd,anisotropic_2d_spd,anisotropic_2d_spd/eps0p01_n00000576,pcg_ic0,576,2784,1000,30,6878936.0,132768.0,6800881.5,6912059.5,4829980.0,121012.5,4787928.0,4870423.0,371536.92307692306,1734.9066091954023,1347.6781609195402,13,13,0,0,13,-1,-1,true,7.398183091899116e-09,7.398183001715064e-09,nan,ic0,0.0,false,1e-08,scipy-openblas:0.3.31.188.0
python,single_thread,spd,anisotropic_2d_spd,anisotropic_2d_spd/eps0p01_n00000576,pcg_ic0,576,2784,1001,30,6893812.5,101761.5,6868139.5,6937334.5,4828849.0,63901.25,4812510.0,4858489.0,371449.92307692306,1734.5003591954023,1347.6781609195402,13,13,0,0,13,-1,-1,true,9.132826729585735e-09,9.132826726545484e-09,nan,ic0,0.0,false,1e-08,scipy-openblas:0.3.31.188.0
python,single_thread,spd,anisotropic_2d_spd,anisotropic_2d_spd/eps0p01_n00000576,pcg_ic0,576,2784,1002,30,7319873.0,201753.5,7265730.5,7360713.5,5243051.5,85166.5,5200353.0,5252801.0,374503.6785714286,1883.279992816092,1347.6781609195402,14,14,0,0,14,-1,-1,true,2.8884982677265016e-09,2.88849826756758e-09,nan,ic0,0.0,false,1e-08,scipy-openblas:0.3.31.188.0
python,single_thread,spd,anisotropic_2d_spd,anisotropic_2d_spd/eps0p01_n00000576,pcg_jacobi,576,2784,1000,30,1839592.0,78586.5,1832536.5,1872586.0,1007277.5,35186.25,997418.7125,1018362.5,7516.996268656716,361.80944683908046,1119.632183908046,134,134,0,0,134,-1,-1,true,9.405431306583826e-09,9.405430681378784e-09,nan,jacobi,nan,false,1e-08,scipy-openblas:0.3.31.188.0
python,single_thread,spd,anisotropic_2d_spd,anisotropic_2d_spd/eps0p01_n00000576,pcg_jacobi,576,2784,1001,30,1860590.5,39165.75,1852731.5,1869805.0,1013648.5,9650.5,1010676.5,1016594.5,7453.297794117647,364.09788074712645,1119.632183908046,136,136,0,0,136,-1,-1,true,8.738392446935614e-09,8.73839211863696e-09,nan,jacobi,nan,false,1e-08,scipy-openblas:0.3.31.188.0
python,single_thread,spd,anisotropic_2d_spd,anisotropic_2d_spd/eps0p01_n00000576,pcg_jacobi,576,2784,1002,30,1840973.0,59360.5,1830744.0,1856030.5,1010320.5,17375.25,1005793.0,1019001.0,7428.827205882353,362.9024784482758,1119.632183908046,136,136,0,0,136,-1,-1,true,9.6595678502889e-09,9.659567892541923e-09,nan,jacobi,nan,false,1e-08,scipy-openblas:0.3.31.188.0
python,single_thread,spd,anisotropic_2d_spd,anisotropic_2d_spd/eps0p1_n00000576,cg,576,2784,1000,30,1775718.0,19723.25,1768793.0,1781164.5,805504.0,13701.75,801753.5,808829.5,7322.763636363637,289.33333333333337,806.2528735632184,110,0,0,0,110,-1,-1,true,9.393815169441814e-09,9.393815121128656e-09,nan,none,nan,false,1e-08,scipy-openblas:0.3.31.188.0
python,single_thread,spd,anisotropic_2d_spd,anisotropic_2d_spd/eps0p1_n00000576,cg,576,2784,1001,30,1781230.0,38869.25,1767297.0,1798351.0,800617.5,10884.5,797388.0,804394.5,7345.114678899083,287.578125,806.2528735632184,109,0,0,0,109,-1,-1,true,9.404627102465141e-09,9.404627190030574e-09,nan,none,nan,false,1e-08,scipy-openblas:0.3.31.188.0
python,single_thread,spd,anisotropic_2d_spd,anisotropic_2d_spd/eps0p1_n00000576,cg,576,2784,1002,30,1799478.5,15775.25,1793055.0,1804659.0,819453.5,8007.5,816847.5,823079.0,7316.549107142857,294.34392959770116,806.2528735632184,112,0,0,0,112,-1,-1,true,8.911646790312453e-09,8.91164653650036e-09,nan,none,nan,false,1e-08,scipy-openblas:0.3.31.188.0
python,single_thread,spd,anisotropic_2d_spd,anisotropic_2d_spd/eps0p1_n00000576,pcg_ic0,576,2784,1000,30,10960740.0,264973.75,10909270.5,11133424.0,8714477.5,291813.25,8655199.0,8859098.0,363103.2291666666,3130.2002514367814,1708.1379310344828,24,24,0,0,24,-1,-1,true,6.802064807788571e-09,6.802064873407649e-09,nan,ic0,0.0,false,1e-08,scipy-openblas:0.3.31.188.0
python,single_thread,spd,anisotropic_2d_spd,anisotropic_2d_spd/eps0p1_n00000576,pcg_ic0,576,2784,1001,30,10993483.0,161757.75,10926117.5,11050689.0,8717951.0,158260.25,8690766.5,8797677.0,363247.9583333333,3131.447916666667,1708.1379310344828,24,24,0,0,24,-1,-1,true,5.50015043111744e-09,5.500150479178324e-09,nan,ic0,0.0,false,1e-08,scipy-openblas:0.3.31.188.0
python,single_thread,spd,anisotropic_2d_spd,anisotropic_2d_spd/eps0p1_n00000576,pcg_ic0,576,2784,1002,30,10995276.5,383869.5,10926784.0,11114800.0,8759030.0,448087.75,8684241.5,8882587.5,364959.5833333334,3146.2033045977014,1708.1379310344828,24,24,0,0,24,-1,-1,true,7.65137687058062e-09,7.65137683110952e-09,nan,ic0,0.0,false,1e-08,scipy-openblas:0.3.31.188.0
python,single_thread,spd,anisotropic_2d_spd,anisotropic_2d_spd/eps0p1_n00000576,pcg_jacobi,576,2784,1000,30,2870417.5,84844.25,2847829.0,2904146.0,1292395.5,21014.5,1283984.0,1301318.5,11749.05,464.2225215517242,1212.3218390804598,110,110,0,0,110,-1,-1,true,9.393815169441834e-09,9.393815050859314e-09,nan,jacobi,nan,false,1e-08,scipy-openblas:0.3.31.188.0
python,single_thread,spd,anisotropic_2d_spd,anisotropic_2d_spd/eps0p1_n00000576,pcg_jacobi,576,2784,1001,30,2757510.0,158875.75,2701584.0,2807099.0,1236645.0,76621.25,1216571.5,1257453.5,11345.366972477064,444.1971982758621,1212.3218390804598,109,109,0,0,109,-1,-1,true,9.404627102465123e-09,9.404627061756564e-09,nan,jacobi,nan,false,1e-08,scipy-openblas:0.3.31.188.0
python,single_thread,spd,anisotropic_2d_spd,anisotropic_2d_spd/eps0p1_n00000576,pcg_jacobi,576,2784,1002,30,2488892.5,212228.75,2435901.0,2584785.0,1146134.5,83509.75,1114181.5,1183624.0,10233.34375,411.686242816092,1212.3218390804598,112,112,0,0,112,-1,-1,true,8.911646790312428e-09,8.911646612333957e-09,nan,jacobi,nan,false,1e-08,scipy-openblas:0.3.31.188.0
python,single_thread,spd,anisotropic_2d_spd,anisotropic_2d_spd/eps0p1_n00005041,cg,5041,24921,1000,30,15383910.0,296757.5,15255081.5,15444922.0,6987632.0,131277.25,6949903.5,7051026.0,22396.25641025641,280.39131656033067,258.53729786124154,312,0,0,0,312,-1,-1,true,9.084582110434656e-09,9.084582308450167e-09,nan,none,nan,false,1e-08,scipy-openblas:0.3.31.188.0
python,single_thread,spd,anisotropic_2d_spd,anisotropic_2d_spd/eps0p1_n00005041,cg,5041,24921,1001,30,15970734.5,860231.25,15760395.0,16324499.7,7166875.0,903250.75,7136287.85,7975743.0,22608.438485804414,287.58376469644077,258.53729786124154,317,0,0,0,317,-1,-1,true,9.551903994835032e-09,9.551904646343976e-09,nan,none,nan,false,1e-08,scipy-openblas:0.3.31.188.0
python,single_thread,spd,anisotropic_2d_spd,anisotropic_2d_spd/eps0p1_n00005041,cg,5041,24921,1002,30,15966154.5,195729.0,15884394.0,16015276.0,7065592.0,107295.0,7043145.0,7116966.0,22646.128205128203,283.5196019421371,258.53729786124154,312,0,0,0,312,-1,-1,true,9.790472194375394e-09,9.790472139591897e-09,nan,none,nan,false,1e-08,scipy-openblas:0.3.31.188.0
python,single_thread,spd,anisotropic_2d_spd,anisotropic_2d_spd/eps0p1_n00005041,pcg_ic0,5041,24921,1000,30,64114291.0,657505.25,64012645.0,64383620.0,45570099.5,562086.0,45448728.0,45880805.5,701078.4538461538,1828.5823000682155,445.4139079491192,65,65,0,0,65,-1,-1,true,9.515958986015943e-09,9.51595909333322e-09,nan,ic0,0.0,false,1e-08,scipy-openblas:0.3.31.188.0
python,single_thread,spd,anisotropic_2d_spd,anisotropic_2d_spd/eps0p1_n00005041,pcg_ic0,5041,24921,1001,30,64043800.5,499655.25,63983595.0,64284465.037499994,45579461.5,395563.5,45451325.0,45697204.5,690597.9015151516,1828.9579671762772,445.4139079491192,66,66,0,0,66,-1,-1,true,7.669889935028994e-09,7.669889976682376e-09,nan,ic0,0.0,false,1e-08,scipy-openblas:0.3.31.188.0
python,single_thread,spd,anisotropic_2d_spd,anisotropic_2d_spd/eps0p1_n00005041,pcg_ic0,5041,24921,1002,30,63944396.5,307045.0,63754874.5,63993072.0,45480191.5,138954.75,45402347.5,45510614.5,689093.8106060605,1824.974579671763,445.4139079491192,66,66,0,0,66,-1,-1,true,7.427753572557004e-09,7.427753551447189e-09,nan,ic0,0.0,false,1e-08,scipy-openblas:0.3.31.188.0
python,single_thread,spd,anisotropic_2d_spd,anisotropic_2d_spd/eps0p1_n00005041,pcg_jacobi,5041,24921,1000,30,16351144.5,326703.5,16230344.0,16462360.5,7345030.0,131045.0,7297309.5,7387183.0,23541.76282051282,294.7325548734,258.53729786124154,312,312,0,0,312,-1,-1,true,9.084582110434656e-09,9.084582426445614e-09,nan,jacobi,nan,false,1e-08,scipy-openblas:0.3.31.188.0
python,single_thread,spd,anisotropic_2d_spd,anisotropic_2d_spd/eps0p1_n00005041,pcg_jacobi,5041,24921,1001,30,16492342.0,364843.5,16419821.5,16658252.0,7482675.5,167318.5,7426554.5,7531400.0,23604.65457413249,300.2558284178002,258.53729786124154,317,317,0,0,317,-1,-1,true,9.551903994834978e-09,9.551904420650623e-09,nan,jacobi,nan,false,1e-08,scipy-openblas:0.3.31.188.0
python,single_thread,spd,anisotropic_2d_spd,anisotropic_2d_spd/eps0p1_n00005041,pcg_jacobi,5041,24921,1002,30,16900986.5,605555.75,16649013.5,17094704.0,7624795.5,265237.5,7470855.5,7685715.5,24438.447115384617,305.95864933188875,258.53729786124154,312,312,0,0,312,-1,-1,true,9.79047219437538e-09,9.7904719479809e-09,nan,jacobi,nan,false,1e-08,scipy-openblas:0.3.31.188.0
python,single_thread,spd,anisotropic_2d_spd,anisotropic_2d_spd/eps0p1_n00010000,cg,10000,49600,1000,30,32965124.5,752171.0,32750772.0,33186365.0,16602251.5,330926.25,16475956.5,16691216.0,37818.34054669704,334.72281250000003,216.44387096774193,439,0,0,0,439,-1,-1,true,9.749438638704738e-09,9.749439363289807e-09,nan,none,nan,false,1e-08,scipy-openblas:0.3.31.188.0
python,single_thread,spd,anisotropic_2d_spd,anisotropic_2d_spd/eps0p1_n00010000,cg,10000,49600,1001,30,32890416.0,572949.25,32798731.4625,33235869.5,16420606.5,168718.0,16333574.0,16489191.5,37575.7585812357,331.06061491935486,216.44387096774193,437,0,0,0,437,-1,-1,true,9.941421219855901e-09,9.94142154085614e-09,nan,none,nan,false,1e-08,scipy-openblas:0.3.31.188.0
python,single_thread,spd,anisotropic_2d_spd,anisotropic_2d_spd/eps0p1_n00010000,cg,10000,49600,1002,30,33635418.0,919360.5,33225349.0,34031395.0,16532233.5,246466.5,16412191.5,16573819.0,38092.70391705069,333.3111592741935,216.44387096774193,434,0,0,0,434,-1,-1,true,9.430624316624859e-09,9.430624262942917e-09,nan,none,nan,false,1e-08,scipy-openblas:0.3.31.188.0
python,single_thread,spd,anisotropic_2d_spd,anisotropic_2d_spd/eps0p1_n00010000,pcg_ic0,10000,49600,1000,30,131182188.0,999852.5,130898349.0,131402694.95,95174379.0,1102806.75,94938200.9625,95654845.0,1034504.1195652174,1918.8382862903227,343.8658064516129,92,92,0,0,92,-1,-1,true,7.3547862801225315e-09,7.354786335330012e-09,nan,ic0,0.0,false,1e-08,scipy-openblas:0.3.31.188.0
python,single_thread,spd,anisotropic_2d_spd,anisotropic_2d_spd/eps0p1_n00010000,pcg_ic0,10000,49600,1001,30,130762140.5,2115470.0,130098894.0,131335730.3875,94460855.0,1326315.25,94034120.5,94979483.5,1038031.3736263736,1904.4527217741934,343.8658064516129,91,91,0,0,91,-1,-1,true,8.790784075464938e-09,8.790784107269112e-09,nan,ic0,0.0,false,1e-08,scipy-openblas:0.3.31.188.0
python,single_thread,spd,anisotropic_2d_spd,anisotropic_2d_spd/eps0p1_n00010000,pcg_ic0,10000,49600,1002,30,129471514.5,860016.5,129238770.8,129789032.0,93224784.5,593231.5,93074357.0,93470827.5,1035830.9388888888,1879.5319455645163,343.8658064516129,90,90,0,0,90,-1,-1,true,8.624039586315362e-09,8.624039646865548e-09,nan,ic0,0.0,false,1e-08,scipy-openblas:0.3.31.188.0
python,single_thread,spd,anisotropic_2d_spd,anisotropic_2d_spd/eps0p1_n00010000,pcg_jacobi,10000,49600,1000,30,34415631.0,948308.75,34119556.5,34595002.5,17115786.5,356496.0,16958331.0,17179779.0,38988.12414578588,345.0763407258064,199.68,439,439,0,0,439,-1,-1,true,9.7494386387047e-09,9.749439510244941e-09,nan,jacobi,nan,false,1e-08,scipy-openblas:0.3.31.188.0
python,single_thread,spd,anisotropic_2d_spd,anisotropic_2d_spd/eps0p1_n00010000,pcg_jacobi,10000,49600,1001,30,33364988.5,561471.5,33180737.5,33594571.0,16599825.0,297341.75,16519480.8875,16708971.0,37985.86956521739,334.6738911290323,199.68,437,437,0,0,437,-1,-1,true,9.941421219855736e-09,9.941421577613781e-09,nan,jacobi,nan,false,1e-08,scipy-openblas:0.3.31.188.0
python,single_thread,spd,anisotropic_2d_spd,anisotropic_2d_spd/eps0p1_n00010000,pcg_jacobi,10000,49600,1002,30,34141962.5,960088.25,33841926.0,34424841.5,16849562.0,251562.5,16705816.0,16892585.5,38823.875576036866,339.7089112903226,199.68,434,434,0,0,434,-1,-1,true,9.430624316624939e-09,9.430624199658849e-09,nan,jacobi,nan,false,1e-08,scipy-openblas:0.3.31.188.0
python,single_thread,spd,laplacian_1d_spd,laplacian_1d_spd/n00000100,cg,100,298,0,30,725333.5,13289.75,722137.5,731257.5,556035.5,6638.25,552939.5,557191.0,5560.355,1865.8909395973155,5800.375838926175,100,0,0,0,100,-1,-1,true,4.727254533206659e-17,1.3224871488156666e-13,nan,none,nan,false,1e-08,scipy-openblas:0.3.31.188.0
python,single_thread,spd,laplacian_1d_spd,laplacian_1d_spd/n00000100,pcg_ic0,100,298,0,30,1063176.5,71067.75,1043515.0,1075719.0,499854.5,25412.25,487910.5625,507196.5,499854.5,1677.3640939597317,11380.832214765102,1,1,0,0,1,-1,-1,true,3.1292511790327834e-14,3.1292511790327834e-14,nan,ic0,0.0,false,1e-08,scipy-openblas:0.3.31.188.0
python,single_thread,spd,laplacian_1d_spd,laplacian_1d_spd/n00000100,pcg_jacobi,100,298,0,30,747432.5,23074.0,739336.0,753487.0,566803.5,11136.5,561359.5,568550.5,5668.035,1902.0251677852348,9731.436241610738,100,100,0,0,100,-1,-1,true,4.727254533206659e-17,1.3224871488156666e-13,nan,jacobi,nan,false,1e-08,scipy-openblas:0.3.31.188.0
python,single_thread,spd,laplacian_1d_spd,laplacian_1d_spd/n00000500,cg,500,1498,0,30,3819569.5,21607.75,3809666.5,3825996.5,3336572.0,22670.25,3332278.5,3346490.5,6673.144,2227.3511348464617,2113.6234979973297,500,0,0,0,500,-1,-1,true,5.1687210042968414e-17,2.47496294081965e-13,nan,none,nan,false,1e-08,scipy-openblas:0.3.31.188.0
python,single_thread,spd,laplacian_1d_spd,laplacian_1d_spd/n00000500,pcg_ic0,500,1498,0,30,1730878.5,35993.25,1712580.5,1741012.75,423276.0,14101.25,419904.0,430132.5,423276.0,282.5607476635514,1514.8090787716956,1,1,0,0,1,-1,-1,true,2.33562814169898e-14,2.4184640607241984e-14,nan,ic0,0.0,false,1e-08,scipy-openblas:0.3.31.188.0
python,single_thread,spd,laplacian_1d_spd,laplacian_1d_spd/n00000500,pcg_jacobi,500,1498,0,30,3821605.0,55914.25,3803505.0,3840353.5,3328372.5,47238.0,3309183.0,3340892.0,6656.745,2221.8775033377838,1339.8130841121495,500,500,0,0,500,-1,-1,true,5.1687210042968414e-17,2.47496294081965e-13,nan,jacobi,nan,false,1e-08,scipy-openblas:0.3.31.188.0
python,single_thread,spd,laplacian_2d_spd,laplacian_2d_spd/m020_n00000400,cg,400,1920,1000,30,1011422.5,13817.5,1008219.0,1016848.2999999999,445848.5,6158.5,443762.5,448634.5,7076.960317460317,232.21276041666667,1766.4,63,0,0,0,63,-1,-1,true,9.088563411530723e-09,9.088563317520095e-09,nan,none,nan,false,1e-08,scipy-openblas:0.3.31.188.0
python,single_thread,spd,laplacian_2d_spd,laplacian_2d_spd/m020_n00000400,cg,400,1920,1001,30,1022137.0,13621.0,1017514.0,1025573.5,453279.0,6287.75,450386.0,455411.0,7082.484375,236.0828125,1766.4,64,0,0,0,64,-1,-1,true,9.733052329000377e-09,9.733052341209918e-09,nan,none,nan,false,1e-08,scipy-openblas:0.3.31.188.0
python,single_thread,spd,laplacian_2d_spd,laplacian_2d_spd/m020_n00000400,cg,400,1920,1002,30,1019075.0,15821.25,1017170.5,1025154.5,457111.5,4159.75,455374.5,458441.0,7032.484615384616,238.07890625,1766.4,65,0,0,0,65,-1,-1,true,5.810632098552299e-09,5.810632136649886e-09,nan,none,nan,false,1e-08,scipy-openblas:0.3.31.188.0
python,single_thread,spd,laplacian_2d_spd,laplacian_2d_spd/m020_n00000400,pcg_ic0,400,1920,1000,30,9187391.0,81235.75,9146371.0,9219707.0,7769983.0,64648.5,7753735.0,7803578.0125,337825.3478260869,4046.8661458333336,1934.9333333333334,23,23,0,0,23,-1,-1,true,9.962611994671104e-09,9.962612077917077e-09,nan,ic0,0.0,false,1e-08,scipy-openblas:0.3.31.188.0
python,single_thread,spd,laplacian_2d_spd,laplacian_2d_spd/m020_n00000400,pcg_ic0,400,1920,1001,30,9247506.0,235851.0,9202823.0,9333054.5,7830926.5,135416.25,7793316.0,7893638.0,340475.0652173913,4078.6075520833333,1934.9333333333334,23,23,0,0,23,-1,-1,true,9.58248761296212e-09,9.582487654552255e-09,nan,ic0,0.0,false,1e-08,scipy-openblas:0.3.31.188.0
python,single_thread,spd,laplacian_2d_spd,laplacian_2d_spd/m020_n00000400,pcg_ic0,400,1920,1002,30,9262601.0,173840.5,9216461.0,9350410.5,7829984.5,149708.75,7787478.5,7903955.0,340434.10869565216,4078.1169270833334,1934.9333333333334,23,23,0,0,23,-1,-1,true,5.023792943337763e-09,5.023792913216521e-09,nan,ic0,0.0,false,1e-08,scipy-openblas:0.3.31.188.0
python,single_thread,spd,laplacian_2d_spd,laplacian_2d_spd/m020_n00000400,pcg_jacobi,400,1920,1000,30,1025646.5,23380.25,1017793.5,1034860.5,433295.5,5111.5,432219.0,435750.0,6877.706349206349,225.67473958333335,597.3333333333334,63,63,0,0,63,-1,-1,true,9.088563411530723e-09,9.088563317520095e-09,nan,jacobi,nan,false,1e-08,scipy-openblas:0.3.31.188.0
python,single_thread,spd,laplacian_2d_spd,laplacian_2d_spd/m020_n00000400,pcg_jacobi,400,1920,1001,30,1020719.0,21752.75,1016228.0,1029814.0,438173.5,6343.0,436571.0,440568.5,6846.4609375,228.21536458333333,597.3333333333334,64,64,0,0,64,-1,-1,true,9.733052329000377e-09,9.733052341209918e-09,nan,jacobi,nan,false,1e-08,scipy-openblas:0.3.31.188.0
python,single_thread,spd,laplacian_2d_spd,laplacian_2d_spd/m020_n00000400,pcg_jacobi,400,1920,1002,30,1051207.0,32139.25,1040041.5,1062888.0,444052.5,5013.5,442444.0,445052.5,6831.576923076924,231.27734375,597.3333333333334,65,65,0,0,65,-1,-1,true,5.810632098552299e-09,5.810632136649886e-09,nan,jacobi,nan,false,1e-08,scipy-openblas:0.3.31.188.0
python,single_thread,spd,laplacian_2d_spd,laplacian_2d_spd/m032_n00001024,cg,1024,4992,1000,30,2185749.0,46053.0,2172764.0,2191307.5,886735.5,12965.5,882827.5,889931.5,8779.559405940594,177.63131009615387,497.2307692307692,101,0,0,0,101,-1,-1,true,8.822208925159784e-09,8.822208956579438e-09,nan,none,nan,false,1e-08,scipy-openblas:0.3.31.188.0
python,single_thread,spd,laplacian_2d_spd,laplacian_2d_spd/m032_n00001024,cg,1024,4992,1001,30,2180624.5,57011.0,2170390.5,2197091.5,875736.0,16989.5,871072.5,878707.0,8936.081632653062,175.4278846153846,497.2307692307692,98,0,0,0,98,-1,-1,true,9.807146507434913e-09,9.807146619023715e-09,nan,none,nan,false,1e-08,scipy-openblas:0.3.31.188.0
python,single_thread,spd,laplacian_2d_spd,laplacian_2d_spd/m032_n00001024,cg,1024,4992,1002,30,2230794.0,66794.25,2209365.0,2261954.5,897724.5,11983.5,894788.3625,901745.5,8888.361386138615,179.83263221153845,497.2307692307692,101,0,0,0,101,-1,-1,true,7.606776179662985e-09,7.606776325310368e-09,nan,none,nan,false,1e-08,scipy-openblas:0.3.31.188.0
python,single_thread,spd,laplacian_2d_spd,laplacian_2d_spd/m032_n00001024,pcg_ic0,1024,4992,1000,30,17296406.0,200015.0,17240845.0,17336655.0,13831541.0,170144.5,13794137.5,13878767.5,395186.88571428566,2770.7413862179487,1124.923076923077,35,35,0,0,35,-1,-1,true,9.645333431732467e-09,9.645333533497078e-09,nan,ic0,0.0,false,1e-08,scipy-openblas:0.3.31.188.0
python,single_thread,spd,laplacian_2d_spd,laplacian_2d_spd/m032_n00001024,pcg_ic0,1024,4992,1001,30,17325792.0,342358.5,17251949.5,17479822.0,13807662.5,313229.5,13781330.0,13928218.0,394504.64285714284,2765.9580328525644,1124.923076923077,35,35,0,0,35,-1,-1,true,8.258974965760228e-09,8.258974948143583e-09,nan,ic0,0.0,false,1e-08,scipy-openblas:0.3.31.188.0
python,single_thread,spd,laplacian_2d_spd,laplacian_2d_spd/m032_n00001024,pcg_ic0,1024,4992,1002,30,16952161.5,154423.75,16913326.0,17020636.5,13417838.0,149802.5,13372850.0,13478367.0,394642.29411764705,2687.8681891025644,1124.923076923077,34,34,0,0,34,-1,-1,true,7.716909536172613e-09,7.716909598767684e-09,nan,ic0,0.0,false,1e-08,scipy-openblas:0.3.31.188.0
python,single_thread,spd,laplacian_2d_spd,laplacian_2d_spd/m032_n00001024,pcg_jacobi,1024,4992,1000,30,2321354.0,43117.5,2298318.0,2332308.0,986736.5,22442.5,976794.5,995325.5,9769.668316831683,197.66356169871796,416.0,101,101,0,0,101,-1,-1,true,8.822208925159784e-09,8.822208956579438e-09,nan,jacobi,nan,false,1e-08,scipy-openblas:0.3.31.188.0
python,single_thread,spd,laplacian_2d_spd,laplacian_2d_spd/m032_n00001024,pcg_jacobi,1024,4992,1001,30,2281732.5,67809.25,2267278.0,2298232.0,953462.0,20209.5,946916.0,959814.0,9729.204081632653,190.9979967948718,416.0,98,98,0,0,98,-1,-1,true,9.807146507434913e-09,9.807146619023715e-09,nan,jacobi,nan,false,1e-08,scipy-openblas:0.3.31.188.0
python,single_thread,spd,laplacian_2d_spd,laplacian_2d_spd/m032_n00001024,pcg_jacobi,1024,4992,1002,30,2252948.0,35380.0,2247651.0,2266974.0,928619.5,7035.5,926148.5,931171.0,9194.252475247526,186.0215344551282,416.0,101,101,0,0,101,-1,-1,true,7.606776179662985e-09,7.606776325310368e-09,nan,jacobi,nan,false,1e-08,scipy-openblas:0.3.31.188.0
python,single_thread,spd,laplacian_2d_spd,laplacian_2d_spd/m064_n00004096,cg,4096,20224,1000,30,9239108.0,114956.5,9190348.0,9274933.0,3929704.0,51702.5,3906786.5,3945149.0625,19846.9898989899,194.30893987341773,322.43037974683546,198,0,0,0,198,-1,-1,true,9.714596828784372e-09,9.714596834537893e-09,nan,none,nan,false,1e-08,scipy-openblas:0.3.31.188.0
python,single_thread,spd,laplacian_2d_spd,laplacian_2d_spd/m064_n00004096,cg,4096,20224,1001,30,9230524.5,301295.25,9162256.0,9337141.0,3857721.0,46642.75,3844085.5,3873632.5,19682.25,190.74965387658227,322.43037974683546,196,0,0,0,196,-1,-1,true,9.355061524770158e-09,9.355061382862512e-09,nan,none,nan,false,1e-08,scipy-openblas:0.3.31.188.0
python,single_thread,spd,laplacian_2d_spd,laplacian_2d_spd/m064_n00004096,cg,4096,20224,1002,30,9135538.0,318249.5,9093320.5,9248550.0,3789358.5,44064.25,3779992.5,3800998.5,19736.2421875,187.36938785601268,322.43037974683546,192,0,0,0,192,-1,-1,true,9.410455392306075e-09,9.410455296332806e-09,nan,none,nan,false,1e-08,scipy-openblas:0.3.31.188.0
python,single_thread,spd,laplacian_2d_spd,laplacian_2d_spd/m064_n00004096,pcg_ic0,4096,20224,1000,30,53277271.0,507338.25,53111817.0,53479350.0,40024848.0,525313.0,39813166.5,40203052.5,615766.8923076923,1979.076740506329,536.506329113924,65,65,0,0,65,-1,-1,true,8.538055508013133e-09,8.538055610939179e-09,nan,ic0,0.0,false,1e-08,scipy-openblas:0.3.31.188.0
python,single_thread,spd,laplacian_2d_spd,laplacian_2d_spd/m064_n00004096,pcg_ic0,4096,20224,1001,30,53523853.5,830522.5,53085448.0,53693230.0,40199866.0,794828.75,39865758.0,40380856.5,618459.4769230769,1987.7307159810127,536.506329113924,65,65,0,0,65,-1,-1,true,9.119432199079223e-09,9.119432273472175e-09,nan,ic0,0.0,false,1e-08,scipy-openblas:0.3.31.188.0
python,single_thread,spd,laplacian_2d_spd,laplacian_2d_spd/m064_n00004096,pcg_ic0,4096,20224,1002,30,50870188.0,1266436.75,50339082.5,51260008.0,37586913.5,1387764.75,37096089.5,38120222.0,616178.9098360656,1858.530137460443,536.506329113924,61,61,0,0,61,-1,-1,true,9.463942650549344e-09,9.463942676836883e-09,nan,ic0,0.0,false,1e-08,scipy-openblas:0.3.31.188.0
python,single_thread,spd,laplacian_2d_spd,laplacian_2d_spd/m064_n00004096,pcg_jacobi,4096,20224,1000,30,9407682.0,196448.25,9321302.5,9500464.5,3940832.0,80799.0,3908507.3625,3963170.5,19903.19191919192,194.85917721518987,258.43037974683546,198,198,0,0,198,-1,-1,true,9.714596828784372e-09,9.714596834537893e-09,nan,jacobi,nan,false,1e-08,scipy-openblas:0.3.31.188.0
python,single_thread,spd,laplacian_2d_spd,laplacian_2d_spd/m064_n00004096,pcg_jacobi,4096,20224,1001,30,9299058.0,138672.5,9277281.0,9373136.0,3922401.5,70159.5,3900686.5,3952475.5,20012.252551020407,193.94785897943038,258.43037974683546,196,196,0,0,196,-1,-1,true,9.355061524770158e-09,9.355061382862512e-09,nan,jacobi,nan,false,1e-08,scipy-openblas:0.3.31.188.0
python,single_thread,spd,laplacian_2d_spd,laplacian_2d_spd/m064_n00004096,pcg_jacobi,4096,20224,1002,30,9229648.0,219661.75,9189913.0,9386981.0,3845419.0,36365.25,3834695.0,3856013.5,20028.223958333336,190.14136669303798,258.43037974683546,192,192,0,0,192,-1,-1,true,9.410455392306075e-09,9.410455296332806e-09,nan,jacobi,nan,false,1e-08,scipy-openblas:0.3.31.188.0
python,single_thread,spd,laplacian_2d_spd,laplacian_2d_spd/m071_n00005041,cg,5041,24921,1000,30,12162630.0,200747.5,12059401.5,12246534.5,5681242.0,223401.25,5632381.5,5722603.0,26060.743119266055,227.97006540668514,255.41446972432888,218,0,0,0,218,-1,-1,true,9.609180948604223e-09,9.609180898717567e-09,nan,none,nan,false,1e-08,scipy-openblas:0.3.31.188.0
python,single_thread,spd,laplacian_2d_spd,laplacian_2d_spd/m071_n00005041,cg,5041,24921,1001,30,11627913.5,661382.75,11455447.0,11988471.5,4962030.5,765276.75,4870800.5,5558179.5,22761.60779816514,199.11040889209903,255.41446972432888,218,0,0,0,218,-1,-1,true,9.697734192683295e-09,9.697734328551924e-09,nan,none,nan,false,1e-08,scipy-openblas:0.3.31.188.0
python,single_thread,spd,laplacian_2d_spd,laplacian_2d_spd/m071_n00005041,cg,5041,24921,1002,30,11440661.0,229122.25,11385064.0,11495648.0,4908940.0,110916.25,4878717.5,4940685.0,22415.25114155251,196.980056980057,255.41446972432888,219,0,0,0,219,-1,-1,true,9.249111741017924e-09,9.249111755384286e-09,nan,none,nan,false,1e-08,scipy-openblas:0.3.31.188.0
python,single_thread,spd,laplacian_2d_spd,laplacian_2d_spd/m071_n00005041,pcg_ic0,5041,24921,1000,30,66967182.0,1885436.5,66450234.0,68077518.0,50237980.5,1976940.25,49642923.0,51468105.5,697749.7291666666,2015.8894306006982,470.56089242004737,72,72,0,0,72,-1,-1,true,8.928347170075973e-09,8.928347193754673e-09,nan,ic0,0.0,false,1e-08,scipy-openblas:0.3.31.188.0
python,single_thread,spd,laplacian_2d_spd,laplacian_2d_spd/m071_n00005041,pcg_ic0,5041,24921,1001,30,66661694.5,664144.75,66482439.625,66958924.0,50096820.0,598869.25,49892306.5,50271270.0,686257.8082191781,2010.2251113518719,470.56089242004737,73,73,0,0,73,-1,-1,true,7.406788109799654e-09,7.4067881327857346e-09,nan,ic0,0.0,false,1e-08,scipy-openblas:0.3.31.188.0
python,single_thread,spd,laplacian_2d_spd,laplacian_2d_spd/m071_n00005041,pcg_ic0,5041,24921,1002,30,66577686.5,658098.75,66340844.0,66681693.0,49735784.5,411089.0,49567561.0,49898822.0,690774.7847222222,1995.737911801292,470.56089242004737,72,72,0,0,72,-1,-1,true,9.880882609241846e-09,9.880882660277568e-09,nan,ic0,0.0,false,1e-08,scipy-openblas:0.3.31.188.0
python,single_thread,spd,laplacian_2d_spd,laplacian_2d_spd/m071_n00005041,pcg_jacobi,5041,24921,1000,30,11234542.5,164461.5,11183366.0,11295135.5,4819028.5,52188.75,4806512.0,4834671.0,22105.63532110092,193.37219613980176,271.1929697845191,218,218,0,0,218,-1,-1,true,9.609180948604223e-09,9.609180898717567e-09,nan,jacobi,nan,false,1e-08,scipy-openblas:0.3.31.188.0
python,single_thread,spd,laplacian_2d_spd,laplacian_2d_spd/m071_n00005041,pcg_jacobi,5041,24921,1001,30,11275295.0,190044.0,11228677.5,11346030.5,4855071.0,115978.75,4841170.0,4875943.275,22270.967889908257,194.81846635367762,271.1929697845191,218,218,0,0,218,-1,-1,true,9.697734192683295e-09,9.697734328551924e-09,nan,jacobi,nan,false,1e-08,scipy-openblas:0.3.31.188.0
python,single_thread,spd,laplacian_2d_spd,laplacian_2d_spd/m071_n00005041,pcg_jacobi,5041,24921,1002,30,11371741.0,201397.0,11291201.5,11428154.5,4801676.0,66787.25,4795282.5,4817373.5,21925.461187214612,192.67589583082543,271.1929697845191,219,219,0,0,219,-1,-1,true,9.249111741017924e-09,9.249111755384286e-09,nan,jacobi,nan,false,1e-08,scipy-openblas:0.3.31.188.0
python,single_thread,spd,laplacian_2d_spd,laplacian_2d_spd/m096_n00009216,cg,9216,45696,1000,30,23170360.5,522707.5,23061188.0,23361330.0,10881286.0,280547.25,10825177.6625,10950920.5,36885.715254237286,238.1233806022409,225.16526610644257,295,0,0,0,295,-1,-1,true,9.784927503254674e-09,9.784927609252096e-09,nan,none,nan,false,1e-08,scipy-openblas:0.3.31.188.0
python,single_thread,spd,laplacian_2d_spd,laplacian_2d_spd/m096_n00009216,cg,9216,45696,1001,30,22967927.0,592320.25,22732348.5,23187571.162499998,10780357.5,170574.25,10748043.0,10836858.0,36543.58474576271,235.9146861869748,225.16526610644257,295,0,0,0,295,-1,-1,true,9.696051208217405e-09,9.696051313025611e-09,nan,none,nan,false,1e-08,scipy-openblas:0.3.31.188.0
python,single_thread,spd,laplacian_2d_spd,laplacian_2d_spd/m096_n00009216,cg,9216,45696,1002,30,22987282.0,448337.25,22867459.0,23162965.0,10723952.5,163367.5,10675395.0,10765536.0,36352.3813559322,234.6803330707283,225.16526610644257,295,0,0,0,295,-1,-1,true,9.780805266011171e-09,9.780805244728967e-09,nan,none,nan,false,1e-08,scipy-openblas:0.3.31.188.0
python,single_thread,spd,laplacian_2d_spd,laplacian_2d_spd/m096_n00009216,pcg_ic0,9216,45696,1000,30,186769211.5,70203461.5,127430985.0,194503059.5,145475158.0,54352574.0,97208332.5,149645700.5,1515366.2291666665,3183.5424982492996,375.84313725490193,96,96,0,0,96,-1,-1,true,8.404620264977937e-09,8.404620460134758e-09,nan,ic0,0.0,false,1e-08,scipy-openblas:0.3.31.188.0
python,single_thread,spd,laplacian_2d_spd,laplacian_2d_spd/m096_n00009216,pcg_ic0,9216,45696,1001,30,187915408.5,14248253.25,184292435.5,196052027.0,143060006.0,13123835.0,140731843.875,148077185.5,1490208.3958333335,3130.6899072128854,375.84313725490193,96,96,0,0,96,-1,-1,true,8.662926443984198e-09,8.662926432802695e-09,nan,ic0,0.0,false,1e-08,scipy-openblas:0.3.31.188.0
python,single_thread,spd,laplacian_2d_spd,laplacian_2d_spd/m096_n00009216,pcg_ic0,9216,45696,1002,30,173587856.5,15161949.25,172177688.0,180976759.0,129403177.5,10023522.25,127991986.5,132005137.47499998,1347949.765625,2831.8272387079833,375.84313725490193,96,96,0,0,96,-1,-1,true,8.82940576135731e-09,8.82940587024719e-09,nan,ic0,0.0,false,1e-08,scipy-openblas:0.3.31.188.0
python,single_thread,spd,laplacian_2d_spd,laplacian_2d_spd/m096_n00009216,pcg_jacobi,9216,45696,1000,30,22827273.0,527102.75,22680187.5,23071500.5,10822125.0,274565.25,10748784.0,10934601.0,36685.16949152542,236.82871586134453,230.3641456582633,295,295,0,0,295,-1,-1,true,9.784927503254674e-09,9.784927609252096e-09,nan,jacobi,nan,false,1e-08,scipy-openblas:0.3.31.188.0
python,single_thread,spd,laplacian_2d_spd,laplacian_2d_spd/m096_n00009216,pcg_jacobi,9216,45696,1001,30,22690478.0,470976.5,22591165.0,22952000.65,10779604.0,254688.0,10708146.0,10878090.5,36541.03050847458,235.8981967787115,230.3641456582633,295,295,0,0,295,-1,-1,true,9.696051208217405e-09,9.696051313025611e-09,nan,jacobi,nan,false,1e-08,scipy-openblas:0.3.31.188.0
python,single_thread,spd,laplacian_2d_spd,laplacian_2d_spd/m096_n00009216,pcg_jacobi,9216,45696,1002,30,22925968.5,527451.0,22837512.0,23063736.0,10900002.5,250906.5,10832770.0,10967182.0,36949.16101694915,238.53296787464984,230.3641456582633,295,295,0,0,295,-1,-1,true,9.780805266011171e-09,9.780805244728967e-09,nan,jacobi,nan,false,1e-08,scipy-openblas:0.3.31.188.0
python,single_thread,spd,laplacian_2d_spd,laplacian_2d_spd/m100_n00010000,cg,10000,49600,1000,30,24992912.0,626100.25,24700130.0,25136423.0,11943370.0,289191.0,11841936.5,12039436.5,39158.59016393442,240.79375,215.61806451612904,305,0,0,0,305,-1,-1,true,9.414438840788617e-09,9.41443865928279e-09,nan,none,nan,false,1e-08,scipy-openblas:0.3.31.188.0
python,single_thread,spd,laplacian_2d_spd,laplacian_2d_spd/m100_n00010000,cg,10000,49600,1001,30,24506878.5,626817.5,24368584.0,24769372.5,11425597.5,251991.25,11335855.0,11553096.5,38599.99155405405,230.3547883064516,215.61806451612904,296,0,0,0,296,-1,-1,true,9.377600909009737e-09,9.377600809615382e-09,nan,none,nan,false,1e-08,scipy-openblas:0.3.31.188.0
python,single_thread,spd,laplacian_2d_spd,laplacian_2d_spd/m100_n00010000,cg,10000,49600,1002,30,24894317.0,303094.0,24776607.0,24988274.0,11797216.5,93303.75,11766790.5,11835098.0,38806.63322368421,237.8471068548387,215.61806451612904,304,0,0,0,304,-1,-1,true,9.971325823331796e-09,9.971325904548828e-09,nan,none,nan,false,1e-08,scipy-openblas:0.3.31.188.0
python,single_thread,spd,laplacian_2d_spd,laplacian_2d_spd/m100_n00010000,pcg_ic0,10000,49600,1000,30,137577557.5,718618.0,137446250.0,137885050.5,105236383.0,436660.25,105047665.0,105386112.5,1062993.767676768,2121.7012701612903,393.2490322580645,99,99,0,0,99,-1,-1,true,9.595146143235218e-09,9.595146078724807e-09,nan,ic0,0.0,false,1e-08,scipy-openblas:0.3.31.188.0
python,single_thread,spd,laplacian_2d_spd,laplacian_2d_spd/m100_n00010000,pcg_ic0,10000,49600,1001,30,136335027.0,972574.75,136112755.5,136901365.0,103586311.0,513216.5,103419276.0,103829983.0,1067900.1134020619,2088.433689516129,393.2490322580645,97,97,0,0,97,-1,-1,true,8.721147658312365e-09,8.721147588685196e-09,nan,ic0,0.0,false,1e-08,scipy-openblas:0.3.31.188.0
python,single_thread,spd,laplacian_2d_spd,laplacian_2d_spd/m100_n00010000,pcg_ic0,10000,49600,1002,30,209050322.0,29967105.75,206853796.0,217499046.0,160597976.5,13886524.25,158378097.5,163311887.0,1605979.7650000001,3237.862429435484,393.2490322580645,100,100,0,0,100,-1,-1,true,7.1663042562608875e-09,7.166304316778048e-09,nan,ic0,0.0,false,1e-08,scipy-openblas:0.3.31.188.0
python,single_thread,spd,laplacian_2d_spd,laplacian_2d_spd/m100_n00010000,pcg_jacobi,10000,49600,1000,30,25133722.0,588604.5,25050957.0,25408154.0,11913498.0,289763.0,11818834.5,11999277.0,39060.64918032787,240.19149193548387,212.31483870967742,305,305,0,0,305,-1,-1,true,9.414438840788617e-09,9.41443865928279e-09,nan,jacobi,nan,false,1e-08,scipy-openblas:0.3.31.188.0
python,single_thread,spd,laplacian_2d_spd,laplacian_2d_spd/m100_n00010000,pcg_jacobi,10000,49600,1001,30,25154571.5,2895911.25,24820947.0,27476063.5,11808962.0,2265170.5,11601033.0,13823722.5,39895.14189189189,238.0839112903226,212.31483870967742,296,296,0,0,296,-1,-1,true,9.377600909009737e-09,9.377600809615382e-09,nan,jacobi,nan,false,1e-08,scipy-openblas:0.3.31.188.0
python,single_thread,spd,laplacian_2d_spd,laplacian_2d_spd/m100_n00010000,pcg_jacobi,10000,49600,1002,30,25580188.0,281577.0,25484234.5,25643975.0,12014890.5,93593.25,11971178.5,12025334.0,39522.66611842105,242.23569556451613,212.31483870967742,304,304,0,0,304,-1,-1,true,9.971325823331796e-09,9.971325904548828e-09,nan,jacobi,nan,false,1e-08,scipy-openblas:0.3.31.188.0
python,single_thread,spd,laplacian_2d_spd,laplacian_2d_spd/m158_n00024964,cg,24964,124188,1000,30,124055660.0,13899961.5,120737359.0,131121596.58749996,68148316.5,7816306.0,64376508.5,69810409.0,143168.73214285716,548.7512199246305,198.61912584146617,476,0,0,0,476,-1,-1,true,9.83125847672973e-09,9.831258374557385e-09,nan,none,nan,false,1e-08,scipy-openblas:0.3.31.188.0
python,single_thread,spd,laplacian_2d_spd,laplacian_2d_spd/m158_n00024964,pcg_ic0,24964,124188,1000,30,424937913.0,3573498.75,423544325.5,426117646.5,342748623.5,2157827.25,342399702.0,343861329.0,2211281.441935484,2759.9174115051374,282.72387026121686,155,155,0,0,155,-1,-1,true,9.56389900317546e-09,9.563899073160403e-09,nan,ic0,0.0,false,1e-08,scipy-openblas:0.3.31.188.0
python,single_thread,spd,laplacian_2d_spd,laplacian_2d_spd/m158_n00024964,pcg_jacobi,24964,124188,1000,30,80474547.0,3056857.75,79212313.0,81356738.0,45821215.0,1213029.0,45366172.5,46209823.349999994,96263.05672268907,368.9665265565111,187.80094695139627,476,476,0,0,476,-1,-1,true,9.83125847672973e-09,9.831258374557385e-09,nan,jacobi,nan,false,1e-08,scipy-openblas:0.3.31.188.0
python,single_thread,spd,laplacian_2d_spd,laplacian_2d_spd/m224_n00050176,cg,50176,249984,1000,30,199731151.0,2560427.0,199380663.0,201108930.0,126089456.5,1564020.0,125702881.0,126614903.5,188193.2186567164,504.3901069668459,185.16743471582183,670,0,0,0,670,-1,-1,true,9.862336581377513e-09,9.86233604538565e-09,nan,none,nan,false,1e-08,scipy-openblas:0.3.31.188.0
python,single_thread,spd,laplacian_2d_spd,laplacian_2d_spd/m224_n00050176,pcg_ic0,50176,249984,1000,30,1070839690.5,7288494.25,1068408404.0,1073329348.0,896852118.0,4582843.5,895200684.9875,898338721.0,4132959.069124424,3587.638080837173,289.7532002048131,217,217,0,0,217,-1,-1,true,9.10173357768159e-09,9.10173331444235e-09,nan,ic0,0.0,false,1e-08,scipy-openblas:0.3.31.188.0
python,single_thread,spd,laplacian_2d_spd,laplacian_2d_spd/m224_n00050176,pcg_jacobi,50176,249984,1000,30,203261257.0,7144729.25,201698960.0,206169894.0,128774751.5,3704969.0,127860064.6,130143360.5,192201.12164179105,515.1319744463646,190.36149513568867,670,670,0,0,670,-1,-1,true,9.862336581377513e-09,9.86233604538565e-09,nan,jacobi,nan,false,1e-08,scipy-openblas:0.3.31.188.0
python,single_thread,spd,laplacian_3d_spd,laplacian_3d_spd/m008_n00000512,cg,512,3200,1000,30,1162446.5,18603.75,1157000.5,1167481.5,281359.5,4950.0,279782.0,283432.0,8275.279411764706,87.92484375000001,1030.4,34,0,0,0,34,-1,-1,true,3.92300066941173e-09,3.923000671774171e-09,nan,none,nan,false,1e-08,scipy-openblas:0.3.31.188.0
python,single_thread,spd,laplacian_3d_spd,laplacian_3d_spd/m008_n00000512,cg,512,3200,1001,30,1153351.0,20096.75,1146197.0,1159741.125,273525.0,5965.75,271467.5,275336.0,8288.636363636364,85.4765625,1030.4,33,0,0,0,33,-1,-1,true,8.246289744878773e-09,8.246289751110983e-09,nan,none,nan,false,1e-08,scipy-openblas:0.3.31.188.0
python,single_thread,spd,laplacian_3d_spd,laplacian_3d_spd/m008_n00000512,cg,512,3200,1002,30,1146419.0,17683.25,1141297.0,1151869.0,271450.5,4725.5,270595.5,273525.0,8225.772727272728,84.82828125,1030.4,33,0,0,0,33,-1,-1,true,7.580280870724134e-09,7.580280867350699e-09,nan,none,nan,false,1e-08,scipy-openblas:0.3.31.188.0
python,single_thread,spd,laplacian_3d_spd,laplacian_3d_spd/m008_n00000512,pcg_ic0,512,3200,1000,30,7493525.0,108348.25,7461860.4125,7530844.9375,5280549.5,90093.5,5240594.0,5302650.5,377182.10714285716,1650.1717187499999,1296.64,14,14,0,0,14,-1,-1,true,2.014520238280144e-09,2.014520241621868e-09,nan,ic0,0.0,false,1e-08,scipy-openblas:0.3.31.188.0
python,single_thread,spd,laplacian_3d_spd,laplacian_3d_spd/m008_n00000512,pcg_ic0,512,3200,1001,30,7102509.0,117334.0,7069541.0,7164621.5,4876896.5,125819.5,4846676.0,4948726.5,375145.8846153846,1524.03015625,1296.64,13,13,0,0,13,-1,-1,true,8.873689801894198e-09,8.873689808594274e-09,nan,ic0,0.0,false,1e-08,scipy-openblas:0.3.31.188.0
python,single_thread,spd,laplacian_3d_spd,laplacian_3d_spd/m008_n00000512,pcg_ic0,512,3200,1002,30,7114517.0,105872.5,7088988.5,7170587.5,4890986.0,111386.0,4851445.5,4928306.5,376229.69230769225,1528.433125,1296.64,13,13,0,0,13,-1,-1,true,6.217532696896377e-09,6.217532716885483e-09,nan,ic0,0.0,false,1e-08,scipy-openblas:0.3.31.188.0
python,single_thread,spd,laplacian_3d_spd,laplacian_3d_spd/m008_n00000512,pcg_jacobi,512,3200,1000,30,1140396.5,19118.5,1136321.0,1148417.0,269931.5,3475.0,268493.0,270702.0,7939.161764705883,84.35359375,710.4,34,34,0,0,34,-1,-1,true,3.9230006694117295e-09,3.92300066645867e-09,nan,jacobi,nan,false,1e-08,scipy-openblas:0.3.31.188.0
python,single_thread,spd,laplacian_3d_spd,laplacian_3d_spd/m008_n00000512,pcg_jacobi,512,3200,1001,30,1148006.5,34955.5,1135593.0,1156361.0,264747.0,5084.75,262032.0,265925.0,8022.636363636364,82.73343750000001,710.4,33,33,0,0,33,-1,-1,true,8.246289744878763e-09,8.246289748122785e-09,nan,jacobi,nan,false,1e-08,scipy-openblas:0.3.31.188.0
python,single_thread,spd,laplacian_3d_spd,laplacian_3d_spd/m008_n00000512,pcg_jacobi,512,3200,1002,30,1162353.0,24637.0,1157122.5,1171143.0,267705.5,4956.0,266255.0,269153.0,8112.287878787879,83.65796875000001,710.4,33,33,0,0,33,-1,-1,true,7.58028087072414e-09,7.580280872765187e-09,nan,jacobi,nan,false,1e-08,scipy-openblas:0.3.31.188.0
python,single_thread,spd,laplacian_3d_spd,laplacian_3d_spd/m012_n00001728,cg,1728,11232,1000,30,3596027.0,111809.75,3571874.0,3652688.0,713882.0,42870.0,690218.0,724535.0,14569.020408163266,63.55787037037037,392.7521367521368,49,0,0,0,49,-1,-1,true,6.990491565360198e-09,6.9904915940084525e-09,nan,none,nan,false,1e-08,scipy-openblas:0.3.31.188.0
python,single_thread,spd,laplacian_3d_spd,laplacian_3d_spd/m012_n00001728,cg,1728,11232,1001,30,3726673.0,171123.75,3658513.0,3783340.0,698695.5,47815.25,681568.0,719446.0,14556.15625,62.205795940170944,392.7521367521368,48,0,0,0,48,-1,-1,true,9.294389774135176e-09,9.294389790196395e-09,nan,none,nan,false,1e-08,scipy-openblas:0.3.31.188.0
python,single_thread,spd,laplacian_3d_spd,laplacian_3d_spd/m012_n00001728,cg,1728,11232,1002,30,3697522.5,202162.25,3606507.0,3764447.0,714996.0,50915.75,695410.5,727751.5,14591.755102040817,63.657051282051285,392.7521367521368,49,0,0,0,49,-1,-1,true,6.550664102930492e-09,6.550664073430379e-09,nan,none,nan,false,1e-08,scipy-openblas:0.3.31.188.0
python,single_thread,spd,laplacian_3d_spd,laplacian_3d_spd/m012_n00001728,pcg_ic0,1728,11232,1000,30,15831359.0,146235.5,15790939.0,15893109.5,8680151.0,97537.0,8663667.0,8721649.0,482230.6111111111,772.8054665242165,372.6951566951567,18,18,0,0,18,-1,-1,true,6.429152302528183e-09,6.429152301837721e-09,nan,ic0,0.0,false,1e-08,scipy-openblas:0.3.31.188.0
python,single_thread,spd,laplacian_3d_spd,laplacian_3d_spd/m012_n00001728,pcg_ic0,1728,11232,1001,30,15836268.0,187633.0,15791146.0,15895368.2125,8645579.0,75323.0,8622598.0,8670640.0,480309.94444444444,769.7274750712252,372.6951566951567,18,18,0,0,18,-1,-1,true,4.357676263794579e-09,4.357676260311236e-09,nan,ic0,0.0,false,1e-08,scipy-openblas:0.3.31.188.0
python,single_thread,spd,laplacian_3d_spd,laplacian_3d_spd/m012_n00001728,pcg_ic0,1728,11232,1002,30,15861689.5,190778.5,15797143.5,15951177.5,8654083.0,92735.25,8612943.5,8687869.5,480782.3888888889,770.4845975783476,372.6951566951567,18,18,0,0,18,-1,-1,true,9.55744182118066e-09,9.557441829268606e-09,nan,ic0,0.0,false,1e-08,scipy-openblas:0.3.31.188.0
python,single_thread,spd,laplacian_3d_spd,laplacian_3d_spd/m012_n00001728,pcg_jacobi,1728,11232,1000,30,3597716.0,85027.5,3573533.0,3639295.0,720908.0,39468.75,704771.5,729635.5,14712.408163265307,64.18340455840456,314.34757834757835,49,49,0,0,49,-1,-1,true,6.990491565360198e-09,6.990491577751376e-09,nan,jacobi,nan,false,1e-08,scipy-openblas:0.3.31.188.0
python,single_thread,spd,laplacian_3d_spd,laplacian_3d_spd/m012_n00001728,pcg_jacobi,1728,11232,1001,30,3742118.5,168599.5,3682727.5,3777613.0,716740.5,35641.5,707997.35,731076.0,14932.09375,63.812366452991455,314.34757834757835,48,48,0,0,48,-1,-1,true,9.294389774135191e-09,9.29438979472654e-09,nan,jacobi,nan,false,1e-08,scipy-openblas:0.3.31.188.0
python,single_thread,spd,laplacian_3d_spd,laplacian_3d_spd/m012_n00001728,pcg_jacobi,1728,11232,1002,30,3656830.0,100031.0,3621075.5,3695424.5,716159.5,24639.5,707095.5,721127.5,14615.5,63.76063924501425,314.34757834757835,49,49,0,0,49,-1,-1,true,6.550664102930495e-09,6.5506640678237676e-09,nan,jacobi,nan,false,1e-08,scipy-openblas:0.3.31.188.0
python,single_thread,spd,laplacian_3d_spd,laplacian_3d_spd/m020_n00008000,cg,8000,53600,1000,30,16932961.0,604965.75,16871166.0,17215969.0,3051217.0,72757.0,3033175.05,3074613.1875,40147.59210526316,56.92569029850746,222.2997014925373,76,0,0,0,76,-1,-1,true,9.244314364529535e-09,9.244314350219031e-09,nan,none,nan,false,1e-08,scipy-openblas:0.3.31.188.0
python,single_thread,spd,laplacian_3d_spd,laplacian_3d_spd/m020_n00008000,cg,8000,53600,1001,30,17341554.5,823267.75,17093297.0,17607103.0,3079573.0,54268.5,3060785.5,3097112.0,41060.973333333335,57.45472014925373,222.2997014925373,75,0,0,0,75,-1,-1,true,9.009829795848453e-09,9.009829778774365e-09,nan,none,nan,false,1e-08,scipy-openblas:0.3.31.188.0
python,single_thread,spd,laplacian_3d_spd,laplacian_3d_spd/m020_n00008000,cg,8000,53600,1002,30,17436538.5,431111.75,17359869.0,17578929.0,3058609.0,35097.5,3052858.5,3080507.0,40781.45333333334,57.06360074626866,222.2997014925373,75,0,0,0,75,-1,-1,true,9.291277631177664e-09,9.29127763409047e-09,nan,none,nan,false,1e-08,scipy-openblas:0.3.31.188.0
python,single_thread,spd,laplacian_3d_spd,laplacian_3d_spd/m020_n00008000,pcg_ic0,8000,53600,1000,30,70423930.0,4171585.25,68385477.0,71318948.5,31792521.0,1630136.5,31090857.0,32035213.5,1177500.7777777778,593.1440485074627,260.9671641791045,27,27,0,0,27,-1,-1,true,6.93187844211002e-09,6.9318784394480546e-09,nan,ic0,0.0,false,1e-08,scipy-openblas:0.3.31.188.0
python,single_thread,spd,laplacian_3d_spd,laplacian_3d_spd/m020_n00008000,pcg_ic0,8000,53600,1001,30,63480619.5,913657.25,63121389.0,63829677.0,28718986.5,514121.25,28578484.0,28917332.5,1063666.1666666665,535.8019869402985,260.9671641791045,27,27,0,0,27,-1,-1,true,7.60744228232281e-09,7.60744228474901e-09,nan,ic0,0.0,false,1e-08,scipy-openblas:0.3.31.188.0
python,single_thread,spd,laplacian_3d_spd,laplacian_3d_spd/m020_n00008000,pcg_ic0,8000,53600,1002,30,63152676.5,790894.75,62957052.0,63559720.0,28595650.0,240757.25,28547956.0,28702064.5,1059098.148148148,533.5009328358209,260.9671641791045,27,27,0,0,27,-1,-1,true,7.313857108960198e-09,7.313857110576822e-09,nan,ic0,0.0,false,1e-08,scipy-openblas:0.3.31.188.0
python,single_thread,spd,laplacian_3d_spd,laplacian_3d_spd/m020_n00008000,pcg_jacobi,8000,53600,1000,30,20624736.5,908291.5,20346138.5,21015013.5,3314576.0,99103.0,3267118.5,3343290.5,43612.84210526316,61.83910447761194,231.54626865671642,76,76,0,0,76,-1,-1,true,9.244314364529518e-09,9.244314356864904e-09,nan,jacobi,nan,false,1e-08,scipy-openblas:0.3.31.188.0
python,single_thread,spd,laplacian_3d_spd,laplacian_3d_spd/m020_n00008000,pcg_jacobi,8000,53600,1001,30,20351752.5,1227468.75,19873589.0,20765545.0,3553259.5,187426.25,3499406.8125,3630108.0,47376.793333333335,66.29215485074627,231.54626865671642,75,75,0,0,75,-1,-1,true,9.00982979584848e-09,9.009829783006983e-09,nan,jacobi,nan,false,1e-08,scipy-openblas:0.3.31.188.0
python,single_thread,spd,laplacian_3d_spd,laplacian_3d_spd/m020_n00008000,pcg_jacobi,8000,53600,1002,30,19981203.5,1234787.0,19488011.5,20475344.0,3106429.0,456904.0,3030610.0,3439628.5,41419.05333333333,57.95576492537313,231.54626865671642,75,75,0,0,75,-1,-1,true,9.291277631177714e-09,9.291277614344578e-09,nan,jacobi,nan,false,1e-08,scipy-openblas:0.3.31.188.0
python,single_thread,spd,laplacian_3d_spd,laplacian_3d_spd/m030_n00027000,cg,27000,183600,1000,30,67121294.0,2121591.5,65870611.5,67856351.0,14226426.5,303519.5,14147022.5,14287436.0,128166.0045045045,77.4859831154684,198.01795206971678,111,0,0,0,111,-1,-1,true,8.071846162397387e-09,8.071846157471839e-09,nan,none,nan,false,1e-08,scipy-openblas:0.3.31.188.0
python,single_thread,spd,laplacian_3d_spd,laplacian_3d_spd/m030_n00027000,pcg_ic0,27000,183600,1000,30,335869581.0,17916321.75,332828030.0,342797389.0,156537970.5,5652237.75,155243397.5,158985495.0,4013794.1153846155,852.6033251633987,220.03729847494554,39,39,0,0,39,-1,-1,true,6.952584399251811e-09,6.9525843880561515e-09,nan,ic0,0.0,false,1e-08,scipy-openblas:0.3.31.188.0
python,single_thread,spd,laplacian_3d_spd,laplacian_3d_spd/m030_n00027000,pcg_jacobi,27000,183600,1000,30,68705851.0,2618664.5,67917175.5375,69734567.19999999,14536272.5,656884.5,14324500.5,14701135.0,130957.40990990991,79.17359749455338,189.1611328976035,111,111,0,0,111,-1,-1,true,8.07184616239737e-09,8.071846133630634e-09,nan,jacobi,nan,false,1e-08,scipy-openblas:0.3.31.188.0
python,single_thread,spd,suitesparse_spd,suitesparse_spd/HB_1138_bus_n00001138,cg,1138,4054,1000,30,12013770.5,173087.25,11991315.0,12072046.0,10420542.0,144397.0,10393733.5,10470092.0,9156.891036906854,2570.4346324617663,774.9462259496793,1138,0,0,0,1138,-1,-1,false,0.0624178304366859,0.06241783043672452,nan,none,nan,false,1e-08,scipy-openblas:0.3.31.188.0
python,single_thread,spd,suitesparse_spd,suitesparse_spd/HB_1138_bus_n00001138,cg,1138,4054,1001,30,11988091.5,214645.5,11949984.5,12084926.0,10385841.5,135186.75,10348434.0,10431594.0,9126.398506151143,2561.875061667489,774.9462259496793,1138,0,0,0,1138,-1,-1,false,0.07772749165705367,0.07772749165644649,nan,none,nan,false,1e-08,scipy-openblas:0.3.31.188.0
python,single_thread,spd,suitesparse_spd,suitesparse_spd/HB_1138_bus_n00001138,cg,1138,4054,1002,30,12106849.0,362823.5,11967573.0,12295629.0,10435489.0,363718.5,10393192.5,10733733.0,9170.025483304042,2574.1216082881106,774.9462259496793,1138,0,0,0,1138,-1,-1,false,0.16741410505013804,0.1674141050505836,nan,none,nan,false,1e-08,scipy-openblas:0.3.31.188.0
python,single_thread,spd,suitesparse_spd,suitesparse_spd/HB_1138_bus_n00001138,pcg_ic0,1138,4054,1000,30,77129346.5,1066202.5,76880195.0,77706696.0,73416656.5,1102709.75,73191737.5,74037770.5,483004.3190789474,18109.68339911199,2903.7750370004933,152,152,0,0,152,-1,-1,true,9.456455309873959e-09,9.456670577209805e-09,nan,ic0,0.0,false,1e-08,scipy-openblas:0.3.31.188.0
python,single_thread,spd,suitesparse_spd,suitesparse_spd/HB_1138_bus_n00001138,pcg_ic0,1138,4054,1001,30,75932692.0,988183.0,75502706.0,76203233.5,72201931.0,975205.75,71711835.0,72507757.0,484576.71812080534,17810.04711396152,2903.7750370004933,149,149,0,0,149,-1,-1,true,7.440815761467176e-09,7.441829715625086e-09,nan,ic0,0.0,false,1e-08,scipy-openblas:0.3.31.188.0
python,single_thread,spd,suitesparse_spd,suitesparse_spd/HB_1138_bus_n00001138,pcg_ic0,1138,4054,1002,30,77272675.0,988632.0,76959259.0,77532811.5,73475842.0,896256.25,73237267.5,73798624.5,486594.98013245035,18124.282683769117,2903.7750370004933,151,151,0,0,151,-1,-1,true,8.64946318291213e-09,8.651021231988865e-09,nan,ic0,0.0,false,1e-08,scipy-openblas:0.3.31.188.0
python,single_thread,spd,suitesparse_spd,suitesparse_spd/HB_1138_bus_n00001138,pcg_jacobi,1138,4054,1000,30,10419272.0,346187.25,10393654.0,10579931.0,8819666.5,377060.75,8686111.0,8853514.0,8680.77411417323,2175.546743956586,717.3556980759744,1016,1016,0,0,1016,-1,-1,true,8.634477442238487e-09,8.634787173723803e-09,nan,jacobi,nan,false,1e-08,scipy-openblas:0.3.31.188.0
python,single_thread,spd,suitesparse_spd,suitesparse_spd/HB_1138_bus_n00001138,pcg_jacobi,1138,4054,1001,30,10716089.5,564106.75,10355271.6625,10828972.049999999,9016449.5,555705.25,8754024.0,9220787.0,8865.732055063914,2224.0871978293044,717.3556980759744,1017,1017,0,0,1017,-1,-1,true,8.645175832628105e-09,8.63924250721441e-09,nan,jacobi,nan,false,1e-08,scipy-openblas:0.3.31.188.0
python,single_thread,spd,suitesparse_spd,suitesparse_spd/HB_1138_bus_n00001138,pcg_jacobi,1138,4054,1002,30,10906014.0,66223.25,10882425.0,10937369.425,9299069.0,72168.0,9269650.0,9321561.5,9161.644334975368,2293.8009373458312,717.3556980759744,1015,1015,0,0,1015,-1,-1,true,8.435129040027775e-09,8.435373266333157e-09,nan,jacobi,nan,false,1e-08,scipy-openblas:0.3.31.188.0
python,single_thread,spd,suitesparse_spd,suitesparse_spd/HB_bcsstk14_n00001806,cg,1806,63454,1000,30,81050459.5,1602428.25,80561875.0,81743556.2,56619350.0,1017427.5,56357037.5,56990107.5,31350.692137320046,892.2896901692565,202.3018879818451,1806,0,0,0,1806,-1,-1,false,36.64502600904295,36.645026009042915,nan,none,nan,false,1e-08,scipy-openblas:0.3.31.188.0
python,single_thread,spd,suitesparse_spd,suitesparse_spd/HB_bcsstk14_n00001806,cg,1806,63454,1001,30,80082367.0,955403.25,79779403.0,80181523.0,55769121.5,938937.25,55518059.0,55963965.5,30879.912236987817,878.8905585148296,202.3018879818451,1806,0,0,0,1806,-1,-1,false,28.79477274751588,28.79477274751606,nan,none,nan,false,1e-08,scipy-openblas:0.3.31.188.0
python,single_thread,spd,suitesparse_spd,suitesparse_spd/HB_bcsstk14_n00001806,cg,1806,63454,1002,30,80339226.0,731967.25,80147089.5,80492226.5,55983845.5,847103.25,55883136.0,56149057.0,30998.80703211517,882.274490181864,202.3018879818451,1806,0,0,0,1806,-1,-1,false,24.118061247104187,24.118061247104215,nan,none,nan,false,1e-08,scipy-openblas:0.3.31.188.0
python,single_thread,spd,suitesparse_spd,suitesparse_spd/HB_bcsstk14_n00001806,pcg_jacobi,1806,63454,1000,30,56368493.0,1582913.5,55961733.0,56673993.5,22404178.0,448017.5,22230199.0,22543733.5,41955.38951310862,353.0774734453305,202.04368518927097,534,534,0,0,534,-1,-1,true,9.775908237086274e-09,9.775922198098036e-09,nan,jacobi,nan,false,1e-08,scipy-openblas:0.3.31.188.0
python,single_thread,spd,suitesparse_spd,suitesparse_spd/HB_bcsstk14_n00001806,pcg_jacobi,1806,63454,1001,30,57905341.0,10494143.5,57126456.5,66669915.0,22694223.5,3963190.5,22484412.5,26207156.5,42419.10934579439,357.64843035900026,202.04368518927097,535,535,0,0,535,-1,-1,true,8.794518252477373e-09,8.79455829458805e-09,nan,jacobi,nan,false,1e-08,scipy-openblas:0.3.31.188.0
python,single_thread,spd,suitesparse_spd,suitesparse_spd/HB_bcsstk14_n00001806,pcg_jacobi,1806,63454,1002,30,57572220.5,1208993.5,57128295.7875,57970171.0,22905230.0,638414.5,22692749.5,23128282.5,42733.638059701494,360.9737762788792,202.04368518927097,536,536,0,0,536,-1,-1,true,8.005337935611248e-09,8.005329513332446e-09,nan,jacobi,nan,false,1e-08,scipy-openblas:0.3.31.188.0
python,single_thread,spd,suitesparse_spd,suitesparse_spd/HB_bcsstk16_n00004884,cg,4884,290378,1000,30,171138764.5,6231175.0,170142801.0,174348681.0,53844404.5,819881.5,53480837.0,54117129.0,111019.39072164948,185.42866367286777,181.9783041414983,485,0,0,0,485,-1,-1,true,8.98301203345231e-09,8.982883392127253e-09,nan,none,nan,false,1e-08,scipy-openblas:0.3.31.188.0
python,single_thread,spd,suitesparse_spd,suitesparse_spd/HB_bcsstk16_n00004884,cg,4884,290378,1001,30,175841897.0,20577052.25,170596950.5,184870893.5,55227081.0,6378801.25,54296897.5,59317927.512499936,112938.81595092025,190.19030711693034,181.9783041414983,489,0,0,0,489,-1,-1,true,9.543886643754107e-09,9.543871991149407e-09,nan,none,nan,false,1e-08,scipy-openblas:0.3.31.188.0
python,single_thread,spd,suitesparse_spd,suitesparse_spd/HB_bcsstk16_n00004884,cg,4884,290378,1002,30,170294395.0,1640704.25,169800851.5,170926327.5,54060456.0,734597.0,53635896.0375,54215338.0,110102.7617107943,186.17269903367335,181.9783041414983,491,0,0,0,491,-1,-1,true,9.313929277891938e-09,9.313744303470846e-09,nan,none,nan,false,1e-08,scipy-openblas:0.3.31.188.0
python,single_thread,spd,suitesparse_spd,suitesparse_spd/HB_bcsstk16_n00004884,pcg_ic0,4884,290378,1000,30,430412801.0,5223533.25,429250480.5,433076104.5,122549203.5,748563.0,122434510.5,122678857.0,2989004.963414634,422.03336168718016,198.00243820124115,41,41,0,0,41,-1,-1,true,5.815453184763767e-09,5.81545308748507e-09,nan,ic0,0.0,false,1e-08,scipy-openblas:0.3.31.188.0
python,single_thread,spd,suitesparse_spd,suitesparse_spd/HB_bcsstk16_n00004884,pcg_ic0,4884,290378,1001,30,427984260.5,2427253.75,426882037.5,428692598.0,119085701.5,1173324.5,118922473.0,119598590.1875,2977142.5375,410.10579830427923,198.00243820124115,40,40,0,0,40,-1,-1,true,9.333090178748468e-09,9.333090120481163e-09,nan,ic0,0.0,false,1e-08,scipy-openblas:0.3.31.188.0
python,single_thread,spd,suitesparse_spd,suitesparse_spd/HB_bcsstk16_n00004884,pcg_ic0,4884,290378,1002,30,431790678.0,3255611.5,430040513.5,432462493.5,122163338.5,813765.25,121962867.5,122580630.0,2979593.6219512196,420.7045247918231,198.00243820124115,41,41,0,0,41,-1,-1,true,9.38278882045881e-09,9.382788754606154e-09,nan,ic0,0.0,false,1e-08,scipy-openblas:0.3.31.188.0
python,single_thread,spd,suitesparse_spd,suitesparse_spd/HB_bcsstk16_n00004884,pcg_jacobi,4884,290378,1000,30,138516787.5,2284285.25,138155624.0,139588711.0,22776396.5,270245.25,22733117.5,22952348.5,111104.3731707317,78.43705962572922,180.52541170474348,205,205,0,0,205,-1,-1,true,9.592176859081854e-09,9.592176829505775e-09,nan,jacobi,nan,false,1e-08,scipy-openblas:0.3.31.188.0
python,single_thread,spd,suitesparse_spd,suitesparse_spd/HB_bcsstk16_n00004884,pcg_jacobi,4884,290378,1001,30,138644382.5,1534990.0,138112266.5,139187313.475,22706153.0,332497.5,22581433.5,22817405.3875,110761.72195121952,78.19515596911612,180.52541170474348,205,205,0,0,205,-1,-1,true,9.470647966663857e-09,9.47064779366572e-09,nan,jacobi,nan,false,1e-08,scipy-openblas:0.3.31.188.0
python,single_thread,spd,suitesparse_spd,suitesparse_spd/HB_bcsstk16_n00004884,pcg_jacobi,4884,290378,1002,30,138821066.0,1866000.5,138246141.0,139465369.0,22774025.0,242140.0,22718491.0,22847756.0,110553.51941747573,78.42889268470752,180.52541170474348,206,206,0,0,206,-1,-1,true,9.149782083502112e-09,9.14978223710837e-09,nan,jacobi,nan,false,1e-08,scipy-openblas:0.3.31.188.0
python,single_thread,spd,suitesparse_spd,suitesparse_spd/HB_nos3_n00000960,cg,960,15844,1000,30,9016219.5,157164.5,8985089.0,9083746.0,3262007.5,34358.5,3251773.0,3275140.0,12498.113026819923,205.88282630648825,299.1083059833375,261,0,0,0,261,-1,-1,true,8.994160602714755e-09,8.994159204883217e-09,nan,none,nan,false,1e-08,scipy-openblas:0.3.31.188.0
python,single_thread,spd,suitesparse_spd,suitesparse_spd/HB_nos3_n00000960,cg,960,15844,1001,30,8974289.0,148970.25,8944546.5,9015293.0,3282194.5,62341.25,3256450.0,3303207.0,12432.554924242424,207.15693637970207,299.1083059833375,264,0,0,0,264,-1,-1,true,7.180573374851517e-09,7.180575906848309e-09,nan,none,nan,false,1e-08,scipy-openblas:0.3.31.188.0
python,single_thread,spd,suitesparse_spd,suitesparse_spd/HB_nos3_n00000960,cg,960,15844,1002,30,8875116.0,103008.75,8839050.5,8907201.5,3231088.0,27133.5,3221549.5,3236959.0,12285.505703422052,203.931330472103,299.1083059833375,263,0,0,0,263,-1,-1,true,9.583532843930348e-09,9.583533913484217e-09,nan,none,nan,false,1e-08,scipy-openblas:0.3.31.188.0
python,single_thread,spd,suitesparse_spd,suitesparse_spd/HB_nos3_n00000960,pcg_ic0,960,15844,1000,30,35527858.0,473018.75,35325690.0,35715979.5,23874548.5,379120.25,23730582.0,24039032.5,497386.4270833333,1506.8510792729107,509.2855339560717,48,48,0,0,48,-1,-1,true,7.1968206186654676e-09,7.196825231478694e-09,nan,ic0,0.0,false,1e-08,scipy-openblas:0.3.31.188.0
python,single_thread,spd,suitesparse_spd,suitesparse_spd/HB_nos3_n00000960,pcg_ic0,960,15844,1001,30,35359277.0,533782.25,35208989.5,35582143.0,23701431.0,500674.0,23620345.5,23813017.5,493779.8125,1495.924703357738,509.2855339560717,48,48,0,0,48,-1,-1,true,9.963367410774978e-09,9.963367756505984e-09,nan,ic0,0.0,false,1e-08,scipy-openblas:0.3.31.188.0
python,single_thread,spd,suitesparse_spd,suitesparse_spd/HB_nos3_n00000960,pcg_ic0,960,15844,1002,30,35869984.5,356769.0,35765219.0,35957547.5,24099029.0,322076.5,24063964.5,24250712.5,491816.9183673469,1521.0192501893462,509.2855339560717,49,49,0,0,49,-1,-1,true,8.611349068747357e-09,8.611346853907207e-09,nan,ic0,0.0,false,1e-08,scipy-openblas:0.3.31.188.0
python,single_thread,spd,suitesparse_spd,suitesparse_spd/HB_nos3_n00000960,pcg_jacobi,960,15844,1000,30,8698163.0,303769.5,8605316.0,8856636.0,2821441.0,229778.5,2811383.0,2944004.0,12539.737777777777,178.07630648826054,298.0742236808887,225,225,0,0,225,-1,-1,true,6.8582533444712495e-09,6.858254310974467e-09,nan,jacobi,nan,false,1e-08,scipy-openblas:0.3.31.188.0
python,single_thread,spd,suitesparse_spd,suitesparse_spd/HB_nos3_n00000960,pcg_jacobi,960,15844,1001,30,8886684.0,235452.0,8746140.0,8925133.0,3068442.0,268045.5,2858963.0,3090335.5,13577.176991150442,193.6658672052512,298.0742236808887,226,226,0,0,226,-1,-1,true,8.192279922800184e-09,8.192323759453126e-09,nan,jacobi,nan,false,1e-08,scipy-openblas:0.3.31.188.0
python,single_thread,spd,suitesparse_spd,suitesparse_spd/HB_nos3_n00000960,pcg_jacobi,960,15844,1002,30,8663513.5,83636.0,8646820.5,8688962.0,2849789.5,43078.5,2839246.5,2859504.5,12499.076754385966,179.86553269376418,298.0742236808887,228,228,0,0,228,-1,-1,true,8.952068959101014e-09,8.952087069235369e-09,nan,jacobi,nan,false,1e-08,scipy-openblas:0.3.31.188.0
python,single_thread,spd,suitesparse_spd,suitesparse_spd/Pothen_bodyy4_n00017546,cg,17546,121938,1000,30,100273954.0,4132768.25,97660105.5,100954833.0,30020905.0,1500043.0,28979478.5,30148042.0,126670.48523206751,246.19810887500205,202.9558628155292,237,0,0,0,237,-1,-1,true,9.049236063341254e-09,9.04923598240456e-09,nan,none,nan,false,1e-08,scipy-openblas:0.3.31.188.0
python,single_thread,spd,suitesparse_spd,suitesparse_spd/Pothen_bodyy4_n00017546,cg,17546,121938,1001,30,68796757.5,822032.0,68558195.0,69076624.0,22263568.5,410336.0,22099852.5,22383373.5,93939.10759493671,182.5810534861979,202.9558628155292,237,0,0,0,237,-1,-1,true,9.405306366289937e-09,9.405306014311385e-09,nan,none,nan,false,1e-08,scipy-openblas:0.3.31.188.0
python,single_thread,spd,suitesparse_spd,suitesparse_spd/Pothen_bodyy4_n00017546,cg,17546,121938,1002,30,69749661.0,1534704.75,69302865.0,70291292.0,22430186.0,330332.25,22305389.5,22551840.5,94642.13502109706,183.94746510521742,202.9558628155292,237,0,0,0,237,-1,-1,true,9.281390654221133e-09,9.281390402312867e-09,nan,none,nan,false,1e-08,scipy-openblas:0.3.31.188.0
python,single_thread,spd,suitesparse_spd,suitesparse_spd/Pothen_bodyy4_n00017546,pcg_ic0,17546,121938,1000,30,223278017.5,10180875.5,221092015.5,226464810.5,86851816.0,2722061.25,86128598.0,87314689.5,2994890.206896552,712.2621004116846,247.19500073808,29,29,0,0,29,-1,-1,true,4.042250534113018e-09,4.042250525872867e-09,nan,ic0,0.0,false,1e-08,scipy-openblas:0.3.31.188.0
python,single_thread,spd,suitesparse_spd,suitesparse_spd/Pothen_bodyy4_n00017546,pcg_ic0,17546,121938,1001,30,219060771.0,5306819.0,218324458.0,220840041.0,86354206.5,2500080.75,85353109.5,87055064.5,2977731.2586206896,708.1812601486001,247.19500073808,29,29,0,0,29,-1,-1,true,6.323187557237314e-09,6.323187541037851e-09,nan,ic0,0.0,false,1e-08,scipy-openblas:0.3.31.188.0
python,single_thread,spd,suitesparse_spd,suitesparse_spd/Pothen_bodyy4_n00017546,pcg_ic0,17546,121938,1002,30,220298093.5,25297825.75,216178001.5,228637335.0,83776602.0,6570692.0,83321951.0,86336871.5,2992021.5,687.0426118191212,247.19500073808,28,28,0,0,28,-1,-1,true,8.84262253935974e-09,8.842622503117131e-09,nan,ic0,0.0,false,1e-08,scipy-openblas:0.3.31.188.0
python,single_thread,spd,suitesparse_spd,suitesparse_spd/Pothen_bodyy4_n00017546,pcg_jacobi,17546,121938,1000,30,64499181.0,1127825.25,64326407.0,64900173.0,17206514.5,284980.25,17159242.5,17306282.5,94541.28846153847,141.1087150847152,202.48559103806852,182,182,0,0,182,-1,-1,true,9.467798172839461e-09,9.46779829683788e-09,nan,jacobi,nan,false,1e-08,scipy-openblas:0.3.31.188.0
python,single_thread,spd,suitesparse_spd,suitesparse_spd/Pothen_bodyy4_n00017546,pcg_jacobi,17546,121938,1001,30,64983215.5,938067.25,64676913.6375,65306538.0,17445383.0,142205.75,17379599.8375,17497476.5,94811.86413043478,143.06764913316604,202.48559103806852,184,184,0,0,184,-1,-1,true,9.080904733437592e-09,9.080904754822012e-09,nan,jacobi,nan,false,1e-08,scipy-openblas:0.3.31.188.0
python,single_thread,spd,suitesparse_spd,suitesparse_spd/Pothen_bodyy4_n00017546,pcg_jacobi,17546,121938,1002,30,64471389.0,981771.5,64285020.0,65014957.0,17306319.5,139810.5,17275091.0,17344413.5,94570.0519125683,141.9272048090013,202.48559103806852,183,183,0,0,183,-1,-1,true,9.189511325451399e-09,9.189511328221271e-09,nan,jacobi,nan,false,1e-08,scipy-openblas:0.3.31.188.0
python,single_thread,spd,varied_cond_spd,varied_cond_spd/kappa2e0_n00000200,cg,200,40000,1000,30,16693787.0,358710.5,16570587.0,16893466.0,1668410.5,27084.25,1660203.1,1678791.0,19628.358823529412,41.7102625,156.2624,85,0,0,0,85,-1,-1,true,9.041461076185577e-09,9.041460925455573e-09,nan,none,nan,false,1e-08,scipy-openblas:0.3.31.188.0
python,single_thread,spd,varied_cond_spd,varied_cond_spd/kappa2e0_n00000200,cg,200,40000,1001,30,16567278.5,344784.25,16537332.0,16717612.0,1677579.5,28775.75,1667435.0,1684486.0,19506.738372093023,41.9394875,156.2624,86,0,0,0,86,-1,-1,true,8.203966852176124e-09,8.203966769147377e-09,nan,none,nan,false,1e-08,scipy-openblas:0.3.31.188.0
python,single_thread,spd,varied_cond_spd,varied_cond_spd/kappa2e0_n00000200,cg,200,40000,1002,30,16609874.5,166674.25,16563510.0,16677225.0,1669619.5,33444.25,1663565.0,1680476.25,19642.58235294118,41.7404875,156.2624,85,0,0,0,85,-1,-1,true,9.192845474573557e-09,9.192844835698581e-09,nan,none,nan,false,1e-08,scipy-openblas:0.3.31.188.0
python,single_thread,spd,varied_cond_spd,varied_cond_spd/kappa2e0_n00000200,pcg_ic0,200,40000,1000,30,56339369.5,567267.25,56126267.0,56451514.5,868719.5,48529.0,858272.0,882954.5,868719.5,21.7179875,202.24,1,1,0,0,1,-1,-1,true,5.520531951952032e-15,5.369911842905126e-15,nan,ic0,0.0,false,1e-08,scipy-openblas:0.3.31.188.0
python,single_thread,spd,varied_cond_spd,varied_cond_spd/kappa2e0_n00000200,pcg_ic0,200,40000,1001,30,56551403.0,487778.75,56385651.5,56747973.0,863659.0,40622.75,849126.0,879096.5,863659.0,21.591475,202.24,1,1,0,0,1,-1,-1,true,5.092244792551137e-15,4.7901905969671585e-15,nan,ic0,0.0,false,1e-08,scipy-openblas:0.3.31.188.0
python,single_thread,spd,varied_cond_spd,varied_cond_spd/kappa2e0_n00000200,pcg_ic0,200,40000,1002,30,56844773.5,675679.75,56574711.0,57095174.5,880903.0,38678.0,865179.5,896181.0,880903.0,22.022575,202.24,1,1,0,0,1,-1,-1,true,5.1137881593911305e-15,4.93324375403425e-15,nan,ic0,0.0,false,1e-08,scipy-openblas:0.3.31.188.0
python,single_thread,spd,varied_cond_spd,varied_cond_spd/kappa2e0_n00000200,pcg_jacobi,200,40000,1000,30,17242068.5,443713.0,17025157.0,17361603.0,1699752.0,71450.0,1688800.0,1747375.0,20235.142857142855,42.4938,161.5872,84,84,0,0,84,-1,-1,true,7.72081416315509e-09,7.720813698120588e-09,nan,jacobi,nan,false,1e-08,scipy-openblas:0.3.31.188.0
python,single_thread,spd,varied_cond_spd,varied_cond_spd/kappa2e0_n00000200,pcg_jacobi,200,40000,1001,30,17122756.5,321377.0,16984867.0,17216475.0,1683794.5,29162.0,1674864.0,1688316.0,20045.17261904762,42.094862500000005,161.5872,84,84,0,0,84,-1,-1,true,9.371510748195044e-09,9.371510582759118e-09,nan,jacobi,nan,false,1e-08,scipy-openblas:0.3.31.188.0
python,single_thread,spd,varied_cond_spd,varied_cond_spd/kappa2e0_n00000200,pcg_jacobi,200,40000,1002,30,16993966.0,131555.0,16951280.5,17010627.5,1696790.5,19762.25,1692109.0,1707779.0,19962.24117647059,42.419762500000004,161.5872,85,85,0,0,85,-1,-1,true,8.800542316349839e-09,8.800541906556566e-09,nan,jacobi,nan,false,1e-08,scipy-openblas:0.3.31.188.0
python,single_thread,spd,varied_cond_spd,varied_cond_spd/kappa4e0_n00000200,cg,200,40000,1000,30,19382623.5,362328.25,19268434.5,19499905.0,3841578.0,35852.5,3835457.5,3866577.5,19207.89,96.03945,177.9712,200,0,0,0,200,-1,-1,false,0.010067511048072384,0.010067511048000478,nan,none,nan,false,1e-08,scipy-openblas:0.3.31.188.0
python,single_thread,spd,varied_cond_spd,varied_cond_spd/kappa4e0_n00000200,cg,200,40000,1001,30,19312596.0,398165.25,19174182.5,19420953.5,3854889.0,64100.75,3837854.0,3874384.0,19274.445,96.372225,177.9712,200,0,0,0,200,-1,-1,false,0.017271458917811153,0.01727145891783817,nan,none,nan,false,1e-08,scipy-openblas:0.3.31.188.0
python,single_thread,spd,varied_cond_spd,varied_cond_spd/kappa4e0_n00000200,cg,200,40000,1002,30,19478232.5,231847.0,19401922.5,19570543.0,3852979.0,77947.25,3828319.2875,3881978.0,19264.895,96.324475,177.9712,200,0,0,0,200,-1,-1,false,0.009699798030285783,0.009699798030271895,nan,none,nan,false,1e-08,scipy-openblas:0.3.31.188.0
python,single_thread,spd,varied_cond_spd,varied_cond_spd/kappa4e0_n00000200,pcg_ic0,200,40000,1000,30,78470756.0,2080238.25,77849666.0,79281684.0,1283306.0,92864.5,1257080.0,1302136.5,1283306.0,32.08265,199.68,1,1,0,0,1,-1,-1,true,2.2128632533772668e-13,2.334936054516002e-13,nan,ic0,0.0,false,1e-08,scipy-openblas:0.3.31.188.0
python,single_thread,spd,varied_cond_spd,varied_cond_spd/kappa4e0_n00000200,pcg_ic0,200,40000,1001,30,80034036.5,9889959.5,78585294.0,81574670.0,1239000.0,63617.5,1228380.0,1266234.5,1239000.0,30.975,199.68,1,1,0,0,1,-1,-1,true,2.410275323483309e-13,2.520210984340823e-13,nan,ic0,0.0,false,1e-08,scipy-openblas:0.3.31.188.0
python,single_thread,spd,varied_cond_spd,varied_cond_spd/kappa4e0_n00000200,pcg_ic0,200,40000,1002,30,78853712.0,992395.75,78601229.5,79194757.0,1234927.5,71798.0,1219595.0,1270442.0,1234927.5,30.8731875,199.68,1,1,0,0,1,-1,-1,true,2.1275140139381536e-13,1.9830784388849228e-13,nan,ic0,0.0,false,1e-08,scipy-openblas:0.3.31.188.0
python,single_thread,spd,varied_cond_spd,varied_cond_spd/kappa4e0_n00000200,pcg_jacobi,200,40000,1000,30,19582673.0,365654.25,19382690.5,19690917.0,3866386.0,36450.5,3853152.5,3880080.0,19331.93,96.65965,176.9472,200,201,0,0,200,-1,-1,false,0.00919096345438118,0.009190963454360367,nan,jacobi,nan,false,1e-08,scipy-openblas:0.3.31.188.0
python,single_thread,spd,varied_cond_spd,varied_cond_spd/kappa4e0_n00000200,pcg_jacobi,200,40000,1001,30,19406598.0,227561.75,19359580.9375,19501793.0,3851418.0,40555.5,3836338.0,3871535.5,19257.09,96.28545,176.9472,200,201,0,0,200,-1,-1,false,0.009816495756061956,0.009816495756046756,nan,jacobi,nan,false,1e-08,scipy-openblas:0.3.31.188.0
python,single_thread,spd,varied_cond_spd,varied_cond_spd/kappa4e0_n00000200,pcg_jacobi,200,40000,1002,30,19368051.5,192369.5,19315859.0,19446019.6375,3855233.0,44056.25,3846737.0,3869657.5,19276.165,96.380825,176.9472,200,201,0,0,200,-1,-1,false,0.009774749883838082,0.009774749883844882,nan,jacobi,nan,false,1e-08,scipy-openblas:0.3.31.188.0
python,single_thread,spd,varied_cond_spd,varied_cond_spd/kappa4e0_n00000500,cg,500,250000,1000,30,156134653.5,2123427.5,155752869.5,157079068.5,51193295.0,367180.0,51096484.5,51390659.325,102386.59,204.77318,149.356544,500,0,0,0,500,-1,-1,false,2.2749423429936786e-05,2.2749423474699008e-05,nan,none,nan,false,1e-08,scipy-openblas:0.3.31.188.0
python,single_thread,spd,varied_cond_spd,varied_cond_spd/kappa4e0_n00000500,cg,500,250000,1001,30,156003384.5,2076270.0,155579922.0,156934392.0,51006246.0,340430.25,50928403.5,51168897.0,102012.492,204.024984,149.356544,500,0,0,0,500,-1,-1,false,2.468854151867282e-05,2.468854154144912e-05,nan,none,nan,false,1e-08,scipy-openblas:0.3.31.188.0
python,single_thread,spd,varied_cond_spd,varied_cond_spd/kappa4e0_n00000500,cg,500,250000,1002,30,156301879.0,1697129.75,155721526.0,156898410.0,51302169.5,396390.75,51156809.5,51403900.0,102604.339,205.208678,149.356544,500,0,0,0,500,-1,-1,false,2.2054624438018924e-05,2.20546244636989e-05,nan,none,nan,false,1e-08,scipy-openblas:0.3.31.188.0
python,single_thread,spd,varied_cond_spd,varied_cond_spd/kappa4e0_n00000500,pcg_ic0,500,250000,1000,30,702083318.5,35549594.5,697576057.0,716752932.0,3058964.0,148171.75,3022810.0,3110275.5,3058964.0,12.235856,160.219136,1,1,0,0,1,-1,-1,true,3.930323280726219e-13,3.9478963272034905e-13,nan,ic0,0.0,false,1e-08,scipy-openblas:0.3.31.188.0
python,single_thread,spd,varied_cond_spd,varied_cond_spd/kappa4e0_n00000500,pcg_ic0,500,250000,1001,30,704271267.5,4918926.5,702679639.5,706722931.0,3032854.0,94803.0,3013879.0,3078772.0,3032854.0,12.131416000000002,160.219136,1,1,0,0,1,-1,-1,true,4.2096148479785383e-13,4.385716697070578e-13,nan,ic0,0.0,false,1e-08,scipy-openblas:0.3.31.188.0
python,single_thread,spd,varied_cond_spd,varied_cond_spd/kappa4e0_n00000500,pcg_ic0,500,250000,1002,30,703521344.0,5723996.5,702120861.0,704447026.0,3018151.0,80921.75,2997095.5,3044133.0,3018151.0,12.072604,160.219136,1,1,0,0,1,-1,-1,true,3.6041421914779803e-13,3.687025072291108e-13,nan,ic0,0.0,false,1e-08,scipy-openblas:0.3.31.188.0
python,single_thread,spd,varied_cond_spd,varied_cond_spd/kappa4e0_n00000500,pcg_jacobi,500,250000,1000,30,216794229.0,19657970.0,214188545.0,224236650.5,69717138.5,2714278.25,69324090.8625,71008663.5,139434.277,278.868554,145.915904,500,501,0,0,500,-1,-1,false,1.7772934545881655e-05,1.7772934556241383e-05,nan,jacobi,nan,false,1e-08,scipy-openblas:0.3.31.188.0
python,single_thread,spd,varied_cond_spd,varied_cond_spd/kappa4e0_n00000500,pcg_jacobi,500,250000,1001,30,215141462.0,27013281.25,211989294.0,226537717.29999995,69337243.0,5676242.5,68865171.9,70727801.5,138674.486,277.348972,145.915904,500,501,0,0,500,-1,-1,false,2.572291132195758e-05,2.5722911374583828e-05,nan,jacobi,nan,false,1e-08,scipy-openblas:0.3.31.188.0
python,single_thread,spd,varied_cond_spd,varied_cond_spd/kappa4e0_n00000500,pcg_jacobi,500,250000,1002,30,213414591.5,5136119.75,211840035.5,215523974.0,68808012.5,1589687.75,68303906.5,69302690.0,137616.025,275.23204999999996,145.915904,500,501,0,0,500,-1,-1,false,1.9487570832412346e-05,1.948757076970495e-05,nan,jacobi,nan,false,1e-08,scipy-openblas:0.3.31.188.0
python,single_thread,spd,varied_cond_spd,varied_cond_spd/kappa4e0_n00001000,cg,1000,1000000,1000,30,883336306.5,124669422.75,864090442.5,928473017.5,358966208.5,23524728.25,358685308.0,378684885.0,399739.65311804006,358.9662085,155.81184,898,0,0,0,898,-1,-1,true,7.7493608073319e-09,7.749436759697564e-09,nan,none,nan,false,1e-08,scipy-openblas:0.3.31.188.0
python,single_thread,spd,varied_cond_spd,varied_cond_spd/kappa4e0_n00001000,cg,1000,1000000,1001,30,800096149.0,7335757.5,798709045.5,803034721.5,362913915.0,3059170.0,362653929.0,364230044.0,401009.8508287293,362.913915,155.81184,905,0,0,0,905,-1,-1,true,8.823369923395175e-09,8.823406531094918e-09,nan,none,nan,false,1e-08,scipy-openblas:0.3.31.188.0
python,single_thread,spd,varied_cond_spd,varied_cond_spd/kappa4e0_n00001000,cg,1000,1000000,1002,30,800506008.0,9342203.0,797923098.375,804771953.5,363638391.0,6111915.5,362044020.0,365502680.0,401810.37679558014,363.63839099999996,155.81184,905,0,0,0,905,-1,-1,true,8.272363674767242e-09,8.27236592491257e-09,nan,none,nan,false,1e-08,scipy-openblas:0.3.31.188.0
python,single_thread,spd,varied_cond_spd,varied_cond_spd/kappa4e0_n00001000,pcg_ic0,1000,1000000,1000,30,5810616913.0,222468239.0,5712617009.0,5858505399.975,11082645.0,289345.5,10960936.5,11201597.5,11082645.0,11.082645,161.570816,1,1,0,0,1,-1,-1,true,5.092050770222038e-13,5.188928456223977e-13,nan,ic0,0.0,false,1e-08,scipy-openblas:0.3.31.188.0
python,single_thread,spd,varied_cond_spd,varied_cond_spd/kappa4e0_n00001000,pcg_ic0,1000,1000000,1001,30,5896164479.0,30812263.0,5887813645.5,5902439139.5,10954930.5,149585.0,10930236.0,11010534.5,10954930.5,10.9549305,161.570816,1,1,0,0,1,-1,-1,true,5.970130782378623e-13,5.888232379333451e-13,nan,ic0,0.0,false,1e-08,scipy-openblas:0.3.31.188.0
python,single_thread,spd,varied_cond_spd,varied_cond_spd/kappa4e0_n00001000,pcg_ic0,1000,1000000,1002,30,5901971350.5,39552091.25,5894841611.0,5915424128.0,10954135.5,346828.75,10886305.5,11055060.0,10954135.5,10.9541355,161.570816,1,1,0,0,1,-1,-1,true,5.102532022388881e-13,5.368674692304474e-13,nan,ic0,0.0,false,1e-08,scipy-openblas:0.3.31.188.0
python,single_thread,spd,varied_cond_spd,varied_cond_spd/kappa4e0_n00001000,pcg_jacobi,1000,1000000,1000,30,804045755.5,145335332.0,796623257.0,922688018.0,358304525.0,19837114.0,357465222.0,367627925.0,401686.6872197309,358.304525,154.836992,892,892,0,0,892,-1,-1,true,9.144815401104575e-09,9.144753125872013e-09,nan,jacobi,nan,false,1e-08,scipy-openblas:0.3.31.188.0
python,single_thread,spd,varied_cond_spd,varied_cond_spd/kappa4e0_n00001000,pcg_jacobi,1000,1000000,1001,30,797771781.5,26193256.0,793001935.5,810274243.0,359265422.0,6051847.75,357914843.5,361171476.5,402763.9260089686,359.265422,154.836992,892,892,0,0,892,-1,-1,true,8.48842489605435e-09,8.488439589298418e-09,nan,jacobi,nan,false,1e-08,scipy-openblas:0.3.31.188.0
python,single_thread,spd,varied_cond_spd,varied_cond_spd/kappa4e0_n00001000,pcg_jacobi,1000,1000000,1002,30,839275488.0,85938557.5,822135114.5,891629131.2624999,363891065.5,25249812.25,358479598.5,373236743.5,404323.4061111111,363.89106549999997,154.836992,900,900,0,0,900,-1,-1,true,9.282148752292326e-09,9.28213685774155e-09,nan,jacobi,nan,false,1e-08,scipy-openblas:0.3.31.188.0
python,single_thread,spd,varied_cond_spd,varied_cond_spd/kappa6e0_n00000200,cg,200,40000,1000,30,19550780.5,261916.0,19476210.5,19620773.0,3909568.5,43148.25,3899434.0,3926685.0,19547.8425,97.7392125,158.4128,200,0,0,0,200,-1,-1,false,5.75444183633865,5.754441836337745,nan,none,nan,false,1e-08,scipy-openblas:0.3.31.188.0
python,single_thread,spd,varied_cond_spd,varied_cond_spd/kappa6e0_n00000200,cg,200,40000,1001,30,19645514.5,387514.0,19484834.0,19823069.5,3916805.5,28678.75,3910909.5,3930081.0,19584.0275,97.92013750000001,158.4128,200,0,0,0,200,-1,-1,false,7.122920279905427,7.122920279906115,nan,none,nan,false,1e-08,scipy-openblas:0.3.31.188.0
python,single_thread,spd,varied_cond_spd,varied_cond_spd/kappa6e0_n00000200,cg,200,40000,1002,30,19622301.5,468560.75,19475861.0,19841768.0,3907578.5,59931.0,3881302.5,3933448.5,19537.8925,97.6894625,158.4128,200,0,0,0,200,-1,-1,false,2.650762383521654,2.6507623835214504,nan,none,nan,false,1e-08,scipy-openblas:0.3.31.188.0
python,single_thread,spd,varied_cond_spd,varied_cond_spd/kappa6e0_n00000200,pcg_ic0,200,40000,1000,30,56858051.5,556210.0,56682814.5,57132773.5,898547.5,34507.0,891345.0,906199.3999999997,898547.5,22.4636875,204.0832,1,1,0,0,1,-1,-1,true,1.3425367883302334e-11,1.2974430446258966e-11,nan,ic0,0.0,false,1e-08,scipy-openblas:0.3.31.188.0
python,single_thread,spd,varied_cond_spd,varied_cond_spd/kappa6e0_n00000200,pcg_ic0,200,40000,1001,30,57203038.5,476123.0,57073152.5,57371640.0,890101.5,29710.25,879811.5,901326.5,890101.5,22.2525375,204.0832,1,1,0,0,1,-1,-1,true,1.4261830619796752e-11,1.5434035605315245e-11,nan,ic0,0.0,false,1e-08,scipy-openblas:0.3.31.188.0
python,single_thread,spd,varied_cond_spd,varied_cond_spd/kappa6e0_n00000200,pcg_ic0,200,40000,1002,30,57183861.0,371470.0,57038904.5,57317441.5,895006.0,37365.75,880234.0,903483.0,895006.0,22.375149999999998,204.0832,1,1,0,0,1,-1,-1,true,1.2642433806183744e-11,1.3311277511005823e-11,nan,ic0,0.0,false,1e-08,scipy-openblas:0.3.31.188.0
python,single_thread,spd,varied_cond_spd,varied_cond_spd/kappa6e0_n00000200,pcg_jacobi,200,40000,1000,30,19565860.0,119347.25,19544309.0,19626766.0,4099685.0,31225.75,4081244.0,4102655.5,20498.425,102.49212499999999,193.536,200,201,0,0,200,-1,-1,false,5.9461702655222535,5.946170265523791,nan,jacobi,nan,false,1e-08,scipy-openblas:0.3.31.188.0
python,single_thread,spd,varied_cond_spd,varied_cond_spd/kappa6e0_n00000200,pcg_jacobi,200,40000,1001,30,19464725.0,325792.25,19349685.0,19619119.5,3884376.0,21015.0,3876450.0,3892706.0,19421.879999999997,97.1094,193.536,200,201,0,0,200,-1,-1,false,8.540361020131202,8.540361020133844,nan,jacobi,nan,false,1e-08,scipy-openblas:0.3.31.188.0
python,single_thread,spd,varied_cond_spd,varied_cond_spd/kappa6e0_n00000200,pcg_jacobi,200,40000,1002,30,19351642.0,124464.25,19318378.0,19387327.5,3882476.0,26625.0,3868669.475,3891071.0,19412.379999999997,97.06190000000001,193.536,200,201,0,0,200,-1,-1,false,5.728641155512914,5.728641155512276,nan,jacobi,nan,false,1e-08,scipy-openblas:0.3.31.188.0
