schema_version,language,regime,requested_threads,observed_task_threads,observed_blas_threads,blas_backend,omp_num_threads,openblas_num_threads,mkl_num_threads,seed,family,instance_key,n,nnz,method,rep,warmup_discarded,t_assembly_ns,t_precond_ns,t_solve_ns,t_total_ns,matvecs,precond_applications,orthogonalizations,restart_cycles,iterations,converged,stop_residual,relres,drazin_error,time_per_matvec_ns,ns_per_nonzero,peak_rss_bytes,peak_rss_method,peak_rss_inproc_bytes,baseline_rss_bytes,runtime_live_bytes,peak_bytes_per_nonzero,index_a,krylov_m,tol,precond_kind,precond_fill_factor,precond_shift,precond_breakdown,timestamp_utc
2,python,single_thread,1,1,1,scipy-openblas:0.3.31.188.0,1,1,1,12345,sparse_block_singular,sparse_block_singular/n00000503,503,1500,gmres,1,0,729576,1449,57020967,57751992,121,0,7260,1,120,false,0.02588387401416853,0.02588386497000311,11932836.119315095,471247.6611570248,38013.978,4034560,usr_bin_time_v,2674688,59604992,NaN,2689.7066666666665,0,120,1e-08,none,NaN,NaN,false,2026-07-28T14:32:46.492044+00:00
2,python,single_thread,1,1,1,scipy-openblas:0.3.31.188.0,1,1,1,1000,blockdiag_high_index_singular,blockdiag_high_index_singular/ncore040_k5_n00000045,45,1604,gmres,1,0,930125,1489,4681967,5613581,46,0,1035,1,45,false,0.31605388512495924,0.31605388512495913,0.8343733608495706,101781.89130434782,2918.9320448877806,2629632,usr_bin_time_v,1273856,59604992,NaN,1639.4214463840399,0,120,1e-08,none,NaN,NaN,false,2026-07-28T14:32:54.117708+00:00
2,python,single_thread,1,1,1,scipy-openblas:0.3.31.188.0,1,1,1,1001,blockdiag_high_index_singular,blockdiag_high_index_singular/ncore040_k5_n00000045,45,1604,gmres,1,0,805772,847,4654384,5461003,47,0,1081,1,46,false,0.00858541319012137,0.008585413190121367,0.7776375265648046,99029.44680851063,2901.7356608478804,2629632,usr_bin_time_v,1302528,59604992,NaN,1639.4214463840399,0,120,1e-08,none,NaN,NaN,false,2026-07-28T14:32:54.117708+00:00
2,python,single_thread,1,1,1,scipy-openblas:0.3.31.188.0,1,1,1,1002,blockdiag_high_index_singular,blockdiag_high_index_singular/ncore040_k5_n00000045,45,1604,gmres,1,0,788091,679,4653058,5441828,47,0,1081,1,46,false,0.021940519875934046,0.021940519875934046,0.2944364735890761,99001.23404255319,2900.9089775561097,2629632,usr_bin_time_v,1314816,59604992,NaN,1639.4214463840399,0,120,1e-08,none,NaN,NaN,false,2026-07-28T14:32:54.117708+00:00
2,python,single_thread,1,1,1,scipy-openblas:0.3.31.188.0,1,1,1,1003,blockdiag_high_index_singular,blockdiag_high_index_singular/ncore040_k5_n00000045,45,1604,gmres,1,0,1099940,1092,4563335,5664367,46,0,1035,1,45,false,0.13467128077230847,0.13467128077230847,0.5990985610163421,99202.93478260869,2844.971945137157,2629632,usr_bin_time_v,1314816,59604992,NaN,1639.4214463840399,0,120,1e-08,none,NaN,NaN,false,2026-07-28T14:32:54.117708+00:00
2,python,single_thread,1,1,1,scipy-openblas:0.3.31.188.0,1,1,1,1004,blockdiag_high_index_singular,blockdiag_high_index_singular/ncore040_k5_n00000045,45,1604,gmres,1,0,834291,675,4716586,5551552,47,0,1081,1,46,false,0.0923027407654807,0.09230274076548065,0.8006728688340475,100352.89361702128,2940.5149625935164,2629632,usr_bin_time_v,1318912,59604992,NaN,1639.4214463840399,0,120,1e-08,none,NaN,NaN,false,2026-07-28T14:32:54.117708+00:00
2,python,single_thread,1,1,1,scipy-openblas:0.3.31.188.0,1,1,1,1005,blockdiag_high_index_singular,blockdiag_high_index_singular/ncore040_k5_n00000045,45,1604,gmres,1,0,824783,704,4420666,5246153,46,0,1035,1,45,false,0.18682567857222526,0.1868256785722253,0.4407633895030727,96101.43478260869,2756.0261845386535,2629632,usr_bin_time_v,1323008,59604992,NaN,1639.4214463840399,0,120,1e-08,none,NaN,NaN,false,2026-07-28T14:32:54.117708+00:00
2,python,single_thread,1,1,1,scipy-openblas:0.3.31.188.0,1,1,1,1006,blockdiag_high_index_singular,blockdiag_high_index_singular/ncore040_k5_n00000045,45,1604,gmres,1,0,778364,661,4467592,5246617,46,0,1035,1,45,false,0.15357643962797354,0.15357643962797354,0.27010281047784973,97121.56521739131,2785.281795511222,2629632,usr_bin_time_v,1323008,59604992,NaN,1639.4214463840399,0,120,1e-08,none,NaN,NaN,false,2026-07-28T14:32:54.117708+00:00
2,python,single_thread,1,1,1,scipy-openblas:0.3.31.188.0,1,1,1,1007,blockdiag_high_index_singular,blockdiag_high_index_singular/ncore040_k5_n00000045,45,1604,gmres,1,0,765263,625,4635520,5401408,47,0,1081,1,46,false,0.005175083020473966,0.005175083020473964,0.6413823522439277,98628.08510638298,2889.9750623441396,2629632,usr_bin_time_v,1323008,59604992,NaN,1639.4214463840399,0,120,1e-08,none,NaN,NaN,false,2026-07-28T14:32:54.117708+00:00
2,python,single_thread,1,1,1,scipy-openblas:0.3.31.188.0,1,1,1,1008,blockdiag_high_index_singular,blockdiag_high_index_singular/ncore040_k5_n00000045,45,1604,gmres,1,0,749078,611,4672592,5422281,47,0,1081,1,46,false,0.021303080784954433,0.02130308078495444,0.4849564023072685,99416.85106382979,2913.0872817955114,2629632,usr_bin_time_v,1327104,59604992,NaN,1639.4214463840399,0,120,1e-08,none,NaN,NaN,false,2026-07-28T14:32:54.117708+00:00
2,python,single_thread,1,1,1,scipy-openblas:0.3.31.188.0,1,1,1,1009,blockdiag_high_index_singular,blockdiag_high_index_singular/ncore040_k5_n00000045,45,1604,gmres,1,0,733177,718,4445559,5179454,46,0,1035,1,45,false,0.1728015256260698,0.17280152562606985,0.8541244697874453,96642.58695652174,2771.545511221945,2629632,usr_bin_time_v,1331200,59604992,NaN,1639.4214463840399,0,120,1e-08,none,NaN,NaN,false,2026-07-28T14:32:54.117708+00:00
2,python,single_thread,1,1,1,scipy-openblas:0.3.31.188.0,1,1,1,1010,blockdiag_high_index_singular,blockdiag_high_index_singular/ncore040_k5_n00000045,45,1604,gmres,1,0,752259,662,4672935,5425856,47,0,1081,1,46,false,0.11155838930128001,0.11155838930128004,1.3026366177055728,99424.14893617021,2913.301122194514,2629632,usr_bin_time_v,1335296,59604992,NaN,1639.4214463840399,0,120,1e-08,none,NaN,NaN,false,2026-07-28T14:32:54.117708+00:00
2,python,single_thread,1,1,1,scipy-openblas:0.3.31.188.0,1,1,1,1011,blockdiag_high_index_singular,blockdiag_high_index_singular/ncore040_k5_n00000045,45,1604,gmres,1,0,790498,657,4416875,5208030,46,0,1035,1,45,false,0.05684050487859957,0.05684050487859957,0.7148602344450181,96019.02173913043,2753.6627182044886,2629632,usr_bin_time_v,1339392,59604992,NaN,1639.4214463840399,0,120,1e-08,none,NaN,NaN,false,2026-07-28T14:32:54.117708+00:00
2,python,single_thread,1,1,1,scipy-openblas:0.3.31.188.0,1,1,1,1012,blockdiag_high_index_singular,blockdiag_high_index_singular/ncore040_k5_n00000045,45,1604,gmres,1,0,758894,660,4378094,5137648,46,0,1035,1,45,false,0.3018531595426899,0.3018531595426899,0.6952355870805674,95175.95652173914,2729.4850374064836,2629632,usr_bin_time_v,1343488,59604992,NaN,1639.4214463840399,0,120,1e-08,none,NaN,NaN,false,2026-07-28T14:32:54.117708+00:00
2,python,single_thread,1,1,1,scipy-openblas:0.3.31.188.0,1,1,1,1013,blockdiag_high_index_singular,blockdiag_high_index_singular/ncore040_k5_n00000045,45,1604,gmres,1,0,734660,687,4425841,5161188,46,0,1035,1,45,false,0.2250530111513325,0.22505301115133244,0.7686757630217894,96213.93478260869,2759.252493765586,2629632,usr_bin_time_v,1343488,59604992,NaN,1639.4214463840399,0,120,1e-08,none,NaN,NaN,false,2026-07-28T14:32:54.117708+00:00
2,python,single_thread,1,1,1,scipy-openblas:0.3.31.188.0,1,1,1,1014,blockdiag_high_index_singular,blockdiag_high_index_singular/ncore040_k5_n00000045,45,1604,gmres,1,0,731914,650,4581193,5313757,47,0,1081,1,46,false,0.005002214203030029,0.0050022142030300264,0.8699595585461274,97472.1914893617,2856.10536159601,2629632,usr_bin_time_v,1355776,59604992,NaN,1639.4214463840399,0,120,1e-08,none,NaN,NaN,false,2026-07-28T14:32:54.117708+00:00
2,python,single_thread,1,1,1,scipy-openblas:0.3.31.188.0,1,1,1,1015,blockdiag_high_index_singular,blockdiag_high_index_singular/ncore040_k5_n00000045,45,1604,gmres,1,0,731819,629,4591750,5324198,47,0,1081,1,46,false,0.031541032114555764,0.03154103211455577,0.8557471067273291,97696.8085106383,2862.6870324189526,2629632,usr_bin_time_v,1355776,59604992,NaN,1639.4214463840399,0,120,1e-08,none,NaN,NaN,false,2026-07-28T14:32:54.117708+00:00
2,python,single_thread,1,1,1,scipy-openblas:0.3.31.188.0,1,1,1,1016,blockdiag_high_index_singular,blockdiag_high_index_singular/ncore040_k5_n00000045,45,1604,gmres,1,0,758846,630,4368127,5127603,46,0,1035,1,45,false,0.1625687318017859,0.16256873180178588,0.6616490072021061,94959.28260869565,2723.271197007481,2629632,usr_bin_time_v,1355776,59604992,NaN,1639.4214463840399,0,120,1e-08,none,NaN,NaN,false,2026-07-28T14:32:54.117708+00:00
2,python,single_thread,1,1,1,scipy-openblas:0.3.31.188.0,1,1,1,1017,blockdiag_high_index_singular,blockdiag_high_index_singular/ncore040_k5_n00000045,45,1604,gmres,1,0,739375,667,4588382,5328424,47,0,1081,1,46,false,0.06274405690207448,0.06274405690207448,0.5361743990767857,97625.14893617021,2860.5872817955114,2629632,usr_bin_time_v,1359872,59604992,NaN,1639.4214463840399,0,120,1e-08,none,NaN,NaN,false,2026-07-28T14:32:54.117708+00:00
2,python,single_thread,1,1,1,scipy-openblas:0.3.31.188.0,1,1,1,1018,blockdiag_high_index_singular,blockdiag_high_index_singular/ncore040_k5_n00000045,45,1604,gmres,1,0,742234,690,4464484,5207408,46,0,1035,1,45,false,0.09771499255049343,0.09771499255049342,0.4452738340445827,97054.0,2783.344139650873,2629632,usr_bin_time_v,1363968,59604992,NaN,1639.4214463840399,0,120,1e-08,none,NaN,NaN,false,2026-07-28T14:32:54.117708+00:00
2,python,single_thread,1,1,1,scipy-openblas:0.3.31.188.0,1,1,1,1019,blockdiag_high_index_singular,blockdiag_high_index_singular/ncore040_k5_n00000045,45,1604,gmres,1,0,766358,971,4427718,5195047,46,0,1035,1,45,false,0.1241523573833012,0.12415235738330122,0.36833599578048937,96254.73913043478,2760.422693266833,2629632,usr_bin_time_v,1368064,59604992,NaN,1639.4214463840399,0,120,1e-08,none,NaN,NaN,false,2026-07-28T14:32:54.117708+00:00
2,python,single_thread,1,1,1,scipy-openblas:0.3.31.188.0,1,1,1,12345,sparse_block_singular,sparse_block_singular/n00000103,103,300,gmres,1,0,370693,1121,38520512,38892326,107,0,5671,1,106,false,0.15649910512848805,0.15649910512848803,0.15828841909468097,360004.78504672897,128401.70666666667,3227648,usr_bin_time_v,2220032,59604992,NaN,10758.826666666666,0,120,1e-08,none,NaN,NaN,false,2026-07-28T14:32:54.867998+00:00
2,julia,single_thread,1,1,1,openblas:libopenblas64_.so,1,1,1,12345,sparse_block_singular,sparse_block_singular/n00000503,503,1500,dgmres,1,0,38417863,653,8153914,46572430,2624,0,820,1,40,true,9.215499289239112e-9,0.07376256184201045,6.097394501551342e-7,3107.4367378048782,5435.942666666667,129495040,usr_bin_time_v,110743552,445763584,110765360,86330.02666666667,3,120,1.0e-8,none,NaN,NaN,false,2026-07-28T14:33:00.094
2,julia,single_thread,1,1,1,openblas:libopenblas64_.so,1,1,1,1000,similarity_singular,similarity_singular/ncore040_k4_n00000044,44,1936,gmres,1,0,39366335,743,988191,40355269,45,0,990,1,44,false,0.24258928143542585,0.24258928143542585,0.35405012669041874,21959.8,510.4292355371901,88993792,usr_bin_time_v,70098944,445763584,183287904,45967.86776859504,0,120,1.0e-8,none,NaN,NaN,false,2026-07-28T14:33:04.398
2,julia,single_thread,1,1,1,openblas:libopenblas64_.so,1,1,1,1001,similarity_singular,similarity_singular/ncore040_k4_n00000044,44,1936,gmres,1,0,627845,107,965144,1593096,46,0,1035,1,45,false,0.05011971027495482,0.050119710274954744,0.36283186511143456,20981.391304347828,498.52479338842977,88993792,usr_bin_time_v,70103040,445763584,188557840,45967.86776859504,0,120,1.0e-8,none,NaN,NaN,false,2026-07-28T14:33:04.400
2,julia,single_thread,1,1,1,openblas:libopenblas64_.so,1,1,1,1002,similarity_singular,similarity_singular/ncore040_k4_n00000044,44,1936,gmres,1,0,640764,176,15602266,16243206,46,0,1035,1,45,false,0.093024009688974,0.09302400968897392,0.5944810634249715,339179.6956521739,8059.021694214876,88993792,usr_bin_time_v,70107136,445763584,34478288,45967.86776859504,0,120,1.0e-8,none,NaN,NaN,false,2026-07-28T14:33:04.434
2,julia,single_thread,1,1,1,openblas:libopenblas64_.so,1,1,1,1003,similarity_singular,similarity_singular/ncore040_k4_n00000044,44,1936,gmres,1,0,807437,253,1067759,1875449,46,0,1035,1,45,false,0.06726462205321443,0.06726462205321429,0.2646360622335926,23212.152173913044,551.5284090909091,88993792,usr_bin_time_v,70107136,445763584,39745200,45967.86776859504,0,120,1.0e-8,none,NaN,NaN,false,2026-07-28T14:33:04.436
2,julia,single_thread,1,1,1,openblas:libopenblas64_.so,1,1,1,1004,similarity_singular,similarity_singular/ncore040_k4_n00000044,44,1936,gmres,1,0,722271,208,1024257,1746736,45,0,990,1,44,false,0.09472663243670745,0.09472663243670731,0.882664715822327,22761.266666666666,529.0583677685951,88993792,usr_bin_time_v,70111232,445763584,44805760,45967.86776859504,0,120,1.0e-8,none,NaN,NaN,false,2026-07-28T14:33:04.437
2,julia,single_thread,1,1,1,openblas:libopenblas64_.so,1,1,1,1005,similarity_singular,similarity_singular/ncore040_k4_n00000044,44,1936,gmres,1,0,734219,193,930683,1665095,45,0,990,1,44,false,0.07055039321513118,0.07055039321513128,0.6382979019438029,20681.844444444443,480.72469008264466,88993792,usr_bin_time_v,70111232,445763584,49866880,45967.86776859504,0,120,1.0e-8,none,NaN,NaN,false,2026-07-28T14:33:04.439
2,julia,single_thread,1,1,1,openblas:libopenblas64_.so,1,1,1,1006,similarity_singular,similarity_singular/ncore040_k4_n00000044,44,1936,gmres,1,0,632098,97,873640,1505835,45,0,990,1,44,false,0.16844737609147808,0.16844737609147795,1.3763208540547478,19414.222222222223,451.2603305785124,88993792,usr_bin_time_v,70115328,445763584,54928656,45967.86776859504,0,120,1.0e-8,none,NaN,NaN,false,2026-07-28T14:33:04.441
2,julia,single_thread,1,1,1,openblas:libopenblas64_.so,1,1,1,1007,similarity_singular,similarity_singular/ncore040_k4_n00000044,44,1936,gmres,1,0,620009,39,937364,1557412,46,0,1035,1,45,false,0.008331630972400056,0.008331630972400413,0.5695371378672003,20377.478260869564,484.17561983471074,88993792,usr_bin_time_v,70119424,445763584,60198192,45967.86776859504,0,120,1.0e-8,none,NaN,NaN,false,2026-07-28T14:33:04.442
2,julia,single_thread,1,1,1,openblas:libopenblas64_.so,1,1,1,1008,similarity_singular,similarity_singular/ncore040_k4_n00000044,44,1936,gmres,1,0,617790,37,946548,1564375,46,0,1035,1,45,false,0.11398857651590473,0.11398857651590458,0.5302769208268975,20577.130434782608,488.9194214876033,88993792,usr_bin_time_v,70119424,445763584,65468384,45967.86776859504,0,120,1.0e-8,none,NaN,NaN,false,2026-07-28T14:33:04.444
2,julia,single_thread,1,1,1,openblas:libopenblas64_.so,1,1,1,1009,similarity_singular,similarity_singular/ncore040_k4_n00000044,44,1936,gmres,1,0,615277,42,955875,1571194,46,0,1035,1,45,false,0.06057755617055154,0.060577556170551605,0.434214566597486,20779.891304347828,493.7370867768595,88993792,usr_bin_time_v,70123520,445763584,70739232,45967.86776859504,0,120,1.0e-8,none,NaN,NaN,false,2026-07-28T14:33:04.446
2,julia,single_thread,1,1,1,openblas:libopenblas64_.so,1,1,1,1010,similarity_singular,similarity_singular/ncore040_k4_n00000044,44,1936,gmres,1,0,625328,39,3682015,4307382,45,0,990,1,44,false,0.12064852393275141,0.12064852393275127,0.4466248913618769,81822.55555555556,1901.8672520661157,88993792,usr_bin_time_v,70123520,445763584,33002288,45967.86776859504,0,120,1.0e-8,none,NaN,NaN,false,2026-07-28T14:33:04.450
2,julia,single_thread,1,1,1,openblas:libopenblas64_.so,1,1,1,1011,similarity_singular,similarity_singular/ncore040_k4_n00000044,44,1936,gmres,1,0,625404,55,955833,1581292,46,0,1035,1,45,false,0.05246788964730711,0.05246788964730697,0.5398077100444504,20778.978260869564,493.7153925619835,88993792,usr_bin_time_v,70123520,445763584,38274512,45967.86776859504,0,120,1.0e-8,none,NaN,NaN,false,2026-07-28T14:33:04.452
2,julia,single_thread,1,1,1,openblas:libopenblas64_.so,1,1,1,1012,similarity_singular,similarity_singular/ncore040_k4_n00000044,44,1936,gmres,1,0,622685,58,897427,1520170,45,0,990,1,44,false,0.1544384341230638,0.15443843412306357,0.35802623783125137,19942.82222222222,463.5470041322314,88993792,usr_bin_time_v,70123520,445763584,43340224,45967.86776859504,0,120,1.0e-8,none,NaN,NaN,false,2026-07-28T14:33:04.453
2,julia,single_thread,1,1,1,openblas:libopenblas64_.so,1,1,1,1013,similarity_singular,similarity_singular/ncore040_k4_n00000044,44,1936,gmres,1,0,629183,29,894510,1523722,45,0,990,1,44,false,0.0460555882829923,0.04605558828299231,0.11412326165140024,19878.0,462.0402892561983,88993792,usr_bin_time_v,70123520,445763584,48406592,45967.86776859504,0,120,1.0e-8,none,NaN,NaN,false,2026-07-28T14:33:04.455
2,julia,single_thread,1,1,1,openblas:libopenblas64_.so,1,1,1,1014,similarity_singular,similarity_singular/ncore040_k4_n00000044,44,1936,gmres,1,0,624264,27,934443,1558734,46,0,1035,1,45,false,0.0029986012802252346,0.002998601280225148,0.49198401559853483,20313.978260869564,482.6668388429752,88993792,usr_bin_time_v,70123520,445763584,53680720,45967.86776859504,0,120,1.0e-8,none,NaN,NaN,false,2026-07-28T14:33:04.456
2,julia,single_thread,1,1,1,openblas:libopenblas64_.so,1,1,1,1015,similarity_singular,similarity_singular/ncore040_k4_n00000044,44,1936,gmres,1,0,642299,48,928266,1570613,46,0,1035,1,45,false,0.04661622293415496,0.046616222934155155,0.36793882036932707,20179.695652173912,479.4762396694215,88993792,usr_bin_time_v,70123520,445763584,58955504,45967.86776859504,0,120,1.0e-8,none,NaN,NaN,false,2026-07-28T14:33:04.458
2,julia,single_thread,1,1,1,openblas:libopenblas64_.so,1,1,1,1016,similarity_singular,similarity_singular/ncore040_k4_n00000044,44,1936,gmres,1,0,623764,36,883533,1507333,45,0,990,1,44,false,0.05360776486643925,0.05360776486643919,0.13126332098427337,19634.066666666666,456.37035123966945,88993792,usr_bin_time_v,70123520,445763584,64023840,45967.86776859504,0,120,1.0e-8,none,NaN,NaN,false,2026-07-28T14:33:04.460
2,julia,single_thread,1,1,1,openblas:libopenblas64_.so,1,1,1,1017,similarity_singular,similarity_singular/ncore040_k4_n00000044,44,1936,gmres,1,0,650111,27,2367486,3017624,45,0,990,1,44,false,0.1697669705301676,0.16976697053016768,0.7570687674817829,52610.8,1222.875,88993792,usr_bin_time_v,70123520,445763584,34496624,45967.86776859504,0,120,1.0e-8,none,NaN,NaN,false,2026-07-28T14:33:04.463
2,julia,single_thread,1,1,1,openblas:libopenblas64_.so,1,1,1,1018,similarity_singular,similarity_singular/ncore040_k4_n00000044,44,1936,gmres,1,0,615731,21,866063,1481815,45,0,990,1,44,false,0.1328819753493712,0.132881975349371,0.8225869164570482,19245.844444444443,447.34659090909093,88993792,usr_bin_time_v,70123520,445763584,39566272,45967.86776859504,0,120,1.0e-8,none,NaN,NaN,false,2026-07-28T14:33:04.464
2,julia,single_thread,1,1,1,openblas:libopenblas64_.so,1,1,1,1019,similarity_singular,similarity_singular/ncore040_k4_n00000044,44,1936,gmres,1,0,622131,51,879476,1501658,45,0,990,1,44,false,0.12102253480484149,0.12102253480484118,0.7677435025196813,19543.911111111112,454.27479338842977,88993792,usr_bin_time_v,70123520,445763584,44636576,45967.86776859504,0,120,1.0e-8,none,NaN,NaN,false,2026-07-28T14:33:04.466
2,julia,single_thread,1,1,1,openblas:libopenblas64_.so,1,1,1,1000,illcond_block_singular,illcond_block_singular/ncore040_k2_n00000042,42,1601,gmres,1,0,38919037,656,3900418,42820111,76,0,2850,1,75,false,0.31407935508506774,0.31407935508618356,0.8336238554236608,51321.28947368421,2436.2386008744534,88293376,usr_bin_time_v,69828608,445763584,190778192,55148.89194253591,0,120,1.0e-8,none,NaN,NaN,false,2026-07-28T14:34:37.746
2,julia,single_thread,1,1,1,openblas:libopenblas64_.so,1,1,1,1001,illcond_block_singular,illcond_block_singular/ncore040_k2_n00000042,42,1601,gmres,1,0,15014973,342,3441897,18457212,73,0,2628,1,72,false,0.1266921957315554,0.12669219573158452,0.22408628092167124,47149.27397260274,2149.841973766396,88293376,usr_bin_time_v,69836800,445763584,42816728,55148.89194253591,0,120,1.0e-8,none,NaN,NaN,false,2026-07-28T14:34:37.765
2,julia,single_thread,1,1,1,openblas:libopenblas64_.so,1,1,1,1002,illcond_block_singular,illcond_block_singular/ncore040_k2_n00000042,42,1601,gmres,1,0,509573,58,3656442,4166073,75,0,2775,1,74,false,0.011329211842085239,0.011329211842109332,0.09381787454858925,48752.56,2283.8488444722047,88293376,usr_bin_time_v,69840896,445763584,55097448,55148.89194253591,0,120,1.0e-8,none,NaN,NaN,false,2026-07-28T14:34:37.769
2,julia,single_thread,1,1,1,openblas:libopenblas64_.so,1,1,1,1003,illcond_block_singular,illcond_block_singular/ncore040_k2_n00000042,42,1601,gmres,1,0,2437516,201,3699638,6137355,74,0,2701,1,73,false,0.19048734907703654,0.19048734907732887,1.3903033785268348,49995.10810810811,2310.8294815740164,88293376,usr_bin_time_v,69844992,445763584,67085208,55148.89194253591,0,120,1.0e-8,none,NaN,NaN,false,2026-07-28T14:34:37.775
2,julia,single_thread,1,1,1,openblas:libopenblas64_.so,1,1,1,1004,illcond_block_singular,illcond_block_singular/ncore040_k2_n00000042,42,1601,gmres,1,0,628583,193,6271438,6900214,75,0,2775,1,74,false,0.10553801683773718,0.1055380168378855,1.1653036150778426,83619.17333333334,3917.2004996876954,88293376,usr_bin_time_v,69844992,445763584,40441432,55148.89194253591,0,120,1.0e-8,none,NaN,NaN,false,2026-07-28T14:34:37.782
2,julia,single_thread,1,1,1,openblas:libopenblas64_.so,1,1,1,1005,illcond_block_singular,illcond_block_singular/ncore040_k2_n00000042,42,1601,gmres,1,0,651209,177,3018596,3669982,69,0,2346,1,68,false,0.22264378712021096,0.2226437871205868,0.0693501994798757,43747.76811594203,1885.4440974391005,88293376,usr_bin_time_v,69844992,445763584,51013240,55148.89194253591,0,120,1.0e-8,none,NaN,NaN,false,2026-07-28T14:34:37.786
2,julia,single_thread,1,1,1,openblas:libopenblas64_.so,1,1,1,1006,illcond_block_singular,illcond_block_singular/ncore040_k2_n00000042,42,1601,gmres,1,0,536348,149,4413842,4950339,75,0,2775,1,74,false,0.09001625333866392,0.09001625333874566,0.25756741462317784,58851.22666666667,2756.928169893816,88293376,usr_bin_time_v,69849088,445763584,32401936,55148.89194253591,0,120,1.0e-8,none,NaN,NaN,false,2026-07-28T14:34:37.791
2,julia,single_thread,1,1,1,openblas:libopenblas64_.so,1,1,1,1007,illcond_block_singular,illcond_block_singular/ncore040_k2_n00000042,42,1601,gmres,1,0,525984,139,3466497,3992620,73,0,2628,1,72,false,0.10724752277146399,0.10724752277152282,1.295835821756516,47486.260273972606,2165.207370393504,88293376,usr_bin_time_v,69849088,445763584,44101968,55148.89194253591,0,120,1.0e-8,none,NaN,NaN,false,2026-07-28T14:34:37.795
2,julia,single_thread,1,1,1,openblas:libopenblas64_.so,1,1,1,1008,illcond_block_singular,illcond_block_singular/ncore040_k2_n00000042,42,1601,gmres,1,0,508143,34,3670224,4178401,75,0,2775,1,74,false,0.08829407431149001,0.08829407431127594,0.3515811560256274,48936.32,2292.4572142410993,88293376,usr_bin_time_v,69849088,445763584,56386624,55148.89194253591,0,120,1.0e-8,none,NaN,NaN,false,2026-07-28T14:34:37.799
2,julia,single_thread,1,1,1,openblas:libopenblas64_.so,1,1,1,1009,illcond_block_singular,illcond_block_singular/ncore040_k2_n00000042,42,1601,gmres,1,0,522821,36,4257324,4780181,72,0,2556,1,71,false,0.01896259036023476,0.01896259036021314,1.89644510260418,59129.5,2659.165521549032,88293376,usr_bin_time_v,69853184,445763584,42370528,55148.89194253591,0,120,1.0e-8,none,NaN,NaN,false,2026-07-28T14:34:37.804
2,julia,single_thread,1,1,1,openblas:libopenblas64_.so,1,1,1,1010,illcond_block_singular,illcond_block_singular/ncore040_k2_n00000042,42,1601,gmres,1,0,515095,95,3997629,4512819,74,0,2701,1,73,false,0.12698132066113038,0.12698132066121137,2.178628107264434,54022.01351351351,2496.957526545909,88293376,usr_bin_time_v,69853184,445763584,35149104,55148.89194253591,0,120,1.0e-8,none,NaN,NaN,false,2026-07-28T14:34:37.809
2,julia,single_thread,1,1,1,openblas:libopenblas64_.so,1,1,1,1011,illcond_block_singular,illcond_block_singular/ncore040_k2_n00000042,42,1601,gmres,1,0,510004,42,3225091,3735137,72,0,2556,1,71,false,0.22683844963533584,0.2268384496354902,0.6221265405192141,44792.930555555555,2014.422860712055,88293376,usr_bin_time_v,69853184,445763584,46564992,55148.89194253591,0,120,1.0e-8,none,NaN,NaN,false,2026-07-28T14:34:37.813
2,julia,single_thread,1,1,1,openblas:libopenblas64_.so,1,1,1,1012,illcond_block_singular,illcond_block_singular/ncore040_k2_n00000042,42,1601,gmres,1,0,506140,34,3999925,4506099,75,0,2775,1,74,false,0.15926872513047569,0.1592687251304751,0.022882683614028294,53332.333333333336,2498.3916302311054,88293376,usr_bin_time_v,69853184,445763584,42442536,55148.89194253591,0,120,1.0e-8,none,NaN,NaN,false,2026-07-28T14:34:37.817
2,julia,single_thread,1,1,1,openblas:libopenblas64_.so,1,1,1,1013,illcond_block_singular,illcond_block_singular/ncore040_k2_n00000042,42,1601,gmres,1,0,504262,28,4510641,5014931,76,0,2850,1,75,false,0.22226140298513505,0.22226140298536592,0.22740285390410367,59350.53947368421,2817.3897564022486,88293376,usr_bin_time_v,69853184,445763584,32113456,55148.89194253591,0,120,1.0e-8,none,NaN,NaN,false,2026-07-28T14:34:37.822
2,julia,single_thread,1,1,1,openblas:libopenblas64_.so,1,1,1,1014,illcond_block_singular,illcond_block_singular/ncore040_k2_n00000042,42,1601,gmres,1,0,515947,107,3736518,4252572,73,0,2628,1,72,false,0.11072280524452788,0.11072280524442832,0.6426135269912457,51185.17808219178,2333.8650843222986,88293376,usr_bin_time_v,69853184,445763584,34966936,55148.89194253591,0,120,1.0e-8,none,NaN,NaN,false,2026-07-28T14:34:37.827
2,julia,single_thread,1,1,1,openblas:libopenblas64_.so,1,1,1,1015,illcond_block_singular,illcond_block_singular/ncore040_k2_n00000042,42,1601,gmres,1,0,507001,41,3785016,4292058,74,0,2701,1,73,false,0.15413194874527145,0.15413194874507716,1.3040348298620001,51148.86486486487,2364.157401623985,88293376,usr_bin_time_v,69853184,445763584,37885424,55148.89194253591,0,120,1.0e-8,none,NaN,NaN,false,2026-07-28T14:34:37.831
2,julia,single_thread,1,1,1,openblas:libopenblas64_.so,1,1,1,1016,illcond_block_singular,illcond_block_singular/ncore040_k2_n00000042,42,1601,gmres,1,0,497990,37,3975614,4473641,74,0,2701,1,73,false,0.17646191614160436,0.1764619161415316,0.9083933433847662,53724.51351351351,2483.2067457838853,88293376,usr_bin_time_v,69853184,445763584,32370736,55148.89194253591,0,120,1.0e-8,none,NaN,NaN,false,2026-07-28T14:34:37.835
2,julia,single_thread,1,1,1,openblas:libopenblas64_.so,1,1,1,1017,illcond_block_singular,illcond_block_singular/ncore040_k2_n00000042,42,1601,gmres,1,0,525360,28,3393082,3918470,71,0,2485,1,70,false,0.07565058946487664,0.07565058946477464,0.7605842350526981,47789.887323943665,2119.35165521549,88293376,usr_bin_time_v,69853184,445763584,34660992,55148.89194253591,0,120,1.0e-8,none,NaN,NaN,false,2026-07-28T14:34:37.839
2,julia,single_thread,1,1,1,openblas:libopenblas64_.so,1,1,1,1018,illcond_block_singular,illcond_block_singular/ncore040_k2_n00000042,42,1601,gmres,1,0,514722,120,3684427,4199269,73,0,2628,1,72,false,0.07465128948969424,0.0746512894897074,0.6762402223611729,50471.602739726026,2301.328544659588,88293376,usr_bin_time_v,69853184,445763584,37349072,55148.89194253591,0,120,1.0e-8,none,NaN,NaN,false,2026-07-28T14:34:37.844
2,julia,single_thread,1,1,1,openblas:libopenblas64_.so,1,1,1,1019,illcond_block_singular,illcond_block_singular/ncore040_k2_n00000042,42,1601,gmres,1,0,519798,60,3744693,4264551,73,0,2628,1,72,false,0.1184498375937519,0.11844983759371916,0.19510521901046562,51297.16438356164,2338.9712679575264,88293376,usr_bin_time_v,69853184,445763584,39917136,55148.89194253591,0,120,1.0e-8,none,NaN,NaN,false,2026-07-28T14:34:37.848
2,python,single_thread,1,1,1,scipy-openblas:0.3.31.188.0,1,1,1,1000,similarity_singular,similarity_singular/ncore040_k4_n00000044,44,1936,gmres,1,0,1058886,1395,4444474,5504755,45,0,990,1,44,false,0.24258928143542582,0.2425892814354259,0.35405012669041885,98766.08888888889,2295.6993801652893,2138112,usr_bin_time_v,1277952,59604992,NaN,1104.396694214876,0,120,1e-08,none,NaN,NaN,false,2026-07-28T14:34:38.128752+00:00
2,python,single_thread,1,1,1,scipy-openblas:0.3.31.188.0,1,1,1,1001,similarity_singular,similarity_singular/ncore040_k4_n00000044,44,1936,gmres,1,0,895969,785,4466138,5362892,46,0,1035,1,45,false,0.050119710274954696,0.05011971027495469,0.36528692292306686,97089.95652173914,2306.8894628099174,2138112,usr_bin_time_v,1306624,59604992,NaN,1104.396694214876,0,120,1e-08,none,NaN,NaN,false,2026-07-28T14:34:38.128752+00:00
2,python,single_thread,1,1,1,scipy-openblas:0.3.31.188.0,1,1,1,1002,similarity_singular,similarity_singular/ncore040_k4_n00000044,44,1936,gmres,1,0,875779,680,4402228,5278687,46,0,1035,1,45,false,0.09302400968897391,0.093024009688974,0.5948713963603075,95700.60869565218,2273.878099173554,2138112,usr_bin_time_v,1310720,59604992,NaN,1104.396694214876,0,120,1e-08,none,NaN,NaN,false,2026-07-28T14:34:38.128752+00:00
2,python,single_thread,1,1,1,scipy-openblas:0.3.31.188.0,1,1,1,1003,similarity_singular,similarity_singular/ncore040_k4_n00000044,44,1936,gmres,1,0,865259,599,4342341,5208199,46,0,1035,1,45,false,0.0672646220532141,0.06726462205321421,0.2645762284657878,94398.71739130435,2242.9447314049585,2138112,usr_bin_time_v,1310720,59604992,NaN,1104.396694214876,0,120,1e-08,none,NaN,NaN,false,2026-07-28T14:34:38.128752+00:00
2,python,single_thread,1,1,1,scipy-openblas:0.3.31.188.0,1,1,1,1004,similarity_singular,similarity_singular/ncore040_k4_n00000044,44,1936,gmres,1,0,856368,654,4169763,5026785,45,0,990,1,44,false,0.0947266324367074,0.09472663243670723,0.882664715822328,92661.4,2153.803202479339,2138112,usr_bin_time_v,1318912,59604992,NaN,1104.396694214876,0,120,1e-08,none,NaN,NaN,false,2026-07-28T14:34:38.128752+00:00
2,python,single_thread,1,1,1,scipy-openblas:0.3.31.188.0,1,1,1,1005,similarity_singular,similarity_singular/ncore040_k4_n00000044,44,1936,gmres,1,0,898260,678,4165346,5064284,45,0,990,1,44,false,0.07055039321513101,0.07055039321513121,0.6382979019438019,92563.24444444444,2151.521694214876,2138112,usr_bin_time_v,1323008,59604992,NaN,1104.396694214876,0,120,1e-08,none,NaN,NaN,false,2026-07-28T14:34:38.128752+00:00
2,python,single_thread,1,1,1,scipy-openblas:0.3.31.188.0,1,1,1,1006,similarity_singular,similarity_singular/ncore040_k4_n00000044,44,1936,gmres,1,0,856862,581,4200024,5057467,45,0,990,1,44,false,0.16844737609147775,0.16844737609147792,1.3763208540547487,93333.86666666667,2169.4338842975208,2138112,usr_bin_time_v,1323008,59604992,NaN,1104.396694214876,0,120,1e-08,none,NaN,NaN,false,2026-07-28T14:34:38.128752+00:00
2,python,single_thread,1,1,1,scipy-openblas:0.3.31.188.0,1,1,1,1007,similarity_singular,similarity_singular/ncore040_k4_n00000044,44,1936,gmres,1,0,873121,743,4439238,5313102,46,0,1035,1,45,false,0.008331630972400335,0.008331630972400363,0.56790995619239,96505.17391304347,2292.994834710744,2138112,usr_bin_time_v,1323008,59604992,NaN,1104.396694214876,0,120,1e-08,none,NaN,NaN,false,2026-07-28T14:34:38.128752+00:00
2,python,single_thread,1,1,1,scipy-openblas:0.3.31.188.0,1,1,1,1008,similarity_singular,similarity_singular/ncore040_k4_n00000044,44,1936,gmres,1,0,854285,687,4202947,5057919,45,0,990,1,44,false,0.11398857651590466,0.11398857651590459,0.5302875155615678,93398.82222222222,2170.9436983471073,2138112,usr_bin_time_v,1331200,59604992,NaN,1104.396694214876,0,120,1e-08,none,NaN,NaN,false,2026-07-28T14:34:38.128752+00:00
2,python,single_thread,1,1,1,scipy-openblas:0.3.31.188.0,1,1,1,1009,similarity_singular,similarity_singular/ncore040_k4_n00000044,44,1936,gmres,1,0,861471,591,4499558,5361620,46,0,1035,1,45,false,0.06057755617055159,0.060577556170551564,0.43323628553170157,97816.47826086957,2324.151859504132,2138112,usr_bin_time_v,1331200,59604992,NaN,1104.396694214876,0,120,1e-08,none,NaN,NaN,false,2026-07-28T14:34:38.128752+00:00
2,python,single_thread,1,1,1,scipy-openblas:0.3.31.188.0,1,1,1,1010,similarity_singular,similarity_singular/ncore040_k4_n00000044,44,1936,gmres,1,0,839241,687,4252456,5092384,45,0,990,1,44,false,0.1206485239327514,0.12064852393275127,0.4466248913618772,94499.02222222222,2196.5165289256197,2138112,usr_bin_time_v,1335296,59604992,NaN,1104.396694214876,0,120,1e-08,none,NaN,NaN,false,2026-07-28T14:34:38.128752+00:00
2,python,single_thread,1,1,1,scipy-openblas:0.3.31.188.0,1,1,1,1011,similarity_singular,similarity_singular/ncore040_k4_n00000044,44,1936,gmres,1,0,844540,640,4424358,5269538,46,0,1035,1,45,false,0.05246788964730695,0.052467889647307094,0.5355174293343307,96181.69565217392,2285.3088842975208,2138112,usr_bin_time_v,1339392,59604992,NaN,1104.396694214876,0,120,1e-08,none,NaN,NaN,false,2026-07-28T14:34:38.128752+00:00
2,python,single_thread,1,1,1,scipy-openblas:0.3.31.188.0,1,1,1,1012,similarity_singular,similarity_singular/ncore040_k4_n00000044,44,1936,gmres,1,0,871900,750,4203136,5075786,45,0,990,1,44,false,0.15443843412306377,0.1544384341230636,0.3580262378312515,93403.02222222222,2171.0413223140495,2138112,usr_bin_time_v,1343488,59604992,NaN,1104.396694214876,0,120,1e-08,none,NaN,NaN,false,2026-07-28T14:34:38.128752+00:00
2,python,single_thread,1,1,1,scipy-openblas:0.3.31.188.0,1,1,1,1013,similarity_singular,similarity_singular/ncore040_k4_n00000044,44,1936,gmres,1,0,841085,779,4188279,5030143,45,0,990,1,44,false,0.04605558828299231,0.0460555882829924,0.11412326165140016,93072.86666666667,2163.3672520661157,2138112,usr_bin_time_v,1347584,59604992,NaN,1104.396694214876,0,120,1e-08,none,NaN,NaN,false,2026-07-28T14:34:38.128752+00:00
2,python,single_thread,1,1,1,scipy-openblas:0.3.31.188.0,1,1,1,1014,similarity_singular,similarity_singular/ncore040_k4_n00000044,44,1936,gmres,1,0,846171,651,4396350,5243172,46,0,1035,1,45,false,0.0029986012802252823,0.002998601280225238,0.4935186032488234,95572.82608695653,2270.84194214876,2138112,usr_bin_time_v,1355776,59604992,NaN,1104.396694214876,0,120,1e-08,none,NaN,NaN,false,2026-07-28T14:34:38.128752+00:00
2,python,single_thread,1,1,1,scipy-openblas:0.3.31.188.0,1,1,1,1015,similarity_singular,similarity_singular/ncore040_k4_n00000044,44,1936,gmres,1,0,835521,689,4747198,5583408,46,0,1035,1,45,false,0.04661622293415531,0.04661622293415517,0.3683178909907264,103199.95652173914,2452.065082644628,2138112,usr_bin_time_v,1355776,59604992,NaN,1104.396694214876,0,120,1e-08,none,NaN,NaN,false,2026-07-28T14:34:38.128752+00:00
2,python,single_thread,1,1,1,scipy-openblas:0.3.31.188.0,1,1,1,1016,similarity_singular,similarity_singular/ncore040_k4_n00000044,44,1936,gmres,1,0,854027,667,4215481,5070175,45,0,990,1,44,false,0.05360776486643927,0.05360776486643944,0.1312633209842744,93677.35555555555,2177.4178719008264,2138112,usr_bin_time_v,1359872,59604992,NaN,1104.396694214876,0,120,1e-08,none,NaN,NaN,false,2026-07-28T14:34:38.128752+00:00
2,python,single_thread,1,1,1,scipy-openblas:0.3.31.188.0,1,1,1,1017,similarity_singular,similarity_singular/ncore040_k4_n00000044,44,1936,gmres,1,0,870349,788,4328502,5199639,45,0,990,1,44,false,0.1697669705301677,0.1697669705301678,0.757068767481779,96188.93333333333,2235.7964876033056,2138112,usr_bin_time_v,1363968,59604992,NaN,1104.396694214876,0,120,1e-08,none,NaN,NaN,false,2026-07-28T14:34:38.128752+00:00
2,python,single_thread,1,1,1,scipy-openblas:0.3.31.188.0,1,1,1,1018,similarity_singular,similarity_singular/ncore040_k4_n00000044,44,1936,gmres,1,0,858755,624,4218192,5077571,45,0,990,1,44,false,0.132881975349371,0.13288197534937113,0.8225869164570477,93737.6,2178.818181818182,2138112,usr_bin_time_v,1363968,59604992,NaN,1104.396694214876,0,120,1e-08,none,NaN,NaN,false,2026-07-28T14:34:38.128752+00:00
2,python,single_thread,1,1,1,scipy-openblas:0.3.31.188.0,1,1,1,1019,similarity_singular,similarity_singular/ncore040_k4_n00000044,44,1936,gmres,1,0,844865,643,4184887,5030395,45,0,990,1,44,false,0.1210225348048413,0.12102253480484126,0.7677435025196819,92997.48888888888,2161.6151859504134,2138112,usr_bin_time_v,1372160,59604992,NaN,1104.396694214876,0,120,1e-08,none,NaN,NaN,false,2026-07-28T14:34:38.128752+00:00
2,julia,single_thread,1,1,1,openblas:libopenblas64_.so,1,1,1,1000,similarity_singular,similarity_singular/ncore040_k4_n00000044,44,1936,dgmres,1,0,38914847,818,3205153,42120818,3485,0,820,1,40,true,8.139236554925433e-16,0.3057009626668703,5.286555611764727e-14,919.6995695839312,1655.5542355371902,88674304,usr_bin_time_v,70766592,445763584,183946008,45802.842975206615,4,120,1.0e-8,none,NaN,NaN,false,2026-07-28T14:34:41.859
2,julia,single_thread,1,1,1,openblas:libopenblas64_.so,1,1,1,1001,similarity_singular,similarity_singular/ncore040_k4_n00000044,44,1936,dgmres,1,0,628530,61,3473983,4102574,3485,0,820,1,40,true,1.1185050394766442e-15,0.16275842220810643,3.417213994386861e-14,996.838737446198,1794.4127066115702,88674304,usr_bin_time_v,70770688,445763584,190655608,45802.842975206615,4,120,1.0e-8,none,NaN,NaN,false,2026-07-28T14:34:41.864
2,julia,single_thread,1,1,1,openblas:libopenblas64_.so,1,1,1,1002,similarity_singular,similarity_singular/ncore040_k4_n00000044,44,1936,dgmres,1,0,594017,60,17467750,18061827,3485,0,820,1,40,true,1.0771514471090955e-15,0.38197790642872576,2.411299109087681e-14,5012.266857962697,9022.598140495867,88674304,usr_bin_time_v,70770688,445763584,36337696,45802.842975206615,4,120,1.0e-8,none,NaN,NaN,false,2026-07-28T14:34:41.882
2,julia,single_thread,1,1,1,openblas:libopenblas64_.so,1,1,1,1003,similarity_singular,similarity_singular/ncore040_k4_n00000044,44,1936,dgmres,1,0,592250,274,3076967,3669491,3485,0,820,1,40,true,1.026097196739095e-15,0.1890945039886221,3.715962244246975e-14,882.9173601147776,1589.342458677686,88674304,usr_bin_time_v,70770688,445763584,43044272,45802.842975206615,4,120,1.0e-8,none,NaN,NaN,false,2026-07-28T14:34:41.886
2,julia,single_thread,1,1,1,openblas:libopenblas64_.so,1,1,1,1004,similarity_singular,similarity_singular/ncore040_k4_n00000044,44,1936,dgmres,1,0,595522,71,3068298,3663891,3485,0,820,1,40,true,1.2743366751253578e-15,0.5327269947868674,1.5772543759420646e-14,880.4298421807747,1584.8646694214876,88674304,usr_bin_time_v,70770688,445763584,49751600,45802.842975206615,4,120,1.0e-8,none,NaN,NaN,false,2026-07-28T14:34:41.889
2,julia,single_thread,1,1,1,openblas:libopenblas64_.so,1,1,1,1005,similarity_singular,similarity_singular/ncore040_k4_n00000044,44,1936,dgmres,1,0,595162,29,3071721,3666912,3485,0,820,1,40,true,9.553014911101236e-16,0.386358926916938,4.710410580932981e-14,881.4120516499282,1586.6327479338843,88674304,usr_bin_time_v,70770688,445763584,56459488,45802.842975206615,4,120,1.0e-8,none,NaN,NaN,false,2026-07-28T14:34:41.893
2,julia,single_thread,1,1,1,openblas:libopenblas64_.so,1,1,1,1006,similarity_singular,similarity_singular/ncore040_k4_n00000044,44,1936,dgmres,1,0,584190,46,3384734,3968970,3485,0,820,1,40,true,9.196192186006681e-16,0.48506616125264523,3.124667512775001e-14,971.229268292683,1748.3130165289256,88674304,usr_bin_time_v,70774784,445763584,63168032,45802.842975206615,4,120,1.0e-8,none,NaN,NaN,false,2026-07-28T14:34:41.897
2,julia,single_thread,1,1,1,openblas:libopenblas64_.so,1,1,1,1007,similarity_singular,similarity_singular/ncore040_k4_n00000044,44,1936,dgmres,1,0,582914,41,3010374,3593329,3485,0,820,1,40,true,1.7845655841584303e-15,0.34562010297327117,1.1108167811818987e-14,863.8088952654232,1554.9452479338843,88674304,usr_bin_time_v,70778880,445763584,69877232,45802.842975206615,4,120,1.0e-8,none,NaN,NaN,false,2026-07-28T14:34:41.901
2,julia,single_thread,1,1,1,openblas:libopenblas64_.so,1,1,1,1008,similarity_singular,similarity_singular/ncore040_k4_n00000044,44,1936,dgmres,1,0,588620,30,5734118,6322768,3485,0,820,1,40,true,1.209039275312853e-15,0.31862744586867137,4.7263682243504396e-14,1645.3710186513629,2961.8378099173556,88674304,usr_bin_time_v,70778880,445763584,36037016,45802.842975206615,4,120,1.0e-8,none,NaN,NaN,false,2026-07-28T14:34:41.907
2,julia,single_thread,1,1,1,openblas:libopenblas64_.so,1,1,1,1009,similarity_singular,similarity_singular/ncore040_k4_n00000044,44,1936,dgmres,1,0,589967,29,3023359,3613355,3485,0,820,1,40,true,8.832572028402685e-16,0.24251963460375556,2.0158791592709416e-14,867.5348637015782,1561.6523760330579,88674304,usr_bin_time_v,70778880,445763584,42747528,45802.842975206615,4,120,1.0e-8,none,NaN,NaN,false,2026-07-28T14:34:41.911
2,julia,single_thread,1,1,1,openblas:libopenblas64_.so,1,1,1,1010,similarity_singular,similarity_singular/ncore040_k4_n00000044,44,1936,dgmres,1,0,598263,32,3048215,3646510,3485,0,820,1,40,true,1.1160083086843998e-15,0.23518698185235032,3.303977058219684e-14,874.6671449067431,1574.4912190082644,88674304,usr_bin_time_v,70778880,445763584,49459000,45802.842975206615,4,120,1.0e-8,none,NaN,NaN,false,2026-07-28T14:34:41.915
2,julia,single_thread,1,1,1,openblas:libopenblas64_.so,1,1,1,1011,similarity_singular,similarity_singular/ncore040_k4_n00000044,44,1936,dgmres,1,0,598726,52,3043489,3642267,3485,0,820,1,40,true,1.0628686035033627e-15,0.33007521639437637,3.2942332685224063e-14,873.3110473457675,1572.0501033057851,88674304,usr_bin_time_v,70778880,445763584,56170824,45802.842975206615,4,120,1.0e-8,none,NaN,NaN,false,2026-07-28T14:34:41.919
2,julia,single_thread,1,1,1,openblas:libopenblas64_.so,1,1,1,1012,similarity_singular,similarity_singular/ncore040_k4_n00000044,44,1936,dgmres,1,0,594588,30,3040679,3635297,3485,0,820,1,40,true,1.3868516596600612e-15,0.28196961571144896,2.4328131785662618e-14,872.5047345767575,1570.5986570247933,88674304,usr_bin_time_v,70778880,445763584,62883304,45802.842975206615,4,120,1.0e-8,none,NaN,NaN,false,2026-07-28T14:34:41.922
2,julia,single_thread,1,1,1,openblas:libopenblas64_.so,1,1,1,1013,similarity_singular,similarity_singular/ncore040_k4_n00000044,44,1936,dgmres,1,0,605232,40,4270495,4875767,3485,0,820,1,40,true,1.2011320056461953e-15,0.06816524138696493,4.340928823931222e-14,1225.3931133428982,2205.834194214876,88674304,usr_bin_time_v,70778880,445763584,37051360,45802.842975206615,4,120,1.0e-8,none,NaN,NaN,false,2026-07-28T14:34:41.927
2,julia,single_thread,1,1,1,openblas:libopenblas64_.so,1,1,1,1014,similarity_singular,similarity_singular/ncore040_k4_n00000044,44,1936,dgmres,1,0,590498,26,3036685,3627209,3485,0,820,1,40,true,1.6246321143127493e-15,0.32201589830254035,2.886771426959662e-14,871.3586800573888,1568.5356404958677,88674304,usr_bin_time_v,70778880,445763584,43765152,45802.842975206615,4,120,1.0e-8,none,NaN,NaN,false,2026-07-28T14:34:41.931
2,julia,single_thread,1,1,1,openblas:libopenblas64_.so,1,1,1,1015,similarity_singular,similarity_singular/ncore040_k4_n00000044,44,1936,dgmres,1,0,583967,29,3034857,3618853,3485,0,820,1,40,true,1.7683792941209396e-15,0.27421682401545355,4.3373775017897005e-14,870.8341463414635,1567.5914256198348,88674304,usr_bin_time_v,70778880,445763584,50479600,45802.842975206615,4,120,1.0e-8,none,NaN,NaN,false,2026-07-28T14:34:41.935
2,julia,single_thread,1,1,1,openblas:libopenblas64_.so,1,1,1,1016,similarity_singular,similarity_singular/ncore040_k4_n00000044,44,1936,dgmres,1,0,589112,26,3690026,4279164,3485,0,820,1,40,true,1.0854055020692982e-15,0.08120463128694218,3.34503583662227e-14,1058.8309899569583,1906.0051652892562,88674304,usr_bin_time_v,70778880,445763584,32362488,45802.842975206615,4,120,1.0e-8,none,NaN,NaN,false,2026-07-28T14:34:41.939
2,julia,single_thread,1,1,1,openblas:libopenblas64_.so,1,1,1,1017,similarity_singular,similarity_singular/ncore040_k4_n00000044,44,1936,dgmres,1,0,584098,49,3038276,3622423,3485,0,820,1,40,true,1.0572897743735122e-15,0.42389030018983437,2.122199861346602e-14,871.8152080344333,1569.357438016529,88674304,usr_bin_time_v,70778880,445763584,39078248,45802.842975206615,4,120,1.0e-8,none,NaN,NaN,false,2026-07-28T14:34:41.943
2,julia,single_thread,1,1,1,openblas:libopenblas64_.so,1,1,1,1018,similarity_singular,similarity_singular/ncore040_k4_n00000044,44,1936,dgmres,1,0,589114,37,3399123,3988274,3485,0,820,1,40,true,9.143617174249575e-16,0.4649563639264835,2.33807073244011e-14,975.358106169297,1755.7453512396694,88674304,usr_bin_time_v,70778880,445763584,45794664,45802.842975206615,4,120,1.0e-8,none,NaN,NaN,false,2026-07-28T14:34:41.947
2,julia,single_thread,1,1,1,openblas:libopenblas64_.so,1,1,1,1019,similarity_singular,similarity_singular/ncore040_k4_n00000044,44,1936,dgmres,1,0,581808,26,3590255,4172089,3485,0,820,1,40,true,1.2875031569754642e-15,0.44245734068115605,2.890363400877756e-14,1030.2022955523673,1854.4705578512396,88674304,usr_bin_time_v,70778880,445763584,32190240,45802.842975206615,4,120,1.0e-8,none,NaN,NaN,false,2026-07-28T14:34:41.951
2,julia,single_thread,1,1,1,openblas:libopenblas64_.so,1,1,1,12345,sparse_block_singular,sparse_block_singular/n00000503,503,1500,gmres,1,0,38354510,564,94998027,133353101,121,0,7260,1,120,false,0.025883556208055353,0.025883552384347554,2.990152369164615e7,785107.6611570248,63332.018,123703296,usr_bin_time_v,105426944,445763584,28653976,82468.864,0,120,1.0e-8,none,NaN,NaN,false,2026-07-28T14:35:26.408
2,julia,single_thread,1,1,1,openblas:libopenblas64_.so,1,1,1,1000,coupled_singular,coupled_singular/ncore040_k3_n00000043,43,1722,gmres,1,0,38923243,568,969662,39893473,45,0,990,1,44,false,0.028241675286193042,0.028241675286193063,1.8139531815834877,21548.044444444444,563.1022067363531,87420928,usr_bin_time_v,68038656,445763584,185440200,50767.08943089431,0,120,1.0e-8,none,NaN,NaN,false,2026-07-28T14:35:30.827
2,julia,single_thread,1,1,1,openblas:libopenblas64_.so,1,1,1,1001,coupled_singular,coupled_singular/ncore040_k3_n00000043,43,1722,gmres,1,0,572916,68,1016090,1589074,45,0,990,1,44,false,0.043603019600712695,0.043603019600712695,0.8125269800870517,22579.777777777777,590.0638792102206,87420928,usr_bin_time_v,68042752,445763584,190343616,50767.08943089431,0,120,1.0e-8,none,NaN,NaN,false,2026-07-28T14:35:30.829
2,julia,single_thread,1,1,1,openblas:libopenblas64_.so,1,1,1,1002,coupled_singular,coupled_singular/ncore040_k3_n00000043,43,1722,gmres,1,0,550332,41,15594687,16145060,44,0,946,1,43,false,0.11518987476573904,0.11518987476573904,0.4979375514306554,354424.70454545453,9056.148083623693,87420928,usr_bin_time_v,68042752,445763584,35388912,50767.08943089431,0,120,1.0e-8,none,NaN,NaN,false,2026-07-28T14:35:30.845
2,julia,single_thread,1,1,1,openblas:libopenblas64_.so,1,1,1,1003,coupled_singular,coupled_singular/ncore040_k3_n00000043,43,1722,gmres,1,0,797482,212,1016410,1814104,45,0,990,1,44,false,0.058689604423953934,0.058689604423953975,1.561563561946797,22586.88888888889,590.2497096399535,87420928,usr_bin_time_v,68042752,445763584,40289304,50767.08943089431,0,120,1.0e-8,none,NaN,NaN,false,2026-07-28T14:35:30.847
2,julia,single_thread,1,1,1,openblas:libopenblas64_.so,1,1,1,1004,coupled_singular,coupled_singular/ncore040_k3_n00000043,43,1722,gmres,1,0,666623,205,951404,1618232,44,0,946,1,43,false,0.1668691962019648,0.16686919620196475,1.309993759303489,21622.81818181818,552.4994192799071,87420928,usr_bin_time_v,68042752,445763584,44992928,50767.08943089431,0,120,1.0e-8,none,NaN,NaN,false,2026-07-28T14:35:30.849
2,julia,single_thread,1,1,1,openblas:libopenblas64_.so,1,1,1,1005,coupled_singular,coupled_singular/ncore040_k3_n00000043,43,1722,gmres,1,0,663490,201,930663,1594354,45,0,990,1,44,false,0.11955342059048224,0.11955342059048228,1.2864344797467913,20681.4,540.4547038327526,87420928,usr_bin_time_v,68042752,445763584,49894632,50767.08943089431,0,120,1.0e-8,none,NaN,NaN,false,2026-07-28T14:35:30.850
2,julia,single_thread,1,1,1,openblas:libopenblas64_.so,1,1,1,1006,coupled_singular,coupled_singular/ncore040_k3_n00000043,43,1722,gmres,1,0,758424,133,999223,1757780,45,0,990,1,44,false,0.029974314701955374,0.029974314701955357,0.7158171229809546,22204.955555555556,580.2688734030197,87420928,usr_bin_time_v,68050944,445763584,56279464,50767.08943089431,0,120,1.0e-8,none,NaN,NaN,false,2026-07-28T14:35:30.871
2,julia,single_thread,1,1,1,openblas:libopenblas64_.so,1,1,1,1007,coupled_singular,coupled_singular/ncore040_k3_n00000043,43,1722,gmres,1,0,609054,59,936662,1545775,45,0,990,1,44,false,0.08782974058733167,0.0878297405873317,1.5399053739847317,20814.71111111111,543.938443670151,87420928,usr_bin_time_v,68050944,445763584,61182480,50767.08943089431,0,120,1.0e-8,none,NaN,NaN,false,2026-07-28T14:35:30.872
2,julia,single_thread,1,1,1,openblas:libopenblas64_.so,1,1,1,1008,coupled_singular,coupled_singular/ncore040_k3_n00000043,43,1722,gmres,1,0,614119,29,810114,1424262,44,0,946,1,43,false,0.23287703162360282,0.2328770316236027,0.7112118759160312,18411.68181818182,470.44947735191636,87420928,usr_bin_time_v,68050944,445763584,65888632,50767.08943089431,0,120,1.0e-8,none,NaN,NaN,false,2026-07-28T14:35:30.874
2,julia,single_thread,1,1,1,openblas:libopenblas64_.so,1,1,1,1009,coupled_singular,coupled_singular/ncore040_k3_n00000043,43,1722,gmres,1,0,555438,43,883714,1439195,45,0,990,1,44,false,0.07983892786063972,0.07983892786063965,1.30810178623392,19638.088888888888,513.1904761904761,87420928,usr_bin_time_v,68059136,445763584,70792960,50767.08943089431,0,120,1.0e-8,none,NaN,NaN,false,2026-07-28T14:35:30.875
2,julia,single_thread,1,1,1,openblas:libopenblas64_.so,1,1,1,1010,coupled_singular,coupled_singular/ncore040_k3_n00000043,43,1722,gmres,1,0,553503,28,796584,1350115,44,0,946,1,43,false,0.06502309330081085,0.06502309330081087,1.9347867804096035,18104.18181818182,462.5923344947735,87420928,usr_bin_time_v,68059136,445763584,75500728,50767.08943089431,0,120,1.0e-8,none,NaN,NaN,false,2026-07-28T14:35:30.877
2,julia,single_thread,1,1,1,openblas:libopenblas64_.so,1,1,1,1011,coupled_singular,coupled_singular/ncore040_k3_n00000043,43,1722,gmres,1,0,560657,42,4005445,4566144,44,0,946,1,43,false,0.17824394238831728,0.1782439423883173,1.391640293394869,91032.84090909091,2326.042392566783,87420928,usr_bin_time_v,68059136,445763584,35480608,50767.08943089431,0,120,1.0e-8,none,NaN,NaN,false,2026-07-28T14:35:30.881
2,julia,single_thread,1,1,1,openblas:libopenblas64_.so,1,1,1,1012,coupled_singular,coupled_singular/ncore040_k3_n00000043,43,1722,gmres,1,0,561270,36,806751,1368057,44,0,946,1,43,false,0.15099408326892286,0.15099408326892277,0.9361897739941126,18335.25,468.4965156794425,87420928,usr_bin_time_v,68059136,445763584,40189384,50767.08943089431,0,120,1.0e-8,none,NaN,NaN,false,2026-07-28T14:35:30.883
2,julia,single_thread,1,1,1,openblas:libopenblas64_.so,1,1,1,1013,coupled_singular,coupled_singular/ncore040_k3_n00000043,43,1722,gmres,1,0,561782,47,902818,1464647,45,0,990,1,44,false,0.05258301635456134,0.05258301635456132,1.4774142965418036,20062.62222222222,524.2845528455284,87420928,usr_bin_time_v,68059136,445763584,45096336,50767.08943089431,0,120,1.0e-8,none,NaN,NaN,false,2026-07-28T14:35:30.884
2,julia,single_thread,1,1,1,openblas:libopenblas64_.so,1,1,1,1014,coupled_singular,coupled_singular/ncore040_k3_n00000043,43,1722,gmres,1,0,568582,28,894740,1463350,45,0,990,1,44,false,0.09287840008119852,0.09287840008119852,0.8093976478498562,19883.11111111111,519.5934959349594,87420928,usr_bin_time_v,68059136,445763584,50003944,50767.08943089431,0,120,1.0e-8,none,NaN,NaN,false,2026-07-28T14:35:30.886
2,julia,single_thread,1,1,1,openblas:libopenblas64_.so,1,1,1,1015,coupled_singular,coupled_singular/ncore040_k3_n00000043,43,1722,gmres,1,0,573529,46,890235,1463810,45,0,990,1,44,false,0.03192122353219273,0.03192122353219273,1.3992026276825786,19783.0,516.9773519163763,87420928,usr_bin_time_v,68059136,445763584,54912208,50767.08943089431,0,120,1.0e-8,none,NaN,NaN,false,2026-07-28T14:35:30.887
2,julia,single_thread,1,1,1,openblas:libopenblas64_.so,1,1,1,1016,coupled_singular,coupled_singular/ncore040_k3_n00000043,43,1722,gmres,1,0,573984,43,892288,1466315,45,0,990,1,44,false,0.015225938867753813,0.015225938867753818,1.8045217484808367,19828.62222222222,518.1695702671312,87420928,usr_bin_time_v,68059136,445763584,59821128,50767.08943089431,0,120,1.0e-8,none,NaN,NaN,false,2026-07-28T14:35:30.889
2,julia,single_thread,1,1,1,openblas:libopenblas64_.so,1,1,1,1017,coupled_singular,coupled_singular/ncore040_k3_n00000043,43,1722,gmres,1,0,576296,59,825225,1401580,44,0,946,1,43,false,0.0797083092411908,0.07970830924119077,0.8481182363033855,18755.113636363636,479.2247386759582,87420928,usr_bin_time_v,68059136,445763584,64533184,50767.08943089431,0,120,1.0e-8,none,NaN,NaN,false,2026-07-28T14:35:30.890
2,julia,single_thread,1,1,1,openblas:libopenblas64_.so,1,1,1,1018,coupled_singular,coupled_singular/ncore040_k3_n00000043,43,1722,gmres,1,0,578794,35,3093072,3671901,44,0,946,1,43,false,0.048723319645872086,0.04872331964587208,1.0852086569673463,70297.09090909091,1796.2090592334496,87420928,usr_bin_time_v,68059136,445763584,34618376,50767.08943089431,0,120,1.0e-8,none,NaN,NaN,false,2026-07-28T14:35:30.894
2,julia,single_thread,1,1,1,openblas:libopenblas64_.so,1,1,1,1019,coupled_singular,coupled_singular/ncore040_k3_n00000043,43,1722,gmres,1,0,557996,45,879516,1437557,45,0,990,1,44,false,0.0023385963335473773,0.0023385963335473777,0.7819567823994666,19544.8,510.7526132404181,87420928,usr_bin_time_v,68059136,445763584,39529264,50767.08943089431,0,120,1.0e-8,none,NaN,NaN,false,2026-07-28T14:35:30.896
2,julia,single_thread,1,1,1,openblas:libopenblas64_.so,1,1,1,1000,illcond_block_singular,illcond_block_singular/ncore040_k2_n00000042,42,1601,dgmres,1,0,38537184,687,1201096,39738967,1155,0,528,1,32,true,8.255404137562765e-9,2.3233040642357925,1.0406654359546217,1039.9099567099568,750.2161149281699,91590656,usr_bin_time_v,74670080,445763584,180136288,57208.404747033106,2,120,1.0e-8,none,NaN,NaN,false,2026-07-28T14:35:34.668
2,julia,single_thread,1,1,1,openblas:libopenblas64_.so,1,1,1,1001,illcond_block_singular,illcond_block_singular/ncore040_k2_n00000042,42,1601,dgmres,1,0,540781,153,1056401,1597335,1088,0,496,1,31,true,4.5093320683904736e-10,0.7140775525327484,1.0920886643861958,970.9568014705883,659.8382261086821,91590656,usr_bin_time_v,74670080,445763584,184274080,57208.404747033106,2,120,1.0e-8,none,NaN,NaN,false,2026-07-28T14:35:34.670
2,julia,single_thread,1,1,1,openblas:libopenblas64_.so,1,1,1,1002,illcond_block_singular,illcond_block_singular/ncore040_k2_n00000042,42,1601,dgmres,1,0,538949,128,1067575,1606652,1088,0,496,1,31,true,5.178558674560187e-9,2.1209338830863502,1.0193715258387666,981.2270220588235,666.8176139912555,91590656,usr_bin_time_v,74670080,445763584,189890648,57208.404747033106,2,120,1.0e-8,none,NaN,NaN,false,2026-07-28T14:35:34.690
2,julia,single_thread,1,1,1,openblas:libopenblas64_.so,1,1,1,1003,illcond_block_singular,illcond_block_singular/ncore040_k2_n00000042,42,1601,dgmres,1,0,525479,121,1002128,1527728,1088,0,496,1,31,true,3.641788708217774e-9,1.9835392025845797,1.0569970321991287,921.0735294117648,625.9387882573392,91590656,usr_bin_time_v,74670080,445763584,194025464,57208.404747033106,2,120,1.0e-8,none,NaN,NaN,false,2026-07-28T14:35:34.691
2,julia,single_thread,1,1,1,openblas:libopenblas64_.so,1,1,1,1004,illcond_block_singular,illcond_block_singular/ncore040_k2_n00000042,42,1601,dgmres,1,0,502186,63,23417035,23919284,1088,0,496,1,31,true,5.2892053507154065e-9,1.382198601709715,1.01818819715479,21523.01011029412,14626.50530918176,91590656,usr_bin_time_v,74670080,445763584,34399200,57208.404747033106,2,120,1.0e-8,none,NaN,NaN,false,2026-07-28T14:35:34.715
2,julia,single_thread,1,1,1,openblas:libopenblas64_.so,1,1,1,1005,illcond_block_singular,illcond_block_singular/ncore040_k2_n00000042,42,1601,dgmres,1,0,545086,84,1173309,1718479,1088,0,496,1,31,true,6.894658517687179e-9,2.914138586680277,0.9974803473223262,1078.4090073529412,732.8600874453466,91590656,usr_bin_time_v,74670080,445763584,38535264,57208.404747033106,2,120,1.0e-8,none,NaN,NaN,false,2026-07-28T14:35:34.717
2,julia,single_thread,1,1,1,openblas:libopenblas64_.so,1,1,1,1006,illcond_block_singular,illcond_block_singular/ncore040_k2_n00000042,42,1601,dgmres,1,0,526909,32,1346026,1872967,1224,0,561,1,33,true,5.85176631703892e-9,1.48023722015394,0.9823378424661653,1099.6944444444443,840.7407870081199,91590656,usr_bin_time_v,74670080,445763584,43006336,57208.404747033106,2,120,1.0e-8,none,NaN,NaN,false,2026-07-28T14:35:34.719
2,julia,single_thread,1,1,1,openblas:libopenblas64_.so,1,1,1,1007,illcond_block_singular,illcond_block_singular/ncore040_k2_n00000042,42,1601,dgmres,1,0,523436,27,1192407,1715870,1088,0,496,1,31,true,3.4409335421273473e-9,1.0470415732552025,0.9799011124833261,1095.9623161764705,744.788881948782,91590656,usr_bin_time_v,74670080,445763584,47143728,57208.404747033106,2,120,1.0e-8,none,NaN,NaN,false,2026-07-28T14:35:34.721
2,julia,single_thread,1,1,1,openblas:libopenblas64_.so,1,1,1,1008,illcond_block_singular,illcond_block_singular/ncore040_k2_n00000042,42,1601,dgmres,1,0,515992,28,1418038,1934058,1224,0,561,1,33,true,6.941408702808519e-9,1.2907566465874034,1.0521433310722792,1158.5277777777778,885.7201748906933,91590656,usr_bin_time_v,74670080,445763584,51616112,57208.404747033106,2,120,1.0e-8,none,NaN,NaN,false,2026-07-28T14:35:34.723
2,julia,single_thread,1,1,1,openblas:libopenblas64_.so,1,1,1,1009,illcond_block_singular,illcond_block_singular/ncore040_k2_n00000042,42,1601,dgmres,1,0,526879,33,1179597,1706509,1088,0,496,1,31,true,1.7507400084376282e-9,1.2669707801350976,1.0158858698889819,1084.188419117647,736.787632729544,91590656,usr_bin_time_v,74670080,445763584,55754816,57208.404747033106,2,120,1.0e-8,none,NaN,NaN,false,2026-07-28T14:35:34.725
2,julia,single_thread,1,1,1,openblas:libopenblas64_.so,1,1,1,1010,illcond_block_singular,illcond_block_singular/ncore040_k2_n00000042,42,1601,dgmres,1,0,523905,20,1175595,1699520,1088,0,496,1,31,true,1.6966945877606918e-9,1.1876949996547594,1.0318736400241668,1080.5101102941176,734.2879450343536,91590656,usr_bin_time_v,74670080,445763584,59894464,57208.404747033106,2,120,1.0e-8,none,NaN,NaN,false,2026-07-28T14:35:34.726
2,julia,single_thread,1,1,1,openblas:libopenblas64_.so,1,1,1,1011,illcond_block_singular,illcond_block_singular/ncore040_k2_n00000042,42,1601,dgmres,1,0,528363,42,1197995,1726400,1088,0,496,1,31,true,5.680424847988101e-9,2.2136323094472807,1.0055342336035482,1101.0983455882354,748.2792004996877,91590656,usr_bin_time_v,74670080,445763584,64034464,57208.404747033106,2,120,1.0e-8,none,NaN,NaN,false,2026-07-28T14:35:34.728
2,julia,single_thread,1,1,1,openblas:libopenblas64_.so,1,1,1,1012,illcond_block_singular,illcond_block_singular/ncore040_k2_n00000042,42,1601,dgmres,1,0,522885,28,1213327,1736240,1088,0,496,1,31,true,5.89879166925219e-9,1.0425271219733103,0.9821671418485289,1115.1902573529412,757.8557151780137,91590656,usr_bin_time_v,74670080,445763584,68175120,57208.404747033106,2,120,1.0e-8,none,NaN,NaN,false,2026-07-28T14:35:34.730
2,julia,single_thread,1,1,1,openblas:libopenblas64_.so,1,1,1,1013,illcond_block_singular,illcond_block_singular/ncore040_k2_n00000042,42,1601,dgmres,1,0,527133,39,994012,1521184,899,0,406,1,28,true,5.497622225974361e-9,1.1086866442612957,1.0326843707233824,1105.686318131257,620.8694565896315,91590656,usr_bin_time_v,74670080,445763584,71844720,57208.404747033106,2,120,1.0e-8,none,NaN,NaN,false,2026-07-28T14:35:34.731
2,julia,single_thread,1,1,1,openblas:libopenblas64_.so,1,1,1,1014,illcond_block_singular,illcond_block_singular/ncore040_k2_n00000042,42,1601,dgmres,1,0,539755,78,67948960,68488793,1088,0,496,1,31,true,4.453560713560427e-9,1.700320215844616,1.116418319954731,62453.08823529412,42441.57401623985,91590656,usr_bin_time_v,74670080,445763584,9975856,57208.404747033106,2,120,1.0e-8,none,NaN,NaN,false,2026-07-28T14:35:34.800
2,julia,single_thread,1,1,1,openblas:libopenblas64_.so,1,1,1,1015,illcond_block_singular,illcond_block_singular/ncore040_k2_n00000042,42,1601,dgmres,1,0,523677,116,1036896,1560689,1088,0,496,1,31,true,2.740571514924547e-9,1.5296971843502027,1.1065584382199927,953.0294117647059,647.6552154903186,91590656,usr_bin_time_v,74670080,445763584,14118544,57208.404747033106,2,120,1.0e-8,none,NaN,NaN,false,2026-07-28T14:35:34.802
2,julia,single_thread,1,1,1,openblas:libopenblas64_.so,1,1,1,1016,illcond_block_singular,illcond_block_singular/ncore040_k2_n00000042,42,1601,dgmres,1,0,506250,30,1022057,1528337,1088,0,496,1,31,true,3.6120230342995125e-9,1.2101211253769457,0.9747416448077785,939.390625,638.3866333541537,91590656,usr_bin_time_v,74670080,445763584,18261824,57208.404747033106,2,120,1.0e-8,none,NaN,NaN,false,2026-07-28T14:35:34.803
2,julia,single_thread,1,1,1,openblas:libopenblas64_.so,1,1,1,1017,illcond_block_singular,illcond_block_singular/ncore040_k2_n00000042,42,1601,dgmres,1,0,506034,32,983450,1489516,1023,0,465,1,30,true,8.852401170043556e-9,1.6058699200135,1.0243779737382515,961.3391984359727,614.2723297938788,91590656,usr_bin_time_v,74670080,445763584,22244704,57208.404747033106,2,120,1.0e-8,none,NaN,NaN,false,2026-07-28T14:35:34.805
2,julia,single_thread,1,1,1,openblas:libopenblas64_.so,1,1,1,1018,illcond_block_singular,illcond_block_singular/ncore040_k2_n00000042,42,1601,dgmres,1,0,499522,33,1042800,1542355,1088,0,496,1,31,true,3.3605112777744142e-9,1.5571240856706439,0.9943694867950483,958.4558823529412,651.3429106808245,91590656,usr_bin_time_v,74670080,445763584,26389296,57208.404747033106,2,120,1.0e-8,none,NaN,NaN,false,2026-07-28T14:35:34.806
2,julia,single_thread,1,1,1,openblas:libopenblas64_.so,1,1,1,1019,illcond_block_singular,illcond_block_singular/ncore040_k2_n00000042,42,1601,dgmres,1,0,496069,28,1017995,1514092,1088,0,496,1,31,true,9.713276530527927e-9,3.164118300154963,1.0885482191852458,935.6571691176471,635.8494690818238,91590656,usr_bin_time_v,74670080,445763584,30534544,57208.404747033106,2,120,1.0e-8,none,NaN,NaN,false,2026-07-28T14:35:34.808
2,julia,single_thread,1,1,1,openblas:libopenblas64_.so,1,1,1,12345,sparse_block_singular,sparse_block_singular/n00000103,103,300,dgmres,1,0,38812883,681,2184695,40998259,2624,0,820,1,40,true,6.678749422956861e-9,0.17728247296652194,3.8247286032928883e-7,832.5819359756098,7282.316666666667,123199488,usr_bin_time_v,102916096,445763584,86612368,410664.96,3,120,1.0e-8,none,NaN,NaN,false,2026-07-28T14:36:07.471
2,python,single_thread,1,1,1,scipy-openblas:0.3.31.188.0,1,1,1,1000,coupled_singular,coupled_singular/ncore040_k3_n00000043,43,1722,dgmres,1,0,975821,1207,4992765,5969793,2624,0,820,1,40,true,1.857242683107859e-15,1.1538977738234364,6.4400749769917086e-15,1902.7305640243903,2899.3989547038327,2342912,usr_bin_time_v,1294336,59604992,NaN,1360.5760743321719,3,120,1e-08,none,NaN,NaN,false,2026-07-28T14:36:34.552176+00:00
2,python,single_thread,1,1,1,scipy-openblas:0.3.31.188.0,1,1,1,1001,coupled_singular,coupled_singular/ncore040_k3_n00000043,43,1722,dgmres,1,0,845905,858,4766944,5613707,2624,0,820,1,40,true,9.457839375494445e-16,0.3306485262581711,9.26347759562881e-15,1816.6707317073171,2768.2601626016262,2342912,usr_bin_time_v,1323008,59604992,NaN,1360.5760743321719,3,120,1e-08,none,NaN,NaN,false,2026-07-28T14:36:34.552176+00:00
2,python,single_thread,1,1,1,scipy-openblas:0.3.31.188.0,1,1,1,1002,coupled_singular,coupled_singular/ncore040_k3_n00000043,43,1722,dgmres,1,0,796240,692,4693585,5490517,2624,0,820,1,40,true,1.8954333071425016e-15,0.30584372979986424,8.769445036702777e-15,1788.7137957317073,2725.659117305459,2342912,usr_bin_time_v,1331200,59604992,NaN,1360.5760743321719,3,120,1e-08,none,NaN,NaN,false,2026-07-28T14:36:34.552176+00:00
2,python,single_thread,1,1,1,scipy-openblas:0.3.31.188.0,1,1,1,1003,coupled_singular,coupled_singular/ncore040_k3_n00000043,43,1722,dgmres,1,0,787357,557,4702973,5490887,2624,0,820,1,40,true,2.3177420966293607e-15,0.7783466027541986,1.2672863706106455e-14,1792.2915396341464,2731.110917537747,2342912,usr_bin_time_v,1331200,59604992,NaN,1360.5760743321719,3,120,1e-08,none,NaN,NaN,false,2026-07-28T14:36:34.552176+00:00
2,python,single_thread,1,1,1,scipy-openblas:0.3.31.188.0,1,1,1,1004,coupled_singular,coupled_singular/ncore040_k3_n00000043,43,1722,dgmres,1,0,809478,622,4719647,5529747,2624,0,820,1,40,true,1.5580738043126888e-15,0.9640948144848813,6.580402276954666e-15,1798.6459603658536,2740.793844367015,2342912,usr_bin_time_v,1335296,59604992,NaN,1360.5760743321719,3,120,1e-08,none,NaN,NaN,false,2026-07-28T14:36:34.552176+00:00
2,python,single_thread,1,1,1,scipy-openblas:0.3.31.188.0,1,1,1,1005,coupled_singular,coupled_singular/ncore040_k3_n00000043,43,1722,dgmres,1,0,789055,591,4718138,5507784,2624,0,820,1,40,true,1.814178593664948e-15,0.8449822421874967,6.8747344715132486e-15,1798.0708841463415,2739.917537746806,2342912,usr_bin_time_v,1335296,59604992,NaN,1360.5760743321719,3,120,1e-08,none,NaN,NaN,false,2026-07-28T14:36:34.552176+00:00
2,python,single_thread,1,1,1,scipy-openblas:0.3.31.188.0,1,1,1,1006,coupled_singular,coupled_singular/ncore040_k3_n00000043,43,1722,dgmres,1,0,814951,567,4735410,5550928,2624,0,820,1,40,true,1.1413384535704746e-15,0.3407680261099212,6.8192280320696954e-15,1804.653201219512,2749.9477351916375,2342912,usr_bin_time_v,1339392,59604992,NaN,1360.5760743321719,3,120,1e-08,none,NaN,NaN,false,2026-07-28T14:36:34.552176+00:00
2,python,single_thread,1,1,1,scipy-openblas:0.3.31.188.0,1,1,1,1007,coupled_singular,coupled_singular/ncore040_k3_n00000043,43,1722,dgmres,1,0,811435,593,4777338,5589366,2624,0,820,1,40,true,1.11105182260115e-15,0.8698976336838657,7.0669729733086254e-15,1820.6318597560976,2774.2961672473866,2342912,usr_bin_time_v,1339392,59604992,NaN,1360.5760743321719,3,120,1e-08,none,NaN,NaN,false,2026-07-28T14:36:34.552176+00:00
2,python,single_thread,1,1,1,scipy-openblas:0.3.31.188.0,1,1,1,1008,coupled_singular,coupled_singular/ncore040_k3_n00000043,43,1722,dgmres,1,0,782355,602,4742192,5525149,2624,0,820,1,40,true,2.0883155058602398e-15,0.6418410459437087,6.209681634353199e-15,1807.2378048780488,2753.8861788617887,2342912,usr_bin_time_v,1343488,59604992,NaN,1360.5760743321719,3,120,1e-08,none,NaN,NaN,false,2026-07-28T14:36:34.552176+00:00
2,python,single_thread,1,1,1,scipy-openblas:0.3.31.188.0,1,1,1,1009,coupled_singular,coupled_singular/ncore040_k3_n00000043,43,1722,dgmres,1,0,769938,615,4710272,5480825,2624,0,820,1,40,true,1.4523367867276169e-15,1.1126747992553572,9.518456349673033e-15,1795.0731707317073,2735.349593495935,2342912,usr_bin_time_v,1343488,59604992,NaN,1360.5760743321719,3,120,1e-08,none,NaN,NaN,false,2026-07-28T14:36:34.552176+00:00
2,python,single_thread,1,1,1,scipy-openblas:0.3.31.188.0,1,1,1,1010,coupled_singular,coupled_singular/ncore040_k3_n00000043,43,1722,dgmres,1,0,782819,580,4729931,5513330,2624,0,820,1,40,true,2.58440483416599e-15,1.4175369266380657,6.5979882061320076e-15,1802.5651676829268,2746.765969802555,2342912,usr_bin_time_v,1351680,59604992,NaN,1360.5760743321719,3,120,1e-08,none,NaN,NaN,false,2026-07-28T14:36:34.552176+00:00
2,python,single_thread,1,1,1,scipy-openblas:0.3.31.188.0,1,1,1,1011,coupled_singular,coupled_singular/ncore040_k3_n00000043,43,1722,dgmres,1,0,766272,594,4712512,5479378,2624,0,820,1,40,true,4.350468199252196e-15,1.121031635174145,9.751521692262403e-15,1795.9268292682927,2736.650406504065,2342912,usr_bin_time_v,1355776,59604992,NaN,1360.5760743321719,3,120,1e-08,none,NaN,NaN,false,2026-07-28T14:36:34.552176+00:00
2,python,single_thread,1,1,1,scipy-openblas:0.3.31.188.0,1,1,1,1012,coupled_singular,coupled_singular/ncore040_k3_n00000043,43,1722,dgmres,1,0,804081,1118,4758082,5563281,2624,0,820,1,40,true,1.5314214542862869e-15,0.4898264117456517,6.913823955552674e-15,1813.2934451219512,2763.1138211382113,2342912,usr_bin_time_v,1355776,59604992,NaN,1360.5760743321719,3,120,1e-08,none,NaN,NaN,false,2026-07-28T14:36:34.552176+00:00
2,python,single_thread,1,1,1,scipy-openblas:0.3.31.188.0,1,1,1,1013,coupled_singular,coupled_singular/ncore040_k3_n00000043,43,1722,dgmres,1,0,795749,651,5069169,5865569,2624,0,820,1,40,true,1.3832186678702644e-15,0.7380123859585513,8.32217084739701e-15,1931.8479420731708,2943.768292682927,2342912,usr_bin_time_v,1355776,59604992,NaN,1360.5760743321719,3,120,1e-08,none,NaN,NaN,false,2026-07-28T14:36:34.552176+00:00
2,python,single_thread,1,1,1,scipy-openblas:0.3.31.188.0,1,1,1,1014,coupled_singular,coupled_singular/ncore040_k3_n00000043,43,1722,dgmres,1,0,773600,612,4686961,5461173,2624,0,820,1,40,true,1.1237942287528287e-15,0.5612808089687035,8.250896778777943e-15,1786.1894054878048,2721.8124274099882,2342912,usr_bin_time_v,1363968,59604992,NaN,1360.5760743321719,3,120,1e-08,none,NaN,NaN,false,2026-07-28T14:36:34.552176+00:00
2,python,single_thread,1,1,1,scipy-openblas:0.3.31.188.0,1,1,1,1015,coupled_singular,coupled_singular/ncore040_k3_n00000043,43,1722,dgmres,1,0,767636,648,4672278,5440562,2624,0,820,1,40,true,1.302816689346137e-15,0.6646940445728545,6.667029655397341e-15,1780.59375,2713.285714285714,2342912,usr_bin_time_v,1368064,59604992,NaN,1360.5760743321719,3,120,1e-08,none,NaN,NaN,false,2026-07-28T14:36:34.552176+00:00
2,python,single_thread,1,1,1,scipy-openblas:0.3.31.188.0,1,1,1,1016,coupled_singular,coupled_singular/ncore040_k3_n00000043,43,1722,dgmres,1,0,761422,643,5071603,5833668,2624,0,820,1,40,true,1.9668866181920485e-15,0.8998818645543478,9.397652517323338e-15,1932.7755335365853,2945.1817653890826,2342912,usr_bin_time_v,1368064,59604992,NaN,1360.5760743321719,3,120,1e-08,none,NaN,NaN,false,2026-07-28T14:36:34.552176+00:00
2,python,single_thread,1,1,1,scipy-openblas:0.3.31.188.0,1,1,1,1017,coupled_singular,coupled_singular/ncore040_k3_n00000043,43,1722,dgmres,1,0,758151,579,4725687,5484417,2624,0,820,1,40,true,2.9086442476222232e-15,0.6863656685719358,8.647892144913183e-15,1800.9477896341464,2744.301393728223,2342912,usr_bin_time_v,1376256,59604992,NaN,1360.5760743321719,3,120,1e-08,none,NaN,NaN,false,2026-07-28T14:36:34.552176+00:00
2,python,single_thread,1,1,1,scipy-openblas:0.3.31.188.0,1,1,1,1018,coupled_singular,coupled_singular/ncore040_k3_n00000043,43,1722,dgmres,1,0,766681,662,4711135,5478478,2624,0,820,1,40,true,1.6885633695487473e-15,0.6468069796481609,9.426003460731586e-15,1795.4020579268292,2735.8507549361207,2342912,usr_bin_time_v,1376256,59604992,NaN,1360.5760743321719,3,120,1e-08,none,NaN,NaN,false,2026-07-28T14:36:34.552176+00:00
2,python,single_thread,1,1,1,scipy-openblas:0.3.31.188.0,1,1,1,1019,coupled_singular,coupled_singular/ncore040_k3_n00000043,43,1722,dgmres,1,0,782204,748,4740310,5523262,2624,0,820,1,40,true,1.4385671660840502e-15,0.4252771528297137,8.538359860676886e-15,1806.5205792682927,2752.7932636469222,2342912,usr_bin_time_v,1376256,59604992,NaN,1360.5760743321719,3,120,1e-08,none,NaN,NaN,false,2026-07-28T14:36:34.552176+00:00
2,python,single_thread,1,1,1,scipy-openblas:0.3.31.188.0,1,1,1,1000,similarity_singular,similarity_singular/ncore040_k4_n00000044,44,1936,dgmres,1,0,1068592,1062,5350469,6420123,3485,0,820,1,40,true,1.4362332005304733e-15,0.3057009626668743,3.723221167717682e-14,1535.2852223816355,2763.6720041322315,2449408,usr_bin_time_v,1294336,59604992,NaN,1265.190082644628,4,120,1e-08,none,NaN,NaN,false,2026-07-28T14:37:13.237434+00:00
2,python,single_thread,1,1,1,scipy-openblas:0.3.31.188.0,1,1,1,1001,similarity_singular,similarity_singular/ncore040_k4_n00000044,44,1936,dgmres,1,0,918081,1054,5131086,6050221,3485,0,820,1,40,true,1.7030909730429206e-15,0.16275842220810408,3.288981280649002e-14,1472.3345767575322,2650.3543388429753,2449408,usr_bin_time_v,1327104,59604992,NaN,1265.190082644628,4,120,1e-08,none,NaN,NaN,false,2026-07-28T14:37:13.237434+00:00
2,python,single_thread,1,1,1,scipy-openblas:0.3.31.188.0,1,1,1,1002,similarity_singular,similarity_singular/ncore040_k4_n00000044,44,1936,dgmres,1,0,877890,693,5109454,5988037,3485,0,820,1,40,true,1.077478726027428e-15,0.3819779064287275,3.3707324793262167e-14,1466.1274031563846,2639.180785123967,2449408,usr_bin_time_v,1331200,59604992,NaN,1265.190082644628,4,120,1e-08,none,NaN,NaN,false,2026-07-28T14:37:13.237434+00:00
2,python,single_thread,1,1,1,scipy-openblas:0.3.31.188.0,1,1,1,1003,similarity_singular,similarity_singular/ncore040_k4_n00000044,44,1936,dgmres,1,0,866929,603,5046211,5913743,3485,0,820,1,40,true,1.545309739890782e-15,0.1890945039886274,2.742198997946707e-14,1447.9802008608322,2606.5139462809916,2449408,usr_bin_time_v,1331200,59604992,NaN,1265.190082644628,4,120,1e-08,none,NaN,NaN,false,2026-07-28T14:37:13.237434+00:00
2,python,single_thread,1,1,1,scipy-openblas:0.3.31.188.0,1,1,1,1004,similarity_singular,similarity_singular/ncore040_k4_n00000044,44,1936,dgmres,1,0,865029,607,5098292,5963928,3485,0,820,1,40,true,1.9798563387801067e-15,0.5327269947868666,2.7648141423697386e-14,1462.9245337159255,2633.4152892561983,2449408,usr_bin_time_v,1335296,59604992,NaN,1265.190082644628,4,120,1e-08,none,NaN,NaN,false,2026-07-28T14:37:13.237434+00:00
2,python,single_thread,1,1,1,scipy-openblas:0.3.31.188.0,1,1,1,1005,similarity_singular,similarity_singular/ncore040_k4_n00000044,44,1936,dgmres,1,0,893961,605,5125315,6019881,3485,0,820,1,40,true,1.2262443534072821e-15,0.386358926916932,2.897662730290025e-14,1470.6786226685797,2647.373450413223,2449408,usr_bin_time_v,1335296,59604992,NaN,1265.190082644628,4,120,1e-08,none,NaN,NaN,false,2026-07-28T14:37:13.237434+00:00
2,python,single_thread,1,1,1,scipy-openblas:0.3.31.188.0,1,1,1,1006,similarity_singular,similarity_singular/ncore040_k4_n00000044,44,1936,dgmres,1,0,856392,625,5121426,5978443,3485,0,820,1,40,true,2.654543987364839e-15,0.485066161252646,4.02736006144976e-14,1469.5626972740315,2645.3646694214876,2449408,usr_bin_time_v,1343488,59604992,NaN,1265.190082644628,4,120,1e-08,none,NaN,NaN,false,2026-07-28T14:37:13.237434+00:00
2,python,single_thread,1,1,1,scipy-openblas:0.3.31.188.0,1,1,1,1007,similarity_singular,similarity_singular/ncore040_k4_n00000044,44,1936,dgmres,1,0,866163,632,5105764,5972559,3485,0,820,1,40,true,1.744295760211224e-15,0.34562010297326956,3.213732206361333e-14,1465.0685796269727,2637.2747933884298,2449408,usr_bin_time_v,1343488,59604992,NaN,1265.190082644628,4,120,1e-08,none,NaN,NaN,false,2026-07-28T14:37:13.237434+00:00
2,python,single_thread,1,1,1,scipy-openblas:0.3.31.188.0,1,1,1,1008,similarity_singular,similarity_singular/ncore040_k4_n00000044,44,1936,dgmres,1,0,856042,642,5149316,6006000,3485,0,820,1,40,true,1.5954090633953218e-15,0.3186274458686718,4.513248573427319e-14,1477.5655667144906,2659.7706611570247,2449408,usr_bin_time_v,1351680,59604992,NaN,1265.190082644628,4,120,1e-08,none,NaN,NaN,false,2026-07-28T14:37:13.237434+00:00
2,python,single_thread,1,1,1,scipy-openblas:0.3.31.188.0,1,1,1,1009,similarity_singular,similarity_singular/ncore040_k4_n00000044,44,1936,dgmres,1,0,870821,684,5128106,5999611,3485,0,820,1,40,true,2.103475647721263e-15,0.24251963460376183,3.1919347616350886e-14,1471.4794835007174,2648.815082644628,2449408,usr_bin_time_v,1351680,59604992,NaN,1265.190082644628,4,120,1e-08,none,NaN,NaN,false,2026-07-28T14:37:13.237434+00:00
2,python,single_thread,1,1,1,scipy-openblas:0.3.31.188.0,1,1,1,1010,similarity_singular,similarity_singular/ncore040_k4_n00000044,44,1936,dgmres,1,0,848642,619,5093207,5942468,3485,0,820,1,40,true,1.8823838784159907e-15,0.23518698185234682,5.967904039860297e-14,1461.4654232424678,2630.7887396694214,2449408,usr_bin_time_v,1351680,59604992,NaN,1265.190082644628,4,120,1e-08,none,NaN,NaN,false,2026-07-28T14:37:13.237434+00:00
2,python,single_thread,1,1,1,scipy-openblas:0.3.31.188.0,1,1,1,1011,similarity_singular,similarity_singular/ncore040_k4_n00000044,44,1936,dgmres,1,0,865948,742,5108924,5975614,3485,0,820,1,40,true,3.0961661508781772e-15,0.3300752163943776,3.940911217982405e-14,1465.9753228120517,2638.9070247933882,2449408,usr_bin_time_v,1359872,59604992,NaN,1265.190082644628,4,120,1e-08,none,NaN,NaN,false,2026-07-28T14:37:13.237434+00:00
2,python,single_thread,1,1,1,scipy-openblas:0.3.31.188.0,1,1,1,1012,similarity_singular,similarity_singular/ncore040_k4_n00000044,44,1936,dgmres,1,0,1225876,623,5091688,6318187,3485,0,820,1,40,true,2.0725374716680436e-15,0.2819696157114465,3.086211107951362e-14,1461.0295552367288,2630.004132231405,2449408,usr_bin_time_v,1368064,59604992,NaN,1265.190082644628,4,120,1e-08,none,NaN,NaN,false,2026-07-28T14:37:13.237434+00:00
2,python,single_thread,1,1,1,scipy-openblas:0.3.31.188.0,1,1,1,1013,similarity_singular,similarity_singular/ncore040_k4_n00000044,44,1936,dgmres,1,0,862880,708,5090545,5954133,3485,0,820,1,40,true,1.4730801910467297e-15,0.06816524138696987,3.3758791044502183e-14,1460.7015781922526,2629.4137396694214,2449408,usr_bin_time_v,1368064,59604992,NaN,1265.190082644628,4,120,1e-08,none,NaN,NaN,false,2026-07-28T14:37:13.237434+00:00
2,python,single_thread,1,1,1,scipy-openblas:0.3.31.188.0,1,1,1,1014,similarity_singular,similarity_singular/ncore040_k4_n00000044,44,1936,dgmres,1,0,856573,658,5072179,5929410,3485,0,820,1,40,true,2.0308841538459174e-15,0.32201589830254473,2.3442622208915242e-14,1455.4315638450503,2619.9271694214876,2449408,usr_bin_time_v,1372160,59604992,NaN,1265.190082644628,4,120,1e-08,none,NaN,NaN,false,2026-07-28T14:37:13.237434+00:00
2,python,single_thread,1,1,1,scipy-openblas:0.3.31.188.0,1,1,1,1015,similarity_singular,similarity_singular/ncore040_k4_n00000044,44,1936,dgmres,1,0,840370,688,5078164,5919222,3485,0,820,1,40,true,1.3818327982872624e-15,0.27421682401546293,2.3639127368860117e-14,1457.148923959828,2623.0185950413224,2449408,usr_bin_time_v,1376256,59604992,NaN,1265.190082644628,4,120,1e-08,none,NaN,NaN,false,2026-07-28T14:37:13.237434+00:00
2,python,single_thread,1,1,1,scipy-openblas:0.3.31.188.0,1,1,1,1016,similarity_singular,similarity_singular/ncore040_k4_n00000044,44,1936,dgmres,1,0,866026,667,5048457,5915150,3485,0,820,1,40,true,1.6533466401602357e-15,0.08120463128695013,2.2431178908672482e-14,1448.6246771879482,2607.6740702479337,2449408,usr_bin_time_v,1380352,59604992,NaN,1265.190082644628,4,120,1e-08,none,NaN,NaN,false,2026-07-28T14:37:13.237434+00:00
2,python,single_thread,1,1,1,scipy-openblas:0.3.31.188.0,1,1,1,1017,similarity_singular,similarity_singular/ncore040_k4_n00000044,44,1936,dgmres,1,0,854891,652,5025550,5881093,3485,0,820,1,40,true,9.235302486281813e-16,0.42389030018983204,3.065377591887126e-14,1442.051649928264,2595.84194214876,2449408,usr_bin_time_v,1384448,59604992,NaN,1265.190082644628,4,120,1e-08,none,NaN,NaN,false,2026-07-28T14:37:13.237434+00:00
2,python,single_thread,1,1,1,scipy-openblas:0.3.31.188.0,1,1,1,1018,similarity_singular,similarity_singular/ncore040_k4_n00000044,44,1936,dgmres,1,0,843098,712,5045671,5889481,3485,0,820,1,40,true,1.5850680398111468e-15,0.46495636392647316,2.770911578933512e-14,1447.82525107604,2606.2350206611573,2449408,usr_bin_time_v,1388544,59604992,NaN,1265.190082644628,4,120,1e-08,none,NaN,NaN,false,2026-07-28T14:37:13.237434+00:00
2,python,single_thread,1,1,1,scipy-openblas:0.3.31.188.0,1,1,1,1019,similarity_singular,similarity_singular/ncore040_k4_n00000044,44,1936,dgmres,1,0,842903,646,5073174,5916723,3485,0,820,1,40,true,1.7706897984677434e-15,0.44245734068114934,2.2365168130290762e-14,1455.7170731707317,2620.4411157024792,2449408,usr_bin_time_v,1388544,59604992,NaN,1265.190082644628,4,120,1e-08,none,NaN,NaN,false,2026-07-28T14:37:13.237434+00:00
2,python,single_thread,1,1,1,scipy-openblas:0.3.31.188.0,1,1,1,12345,sparse_block_singular,sparse_block_singular/n00000103,103,300,dgmres,1,0,416342,1195,4883493,5301030,2624,0,820,1,40,true,6.678749468185569e-09,0.177282472966522,3.8247286680903106e-07,1861.0872713414635,16278.31,3252224,usr_bin_time_v,2117632,59604992,NaN,10840.746666666666,3,120,1e-08,none,NaN,NaN,false,2026-07-28T14:37:32.095318+00:00
2,julia,single_thread,1,1,1,openblas:libopenblas64_.so,1,1,1,1000,similarity_singular,similarity_singular/ncore997_k3_n00001000,1000,1000000,dgmres,1,0,548991193,1094,7807884273,8356876560,22264,0,7260,1,120,false,0.7027861289112365,1.2589776532615062,1.0558260754973108,350695.48477362556,7807.884273,201969664,usr_bin_time_v,137691136,445763584,42995264,201.969664,3,120,1.0e-8,none,NaN,NaN,false,2026-07-28T14:38:01.595
2,julia,single_thread,1,1,1,openblas:libopenblas64_.so,1,1,1,1001,similarity_singular,similarity_singular/ncore997_k3_n00001000,1000,1000000,dgmres,1,0,426653433,1004,7902911822,8329566259,22264,0,7260,1,120,false,0.7426160484124703,1.18990442496145,1.0282003862475062,354963.7002335609,7902.911822,201969664,usr_bin_time_v,163729408,445763584,26628520,201.969664,3,120,1.0e-8,none,NaN,NaN,false,2026-07-28T14:38:09.925
2,julia,single_thread,1,1,1,openblas:libopenblas64_.so,1,1,1,1002,similarity_singular,similarity_singular/ncore997_k3_n00001000,1000,1000000,dgmres,1,0,500177483,788,7750621772,8250800043,22264,0,7260,1,120,false,0.7309747829800928,1.3393482325779726,1.0623013736658986,348123.50754581386,7750.621772,201969664,usr_bin_time_v,183808000,445763584,40340920,201.969664,3,120,1.0e-8,none,NaN,NaN,false,2026-07-28T14:38:18.176
2,julia,single_thread,1,1,1,openblas:libopenblas64_.so,1,1,1,1003,similarity_singular,similarity_singular/ncore997_k3_n00001000,1000,1000000,dgmres,1,0,431918589,616,7987183515,8419102720,22264,0,7260,1,120,false,0.7043799685516714,1.3244307741944954,1.044579368294608,358748.81041142653,7987.183515,201969664,usr_bin_time_v,183111680,445763584,29612352,201.969664,3,120,1.0e-8,none,NaN,NaN,false,2026-07-28T14:38:26.595
2,julia,single_thread,1,1,1,openblas:libopenblas64_.so,1,1,1,1004,similarity_singular,similarity_singular/ncore997_k3_n00001000,1000,1000000,dgmres,1,0,431795101,742,8978148871,9409944714,22264,0,7260,1,120,false,0.731148793282333,1.2452841208179457,1.0347767893807893,403258.57307761407,8978.148871,201969664,usr_bin_time_v,183111680,445763584,26637592,201.969664,3,120,1.0e-8,none,NaN,NaN,false,2026-07-28T14:38:36.005
2,julia,single_thread,1,1,1,openblas:libopenblas64_.so,1,1,1,1005,similarity_singular,similarity_singular/ncore997_k3_n00001000,1000,1000000,dgmres,1,0,426035641,800,7982076181,8408112622,22264,0,7260,1,120,false,0.7411231635761983,1.271147092129583,1.0327581671111052,358519.41165109596,7982.076181,201969664,usr_bin_time_v,183111680,445763584,26642216,201.969664,3,120,1.0e-8,none,NaN,NaN,false,2026-07-28T14:38:44.414
2,julia,single_thread,1,1,1,openblas:libopenblas64_.so,1,1,1,1006,similarity_singular,similarity_singular/ncore997_k3_n00001000,1000,1000000,dgmres,1,0,496484817,834,7930317124,8426802775,22264,0,7260,1,120,false,0.6919265526117193,1.2983081471350317,1.0604567683237758,356194.6246855911,7930.317124,201969664,usr_bin_time_v,183111680,445763584,40352984,201.969664,3,120,1.0e-8,none,NaN,NaN,false,2026-07-28T14:38:52.841
2,julia,single_thread,1,1,1,openblas:libopenblas64_.so,1,1,1,1007,similarity_singular,similarity_singular/ncore997_k3_n00001000,1000,1000000,dgmres,1,0,451968516,776,8012708078,8464677370,22264,0,7260,1,120,false,0.6672667643822056,1.3607707041161503,1.086329290679449,359895.2604204096,8012.708078,201969664,usr_bin_time_v,183111680,445763584,31560176,201.969664,3,120,1.0e-8,none,NaN,NaN,false,2026-07-28T14:39:01.305
2,julia,single_thread,1,1,1,openblas:libopenblas64_.so,1,1,1,1008,similarity_singular,similarity_singular/ncore997_k3_n00001000,1000,1000000,dgmres,1,0,430360698,780,8058857414,8489218892,22264,0,7260,1,120,false,0.7071983195911419,1.2462052639571302,1.0357964057127111,361968.0836327704,8058.857414,201969664,usr_bin_time_v,183111680,445763584,26650968,201.969664,3,120,1.0e-8,none,NaN,NaN,false,2026-07-28T14:39:09.795
2,julia,single_thread,1,1,1,openblas:libopenblas64_.so,1,1,1,1009,similarity_singular,similarity_singular/ncore997_k3_n00001000,1000,1000000,dgmres,1,0,497274903,805,8088453039,8585728747,22264,0,7260,1,120,false,0.7023855636357516,1.2971720913674702,1.0587565345523144,363297.38766618754,8088.453039,201969664,usr_bin_time_v,183111680,445763584,34793728,201.969664,3,120,1.0e-8,none,NaN,NaN,false,2026-07-28T14:39:18.381
2,julia,single_thread,1,1,1,openblas:libopenblas64_.so,1,1,1,1000,similarity_singular,similarity_singular/ncore997_k3_n00001000,1000,1000000,gmres,1,0,559182251,1046,161828406,721011703,121,0,7260,1,120,false,0.9425921067399665,0.9425921067399666,1.003274675478181,1.3374248429752067e6,161.828406,255692800,usr_bin_time_v,138452992,445763584,32829296,255.6928,0,120,1.0e-8,none,NaN,NaN,false,2026-07-28T14:39:22.831
2,julia,single_thread,1,1,1,openblas:libopenblas64_.so,1,1,1,1001,similarity_singular,similarity_singular/ncore997_k3_n00001000,1000,1000000,gmres,1,0,434190906,468,149980079,584171453,121,0,7260,1,120,false,0.9548849433896501,0.9548849433896501,0.9953789243454735,1.2395047851239669e6,149.980079,255692800,usr_bin_time_v,158642176,445763584,34493520,255.6928,0,120,1.0e-8,none,NaN,NaN,false,2026-07-28T14:39:23.416
2,julia,single_thread,1,1,1,openblas:libopenblas64_.so,1,1,1,1002,similarity_singular,similarity_singular/ncore997_k3_n00001000,1000,1000000,gmres,1,0,429543267,405,149948197,579491869,121,0,7260,1,120,false,0.9440898814420421,0.9440898814420421,0.9884773427904795,1.2392412975206613e6,149.948197,255692800,usr_bin_time_v,160960512,445763584,28818616,255.6928,0,120,1.0e-8,none,NaN,NaN,false,2026-07-28T14:39:23.995
2,julia,single_thread,1,1,1,openblas:libopenblas64_.so,1,1,1,1003,similarity_singular,similarity_singular/ncore997_k3_n00001000,1000,1000000,gmres,1,0,435953448,658,138456643,574410749,121,0,7260,1,120,false,0.9348447362535491,0.9348447362535492,0.993110107321166,1.1442697768595042e6,138.456643,255692800,usr_bin_time_v,160854016,445763584,33943528,255.6928,0,120,1.0e-8,none,NaN,NaN,false,2026-07-28T14:39:24.570
2,julia,single_thread,1,1,1,openblas:libopenblas64_.so,1,1,1,1004,similarity_singular,similarity_singular/ncore997_k3_n00001000,1000,1000000,gmres,1,0,422364261,903,151499379,573864543,121,0,7260,1,120,false,0.9363883079462896,0.9363883079462896,0.9997422960939334,1.2520609834710744e6,151.499379,255692800,usr_bin_time_v,161931264,445763584,51415152,255.6928,0,120,1.0e-8,none,NaN,NaN,false,2026-07-28T14:39:25.162
2,julia,single_thread,1,1,1,openblas:libopenblas64_.so,1,1,1,1005,similarity_singular,similarity_singular/ncore997_k3_n00001000,1000,1000000,gmres,1,0,415381446,317,149840768,565222531,121,0,7260,1,120,false,0.9328925853191739,0.9328925853191739,0.9885731983578318,1.2383534545454546e6,149.840768,255692800,usr_bin_time_v,187731968,445763584,104828792,255.6928,0,120,1.0e-8,none,NaN,NaN,false,2026-07-28T14:39:25.727
2,julia,single_thread,1,1,1,openblas:libopenblas64_.so,1,1,1,1006,similarity_singular,similarity_singular/ncore997_k3_n00001000,1000,1000000,gmres,1,0,423953050,598,157620709,581574357,121,0,7260,1,120,false,0.9331290787441703,0.9331290787441704,0.9818967332708737,1.3026504876033058e6,157.620709,255692800,usr_bin_time_v,188588032,445763584,63378104,255.6928,0,120,1.0e-8,none,NaN,NaN,false,2026-07-28T14:39:26.309
2,julia,single_thread,1,1,1,openblas:libopenblas64_.so,1,1,1,1007,similarity_singular,similarity_singular/ncore997_k3_n00001000,1000,1000000,gmres,1,0,432787314,598,166793233,599581145,121,0,7260,1,120,false,0.9445989691015542,0.9445989691015543,0.9833035406418373,1.3784564710743802e6,166.793233,255692800,usr_bin_time_v,223211520,445763584,103211680,255.6928,0,120,1.0e-8,none,NaN,NaN,false,2026-07-28T14:39:26.909
2,julia,single_thread,1,1,1,openblas:libopenblas64_.so,1,1,1,1008,similarity_singular,similarity_singular/ncore997_k3_n00001000,1000,1000000,gmres,1,0,427240494,514,147427931,574668939,121,0,7260,1,120,false,0.9225644293856953,0.922564429385695,0.9909733239844085,1.218412652892562e6,147.427931,255692800,usr_bin_time_v,223211520,445763584,102560824,255.6928,0,120,1.0e-8,none,NaN,NaN,false,2026-07-28T14:39:27.483
2,julia,single_thread,1,1,1,openblas:libopenblas64_.so,1,1,1,1009,similarity_singular,similarity_singular/ncore997_k3_n00001000,1000,1000000,gmres,1,0,429770875,529,146737927,576509331,121,0,7260,1,120,false,0.9477736335723084,0.9477736335723085,0.9878558243908419,1.2127101404958677e6,146.737927,255692800,usr_bin_time_v,223211520,445763584,93364632,255.6928,0,120,1.0e-8,none,NaN,NaN,false,2026-07-28T14:39:28.060
2,julia,single_thread,1,1,1,openblas:libopenblas64_.so,1,1,1,1010,similarity_singular,similarity_singular/ncore997_k3_n00001000,1000,1000000,gmres,1,0,427519671,642,144557587,572077900,121,0,7260,1,120,false,0.9337294635423127,0.9337294635423126,0.9896906420347946,1.1946908016528925e6,144.557587,255692800,usr_bin_time_v,223211520,445763584,52256080,255.6928,0,120,1.0e-8,none,NaN,NaN,false,2026-07-28T14:39:28.632
2,julia,single_thread,1,1,1,openblas:libopenblas64_.so,1,1,1,1011,similarity_singular,similarity_singular/ncore997_k3_n00001000,1000,1000000,gmres,1,0,368154113,764,134494075,502648952,121,0,7260,1,120,false,0.9359986894425616,0.9359986894425616,0.9869577927034175,1.1115212809917356e6,134.494075,255692800,usr_bin_time_v,236363776,445763584,47602640,255.6928,0,120,1.0e-8,none,NaN,NaN,false,2026-07-28T14:39:29.135
2,julia,single_thread,1,1,1,openblas:libopenblas64_.so,1,1,1,1012,similarity_singular,similarity_singular/ncore997_k3_n00001000,1000,1000000,gmres,1,0,428692241,799,136771049,565464089,121,0,7260,1,120,false,0.9346710098253955,0.9346710098253955,0.9998885197504341,1.1303392479338844e6,136.771049,255692800,usr_bin_time_v,236363776,445763584,64171992,255.6928,0,120,1.0e-8,none,NaN,NaN,false,2026-07-28T14:39:29.701
2,julia,single_thread,1,1,1,openblas:libopenblas64_.so,1,1,1,1013,similarity_singular,similarity_singular/ncore997_k3_n00001000,1000,1000000,gmres,1,0,419431587,767,135644065,555076419,121,0,7260,1,120,false,0.9390778339831896,0.9390778339831897,0.9821423341947934,1.1210253305785125e6,135.644065,255692800,usr_bin_time_v,236363776,445763584,64417128,255.6928,0,120,1.0e-8,none,NaN,NaN,false,2026-07-28T14:39:30.256
2,julia,single_thread,1,1,1,openblas:libopenblas64_.so,1,1,1,1014,similarity_singular,similarity_singular/ncore997_k3_n00001000,1000,1000000,gmres,1,0,421097184,417,135727887,556825488,121,0,7260,1,120,false,0.9411098979876666,0.9411098979876666,0.9842613880097919,1.1217180743801652e6,135.727887,255692800,usr_bin_time_v,236363776,445763584,61534960,255.6928,0,120,1.0e-8,none,NaN,NaN,false,2026-07-28T14:39:30.813
2,julia,single_thread,1,1,1,openblas:libopenblas64_.so,1,1,1,1015,similarity_singular,similarity_singular/ncore997_k3_n00001000,1000,1000000,gmres,1,0,422804624,753,146284758,569090135,121,0,7260,1,120,false,0.9395383861839998,0.9395383861839998,0.9900178196967793,1.2089649421487604e6,146.284758,255692800,usr_bin_time_v,236363776,445763584,58424504,255.6928,0,120,1.0e-8,none,NaN,NaN,false,2026-07-28T14:39:31.382
2,julia,single_thread,1,1,1,openblas:libopenblas64_.so,1,1,1,1016,similarity_singular,similarity_singular/ncore997_k3_n00001000,1000,1000000,gmres,1,0,426156383,394,137315821,563472598,121,0,7260,1,120,false,0.933625940630769,0.933625940630769,0.9819423369066085,1.1348414958677685e6,137.315821,255692800,usr_bin_time_v,236363776,445763584,53996136,255.6928,0,120,1.0e-8,none,NaN,NaN,false,2026-07-28T14:39:31.946
2,julia,single_thread,1,1,1,openblas:libopenblas64_.so,1,1,1,1017,similarity_singular,similarity_singular/ncore997_k3_n00001000,1000,1000000,gmres,1,0,421126961,999,137042322,558170282,121,0,7260,1,120,false,0.933224892492613,0.933224892492613,0.9784418840053323,1.132581173553719e6,137.042322,255692800,usr_bin_time_v,236363776,445763584,51868232,255.6928,0,120,1.0e-8,none,NaN,NaN,false,2026-07-28T14:39:32.504
2,julia,single_thread,1,1,1,openblas:libopenblas64_.so,1,1,1,1018,similarity_singular,similarity_singular/ncore997_k3_n00001000,1000,1000000,gmres,1,0,428325133,567,137112737,565438437,121,0,7260,1,120,false,0.9312243452381024,0.9312243452381023,0.9936071788187958,1.1331631157024794e6,137.112737,255692800,usr_bin_time_v,236363776,445763584,50886392,255.6928,0,120,1.0e-8,none,NaN,NaN,false,2026-07-28T14:39:33.070
2,julia,single_thread,1,1,1,openblas:libopenblas64_.so,1,1,1,1019,similarity_singular,similarity_singular/ncore997_k3_n00001000,1000,1000000,gmres,1,0,423342970,472,135512031,558855473,121,0,7260,1,120,false,0.9398752045659863,0.9398752045659863,1.0004324632298933,1.1199341404958677e6,135.512031,255692800,usr_bin_time_v,236363776,445763584,50580800,255.6928,0,120,1.0e-8,none,NaN,NaN,false,2026-07-28T14:39:33.629
2,python,single_thread,1,1,1,scipy-openblas:0.3.31.188.0,1,1,1,1000,similarity_singular,similarity_singular/ncore040_k3_n00000043,43,1849,dgmres,1,0,1017716,1011,5026283,6045010,2624,0,820,1,40,true,2.718941834627574e-15,0.4286209192455284,1.1267860758599768e-14,1915.5041920731708,2718.37912385073,2162688,usr_bin_time_v,1298432,59604992,NaN,1169.6527852893455,3,120,1e-08,none,NaN,NaN,false,2026-07-28T14:39:43.632287+00:00
2,python,single_thread,1,1,1,scipy-openblas:0.3.31.188.0,1,1,1,1001,similarity_singular,similarity_singular/ncore040_k3_n00000043,43,1849,dgmres,1,0,887369,824,4776964,5665157,2624,0,820,1,40,true,2.720839329738894e-15,0.2706762651455511,1.6372307063885782e-14,1820.4893292682927,2583.5392103839913,2162688,usr_bin_time_v,1314816,59604992,NaN,1169.6527852893455,3,120,1e-08,none,NaN,NaN,false,2026-07-28T14:39:43.632287+00:00
2,python,single_thread,1,1,1,scipy-openblas:0.3.31.188.0,1,1,1,1002,similarity_singular,similarity_singular/ncore040_k3_n00000043,43,1849,dgmres,1,0,853478,647,4740309,5594434,2624,0,820,1,40,true,1.6675061902972065e-15,0.49690171999243654,1.0551804800337009e-14,1806.5201981707316,2563.7149810708493,2162688,usr_bin_time_v,1323008,59604992,NaN,1169.6527852893455,3,120,1e-08,none,NaN,NaN,false,2026-07-28T14:39:43.632287+00:00
2,python,single_thread,1,1,1,scipy-openblas:0.3.31.188.0,1,1,1,1003,similarity_singular,similarity_singular/ncore040_k3_n00000043,43,1849,dgmres,1,0,1126369,1635,4876979,6004983,2624,0,820,1,40,true,1.3440477757272012e-15,0.34720075150104135,1.0192600412291602e-14,1858.6048018292684,2637.6306111411573,2162688,usr_bin_time_v,1323008,59604992,NaN,1169.6527852893455,3,120,1e-08,none,NaN,NaN,false,2026-07-28T14:39:43.632287+00:00
2,python,single_thread,1,1,1,scipy-openblas:0.3.31.188.0,1,1,1,1004,similarity_singular,similarity_singular/ncore040_k3_n00000043,43,1849,dgmres,1,0,976507,899,4890097,5867503,2624,0,820,1,40,true,1.901945443850591e-15,0.4397678843713784,1.1539175922957577e-14,1863.6040396341464,2644.725256895619,2162688,usr_bin_time_v,1331200,59604992,NaN,1169.6527852893455,3,120,1e-08,none,NaN,NaN,false,2026-07-28T14:39:43.632287+00:00
2,python,single_thread,1,1,1,scipy-openblas:0.3.31.188.0,1,1,1,1005,similarity_singular,similarity_singular/ncore040_k3_n00000043,43,1849,dgmres,1,0,1001910,978,4757240,5760128,2624,0,820,1,40,true,2.7011701511092757e-15,0.40383844075136033,1.5492506395512084e-14,1812.9725609756097,2572.8718226068145,2162688,usr_bin_time_v,1331200,59604992,NaN,1169.6527852893455,3,120,1e-08,none,NaN,NaN,false,2026-07-28T14:39:43.632287+00:00
2,python,single_thread,1,1,1,scipy-openblas:0.3.31.188.0,1,1,1,1006,similarity_singular,similarity_singular/ncore040_k3_n00000043,43,1849,dgmres,1,0,886051,798,4827291,5714140,2624,0,820,1,40,true,1.3680672635457097e-15,0.2183059902372458,1.0863994078719594e-14,1839.668826219512,2610.7577068685778,2162688,usr_bin_time_v,1335296,59604992,NaN,1169.6527852893455,3,120,1e-08,none,NaN,NaN,false,2026-07-28T14:39:43.632287+00:00
2,python,single_thread,1,1,1,scipy-openblas:0.3.31.188.0,1,1,1,1007,similarity_singular,similarity_singular/ncore040_k3_n00000043,43,1849,dgmres,1,0,879600,847,4766782,5647229,2624,0,820,1,40,true,1.4794405582566913e-15,0.12563568239645234,1.2161446898300298e-14,1816.6089939024391,2578.032449972958,2162688,usr_bin_time_v,1335296,59604992,NaN,1169.6527852893455,3,120,1e-08,none,NaN,NaN,false,2026-07-28T14:39:43.632287+00:00
2,python,single_thread,1,1,1,scipy-openblas:0.3.31.188.0,1,1,1,1008,similarity_singular,similarity_singular/ncore040_k3_n00000043,43,1849,dgmres,1,0,831430,642,4759053,5591125,2624,0,820,1,40,true,1.786832781272565e-15,0.23502163719251842,9.537688924197618e-15,1813.6634908536585,2573.8523526230397,2162688,usr_bin_time_v,1339392,59604992,NaN,1169.6527852893455,3,120,1e-08,none,NaN,NaN,false,2026-07-28T14:39:43.632287+00:00
2,python,single_thread,1,1,1,scipy-openblas:0.3.31.188.0,1,1,1,1009,similarity_singular,similarity_singular/ncore040_k3_n00000043,43,1849,dgmres,1,0,847714,671,4813912,5662297,2624,0,820,1,40,true,1.147537924181696e-15,0.11793122416440155,1.210597636950542e-14,1834.5701219512196,2603.521903731747,2162688,usr_bin_time_v,1347584,59604992,NaN,1169.6527852893455,3,120,1e-08,none,NaN,NaN,false,2026-07-28T14:39:43.632287+00:00
2,python,single_thread,1,1,1,scipy-openblas:0.3.31.188.0,1,1,1,1010,similarity_singular,similarity_singular/ncore040_k3_n00000043,43,1849,dgmres,1,0,841604,644,5038135,5880383,2624,0,820,1,40,true,1.394471708707027e-15,0.19260871057734674,1.048714153657962e-14,1920.0209603658536,2724.789075175771,2162688,usr_bin_time_v,1347584,59604992,NaN,1169.6527852893455,3,120,1e-08,none,NaN,NaN,false,2026-07-28T14:39:43.632287+00:00
2,python,single_thread,1,1,1,scipy-openblas:0.3.31.188.0,1,1,1,1011,similarity_singular,similarity_singular/ncore040_k3_n00000043,43,1849,dgmres,1,0,835152,720,4760489,5596361,2624,0,820,1,40,true,1.684214128687072e-15,0.17428462644689494,1.3441440531906445e-14,1814.2107469512196,2574.6289886425093,2162688,usr_bin_time_v,1351680,59604992,NaN,1169.6527852893455,3,120,1e-08,none,NaN,NaN,false,2026-07-28T14:39:43.632287+00:00
2,python,single_thread,1,1,1,scipy-openblas:0.3.31.188.0,1,1,1,1012,similarity_singular,similarity_singular/ncore040_k3_n00000043,43,1849,dgmres,1,0,842445,674,4781179,5624298,2624,0,820,1,40,true,1.7720226283401105e-15,0.10780460424140678,1.0252561512548619e-14,1822.0956554878048,2585.818820984316,2162688,usr_bin_time_v,1351680,59604992,NaN,1169.6527852893455,3,120,1e-08,none,NaN,NaN,false,2026-07-28T14:39:43.632287+00:00
2,python,single_thread,1,1,1,scipy-openblas:0.3.31.188.0,1,1,1,1013,similarity_singular,similarity_singular/ncore040_k3_n00000043,43,1849,dgmres,1,0,849679,781,4724667,5575127,2624,0,820,1,40,true,1.3833971255550714e-15,0.7665425135665844,1.0974994047034403e-14,1800.5590701219512,2555.2552731206056,2162688,usr_bin_time_v,1351680,59604992,NaN,1169.6527852893455,3,120,1e-08,none,NaN,NaN,false,2026-07-28T14:39:43.632287+00:00
2,python,single_thread,1,1,1,scipy-openblas:0.3.31.188.0,1,1,1,1014,similarity_singular,similarity_singular/ncore040_k3_n00000043,43,1849,dgmres,1,0,836197,640,4763242,5600079,2624,0,820,1,40,true,1.2698587375816476e-15,0.18147657677793905,1.6355926164464363e-14,1815.2599085365853,2576.117901568415,2162688,usr_bin_time_v,1363968,59604992,NaN,1169.6527852893455,3,120,1e-08,none,NaN,NaN,false,2026-07-28T14:39:43.632287+00:00
2,python,single_thread,1,1,1,scipy-openblas:0.3.31.188.0,1,1,1,1015,similarity_singular,similarity_singular/ncore040_k3_n00000043,43,1849,dgmres,1,0,830997,677,4754951,5586625,2624,0,820,1,40,true,1.4831937047714308e-15,0.07777705990291889,1.5286933628819705e-14,1812.1002286585365,2571.633856138453,2162688,usr_bin_time_v,1363968,59604992,NaN,1169.6527852893455,3,120,1e-08,none,NaN,NaN,false,2026-07-28T14:39:43.632287+00:00
2,python,single_thread,1,1,1,scipy-openblas:0.3.31.188.0,1,1,1,1016,similarity_singular,similarity_singular/ncore040_k3_n00000043,43,1849,dgmres,1,0,862490,648,4769423,5632561,2624,0,820,1,40,true,9.397453796036745e-16,0.228152354243309,9.597586955238439e-15,1817.6154725609756,2579.4607896160087,2162688,usr_bin_time_v,1368064,59604992,NaN,1169.6527852893455,3,120,1e-08,none,NaN,NaN,false,2026-07-28T14:39:43.632287+00:00
2,python,single_thread,1,1,1,scipy-openblas:0.3.31.188.0,1,1,1,1017,similarity_singular,similarity_singular/ncore040_k3_n00000043,43,1849,dgmres,1,0,844560,760,4773626,5618946,2624,0,820,1,40,true,1.8294656308749656e-15,0.3377282841650457,1.5157034950270293e-14,1819.217225609756,2581.7339102217416,2162688,usr_bin_time_v,1376256,59604992,NaN,1169.6527852893455,3,120,1e-08,none,NaN,NaN,false,2026-07-28T14:39:43.632287+00:00
2,python,single_thread,1,1,1,scipy-openblas:0.3.31.188.0,1,1,1,1018,similarity_singular,similarity_singular/ncore040_k3_n00000043,43,1849,dgmres,1,0,834294,707,4766169,5601170,2624,0,820,1,40,true,2.041116234324958e-15,0.27294229171389034,1.3896834874244308e-14,1816.3753810975609,2577.7009194159004,2162688,usr_bin_time_v,1380352,59604992,NaN,1169.6527852893455,3,120,1e-08,none,NaN,NaN,false,2026-07-28T14:39:43.632287+00:00
2,python,single_thread,1,1,1,scipy-openblas:0.3.31.188.0,1,1,1,1019,similarity_singular,similarity_singular/ncore040_k3_n00000043,43,1849,dgmres,1,0,860684,695,4779325,5640704,2624,0,820,1,40,true,2.0341620963775463e-15,0.24957658404555005,1.605131951240388e-14,1821.389100609756,2584.8161168199026,2162688,usr_bin_time_v,1380352,59604992,NaN,1169.6527852893455,3,120,1e-08,none,NaN,NaN,false,2026-07-28T14:39:43.632287+00:00
2,python,single_thread,1,1,1,scipy-openblas:0.3.31.188.0,1,1,1,1000,illcond_block_singular,illcond_block_singular/ncore040_k2_n00000042,42,1601,dgmres,1,0,943742,1357,3095310,4040409,1155,0,528,1,32,true,8.254444357278661e-09,2.324001253373356,1.0407165657689639,2679.9220779220777,1933.3603997501561,2473984,usr_bin_time_v,1277952,59604992,NaN,1545.2742036227357,2,120,1e-08,none,NaN,NaN,false,2026-07-28T14:40:28.255191+00:00
2,python,single_thread,1,1,1,scipy-openblas:0.3.31.188.0,1,1,1,1001,illcond_block_singular,illcond_block_singular/ncore040_k2_n00000042,42,1601,dgmres,1,0,787932,791,2654539,3443262,1088,0,496,1,31,true,4.509650029011159e-10,0.7140854654187088,1.092090864876423,2439.8336397058824,1658.050593379138,2473984,usr_bin_time_v,1306624,59604992,NaN,1545.2742036227357,2,120,1e-08,none,NaN,NaN,false,2026-07-28T14:40:28.255191+00:00
2,python,single_thread,1,1,1,scipy-openblas:0.3.31.188.0,1,1,1,1002,illcond_block_singular,illcond_block_singular/ncore040_k2_n00000042,42,1601,dgmres,1,0,785702,770,2626872,3413344,1088,0,496,1,31,true,5.177349934586456e-09,2.1209196478210464,1.019370394801348,2414.404411764706,1640.7695190505933,2473984,usr_bin_time_v,1318912,59604992,NaN,1545.2742036227357,2,120,1e-08,none,NaN,NaN,false,2026-07-28T14:40:28.255191+00:00
2,python,single_thread,1,1,1,scipy-openblas:0.3.31.188.0,1,1,1,1003,illcond_block_singular,illcond_block_singular/ncore040_k2_n00000042,42,1601,dgmres,1,0,751296,701,2659073,3411070,1088,0,496,1,31,true,3.6420718383113426e-09,1.9835359747691328,1.0569970441971217,2444.000919117647,1660.8825733916303,2473984,usr_bin_time_v,1318912,59604992,NaN,1545.2742036227357,2,120,1e-08,none,NaN,NaN,false,2026-07-28T14:40:28.255191+00:00
2,python,single_thread,1,1,1,scipy-openblas:0.3.31.188.0,1,1,1,1004,illcond_block_singular,illcond_block_singular/ncore040_k2_n00000042,42,1601,dgmres,1,0,754059,690,2605601,3360350,1088,0,496,1,31,true,5.2893744057054796e-09,1.382194933038491,1.0181880167173354,2394.8538602941176,1627.4834478450969,2473984,usr_bin_time_v,1327104,59604992,NaN,1545.2742036227357,2,120,1e-08,none,NaN,NaN,false,2026-07-28T14:40:28.255191+00:00
2,python,single_thread,1,1,1,scipy-openblas:0.3.31.188.0,1,1,1,1005,illcond_block_singular,illcond_block_singular/ncore040_k2_n00000042,42,1601,dgmres,1,0,813573,639,2660891,3475103,1088,0,496,1,31,true,6.895257987338504e-09,2.9141307704694355,0.9974820006955207,2445.671875,1662.0181136789506,2473984,usr_bin_time_v,1331200,59604992,NaN,1545.2742036227357,2,120,1e-08,none,NaN,NaN,false,2026-07-28T14:40:28.255191+00:00
2,python,single_thread,1,1,1,scipy-openblas:0.3.31.188.0,1,1,1,1006,illcond_block_singular,illcond_block_singular/ncore040_k2_n00000042,42,1601,dgmres,1,0,768833,849,2921724,3691406,1224,0,561,1,33,true,5.850261714066548e-09,1.480274687710523,0.9823271360776283,2387.029411764706,1824.9369144284822,2473984,usr_bin_time_v,1331200,59604992,NaN,1545.2742036227357,2,120,1e-08,none,NaN,NaN,false,2026-07-28T14:40:28.255191+00:00
2,python,single_thread,1,1,1,scipy-openblas:0.3.31.188.0,1,1,1,1007,illcond_block_singular,illcond_block_singular/ncore040_k2_n00000042,42,1601,dgmres,1,0,760075,629,2620235,3380939,1088,0,496,1,31,true,3.441207577071906e-09,1.047045770856435,0.9799014116435302,2408.3042279411766,1636.623985009369,2473984,usr_bin_time_v,1331200,59604992,NaN,1545.2742036227357,2,120,1e-08,none,NaN,NaN,false,2026-07-28T14:40:28.255191+00:00
2,python,single_thread,1,1,1,scipy-openblas:0.3.31.188.0,1,1,1,1008,illcond_block_singular,illcond_block_singular/ncore040_k2_n00000042,42,1601,dgmres,1,0,743172,654,2923666,3667492,1224,0,561,1,33,true,6.941391265880905e-09,1.2905230385523512,1.0521386762125988,2388.6160130718954,1826.149906308557,2473984,usr_bin_time_v,1335296,59604992,NaN,1545.2742036227357,2,120,1e-08,none,NaN,NaN,false,2026-07-28T14:40:28.255191+00:00
2,python,single_thread,1,1,1,scipy-openblas:0.3.31.188.0,1,1,1,1009,illcond_block_singular,illcond_block_singular/ncore040_k2_n00000042,42,1601,dgmres,1,0,749786,594,2654770,3405150,1088,0,496,1,31,true,1.750780626299842e-09,1.266973902125188,1.015885634018101,2440.045955882353,1658.1948782011243,2473984,usr_bin_time_v,1343488,59604992,NaN,1545.2742036227357,2,120,1e-08,none,NaN,NaN,false,2026-07-28T14:40:28.255191+00:00
2,python,single_thread,1,1,1,scipy-openblas:0.3.31.188.0,1,1,1,1010,illcond_block_singular,illcond_block_singular/ncore040_k2_n00000042,42,1601,dgmres,1,0,734048,698,2610242,3344988,1088,0,496,1,31,true,1.696709861779001e-09,1.1876926150515363,1.031873680014158,2399.1194852941176,1630.3822610868208,2473984,usr_bin_time_v,1343488,59604992,NaN,1545.2742036227357,2,120,1e-08,none,NaN,NaN,false,2026-07-28T14:40:28.255191+00:00
2,python,single_thread,1,1,1,scipy-openblas:0.3.31.188.0,1,1,1,1011,illcond_block_singular,illcond_block_singular/ncore040_k2_n00000042,42,1601,dgmres,1,0,753214,628,2629768,3383610,1088,0,496,1,31,true,5.6802520956318e-09,2.2136261817574128,1.0055323784441337,2417.0661764705883,1642.578388507183,2473984,usr_bin_time_v,1347584,59604992,NaN,1545.2742036227357,2,120,1e-08,none,NaN,NaN,false,2026-07-28T14:40:28.255191+00:00
2,python,single_thread,1,1,1,scipy-openblas:0.3.31.188.0,1,1,1,1012,illcond_block_singular,illcond_block_singular/ncore040_k2_n00000042,42,1601,dgmres,1,0,735714,676,2617903,3354293,1088,0,496,1,31,true,5.89895201806464e-09,1.04252806553506,0.9821674590371912,2406.160845588235,1635.1673953778889,2473984,usr_bin_time_v,1347584,59604992,NaN,1545.2742036227357,2,120,1e-08,none,NaN,NaN,false,2026-07-28T14:40:28.255191+00:00
2,python,single_thread,1,1,1,scipy-openblas:0.3.31.188.0,1,1,1,1013,illcond_block_singular,illcond_block_singular/ncore040_k2_n00000042,42,1601,dgmres,1,0,744579,25380,2188135,2958094,899,0,406,1,28,true,5.497543694833616e-09,1.1086827493927438,1.032684345639218,2433.9655172413795,1366.7301686445971,2473984,usr_bin_time_v,1351680,59604992,NaN,1545.2742036227357,2,120,1e-08,none,NaN,NaN,false,2026-07-28T14:40:28.255191+00:00
2,python,single_thread,1,1,1,scipy-openblas:0.3.31.188.0,1,1,1,1014,illcond_block_singular,illcond_block_singular/ncore040_k2_n00000042,42,1601,dgmres,1,0,732907,695,2611164,3344766,1088,0,496,1,31,true,4.453922876757845e-09,1.7003036010248676,1.1164157472028948,2399.966911764706,1630.9581511555277,2473984,usr_bin_time_v,1359872,59604992,NaN,1545.2742036227357,2,120,1e-08,none,NaN,NaN,false,2026-07-28T14:40:28.255191+00:00
2,python,single_thread,1,1,1,scipy-openblas:0.3.31.188.0,1,1,1,1015,illcond_block_singular,illcond_block_singular/ncore040_k2_n00000042,42,1601,dgmres,1,0,751532,628,2607658,3359818,1088,0,496,1,31,true,2.740985074782665e-09,1.529725342819341,1.106557643757158,2396.7444852941176,1628.7682698313554,2473984,usr_bin_time_v,1359872,59604992,NaN,1545.2742036227357,2,120,1e-08,none,NaN,NaN,false,2026-07-28T14:40:28.255191+00:00
2,python,single_thread,1,1,1,scipy-openblas:0.3.31.188.0,1,1,1,1016,illcond_block_singular,illcond_block_singular/ncore040_k2_n00000042,42,1601,dgmres,1,0,745667,682,2631611,3377960,1088,0,496,1,31,true,3.611889250426634e-09,1.2101052726397237,0.9747416175023497,2418.7601102941176,1643.729544034978,2473984,usr_bin_time_v,1363968,59604992,NaN,1545.2742036227357,2,120,1e-08,none,NaN,NaN,false,2026-07-28T14:40:28.255191+00:00
2,python,single_thread,1,1,1,scipy-openblas:0.3.31.188.0,1,1,1,1017,illcond_block_singular,illcond_block_singular/ncore040_k2_n00000042,42,1601,dgmres,1,0,741396,604,2481794,3223794,1023,0,465,1,30,true,8.852496422660687e-09,1.6058628523983194,1.0243778122753564,2425.996089931574,1550.1524047470332,2473984,usr_bin_time_v,1368064,59604992,NaN,1545.2742036227357,2,120,1e-08,none,NaN,NaN,false,2026-07-28T14:40:28.255191+00:00
2,python,single_thread,1,1,1,scipy-openblas:0.3.31.188.0,1,1,1,1018,illcond_block_singular,illcond_block_singular/ncore040_k2_n00000042,42,1601,dgmres,1,0,732632,707,2604119,3337458,1088,0,496,1,31,true,3.360434878428776e-09,1.557092505693817,0.9943710864571044,2393.4917279411766,1626.5577763897563,2473984,usr_bin_time_v,1372160,59604992,NaN,1545.2742036227357,2,120,1e-08,none,NaN,NaN,false,2026-07-28T14:40:28.255191+00:00
2,python,single_thread,1,1,1,scipy-openblas:0.3.31.188.0,1,1,1,1019,illcond_block_singular,illcond_block_singular/ncore040_k2_n00000042,42,1601,dgmres,1,0,734644,687,2604886,3340217,1088,0,496,1,31,true,9.714405296643272e-09,3.1641114914550332,1.0885471575664825,2394.1966911764707,1627.0368519675203,2473984,usr_bin_time_v,1376256,59604992,NaN,1545.2742036227357,2,120,1e-08,none,NaN,NaN,false,2026-07-28T14:40:28.255191+00:00
2,python,single_thread,1,1,1,scipy-openblas:0.3.31.188.0,1,1,1,1000,blockdiag_high_index_singular,blockdiag_high_index_singular/ncore040_k5_n00000045,45,1604,dgmres,1,0,973028,1226,5616508,6590762,4346,0,820,1,40,true,1.5506512276059405e-15,0.4807381395400346,2.854385940559629e-14,1292.3396226415093,3501.5635910224437,2478080,usr_bin_time_v,1347584,59604992,NaN,1544.9376558603492,5,120,1e-08,none,NaN,NaN,false,2026-07-28T14:40:44.712717+00:00
2,python,single_thread,1,1,1,scipy-openblas:0.3.31.188.0,1,1,1,1001,blockdiag_high_index_singular,blockdiag_high_index_singular/ncore040_k5_n00000045,45,1604,dgmres,1,0,916032,1058,6236457,7153547,4346,0,820,1,40,true,5.621981576841421e-16,0.28651691259025386,3.6668786867251036e-14,1434.9878048780488,3888.0654613466336,2478080,usr_bin_time_v,1376256,59604992,NaN,1544.9376558603492,5,120,1e-08,none,NaN,NaN,false,2026-07-28T14:40:44.712717+00:00
2,python,single_thread,1,1,1,scipy-openblas:0.3.31.188.0,1,1,1,1002,blockdiag_high_index_singular,blockdiag_high_index_singular/ncore040_k5_n00000045,45,1604,dgmres,1,0,808893,725,5336160,6145778,4346,0,820,1,40,true,2.307359385077056e-15,0.13395791285635228,2.154555735795347e-14,1227.832489645651,3326.783042394015,2478080,usr_bin_time_v,1388544,59604992,NaN,1544.9376558603492,5,120,1e-08,none,NaN,NaN,false,2026-07-28T14:40:44.712717+00:00
2,python,single_thread,1,1,1,scipy-openblas:0.3.31.188.0,1,1,1,1003,blockdiag_high_index_singular,blockdiag_high_index_singular/ncore040_k5_n00000045,45,1604,dgmres,1,0,811929,796,5333929,6146654,4346,0,820,1,40,true,4.877373362319329e-15,0.2991706882532603,5.836143472954347e-14,1227.3191440404971,3325.392144638404,2478080,usr_bin_time_v,1392640,59604992,NaN,1544.9376558603492,5,120,1e-08,none,NaN,NaN,false,2026-07-28T14:40:44.712717+00:00
2,python,single_thread,1,1,1,scipy-openblas:0.3.31.188.0,1,1,1,1004,blockdiag_high_index_singular,blockdiag_high_index_singular/ncore040_k5_n00000045,45,1604,dgmres,1,0,798571,740,5305313,6104624,4346,0,820,1,40,true,1.489623692866236e-15,0.33609178586264876,3.717796639503364e-14,1220.734698573401,3307.5517456359103,2478080,usr_bin_time_v,1400832,59604992,NaN,1544.9376558603492,5,120,1e-08,none,NaN,NaN,false,2026-07-28T14:40:44.712717+00:00
2,python,single_thread,1,1,1,scipy-openblas:0.3.31.188.0,1,1,1,1005,blockdiag_high_index_singular,blockdiag_high_index_singular/ncore040_k5_n00000045,45,1604,dgmres,1,0,798769,680,5323288,6122737,4346,0,820,1,40,true,2.9294345260844813e-15,0.3296016460546495,3.1703224694228305e-14,1224.870685687989,3318.7581047381545,2478080,usr_bin_time_v,1400832,59604992,NaN,1544.9376558603492,5,120,1e-08,none,NaN,NaN,false,2026-07-28T14:40:44.712717+00:00
2,python,single_thread,1,1,1,scipy-openblas:0.3.31.188.0,1,1,1,1006,blockdiag_high_index_singular,blockdiag_high_index_singular/ncore040_k5_n00000045,45,1604,dgmres,1,0,788981,712,5303674,6093367,4346,0,820,1,40,true,2.186295472444245e-15,0.1889215413082986,3.3481606524829275e-14,1220.3575701794755,3306.5299251870324,2478080,usr_bin_time_v,1400832,59604992,NaN,1544.9376558603492,5,120,1e-08,none,NaN,NaN,false,2026-07-28T14:40:44.712717+00:00
2,python,single_thread,1,1,1,scipy-openblas:0.3.31.188.0,1,1,1,1007,blockdiag_high_index_singular,blockdiag_high_index_singular/ncore040_k5_n00000045,45,1604,dgmres,1,0,777845,662,5257028,6035535,4346,0,820,1,40,true,1.314077964339673e-15,0.29360184382932414,2.3934816420931168e-14,1209.6244822825586,3277.448877805486,2478080,usr_bin_time_v,1400832,59604992,NaN,1544.9376558603492,5,120,1e-08,none,NaN,NaN,false,2026-07-28T14:40:44.712717+00:00
2,python,single_thread,1,1,1,scipy-openblas:0.3.31.188.0,1,1,1,1008,blockdiag_high_index_singular,blockdiag_high_index_singular/ncore040_k5_n00000045,45,1604,dgmres,1,0,736576,590,5270886,6008052,4346,0,820,1,40,true,3.3401237999299646e-15,0.2426327718399976,3.8213342678027305e-14,1212.8131615278417,3286.088528678304,2478080,usr_bin_time_v,1404928,59604992,NaN,1544.9376558603492,5,120,1e-08,none,NaN,NaN,false,2026-07-28T14:40:44.712717+00:00
2,python,single_thread,1,1,1,scipy-openblas:0.3.31.188.0,1,1,1,1009,blockdiag_high_index_singular,blockdiag_high_index_singular/ncore040_k5_n00000045,45,1604,dgmres,1,0,743158,640,5284207,6028005,4346,0,820,1,40,true,2.2477160320978435e-15,0.40251499465861934,6.471512985062484e-14,1215.8782788771284,3294.393391521197,2478080,usr_bin_time_v,1409024,59604992,NaN,1544.9376558603492,5,120,1e-08,none,NaN,NaN,false,2026-07-28T14:40:44.712717+00:00
2,python,single_thread,1,1,1,scipy-openblas:0.3.31.188.0,1,1,1,1010,blockdiag_high_index_singular,blockdiag_high_index_singular/ncore040_k5_n00000045,45,1604,dgmres,1,0,727284,633,5215382,5943299,4346,0,820,1,40,true,1.6757168529438663e-15,0.5576006360359242,8.426409177970407e-14,1200.041877588587,3251.4850374064836,2478080,usr_bin_time_v,1409024,59604992,NaN,1544.9376558603492,5,120,1e-08,none,NaN,NaN,false,2026-07-28T14:40:44.712717+00:00
2,python,single_thread,1,1,1,scipy-openblas:0.3.31.188.0,1,1,1,1011,blockdiag_high_index_singular,blockdiag_high_index_singular/ncore040_k5_n00000045,45,1604,dgmres,1,0,726462,588,5233275,5960325,4346,0,820,1,40,true,7.549750676498848e-16,0.3200471204566993,3.598507504213221e-14,1204.158996778647,3262.6402743142144,2478080,usr_bin_time_v,1417216,59604992,NaN,1544.9376558603492,5,120,1e-08,none,NaN,NaN,false,2026-07-28T14:40:44.712717+00:00
2,python,single_thread,1,1,1,scipy-openblas:0.3.31.188.0,1,1,1,1012,blockdiag_high_index_singular,blockdiag_high_index_singular/ncore040_k5_n00000045,45,1604,dgmres,1,0,736653,682,5249736,5987071,4346,0,820,1,40,true,4.334330443000543e-15,0.4374442872350746,5.611352495748686e-14,1207.9466175793834,3272.9027431421446,2478080,usr_bin_time_v,1417216,59604992,NaN,1544.9376558603492,5,120,1e-08,none,NaN,NaN,false,2026-07-28T14:40:44.712717+00:00
2,python,single_thread,1,1,1,scipy-openblas:0.3.31.188.0,1,1,1,1013,blockdiag_high_index_singular,blockdiag_high_index_singular/ncore040_k5_n00000045,45,1604,dgmres,1,0,731333,671,5235272,5967276,4346,0,820,1,40,true,1.4722240815373124e-15,0.3665256894355348,2.7312101424200116e-14,1204.6184997699033,3263.8852867830424,2478080,usr_bin_time_v,1421312,59604992,NaN,1544.9376558603492,5,120,1e-08,none,NaN,NaN,false,2026-07-28T14:40:44.712717+00:00
2,python,single_thread,1,1,1,scipy-openblas:0.3.31.188.0,1,1,1,1014,blockdiag_high_index_singular,blockdiag_high_index_singular/ncore040_k5_n00000045,45,1604,dgmres,1,0,753998,690,5288696,6043384,4346,0,820,1,40,true,4.067594336559529e-15,0.39220677595656156,6.71453130237885e-14,1216.9111826967326,3297.1920199501246,2478080,usr_bin_time_v,1425408,59604992,NaN,1544.9376558603492,5,120,1e-08,none,NaN,NaN,false,2026-07-28T14:40:44.712717+00:00
2,python,single_thread,1,1,1,scipy-openblas:0.3.31.188.0,1,1,1,1015,blockdiag_high_index_singular,blockdiag_high_index_singular/ncore040_k5_n00000045,45,1604,dgmres,1,0,747749,738,5267775,6016262,4346,0,820,1,40,true,2.4090406562438227e-15,0.32537933669236435,2.8748725099913455e-14,1212.0973308789692,3284.1490024937657,2478080,usr_bin_time_v,1429504,59604992,NaN,1544.9376558603492,5,120,1e-08,none,NaN,NaN,false,2026-07-28T14:40:44.712717+00:00
2,python,single_thread,1,1,1,scipy-openblas:0.3.31.188.0,1,1,1,1016,blockdiag_high_index_singular,blockdiag_high_index_singular/ncore040_k5_n00000045,45,1604,dgmres,1,0,727274,588,5271791,5999653,4346,0,820,1,40,true,2.4045891895705485e-15,0.3157693203269054,3.988789878060927e-14,1213.0213989875747,3286.6527431421446,2478080,usr_bin_time_v,1429504,59604992,NaN,1544.9376558603492,5,120,1e-08,none,NaN,NaN,false,2026-07-28T14:40:44.712717+00:00
2,python,single_thread,1,1,1,scipy-openblas:0.3.31.188.0,1,1,1,1017,blockdiag_high_index_singular,blockdiag_high_index_singular/ncore040_k5_n00000045,45,1604,dgmres,1,0,729846,611,5248156,5978613,4346,0,820,1,40,true,1.5190883085391954e-15,0.24948857559577048,3.000916658913871e-14,1207.5830648872527,3271.917705735661,2478080,usr_bin_time_v,1433600,59604992,NaN,1544.9376558603492,5,120,1e-08,none,NaN,NaN,false,2026-07-28T14:40:44.712717+00:00
2,python,single_thread,1,1,1,scipy-openblas:0.3.31.188.0,1,1,1,1018,blockdiag_high_index_singular,blockdiag_high_index_singular/ncore040_k5_n00000045,45,1604,dgmres,1,0,727004,670,5167839,5895513,4346,0,820,1,40,true,1.050784983996524e-15,0.24902720227054653,3.2713311233617664e-14,1189.1023930050621,3221.844763092269,2478080,usr_bin_time_v,1437696,59604992,NaN,1544.9376558603492,5,120,1e-08,none,NaN,NaN,false,2026-07-28T14:40:44.712717+00:00
2,python,single_thread,1,1,1,scipy-openblas:0.3.31.188.0,1,1,1,1019,blockdiag_high_index_singular,blockdiag_high_index_singular/ncore040_k5_n00000045,45,1604,dgmres,1,0,722037,603,5263157,5985797,4346,0,820,1,40,true,2.791791447785332e-15,0.22094371224721707,3.319673436211781e-14,1211.0347445927289,3281.2699501246884,2478080,usr_bin_time_v,1437696,59604992,NaN,1544.9376558603492,5,120,1e-08,none,NaN,NaN,false,2026-07-28T14:40:44.712717+00:00
2,python,single_thread,1,1,1,scipy-openblas:0.3.31.188.0,1,1,1,1000,similarity_singular,similarity_singular/ncore997_k3_n00001000,1000,1000000,dgmres,1,0,427878897,2193,4207901328,4635782418,22264,0,7260,1,120,false,0.7027861289112368,1.2589776532615076,1.0558260754973108,189000.239310097,4207.901328,155615232,usr_bin_time_v,147804160,59604992,NaN,155.615232,3,120,1e-08,none,NaN,NaN,false,2026-07-28T14:40:49.980875+00:00
2,python,single_thread,1,1,1,scipy-openblas:0.3.31.188.0,1,1,1,1001,similarity_singular,similarity_singular/ncore997_k3_n00001000,1000,1000000,dgmres,1,0,456867443,2563,4391191868,4848061874,22264,0,7260,1,120,false,0.742616048412471,1.1899044249614492,1.028200386247506,197232.8363277039,4391.191868,155615232,usr_bin_time_v,152326144,59604992,NaN,155.615232,3,120,1e-08,none,NaN,NaN,false,2026-07-28T14:40:49.980875+00:00
2,python,single_thread,1,1,1,scipy-openblas:0.3.31.188.0,1,1,1,1002,similarity_singular,similarity_singular/ncore997_k3_n00001000,1000,1000000,dgmres,1,0,455584759,2426,4220328283,4675915468,22264,0,7260,1,120,false,0.730974782980092,1.3393482325779742,1.0623013736658984,189558.40293747754,4220.328283,155615232,usr_bin_time_v,152715264,59604992,NaN,155.615232,3,120,1e-08,none,NaN,NaN,false,2026-07-28T14:40:49.980875+00:00
2,python,single_thread,1,1,1,scipy-openblas:0.3.31.188.0,1,1,1,1003,similarity_singular,similarity_singular/ncore997_k3_n00001000,1000,1000000,dgmres,1,0,458233812,2545,4242215678,4700452035,22264,0,7260,1,120,false,0.7043799685516731,1.3244307741944934,1.0445793682946078,190541.48751347465,4242.215678,155615232,usr_bin_time_v,152715264,59604992,NaN,155.615232,3,120,1e-08,none,NaN,NaN,false,2026-07-28T14:40:49.980875+00:00
2,python,single_thread,1,1,1,scipy-openblas:0.3.31.188.0,1,1,1,1004,similarity_singular,similarity_singular/ncore997_k3_n00001000,1000,1000000,dgmres,1,0,457504941,2322,4239225872,4696733135,22264,0,7260,1,120,false,0.7311487932823326,1.245284120817947,1.034776789380789,190407.1987064319,4239.225872,155615232,usr_bin_time_v,154243072,59604992,NaN,155.615232,3,120,1e-08,none,NaN,NaN,false,2026-07-28T14:40:49.980875+00:00
2,python,single_thread,1,1,1,scipy-openblas:0.3.31.188.0,1,1,1,1005,similarity_singular,similarity_singular/ncore997_k3_n00001000,1000,1000000,dgmres,1,0,470694768,2076,4210528177,4681225021,22264,0,7260,1,120,false,0.7411231635761989,1.271147092129584,1.0327581671111052,189118.22570068273,4210.528177,155615232,usr_bin_time_v,154243072,59604992,NaN,155.615232,3,120,1e-08,none,NaN,NaN,false,2026-07-28T14:40:49.980875+00:00
2,python,single_thread,1,1,1,scipy-openblas:0.3.31.188.0,1,1,1,1006,similarity_singular,similarity_singular/ncore997_k3_n00001000,1000,1000000,dgmres,1,0,455206583,1799,4234783356,4689991738,22264,0,7260,1,120,false,0.6919265526117201,1.2983081471350293,1.0604567683237742,190207.6606180381,4234.783356,155615232,usr_bin_time_v,154243072,59604992,NaN,155.615232,3,120,1e-08,none,NaN,NaN,false,2026-07-28T14:40:49.980875+00:00
2,python,single_thread,1,1,1,scipy-openblas:0.3.31.188.0,1,1,1,1007,similarity_singular,similarity_singular/ncore997_k3_n00001000,1000,1000000,dgmres,1,0,439016565,2600,4217212227,4656231392,22264,0,7260,1,120,false,0.6672667643822056,1.3607707041161503,1.08632929067945,189418.44354114265,4217.212227,155615232,usr_bin_time_v,154243072,59604992,NaN,155.615232,3,120,1e-08,none,NaN,NaN,false,2026-07-28T14:40:49.980875+00:00
2,python,single_thread,1,1,1,scipy-openblas:0.3.31.188.0,1,1,1,1008,similarity_singular,similarity_singular/ncore997_k3_n00001000,1000,1000000,dgmres,1,0,430011493,2412,4213467870,4643481775,22264,0,7260,1,120,false,0.7071983195911414,1.2462052639571313,1.0357964057127111,189250.26365432987,4213.46787,155615232,usr_bin_time_v,154243072,59604992,NaN,155.615232,3,120,1e-08,none,NaN,NaN,false,2026-07-28T14:40:49.980875+00:00
2,python,single_thread,1,1,1,scipy-openblas:0.3.31.188.0,1,1,1,1009,similarity_singular,similarity_singular/ncore997_k3_n00001000,1000,1000000,dgmres,1,0,421935884,1675,4234999933,4656937492,22264,0,7260,1,120,false,0.7023855636357529,1.2971720913674702,1.0587565345523149,190217.3882950054,4234.999933,155615232,usr_bin_time_v,154243072,59604992,NaN,155.615232,3,120,1e-08,none,NaN,NaN,false,2026-07-28T14:40:49.980875+00:00
2,julia,single_thread,1,1,1,openblas:libopenblas64_.so,1,1,1,1000,blockdiag_high_index_singular,blockdiag_high_index_singular/ncore040_k5_n00000045,45,1604,gmres,1,0,38660346,655,1027768,39688769,46,0,1035,1,45,false,0.3160538851249592,0.31605388512495913,0.8343733608495707,22342.782608695652,640.7531172069826,87920640,usr_bin_time_v,70033408,445763584,182495808,54813.366583541145,0,120,1.0e-8,none,NaN,NaN,false,2026-07-28T14:42:37.330
2,julia,single_thread,1,1,1,openblas:libopenblas64_.so,1,1,1,1001,blockdiag_high_index_singular,blockdiag_high_index_singular/ncore040_k5_n00000045,45,1604,gmres,1,0,536080,150,1031443,1567673,47,0,1081,1,46,false,0.008585413190121368,0.008585413190121367,0.7772862131361946,21945.59574468085,643.0442643391522,87920640,usr_bin_time_v,70041600,445763584,189267968,54813.366583541145,0,120,1.0e-8,none,NaN,NaN,false,2026-07-28T14:42:37.349
2,julia,single_thread,1,1,1,openblas:libopenblas64_.so,1,1,1,1002,blockdiag_high_index_singular,blockdiag_high_index_singular/ncore040_k5_n00000045,45,1604,gmres,1,0,518245,94,23618367,24136706,47,0,1081,1,46,false,0.021940519875934036,0.021940519875934046,0.2938753208035282,502518.44680851063,14724.667705735661,87920640,usr_bin_time_v,69783552,445763584,32842360,54813.366583541145,0,120,1.0e-8,none,NaN,NaN,false,2026-07-28T14:42:37.374
2,julia,single_thread,1,1,1,openblas:libopenblas64_.so,1,1,1,1003,blockdiag_high_index_singular,blockdiag_high_index_singular/ncore040_k5_n00000045,45,1604,gmres,1,0,537393,129,1051751,1589273,46,0,1035,1,45,false,0.13467128077230847,0.13467128077230847,0.5990985610163415,22864.152173913044,655.7051122194514,87920640,usr_bin_time_v,69783552,445763584,37918240,54813.366583541145,0,120,1.0e-8,none,NaN,NaN,false,2026-07-28T14:42:37.375
2,julia,single_thread,1,1,1,openblas:libopenblas64_.so,1,1,1,1004,blockdiag_high_index_singular,blockdiag_high_index_singular/ncore040_k5_n00000045,45,1604,gmres,1,0,528506,38,1067297,1595841,46,0,1035,1,45,false,0.09230274076548066,0.09230274076548063,0.8006713367198696,23202.108695652172,665.397132169576,87920640,usr_bin_time_v,69783552,445763584,42994872,54813.366583541145,0,120,1.0e-8,none,NaN,NaN,false,2026-07-28T14:42:37.377
2,julia,single_thread,1,1,1,openblas:libopenblas64_.so,1,1,1,1005,blockdiag_high_index_singular,blockdiag_high_index_singular/ncore040_k5_n00000045,45,1604,gmres,1,0,516809,20,1079769,1596598,46,0,1035,1,45,false,0.1868256785722252,0.18682567857222526,0.44076338950307353,23473.239130434784,673.1726932668329,87920640,usr_bin_time_v,69783552,445763584,48072064,54813.366583541145,0,120,1.0e-8,none,NaN,NaN,false,2026-07-28T14:42:37.379
2,julia,single_thread,1,1,1,openblas:libopenblas64_.so,1,1,1,1006,blockdiag_high_index_singular,blockdiag_high_index_singular/ncore040_k5_n00000045,45,1604,gmres,1,0,519832,21,1051679,1571532,46,0,1035,1,45,false,0.1535764396279735,0.15357643962797354,0.2701028104778501,22862.58695652174,655.6602244389028,87920640,usr_bin_time_v,69783552,445763584,53149912,54813.366583541145,0,120,1.0e-8,none,NaN,NaN,false,2026-07-28T14:42:37.380
2,julia,single_thread,1,1,1,openblas:libopenblas64_.so,1,1,1,1007,blockdiag_high_index_singular,blockdiag_high_index_singular/ncore040_k5_n00000045,45,1604,gmres,1,0,514966,51,1118924,1633941,47,0,1081,1,46,false,0.005175083020473965,0.005175083020473964,0.6421178207051743,23806.893617021276,697.5835411471322,87920640,usr_bin_time_v,69783552,445763584,58439264,54813.366583541145,0,120,1.0e-8,none,NaN,NaN,false,2026-07-28T14:42:37.382
2,julia,single_thread,1,1,1,openblas:libopenblas64_.so,1,1,1,1008,blockdiag_high_index_singular,blockdiag_high_index_singular/ncore040_k5_n00000045,45,1604,gmres,1,0,518670,29,1122486,1641185,47,0,1081,1,46,false,0.02130308078495443,0.02130308078495444,0.4849234550426852,23882.68085106383,699.8042394014963,87920640,usr_bin_time_v,69783552,445763584,63729208,54813.366583541145,0,120,1.0e-8,none,NaN,NaN,false,2026-07-28T14:42:37.384
2,julia,single_thread,1,1,1,openblas:libopenblas64_.so,1,1,1,1009,blockdiag_high_index_singular,blockdiag_high_index_singular/ncore040_k5_n00000045,45,1604,gmres,1,0,522300,19,1033413,1555732,46,0,1035,1,45,false,0.1728015256260698,0.17280152562606985,0.854124469787446,22465.5,644.2724438902743,87920640,usr_bin_time_v,69783552,445763584,68809024,54813.366583541145,0,120,1.0e-8,none,NaN,NaN,false,2026-07-28T14:42:37.385
2,julia,single_thread,1,1,1,openblas:libopenblas64_.so,1,1,1,1010,blockdiag_high_index_singular,blockdiag_high_index_singular/ncore040_k5_n00000045,45,1604,gmres,1,0,519838,57,68564913,69084808,47,0,1081,1,46,false,0.11155838930128001,0.11155838930128004,1.3026918661197493,1.4588279361702127e6,42746.20511221945,87920640,usr_bin_time_v,69783552,445763584,9252128,54813.366583541145,0,120,1.0e-8,none,NaN,NaN,false,2026-07-28T14:42:37.454
2,julia,single_thread,1,1,1,openblas:libopenblas64_.so,1,1,1,1011,blockdiag_high_index_singular,blockdiag_high_index_singular/ncore040_k5_n00000045,45,1604,gmres,1,0,527550,42,921287,1448879,46,0,1035,1,45,false,0.05684050487859957,0.05684050487859957,0.7148602344450184,20027.978260869564,574.3684538653366,87920640,usr_bin_time_v,69783552,445763584,14333256,54813.366583541145,0,120,1.0e-8,none,NaN,NaN,false,2026-07-28T14:42:37.456
2,julia,single_thread,1,1,1,openblas:libopenblas64_.so,1,1,1,1012,blockdiag_high_index_singular,blockdiag_high_index_singular/ncore040_k5_n00000045,45,1604,gmres,1,0,503585,29,924033,1427647,46,0,1035,1,45,false,0.30185315954269,0.3018531595426899,0.6952355870805671,20087.67391304348,576.0804239401497,87920640,usr_bin_time_v,69783552,445763584,19415040,54813.366583541145,0,120,1.0e-8,none,NaN,NaN,false,2026-07-28T14:42:37.457
2,julia,single_thread,1,1,1,openblas:libopenblas64_.so,1,1,1,1013,blockdiag_high_index_singular,blockdiag_high_index_singular/ncore040_k5_n00000045,45,1604,gmres,1,0,501315,30,926400,1427745,46,0,1035,1,45,false,0.22505301115133253,0.22505301115133244,0.7686757630217902,20139.130434782608,577.5561097256858,87920640,usr_bin_time_v,69783552,445763584,24497480,54813.366583541145,0,120,1.0e-8,none,NaN,NaN,false,2026-07-28T14:42:37.459
2,julia,single_thread,1,1,1,openblas:libopenblas64_.so,1,1,1,1014,blockdiag_high_index_singular,blockdiag_high_index_singular/ncore040_k5_n00000045,45,1604,gmres,1,0,498016,55,997948,1496019,47,0,1081,1,46,false,0.005002214203030027,0.0050022142030300264,0.8699593458259912,21232.936170212764,622.1620947630922,87920640,usr_bin_time_v,69783552,445763584,29791360,54813.366583541145,0,120,1.0e-8,none,NaN,NaN,false,2026-07-28T14:42:37.460
2,julia,single_thread,1,1,1,openblas:libopenblas64_.so,1,1,1,1015,blockdiag_high_index_singular,blockdiag_high_index_singular/ncore040_k5_n00000045,45,1604,gmres,1,0,870240,24,1010594,1880858,47,0,1081,1,46,false,0.03154103211455575,0.031541032114555764,0.8557702549463269,21502.0,630.0461346633416,87920640,usr_bin_time_v,69783552,445763584,35085960,54813.366583541145,0,120,1.0e-8,none,NaN,NaN,false,2026-07-28T14:42:37.462
2,julia,single_thread,1,1,1,openblas:libopenblas64_.so,1,1,1,1016,blockdiag_high_index_singular,blockdiag_high_index_singular/ncore040_k5_n00000045,45,1604,gmres,1,0,503043,132,954808,1457983,46,0,1035,1,45,false,0.1625687318017859,0.1625687318017859,0.6616490072021053,20756.695652173912,595.2668329177058,87920640,usr_bin_time_v,69783552,445763584,40170368,54813.366583541145,0,120,1.0e-8,none,NaN,NaN,false,2026-07-28T14:42:37.464
2,julia,single_thread,1,1,1,openblas:libopenblas64_.so,1,1,1,1017,blockdiag_high_index_singular,blockdiag_high_index_singular/ncore040_k5_n00000045,45,1604,gmres,1,0,507504,29,983546,1491079,47,0,1081,1,46,false,0.06274405690207445,0.06274405690207446,0.5361121183573305,20926.510638297874,613.1832917705735,87920640,usr_bin_time_v,69783552,445763584,45466216,54813.366583541145,0,120,1.0e-8,none,NaN,NaN,false,2026-07-28T14:42:37.465
2,julia,single_thread,1,1,1,openblas:libopenblas64_.so,1,1,1,1018,blockdiag_high_index_singular,blockdiag_high_index_singular/ncore040_k5_n00000045,45,1604,gmres,1,0,501811,45,934866,1436722,46,0,1035,1,45,false,0.0977149925504934,0.0977149925504934,0.44527383404458326,20323.17391304348,582.8341645885287,87920640,usr_bin_time_v,69783552,445763584,50551936,54813.366583541145,0,120,1.0e-8,none,NaN,NaN,false,2026-07-28T14:42:37.467
2,julia,single_thread,1,1,1,openblas:libopenblas64_.so,1,1,1,1019,blockdiag_high_index_singular,blockdiag_high_index_singular/ncore040_k5_n00000045,45,1604,gmres,1,0,517097,50,1010618,1527765,46,0,1035,1,45,false,0.1241523573833012,0.12415235738330122,0.3683359957804887,21969.956521739132,630.0610972568578,87920640,usr_bin_time_v,69783552,445763584,55638312,54813.366583541145,0,120,1.0e-8,none,NaN,NaN,false,2026-07-28T14:42:37.469
2,julia,single_thread,1,1,1,openblas:libopenblas64_.so,1,1,1,1000,blockdiag_high_index_singular,blockdiag_high_index_singular/ncore040_k5_n00000045,45,1604,dgmres,1,0,39375640,770,3344629,42721039,4346,0,820,1,40,true,1.2470963185838213e-15,0.4807381395400346,3.681473287025451e-14,769.5878969167051,2085.180174563591,89845760,usr_bin_time_v,70881280,445763584,184612696,56013.56608478803,5,120,1.0e-8,none,NaN,NaN,false,2026-07-28T14:43:32.616
2,julia,single_thread,1,1,1,openblas:libopenblas64_.so,1,1,1,1001,blockdiag_high_index_singular,blockdiag_high_index_singular/ncore040_k5_n00000045,45,1604,dgmres,1,0,543903,62,3283613,3827578,4346,0,820,1,40,true,6.671638694407498e-16,0.28651691259025386,6.810204164790198e-14,755.5483202945237,2047.1402743142144,89845760,usr_bin_time_v,70885376,445763584,191565592,56013.56608478803,5,120,1.0e-8,none,NaN,NaN,false,2026-07-28T14:43:32.620
2,julia,single_thread,1,1,1,openblas:libopenblas64_.so,1,1,1,1002,blockdiag_high_index_singular,blockdiag_high_index_singular/ncore040_k5_n00000045,45,1604,dgmres,1,0,546499,211,3329004,3875714,4346,0,820,1,40,true,1.0419640842650478e-15,0.13395791285635228,3.045206477193166e-14,765.9926369075012,2075.438902743142,89845760,usr_bin_time_v,70893568,445763584,39613000,56013.56608478803,5,120,1.0e-8,none,NaN,NaN,false,2026-07-28T14:43:32.657
2,julia,single_thread,1,1,1,openblas:libopenblas64_.so,1,1,1,1003,blockdiag_high_index_singular,blockdiag_high_index_singular/ncore040_k5_n00000045,45,1604,dgmres,1,0,507671,83,3239264,3747018,4346,0,820,1,40,true,7.450559111343435e-16,0.2991706882532603,1.5640096067277423e-14,745.34376438104,2019.491271820449,89845760,usr_bin_time_v,70893568,445763584,46562872,56013.56608478803,5,120,1.0e-8,none,NaN,NaN,false,2026-07-28T14:43:32.661
2,julia,single_thread,1,1,1,openblas:libopenblas64_.so,1,1,1,1004,blockdiag_high_index_singular,blockdiag_high_index_singular/ncore040_k5_n00000045,45,1604,dgmres,1,0,500071,37,3233709,3733817,4346,0,820,1,40,true,1.0031885123374938e-15,0.33609178586264876,4.24754532395431e-14,744.0655775425679,2016.028054862843,89845760,usr_bin_time_v,70893568,445763584,53513496,56013.56608478803,5,120,1.0e-8,none,NaN,NaN,false,2026-07-28T14:43:32.664
2,julia,single_thread,1,1,1,openblas:libopenblas64_.so,1,1,1,1005,blockdiag_high_index_singular,blockdiag_high_index_singular/ncore040_k5_n00000045,45,1604,dgmres,1,0,527283,33,3235508,3762824,4346,0,820,1,40,true,1.1459813236338007e-15,0.3296016460546494,1.7540541626829706e-14,744.4795213989876,2017.149625935162,89845760,usr_bin_time_v,70901760,445763584,60464680,56013.56608478803,5,120,1.0e-8,none,NaN,NaN,false,2026-07-28T14:43:32.668
2,julia,single_thread,1,1,1,openblas:libopenblas64_.so,1,1,1,1006,blockdiag_high_index_singular,blockdiag_high_index_singular/ncore040_k5_n00000045,45,1604,dgmres,1,0,504794,27,3229919,3734740,4346,0,820,1,40,true,9.920886765961008e-16,0.1889215413082986,3.739473626113178e-14,743.1935112747354,2013.6652119700748,89845760,usr_bin_time_v,70909952,445763584,67416520,56013.56608478803,5,120,1.0e-8,none,NaN,NaN,false,2026-07-28T14:43:32.672
2,julia,single_thread,1,1,1,openblas:libopenblas64_.so,1,1,1,1007,blockdiag_high_index_singular,blockdiag_high_index_singular/ncore040_k5_n00000045,45,1604,dgmres,1,0,495531,22,5938066,6433619,4346,0,820,1,40,true,1.0728790109987452e-15,0.2936018438293242,2.9004657061453025e-14,1366.3290381960423,3702.0361596009975,89845760,usr_bin_time_v,70909952,445763584,33929568,56013.56608478803,5,120,1.0e-8,none,NaN,NaN,false,2026-07-28T14:43:32.679
2,julia,single_thread,1,1,1,openblas:libopenblas64_.so,1,1,1,1008,blockdiag_high_index_singular,blockdiag_high_index_singular/ncore040_k5_n00000045,45,1604,dgmres,1,0,500518,20,3231974,3732512,4346,0,820,1,40,true,1.2872065360807729e-15,0.2426327718399976,2.2275708631355808e-14,743.6663598711459,2014.9463840399003,89845760,usr_bin_time_v,70909952,445763584,40882720,56013.56608478803,5,120,1.0e-8,none,NaN,NaN,false,2026-07-28T14:43:32.682
2,julia,single_thread,1,1,1,openblas:libopenblas64_.so,1,1,1,1009,blockdiag_high_index_singular,blockdiag_high_index_singular/ncore040_k5_n00000045,45,1604,dgmres,1,0,497871,37,3202789,3700697,4346,0,820,1,40,true,9.362510605321267e-16,0.40251499465861934,2.2506158289958193e-14,736.9509894155545,1996.751246882793,89845760,usr_bin_time_v,70909952,445763584,47836528,56013.56608478803,5,120,1.0e-8,none,NaN,NaN,false,2026-07-28T14:43:32.686
2,julia,single_thread,1,1,1,openblas:libopenblas64_.so,1,1,1,1010,blockdiag_high_index_singular,blockdiag_high_index_singular/ncore040_k5_n00000045,45,1604,dgmres,1,0,499571,36,3202922,3702529,4346,0,820,1,40,true,7.482972110148904e-16,0.5576006360359242,2.7636248636359053e-14,736.9815922687528,1996.8341645885287,89845760,usr_bin_time_v,70909952,445763584,54791296,56013.56608478803,5,120,1.0e-8,none,NaN,NaN,false,2026-07-28T14:43:32.690
2,julia,single_thread,1,1,1,openblas:libopenblas64_.so,1,1,1,1011,blockdiag_high_index_singular,blockdiag_high_index_singular/ncore040_k5_n00000045,45,1604,dgmres,1,0,519750,41,3205227,3725018,4346,0,820,1,40,true,8.2178971312793125e-16,0.32004712045669925,3.2741140332147156e-14,737.5119650253106,1998.2711970074813,89845760,usr_bin_time_v,70909952,445763584,61746480,56013.56608478803,5,120,1.0e-8,none,NaN,NaN,false,2026-07-28T14:43:32.694
2,julia,single_thread,1,1,1,openblas:libopenblas64_.so,1,1,1,1012,blockdiag_high_index_singular,blockdiag_high_index_singular/ncore040_k5_n00000045,45,1604,dgmres,1,0,504179,44,4384514,4888737,4346,0,820,1,40,true,1.0204980752485327e-15,0.4374442872350746,2.6823589257763217e-14,1008.8619420156466,2733.48753117207,89845760,usr_bin_time_v,70909952,445763584,36748968,56013.56608478803,5,120,1.0e-8,none,NaN,NaN,false,2026-07-28T14:43:32.699
2,julia,single_thread,1,1,1,openblas:libopenblas64_.so,1,1,1,1013,blockdiag_high_index_singular,blockdiag_high_index_singular/ncore040_k5_n00000045,45,1604,dgmres,1,0,498042,35,3250910,3748987,4346,0,820,1,40,true,8.249431939191065e-16,0.36652568943553493,5.054156863392625e-14,748.02346985734,2026.7518703241894,89845760,usr_bin_time_v,70909952,445763584,43705400,56013.56608478803,5,120,1.0e-8,none,NaN,NaN,false,2026-07-28T14:43:32.702
2,julia,single_thread,1,1,1,openblas:libopenblas64_.so,1,1,1,1014,blockdiag_high_index_singular,blockdiag_high_index_singular/ncore040_k5_n00000045,45,1604,dgmres,1,0,504994,46,3203257,3708297,4346,0,820,1,40,true,1.08796079649169e-15,0.39220677595656156,4.3902561628347446e-14,737.0586746433502,1997.0430174563592,89845760,usr_bin_time_v,70909952,445763584,50662488,56013.56608478803,5,120,1.0e-8,none,NaN,NaN,false,2026-07-28T14:43:32.706
2,julia,single_thread,1,1,1,openblas:libopenblas64_.so,1,1,1,1015,blockdiag_high_index_singular,blockdiag_high_index_singular/ncore040_k5_n00000045,45,1604,dgmres,1,0,498907,230,3817940,4317077,4346,0,820,1,40,true,9.866450680423053e-16,0.32537933669236435,3.149157038824597e-14,878.4951679705476,2380.261845386534,89845760,usr_bin_time_v,70909952,445763584,33107008,56013.56608478803,5,120,1.0e-8,none,NaN,NaN,false,2026-07-28T14:43:32.711
2,julia,single_thread,1,1,1,openblas:libopenblas64_.so,1,1,1,1016,blockdiag_high_index_singular,blockdiag_high_index_singular/ncore040_k5_n00000045,45,1604,dgmres,1,0,495694,22,3192905,3688621,4346,0,820,1,40,true,1.120653909038665e-15,0.3157693203269054,4.907275090719997e-14,734.6767142199724,1990.5891521197007,89845760,usr_bin_time_v,70909952,445763584,40065408,56013.56608478803,5,120,1.0e-8,none,NaN,NaN,false,2026-07-28T14:43:32.714
2,julia,single_thread,1,1,1,openblas:libopenblas64_.so,1,1,1,1017,blockdiag_high_index_singular,blockdiag_high_index_singular/ncore040_k5_n00000045,45,1604,dgmres,1,0,489413,27,3189368,3678808,4346,0,820,1,40,true,1.0234982778397644e-15,0.24948857559577045,4.536247293169939e-14,733.862862402209,1988.3840399002493,89845760,usr_bin_time_v,70909952,445763584,47024464,56013.56608478803,5,120,1.0e-8,none,NaN,NaN,false,2026-07-28T14:43:32.718
2,julia,single_thread,1,1,1,openblas:libopenblas64_.so,1,1,1,1018,blockdiag_high_index_singular,blockdiag_high_index_singular/ncore040_k5_n00000045,45,1604,dgmres,1,0,490933,90,3748463,4239486,4346,0,820,1,40,true,1.033715513209948e-15,0.2490272022705465,2.485376080175434e-14,862.5087436723423,2336.9470074812966,89845760,usr_bin_time_v,70909952,445763584,34108064,56013.56608478803,5,120,1.0e-8,none,NaN,NaN,false,2026-07-28T14:43:32.722
2,julia,single_thread,1,1,1,openblas:libopenblas64_.so,1,1,1,1019,blockdiag_high_index_singular,blockdiag_high_index_singular/ncore040_k5_n00000045,45,1604,dgmres,1,0,493970,43,3166035,3660048,4346,0,820,1,40,true,1.2323123611950358e-15,0.22094371224721707,5.512648364403783e-14,728.4940174873446,1973.8372817955112,89845760,usr_bin_time_v,70909952,445763584,41068432,56013.56608478803,5,120,1.0e-8,none,NaN,NaN,false,2026-07-28T14:43:32.726
2,python,single_thread,1,1,1,scipy-openblas:0.3.31.188.0,1,1,1,1000,coupled_singular,coupled_singular/ncore040_k3_n00000043,43,1722,gmres,1,0,996600,1203,4536973,5534776,45,0,990,1,44,false,0.02824167528619306,0.028241675286193063,1.8128852780075133,100821.62222222223,2634.711382113821,2383872,usr_bin_time_v,1277952,59604992,NaN,1384.362369337979,0,120,1e-08,none,NaN,NaN,false,2026-07-28T14:43:39.321053+00:00
2,python,single_thread,1,1,1,scipy-openblas:0.3.31.188.0,1,1,1,1001,coupled_singular,coupled_singular/ncore040_k3_n00000043,43,1722,gmres,1,0,834178,983,4309313,5144474,45,0,990,1,44,false,0.043603019600712674,0.043603019600712695,0.807078993130655,95762.51111111112,2502.504645760743,2383872,usr_bin_time_v,1306624,59604992,NaN,1384.362369337979,0,120,1e-08,none,NaN,NaN,false,2026-07-28T14:43:39.321053+00:00
2,python,single_thread,1,1,1,scipy-openblas:0.3.31.188.0,1,1,1,1002,coupled_singular,coupled_singular/ncore040_k3_n00000043,43,1722,gmres,1,0,824063,651,5172977,5997691,44,0,946,1,43,false,0.11518987476573905,0.11518987476573904,0.4979375514306588,117567.65909090909,3004.0516840882697,2383872,usr_bin_time_v,1314816,59604992,NaN,1384.362369337979,0,120,1e-08,none,NaN,NaN,false,2026-07-28T14:43:39.321053+00:00
2,python,single_thread,1,1,1,scipy-openblas:0.3.31.188.0,1,1,1,1003,coupled_singular,coupled_singular/ncore040_k3_n00000043,43,1722,gmres,1,0,1141363,1194,5513453,6656010,45,0,990,1,44,false,0.058689604423953934,0.05868960442395398,1.5613994777848976,122521.17777777778,3201.7729384436702,2383872,usr_bin_time_v,1314816,59604992,NaN,1384.362369337979,0,120,1e-08,none,NaN,NaN,false,2026-07-28T14:43:39.321053+00:00
2,python,single_thread,1,1,1,scipy-openblas:0.3.31.188.0,1,1,1,1004,coupled_singular,coupled_singular/ncore040_k3_n00000043,43,1722,gmres,1,0,1009279,756,5833087,6843122,44,0,946,1,43,false,0.1668691962019648,0.16686919620196478,1.309993759303487,132570.1590909091,3387.390824622532,2383872,usr_bin_time_v,1323008,59604992,NaN,1384.362369337979,0,120,1e-08,none,NaN,NaN,false,2026-07-28T14:43:39.321053+00:00
2,python,single_thread,1,1,1,scipy-openblas:0.3.31.188.0,1,1,1,1005,coupled_singular,coupled_singular/ncore040_k3_n00000043,43,1722,gmres,1,0,1432760,1434,6206941,7641135,45,0,990,1,44,false,0.11955342059048221,0.1195534205904823,1.2855618946515568,137932.02222222224,3604.495354239257,2383872,usr_bin_time_v,1323008,59604992,NaN,1384.362369337979,0,120,1e-08,none,NaN,NaN,false,2026-07-28T14:43:39.321053+00:00
2,python,single_thread,1,1,1,scipy-openblas:0.3.31.188.0,1,1,1,1006,coupled_singular,coupled_singular/ncore040_k3_n00000043,43,1722,gmres,1,0,841986,776,5540352,6383114,45,0,990,1,44,false,0.02997431470195536,0.02997431470195535,0.7166604011346993,123118.93333333333,3217.3937282229967,2383872,usr_bin_time_v,1323008,59604992,NaN,1384.362369337979,0,120,1e-08,none,NaN,NaN,false,2026-07-28T14:43:39.321053+00:00
2,python,single_thread,1,1,1,scipy-openblas:0.3.31.188.0,1,1,1,1007,coupled_singular,coupled_singular/ncore040_k3_n00000043,43,1722,gmres,1,0,1342376,1649,5028626,6372651,44,0,946,1,43,false,0.0878297405873317,0.08782974058733169,1.540438095200305,114286.95454545454,2920.2241579558654,2383872,usr_bin_time_v,1323008,59604992,NaN,1384.362369337979,0,120,1e-08,none,NaN,NaN,false,2026-07-28T14:43:39.321053+00:00
2,python,single_thread,1,1,1,scipy-openblas:0.3.31.188.0,1,1,1,1008,coupled_singular,coupled_singular/ncore040_k3_n00000043,43,1722,gmres,1,0,849341,1040,6331790,7182171,44,0,946,1,43,false,0.2328770316236027,0.23287703162360274,0.7112118759160252,143904.31818181818,3676.9976771196284,2383872,usr_bin_time_v,1327104,59604992,NaN,1384.362369337979,0,120,1e-08,none,NaN,NaN,false,2026-07-28T14:43:39.321053+00:00
2,python,single_thread,1,1,1,scipy-openblas:0.3.31.188.0,1,1,1,1009,coupled_singular,coupled_singular/ncore040_k3_n00000043,43,1722,gmres,1,0,1212334,1542,6071211,7285087,44,0,946,1,43,false,0.0798389278606396,0.07983892786063965,1.3115078142531051,137982.06818181818,3525.6742160278745,2383872,usr_bin_time_v,1335296,59604992,NaN,1384.362369337979,0,120,1e-08,none,NaN,NaN,false,2026-07-28T14:43:39.321053+00:00
2,python,single_thread,1,1,1,scipy-openblas:0.3.31.188.0,1,1,1,1010,coupled_singular,coupled_singular/ncore040_k3_n00000043,43,1722,gmres,1,0,964037,970,6177020,7142027,44,0,946,1,43,false,0.0650230933008109,0.06502309330081085,1.934786780409599,140386.81818181818,3587.1196283391405,2383872,usr_bin_time_v,1335296,59604992,NaN,1384.362369337979,0,120,1e-08,none,NaN,NaN,false,2026-07-28T14:43:39.321053+00:00
2,python,single_thread,1,1,1,scipy-openblas:0.3.31.188.0,1,1,1,1011,coupled_singular,coupled_singular/ncore040_k3_n00000043,43,1722,gmres,1,0,1007714,891,5120104,6128709,44,0,946,1,43,false,0.1782439423883174,0.1782439423883173,1.3916402933948715,116366.0,2973.3472706155635,2383872,usr_bin_time_v,1339392,59604992,NaN,1384.362369337979,0,120,1e-08,none,NaN,NaN,false,2026-07-28T14:43:39.321053+00:00
2,python,single_thread,1,1,1,scipy-openblas:0.3.31.188.0,1,1,1,1012,coupled_singular,coupled_singular/ncore040_k3_n00000043,43,1722,gmres,1,0,844113,933,4253716,5098762,44,0,946,1,43,false,0.1509940832689228,0.15099408326892277,0.9361897739941186,96675.36363636363,2470.218350754936,2383872,usr_bin_time_v,1339392,59604992,NaN,1384.362369337979,0,120,1e-08,none,NaN,NaN,false,2026-07-28T14:43:39.321053+00:00
2,python,single_thread,1,1,1,scipy-openblas:0.3.31.188.0,1,1,1,1013,coupled_singular,coupled_singular/ncore040_k3_n00000043,43,1722,gmres,1,0,840686,703,4410277,5251666,45,0,990,1,44,false,0.05258301635456132,0.05258301635456132,1.473375245889654,98006.15555555555,2561.136469221835,2383872,usr_bin_time_v,1343488,59604992,NaN,1384.362369337979,0,120,1e-08,none,NaN,NaN,false,2026-07-28T14:43:39.321053+00:00
2,python,single_thread,1,1,1,scipy-openblas:0.3.31.188.0,1,1,1,1014,coupled_singular,coupled_singular/ncore040_k3_n00000043,43,1722,gmres,1,0,787875,625,4045584,4834084,44,0,946,1,43,false,0.09287840008119849,0.0928784000811985,0.8109531738915069,91945.09090909091,2349.3519163763067,2383872,usr_bin_time_v,1351680,59604992,NaN,1384.362369337979,0,120,1e-08,none,NaN,NaN,false,2026-07-28T14:43:39.321053+00:00
2,python,single_thread,1,1,1,scipy-openblas:0.3.31.188.0,1,1,1,1015,coupled_singular,coupled_singular/ncore040_k3_n00000043,43,1722,gmres,1,0,785676,701,4267947,5054324,45,0,990,1,44,false,0.03192122353219276,0.03192122353219274,1.4014838690509535,94843.26666666666,2478.4825783972124,2383872,usr_bin_time_v,1351680,59604992,NaN,1384.362369337979,0,120,1e-08,none,NaN,NaN,false,2026-07-28T14:43:39.321053+00:00
2,python,single_thread,1,1,1,scipy-openblas:0.3.31.188.0,1,1,1,1016,coupled_singular,coupled_singular/ncore040_k3_n00000043,43,1722,gmres,1,0,782392,623,4305114,5088129,45,0,990,1,44,false,0.015225938867753813,0.01522593886775382,1.805870452485549,95669.2,2500.0662020905925,2383872,usr_bin_time_v,1351680,59604992,NaN,1384.362369337979,0,120,1e-08,none,NaN,NaN,false,2026-07-28T14:43:39.321053+00:00
2,python,single_thread,1,1,1,scipy-openblas:0.3.31.188.0,1,1,1,1017,coupled_singular,coupled_singular/ncore040_k3_n00000043,43,1722,gmres,1,0,783774,663,4046556,4830993,44,0,946,1,43,false,0.07970830924119082,0.07970830924119077,0.8481182363033809,91967.18181818182,2349.9163763066204,2383872,usr_bin_time_v,1359872,59604992,NaN,1384.362369337979,0,120,1e-08,none,NaN,NaN,false,2026-07-28T14:43:39.321053+00:00
2,python,single_thread,1,1,1,scipy-openblas:0.3.31.188.0,1,1,1,1018,coupled_singular,coupled_singular/ncore040_k3_n00000043,43,1722,gmres,1,0,758812,655,4066503,4825970,44,0,946,1,43,false,0.04872331964587212,0.04872331964587208,1.0852086569673467,92420.52272727272,2361.5,2383872,usr_bin_time_v,1359872,59604992,NaN,1384.362369337979,0,120,1e-08,none,NaN,NaN,false,2026-07-28T14:43:39.321053+00:00
2,python,single_thread,1,1,1,scipy-openblas:0.3.31.188.0,1,1,1,1019,coupled_singular,coupled_singular/ncore040_k3_n00000043,43,1722,gmres,1,0,778412,727,4445022,5224161,45,0,990,1,44,false,0.0023385963335473764,0.0023385963335473777,0.7854021628002829,98778.26666666666,2581.3135888501743,2383872,usr_bin_time_v,1363968,59604992,NaN,1384.362369337979,0,120,1e-08,none,NaN,NaN,false,2026-07-28T14:43:39.321053+00:00
2,python,single_thread,1,1,1,scipy-openblas:0.3.31.188.0,1,1,1,12345,sparse_block_singular,sparse_block_singular/n00000503,503,1500,dgmres,1,0,691766,1317,8614325,9307408,2624,0,820,1,40,true,9.215499283333635e-09,0.07376256184201045,6.09739448011502e-07,3282.8982469512193,5742.883333333333,3006464,usr_bin_time_v,1826816,59604992,NaN,2004.3093333333334,3,120,1e-08,none,NaN,NaN,false,2026-07-28T14:43:53.491797+00:00
2,julia,single_thread,1,1,1,openblas:libopenblas64_.so,1,1,1,1000,similarity_singular,similarity_singular/ncore040_k3_n00000043,43,1849,dgmres,1,0,39091890,637,2580673,41673200,2624,0,820,1,40,true,9.271039546818537e-16,0.42862091924553086,1.2044617396668503e-14,983.4881859756098,1395.7128177393186,87830528,usr_bin_time_v,67751936,445763584,185905256,47501.637641968635,3,120,1.0e-8,none,NaN,NaN,false,2026-07-28T14:44:29.516
2,julia,single_thread,1,1,1,openblas:libopenblas64_.so,1,1,1,1001,similarity_singular,similarity_singular/ncore040_k3_n00000043,43,1849,dgmres,1,0,623187,124,17094260,17717571,2624,0,820,1,40,true,9.3902004030405e-16,0.2706762651455522,2.0318323274004806e-14,6514.580792682927,9245.137912385073,87830528,usr_bin_time_v,67756032,445763584,32849856,47501.637641968635,3,120,1.0e-8,none,NaN,NaN,false,2026-07-28T14:44:29.534
2,julia,single_thread,1,1,1,openblas:libopenblas64_.so,1,1,1,1002,similarity_singular,similarity_singular/ncore040_k3_n00000043,43,1849,dgmres,1,0,610424,69,2522424,3132917,2624,0,820,1,40,true,1.1991466845362091e-15,0.496901719992437,8.034999344913465e-15,961.2896341463414,1364.209843158464,87830528,usr_bin_time_v,67756032,445763584,39055504,47501.637641968635,3,120,1.0e-8,none,NaN,NaN,false,2026-07-28T14:44:29.537
2,julia,single_thread,1,1,1,openblas:libopenblas64_.so,1,1,1,1003,similarity_singular,similarity_singular/ncore040_k3_n00000043,43,1849,dgmres,1,0,582270,38,2448706,3031014,2624,0,820,1,40,true,1.0104296424180472e-15,0.3472007515010429,1.1802479253354069e-14,933.1958841463414,1324.3407247160628,87830528,usr_bin_time_v,67764224,445763584,45261808,47501.637641968635,3,120,1.0e-8,none,NaN,NaN,false,2026-07-28T14:44:29.540
2,julia,single_thread,1,1,1,openblas:libopenblas64_.so,1,1,1,1004,similarity_singular,similarity_singular/ncore040_k3_n00000043,43,1849,dgmres,1,0,610384,242,2540521,3151147,2624,0,820,1,40,true,8.932369278877976e-16,0.43976788437138004,1.3536929185189573e-14,968.186356707317,1373.9972958355868,87830528,usr_bin_time_v,67776512,445763584,52951336,47501.637641968635,3,120,1.0e-8,none,NaN,NaN,false,2026-07-28T14:44:29.561
2,julia,single_thread,1,1,1,openblas:libopenblas64_.so,1,1,1,1005,similarity_singular,similarity_singular/ncore040_k3_n00000043,43,1849,dgmres,1,0,580536,74,2450177,3030787,2624,0,820,1,40,true,1.2625319012413076e-15,0.4038384407513625,9.503924171996431e-15,933.7564786585366,1325.1362898864252,87830528,usr_bin_time_v,67776512,445763584,59158952,47501.637641968635,3,120,1.0e-8,none,NaN,NaN,false,2026-07-28T14:44:29.564
2,julia,single_thread,1,1,1,openblas:libopenblas64_.so,1,1,1,1006,similarity_singular,similarity_singular/ncore040_k3_n00000043,43,1849,dgmres,1,0,584543,28,2468559,3053130,2624,0,820,1,40,true,1.6158999325196179e-15,0.21830599023724326,9.375909766743494e-15,940.7618140243902,1335.0778799351,87830528,usr_bin_time_v,67784704,445763584,65367224,47501.637641968635,3,120,1.0e-8,none,NaN,NaN,false,2026-07-28T14:44:29.568
2,julia,single_thread,1,1,1,openblas:libopenblas64_.so,1,1,1,1007,similarity_singular,similarity_singular/ncore040_k3_n00000043,43,1849,dgmres,1,0,587558,22,2464296,3051876,2624,0,820,1,40,true,7.751221712968227e-16,0.1256356823964534,6.775682996661043e-15,939.1371951219512,1332.7723093564089,87830528,usr_bin_time_v,67788800,445763584,71576152,47501.637641968635,3,120,1.0e-8,none,NaN,NaN,false,2026-07-28T14:44:29.571
2,julia,single_thread,1,1,1,openblas:libopenblas64_.so,1,1,1,1008,similarity_singular,similarity_singular/ncore040_k3_n00000043,43,1849,dgmres,1,0,579362,29,5476703,6056094,2624,0,820,1,40,true,1.4215214494945465e-15,0.23502163719251898,8.049751577084023e-15,2087.158155487805,2961.9810708491077,87830528,usr_bin_time_v,67788800,445763584,34514128,47501.637641968635,3,120,1.0e-8,none,NaN,NaN,false,2026-07-28T14:44:29.577
2,julia,single_thread,1,1,1,openblas:libopenblas64_.so,1,1,1,1009,similarity_singular,similarity_singular/ncore040_k3_n00000043,43,1849,dgmres,1,0,582236,33,2484716,3066985,2624,0,820,1,40,true,9.536854305946796e-16,0.11793122416440349,1.1530535970860455e-14,946.9192073170732,1343.8161168199026,87830528,usr_bin_time_v,67788800,445763584,40724368,47501.637641968635,3,120,1.0e-8,none,NaN,NaN,false,2026-07-28T14:44:29.580
2,julia,single_thread,1,1,1,openblas:libopenblas64_.so,1,1,1,1010,similarity_singular,similarity_singular/ncore040_k3_n00000043,43,1849,dgmres,1,0,580737,28,2448363,3029128,2624,0,820,1,40,true,8.137522812351341e-16,0.192608710577346,9.95461037844561e-15,933.0651676829268,1324.1552190373175,87830528,usr_bin_time_v,67788800,445763584,46935632,47501.637641968635,3,120,1.0e-8,none,NaN,NaN,false,2026-07-28T14:44:29.583
2,julia,single_thread,1,1,1,openblas:libopenblas64_.so,1,1,1,1011,similarity_singular,similarity_singular/ncore040_k3_n00000043,43,1849,dgmres,1,0,594253,114,2471380,3065747,2624,0,820,1,40,true,1.008742997640217e-15,0.17428462644689607,1.4709408987612464e-14,941.8368902439024,1336.6035694970253,87830528,usr_bin_time_v,67788800,445763584,53147184,47501.637641968635,3,120,1.0e-8,none,NaN,NaN,false,2026-07-28T14:44:29.586
2,julia,single_thread,1,1,1,openblas:libopenblas64_.so,1,1,1,1012,similarity_singular,similarity_singular/ncore040_k3_n00000043,43,1849,dgmres,1,0,597270,33,2453230,3050533,2624,0,820,1,40,true,9.762416796643256e-16,0.10780460424140481,7.330514215914413e-15,934.9199695121952,1326.7874526771227,87830528,usr_bin_time_v,67788800,445763584,59359392,47501.637641968635,3,120,1.0e-8,none,NaN,NaN,false,2026-07-28T14:44:29.589
2,julia,single_thread,1,1,1,openblas:libopenblas64_.so,1,1,1,1013,similarity_singular,similarity_singular/ncore040_k3_n00000043,43,1849,dgmres,1,0,594178,31,4393247,4987456,2624,0,820,1,40,true,7.799140738513059e-16,0.7665425135665829,2.1291881889001975e-14,1674.2557164634147,2376.012439156301,87830528,usr_bin_time_v,67788800,445763584,32498384,47501.637641968635,3,120,1.0e-8,none,NaN,NaN,false,2026-07-28T14:44:29.594
2,julia,single_thread,1,1,1,openblas:libopenblas64_.so,1,1,1,1014,similarity_singular,similarity_singular/ncore040_k3_n00000043,43,1849,dgmres,1,0,577729,37,2471861,3049627,2624,0,820,1,40,true,9.365720589202316e-16,0.18147657677793666,1.2902695923977542e-14,942.0201981707318,1336.8637101135748,87830528,usr_bin_time_v,67788800,445763584,38711904,47501.637641968635,3,120,1.0e-8,none,NaN,NaN,false,2026-07-28T14:44:29.598
2,julia,single_thread,1,1,1,openblas:libopenblas64_.so,1,1,1,1015,similarity_singular,similarity_singular/ncore040_k3_n00000043,43,1849,dgmres,1,0,574967,30,2433346,3008343,2624,0,820,1,40,true,1.0599417359358727e-15,0.07777705990291925,2.41480495226043e-14,927.342225609756,1316.0335316387236,87830528,usr_bin_time_v,67788800,445763584,44926080,47501.637641968635,3,120,1.0e-8,none,NaN,NaN,false,2026-07-28T14:44:29.601
2,julia,single_thread,1,1,1,openblas:libopenblas64_.so,1,1,1,1016,similarity_singular,similarity_singular/ncore040_k3_n00000043,43,1849,dgmres,1,0,579498,52,2488356,3067906,2624,0,820,1,40,true,1.3751214406825385e-15,0.22815235424331226,8.664871593349087e-15,948.3064024390244,1345.7847485127095,87830528,usr_bin_time_v,67788800,445763584,51140912,47501.637641968635,3,120,1.0e-8,none,NaN,NaN,false,2026-07-28T14:44:29.604
2,julia,single_thread,1,1,1,openblas:libopenblas64_.so,1,1,1,1017,similarity_singular,similarity_singular/ncore040_k3_n00000043,43,1849,dgmres,1,0,572169,24,2452172,3024365,2624,0,820,1,40,true,1.781062171305401e-15,0.33772828416504774,5.935406420003038e-15,934.516768292683,1326.2152514872905,87830528,usr_bin_time_v,67788800,445763584,57356400,47501.637641968635,3,120,1.0e-8,none,NaN,NaN,false,2026-07-28T14:44:29.607
2,julia,single_thread,1,1,1,openblas:libopenblas64_.so,1,1,1,1018,similarity_singular,similarity_singular/ncore040_k3_n00000043,43,1849,dgmres,1,0,577079,173,3590169,4167421,2624,0,820,1,40,true,1.0829199261905274e-15,0.27294229171388973,1.9216876949296132e-14,1368.204649390244,1941.6814494321254,87830528,usr_bin_time_v,67788800,445763584,35907920,47501.637641968635,3,120,1.0e-8,none,NaN,NaN,false,2026-07-28T14:44:29.611
2,julia,single_thread,1,1,1,openblas:libopenblas64_.so,1,1,1,1019,similarity_singular,similarity_singular/ncore040_k3_n00000043,43,1849,dgmres,1,0,577159,88,2434524,3011771,2624,0,820,1,40,true,1.5372681146779826e-15,0.249576584045549,9.554676359712141e-15,927.7911585365854,1316.6706327744728,87830528,usr_bin_time_v,67788800,445763584,42124720,47501.637641968635,3,120,1.0e-8,none,NaN,NaN,false,2026-07-28T14:44:29.614
2,python,single_thread,1,1,1,scipy-openblas:0.3.31.188.0,1,1,1,1000,similarity_singular,similarity_singular/ncore997_k3_n00001000,1000,1000000,gmres,1,0,428340476,2083,115363234,543705793,121,0,7260,1,120,false,0.9425921067399663,0.9425921067399664,1.0032746754781812,953415.1570247934,115.363234,155750400,usr_bin_time_v,147390464,59604992,NaN,155.7504,0,120,1e-08,none,NaN,NaN,false,2026-07-28T14:47:34.430235+00:00
2,python,single_thread,1,1,1,scipy-openblas:0.3.31.188.0,1,1,1,1001,similarity_singular,similarity_singular/ncore997_k3_n00001000,1000,1000000,gmres,1,0,439816856,2569,112122400,551941825,121,0,7260,1,120,false,0.95488494338965,0.95488494338965,0.9953789243454737,926631.4049586777,112.1224,155750400,usr_bin_time_v,150712320,59604992,NaN,155.7504,0,120,1e-08,none,NaN,NaN,false,2026-07-28T14:47:34.430235+00:00
2,python,single_thread,1,1,1,scipy-openblas:0.3.31.188.0,1,1,1,1002,similarity_singular,similarity_singular/ncore997_k3_n00001000,1000,1000000,gmres,1,0,430775973,1701,112617568,543395242,121,0,7260,1,120,false,0.9440898814420423,0.9440898814420423,0.9884773427904794,930723.7024793389,112.617568,155750400,usr_bin_time_v,150781952,59604992,NaN,155.7504,0,120,1e-08,none,NaN,NaN,false,2026-07-28T14:47:34.430235+00:00
2,python,single_thread,1,1,1,scipy-openblas:0.3.31.188.0,1,1,1,1003,similarity_singular,similarity_singular/ncore997_k3_n00001000,1000,1000000,gmres,1,0,439658765,2260,112237728,551898753,121,0,7260,1,120,false,0.9348447362535491,0.934844736253549,0.9931101073211662,927584.5289256198,112.237728,155750400,usr_bin_time_v,150839296,59604992,NaN,155.7504,0,120,1e-08,none,NaN,NaN,false,2026-07-28T14:47:34.430235+00:00
2,python,single_thread,1,1,1,scipy-openblas:0.3.31.188.0,1,1,1,1004,similarity_singular,similarity_singular/ncore997_k3_n00001000,1000,1000000,gmres,1,0,434667937,2052,113041466,547711455,121,0,7260,1,120,false,0.9363883079462897,0.9363883079462895,0.9997422960939334,934226.9917355372,113.041466,155750400,usr_bin_time_v,153264128,59604992,NaN,155.7504,0,120,1e-08,none,NaN,NaN,false,2026-07-28T14:47:34.430235+00:00
2,python,single_thread,1,1,1,scipy-openblas:0.3.31.188.0,1,1,1,1005,similarity_singular,similarity_singular/ncore997_k3_n00001000,1000,1000000,gmres,1,0,461504455,2487,112438392,573945334,121,0,7260,1,120,false,0.9328925853191736,0.9328925853191736,0.9885731983578318,929242.9090909091,112.438392,155750400,usr_bin_time_v,154316800,59604992,NaN,155.7504,0,120,1e-08,none,NaN,NaN,false,2026-07-28T14:47:34.430235+00:00
2,python,single_thread,1,1,1,scipy-openblas:0.3.31.188.0,1,1,1,1006,similarity_singular,similarity_singular/ncore997_k3_n00001000,1000,1000000,gmres,1,0,430130385,2124,113060954,543193463,121,0,7260,1,120,false,0.9331290787441702,0.9331290787441703,0.9818967332708737,934388.0495867769,113.060954,155750400,usr_bin_time_v,154386432,59604992,NaN,155.7504,0,120,1e-08,none,NaN,NaN,false,2026-07-28T14:47:34.430235+00:00
2,python,single_thread,1,1,1,scipy-openblas:0.3.31.188.0,1,1,1,1007,similarity_singular,similarity_singular/ncore997_k3_n00001000,1000,1000000,gmres,1,0,441947275,2163,114332050,556281488,121,0,7260,1,120,false,0.9445989691015542,0.9445989691015542,0.9833035406418376,944892.9752066116,114.33205,155750400,usr_bin_time_v,154386432,59604992,NaN,155.7504,0,120,1e-08,none,NaN,NaN,false,2026-07-28T14:47:34.430235+00:00
2,python,single_thread,1,1,1,scipy-openblas:0.3.31.188.0,1,1,1,1008,similarity_singular,similarity_singular/ncore997_k3_n00001000,1000,1000000,gmres,1,0,433383233,1705,113215073,546600011,121,0,7260,1,120,false,0.9225644293856952,0.9225644293856954,0.9909733239844085,935661.7603305785,113.215073,155750400,usr_bin_time_v,154386432,59604992,NaN,155.7504,0,120,1e-08,none,NaN,NaN,false,2026-07-28T14:47:34.430235+00:00
2,python,single_thread,1,1,1,scipy-openblas:0.3.31.188.0,1,1,1,1009,similarity_singular,similarity_singular/ncore997_k3_n00001000,1000,1000000,gmres,1,0,423977027,1916,112504158,536483101,121,0,7260,1,120,false,0.9477736335723087,0.9477736335723087,0.9878558243908421,929786.4297520661,112.504158,155750400,usr_bin_time_v,154386432,59604992,NaN,155.7504,0,120,1e-08,none,NaN,NaN,false,2026-07-28T14:47:34.430235+00:00
2,python,single_thread,1,1,1,scipy-openblas:0.3.31.188.0,1,1,1,1010,similarity_singular,similarity_singular/ncore997_k3_n00001000,1000,1000000,gmres,1,0,439645811,1898,113379509,553027218,121,0,7260,1,120,false,0.9337294635423126,0.9337294635423126,0.9896906420347953,937020.7355371901,113.379509,155750400,usr_bin_time_v,154386432,59604992,NaN,155.7504,0,120,1e-08,none,NaN,NaN,false,2026-07-28T14:47:34.430235+00:00
2,python,single_thread,1,1,1,scipy-openblas:0.3.31.188.0,1,1,1,1011,similarity_singular,similarity_singular/ncore997_k3_n00001000,1000,1000000,gmres,1,0,425535907,2184,114501085,540039176,121,0,7260,1,120,false,0.9359986894425619,0.9359986894425616,0.9869577927034175,946289.9586776859,114.501085,155750400,usr_bin_time_v,154386432,59604992,NaN,155.7504,0,120,1e-08,none,NaN,NaN,false,2026-07-28T14:47:34.430235+00:00
2,python,single_thread,1,1,1,scipy-openblas:0.3.31.188.0,1,1,1,1012,similarity_singular,similarity_singular/ncore997_k3_n00001000,1000,1000000,gmres,1,0,429873491,2231,113653058,543528780,121,0,7260,1,120,false,0.9346710098253955,0.9346710098253957,0.9998885197504341,939281.4710743802,113.653058,155750400,usr_bin_time_v,154386432,59604992,NaN,155.7504,0,120,1e-08,none,NaN,NaN,false,2026-07-28T14:47:34.430235+00:00
2,python,single_thread,1,1,1,scipy-openblas:0.3.31.188.0,1,1,1,1013,similarity_singular,similarity_singular/ncore997_k3_n00001000,1000,1000000,gmres,1,0,422196254,1581,112183374,534381209,121,0,7260,1,120,false,0.9390778339831896,0.9390778339831894,0.9821423341947932,927135.3223140496,112.183374,155750400,usr_bin_time_v,154386432,59604992,NaN,155.7504,0,120,1e-08,none,NaN,NaN,false,2026-07-28T14:47:34.430235+00:00
2,python,single_thread,1,1,1,scipy-openblas:0.3.31.188.0,1,1,1,1014,similarity_singular,similarity_singular/ncore997_k3_n00001000,1000,1000000,gmres,1,0,422405199,1836,112127850,534534885,121,0,7260,1,120,false,0.9411098979876665,0.9411098979876664,0.9842613880097918,926676.4462809918,112.12785,155750400,usr_bin_time_v,154386432,59604992,NaN,155.7504,0,120,1e-08,none,NaN,NaN,false,2026-07-28T14:47:34.430235+00:00
2,python,single_thread,1,1,1,scipy-openblas:0.3.31.188.0,1,1,1,1015,similarity_singular,similarity_singular/ncore997_k3_n00001000,1000,1000000,gmres,1,0,424812387,1669,111655233,536469289,121,0,7260,1,120,false,0.9395383861839998,0.9395383861839998,0.9900178196967798,922770.520661157,111.655233,155750400,usr_bin_time_v,154386432,59604992,NaN,155.7504,0,120,1e-08,none,NaN,NaN,false,2026-07-28T14:47:34.430235+00:00
2,python,single_thread,1,1,1,scipy-openblas:0.3.31.188.0,1,1,1,1016,similarity_singular,similarity_singular/ncore997_k3_n00001000,1000,1000000,gmres,1,0,432491778,2393,113374891,545869062,121,0,7260,1,120,false,0.9336259406307692,0.9336259406307692,0.9819423369066088,936982.5702479339,113.374891,155750400,usr_bin_time_v,154386432,59604992,NaN,155.7504,0,120,1e-08,none,NaN,NaN,false,2026-07-28T14:47:34.430235+00:00
2,python,single_thread,1,1,1,scipy-openblas:0.3.31.188.0,1,1,1,1017,similarity_singular,similarity_singular/ncore997_k3_n00001000,1000,1000000,gmres,1,0,428771006,2299,112416086,541189391,121,0,7260,1,120,false,0.933224892492613,0.9332248924926129,0.9784418840053322,929058.561983471,112.416086,155750400,usr_bin_time_v,154386432,59604992,NaN,155.7504,0,120,1e-08,none,NaN,NaN,false,2026-07-28T14:47:34.430235+00:00
2,python,single_thread,1,1,1,scipy-openblas:0.3.31.188.0,1,1,1,1018,similarity_singular,similarity_singular/ncore997_k3_n00001000,1000,1000000,gmres,1,0,428198404,2701,113803914,542005019,121,0,7260,1,120,false,0.9312243452381027,0.9312243452381026,0.9936071788187963,940528.214876033,113.803914,155750400,usr_bin_time_v,154386432,59604992,NaN,155.7504,0,120,1e-08,none,NaN,NaN,false,2026-07-28T14:47:34.430235+00:00
2,python,single_thread,1,1,1,scipy-openblas:0.3.31.188.0,1,1,1,1019,similarity_singular,similarity_singular/ncore997_k3_n00001000,1000,1000000,gmres,1,0,425383307,1692,112392808,537777807,121,0,7260,1,120,false,0.9398752045659866,0.9398752045659864,1.0004324632298933,928866.1818181818,112.392808,155750400,usr_bin_time_v,154386432,59604992,NaN,155.7504,0,120,1e-08,none,NaN,NaN,false,2026-07-28T14:47:34.430235+00:00
2,julia,single_thread,1,1,1,openblas:libopenblas64_.so,1,1,1,1000,similarity_singular,similarity_singular/ncore040_k3_n00000043,43,1849,gmres,1,0,39340282,648,987034,40327964,45,0,990,1,44,false,0.06787101807934436,0.06787101807934436,0.7349071482288759,21934.088888888888,533.8204434829638,88027136,usr_bin_time_v,68661248,445763584,184652496,47607.96971335857,0,120,1.0e-8,none,NaN,NaN,false,2026-07-28T14:48:06.689
2,julia,single_thread,1,1,1,openblas:libopenblas64_.so,1,1,1,1001,similarity_singular,similarity_singular/ncore040_k3_n00000043,43,1849,gmres,1,0,608541,65,854876,1463482,44,0,946,1,43,false,0.15694585686772122,0.15694585686772114,0.36297077295197294,19429.0,462.34505137912384,88027136,usr_bin_time_v,68665344,445763584,189409272,47607.96971335857,0,120,1.0e-8,none,NaN,NaN,false,2026-07-28T14:48:06.691
2,julia,single_thread,1,1,1,openblas:libopenblas64_.so,1,1,1,1002,similarity_singular,similarity_singular/ncore040_k3_n00000043,43,1849,gmres,1,0,653969,138,15757407,16411514,44,0,946,1,43,false,0.27108046622028686,0.27108046622028714,0.596602670632607,358122.88636363635,8522.123850730124,88027136,usr_bin_time_v,68665344,445763584,34033912,47607.96971335857,0,120,1.0e-8,none,NaN,NaN,false,2026-07-28T14:48:06.707
2,julia,single_thread,1,1,1,openblas:libopenblas64_.so,1,1,1,1003,similarity_singular,similarity_singular/ncore040_k3_n00000043,43,1849,gmres,1,0,596253,124,772037,1368414,44,0,946,1,43,false,0.23372754710309196,0.23372754710309201,0.4853008389143836,17546.295454545456,417.5429962141698,88027136,usr_bin_time_v,68665344,445763584,38787664,47607.96971335857,0,120,1.0e-8,none,NaN,NaN,false,2026-07-28T14:48:06.709
2,julia,single_thread,1,1,1,openblas:libopenblas64_.so,1,1,1,1004,similarity_singular,similarity_singular/ncore040_k3_n00000043,43,1849,gmres,1,0,569672,47,827923,1397642,45,0,990,1,44,false,0.09814348149613102,0.09814348149613118,1.1305361144657928,18398.28888888889,447.76798269334773,88027136,usr_bin_time_v,68665344,445763584,43739688,47607.96971335857,0,120,1.0e-8,none,NaN,NaN,false,2026-07-28T14:48:06.710
2,julia,single_thread,1,1,1,openblas:libopenblas64_.so,1,1,1,1005,similarity_singular,similarity_singular/ncore040_k3_n00000043,43,1849,gmres,1,0,600071,131,924609,1524811,45,0,990,1,44,false,0.0010239767926622327,0.001023976792661825,0.6564352980589787,20546.866666666665,500.0589507842077,88027136,usr_bin_time_v,68673536,445763584,50174744,47607.96971335857,0,120,1.0e-8,none,NaN,NaN,false,2026-07-28T14:48:06.730
2,julia,single_thread,1,1,1,openblas:libopenblas64_.so,1,1,1,1006,similarity_singular,similarity_singular/ncore040_k3_n00000043,43,1849,gmres,1,0,577569,44,771383,1348996,44,0,946,1,43,false,0.11476985414634067,0.11476985414634075,0.2950810738494578,17531.43181818182,417.18929150892376,88027136,usr_bin_time_v,68673536,445763584,54930528,47607.96971335857,0,120,1.0e-8,none,NaN,NaN,false,2026-07-28T14:48:06.731
2,julia,single_thread,1,1,1,openblas:libopenblas64_.so,1,1,1,1007,similarity_singular,similarity_singular/ncore040_k3_n00000043,43,1849,gmres,1,0,553938,52,774154,1328144,44,0,946,1,43,false,0.07291098491049239,0.0729109849104922,0.22678858506651628,17594.409090909092,418.68793942671715,88027136,usr_bin_time_v,68673536,445763584,59686904,47607.96971335857,0,120,1.0e-8,none,NaN,NaN,false,2026-07-28T14:48:06.733
2,julia,single_thread,1,1,1,openblas:libopenblas64_.so,1,1,1,1008,similarity_singular,similarity_singular/ncore040_k3_n00000043,43,1849,gmres,1,0,573767,86,818125,1391978,44,0,946,1,43,false,0.12179749701724113,0.12179749701724114,0.3248856678989625,18593.75,442.46890210924823,88027136,usr_bin_time_v,68673536,445763584,64443936,47607.96971335857,0,120,1.0e-8,none,NaN,NaN,false,2026-07-28T14:48:06.734
2,julia,single_thread,1,1,1,openblas:libopenblas64_.so,1,1,1,1009,similarity_singular,similarity_singular/ncore040_k3_n00000043,43,1849,gmres,1,0,571618,60,773998,1345676,44,0,946,1,43,false,0.08490546064675702,0.084905460646757,0.16430793839963773,17590.863636363636,418.60356949702543,88027136,usr_bin_time_v,68673536,445763584,69201624,47607.96971335857,0,120,1.0e-8,none,NaN,NaN,false,2026-07-28T14:48:06.735
2,julia,single_thread,1,1,1,openblas:libopenblas64_.so,1,1,1,1010,similarity_singular,similarity_singular/ncore040_k3_n00000043,43,1849,gmres,1,0,572663,36,767360,1340059,44,0,946,1,43,false,0.1094450885326994,0.10944508853269942,0.23264956724730207,17440.0,415.01352082206597,88027136,usr_bin_time_v,68673536,445763584,73960272,47607.96971335857,0,120,1.0e-8,none,NaN,NaN,false,2026-07-28T14:48:06.737
2,julia,single_thread,1,1,1,openblas:libopenblas64_.so,1,1,1,1011,similarity_singular,similarity_singular/ncore040_k3_n00000043,43,1849,gmres,1,0,566782,56,3765695,4332533,45,0,990,1,44,false,0.044524780021265496,0.0445247800212653,0.26669344444267207,83682.11111111111,2036.611681990265,88027136,usr_bin_time_v,68673536,445763584,33590712,47607.96971335857,0,120,1.0e-8,none,NaN,NaN,false,2026-07-28T14:48:06.741
2,julia,single_thread,1,1,1,openblas:libopenblas64_.so,1,1,1,1012,similarity_singular,similarity_singular/ncore040_k3_n00000043,43,1849,gmres,1,0,578434,110,756623,1335167,44,0,946,1,43,false,0.08576467418609002,0.08576467418609016,0.16637093743960313,17195.977272727272,409.2065981611682,88027136,usr_bin_time_v,68673536,445763584,38350368,47607.96971335857,0,120,1.0e-8,none,NaN,NaN,false,2026-07-28T14:48:06.743
2,julia,single_thread,1,1,1,openblas:libopenblas64_.so,1,1,1,1013,similarity_singular,similarity_singular/ncore040_k3_n00000043,43,1849,gmres,1,0,574301,38,764610,1338949,44,0,946,1,43,false,0.4983807164729769,0.4983807164729767,1.0682206176607603,17377.5,413.526230394808,88027136,usr_bin_time_v,68673536,445763584,43110680,47607.96971335857,0,120,1.0e-8,none,NaN,NaN,false,2026-07-28T14:48:06.744
2,julia,single_thread,1,1,1,openblas:libopenblas64_.so,1,1,1,1014,similarity_singular,similarity_singular/ncore040_k3_n00000043,43,1849,gmres,1,0,571856,37,772102,1343995,44,0,946,1,43,false,0.10462027260542789,0.10462027260542815,0.3312860657378907,17547.772727272728,417.57815035154135,88027136,usr_bin_time_v,68673536,445763584,47871648,47607.96971335857,0,120,1.0e-8,none,NaN,NaN,false,2026-07-28T14:48:06.745
2,julia,single_thread,1,1,1,openblas:libopenblas64_.so,1,1,1,1015,similarity_singular,similarity_singular/ncore040_k3_n00000043,43,1849,gmres,1,0,589499,37,820001,1409537,45,0,990,1,44,false,0.005790867798579909,0.005790867798579884,0.21225187764790376,18222.244444444445,443.4835045970795,88027136,usr_bin_time_v,68673536,445763584,52830792,47607.96971335857,0,120,1.0e-8,none,NaN,NaN,false,2026-07-28T14:48:06.747
2,julia,single_thread,1,1,1,openblas:libopenblas64_.so,1,1,1,1016,similarity_singular,similarity_singular/ncore040_k3_n00000043,43,1849,gmres,1,0,585096,37,819292,1404425,45,0,990,1,44,false,0.021788090002870696,0.02178809000287047,0.35993806519376914,18206.48888888889,443.1000540832883,88027136,usr_bin_time_v,68673536,445763584,57790592,47607.96971335857,0,120,1.0e-8,none,NaN,NaN,false,2026-07-28T14:48:06.748
2,julia,single_thread,1,1,1,openblas:libopenblas64_.so,1,1,1,1017,similarity_singular,similarity_singular/ncore040_k3_n00000043,43,1849,gmres,1,0,588398,40,777582,1366020,44,0,946,1,43,false,0.26157011146052594,0.2615701114605259,0.2766116731990865,17672.31818181818,420.5419145484045,88027136,usr_bin_time_v,68673536,445763584,62553528,47607.96971335857,0,120,1.0e-8,none,NaN,NaN,false,2026-07-28T14:48:06.750
2,julia,single_thread,1,1,1,openblas:libopenblas64_.so,1,1,1,1018,similarity_singular,similarity_singular/ncore040_k3_n00000043,43,1849,gmres,1,0,584995,179,3036627,3621801,44,0,946,1,43,false,0.0938441039932427,0.09384410399324264,0.5847250103049078,69014.25,1642.3077339102217,88027136,usr_bin_time_v,68673536,445763584,32382800,47607.96971335857,0,120,1.0e-8,none,NaN,NaN,false,2026-07-28T14:48:06.754
2,julia,single_thread,1,1,1,openblas:libopenblas64_.so,1,1,1,1019,similarity_singular,similarity_singular/ncore040_k3_n00000043,43,1849,gmres,1,0,579666,150,794758,1374574,44,0,946,1,43,false,0.12032690841704569,0.12032690841704563,0.35051012465359227,18062.68181818182,429.83126014061656,88027136,usr_bin_time_v,68673536,445763584,37147048,47607.96971335857,0,120,1.0e-8,none,NaN,NaN,false,2026-07-28T14:48:06.755
2,julia,single_thread,1,1,1,openblas:libopenblas64_.so,1,1,1,1000,coupled_singular,coupled_singular/ncore040_k3_n00000043,43,1722,dgmres,1,0,38620863,584,2429528,41050975,2624,0,820,1,40,true,1.4037854964283089e-15,1.1538977738234377,1.3133692391327864e-14,925.8871951219512,1410.875725900116,89370624,usr_bin_time_v,69472256,445763584,185236504,51899.31707317073,3,120,1.0e-8,none,NaN,NaN,false,2026-07-28T14:48:20.830
2,julia,single_thread,1,1,1,openblas:libopenblas64_.so,1,1,1,1001,coupled_singular,coupled_singular/ncore040_k3_n00000043,43,1722,dgmres,1,0,570143,405,17019990,17590538,2624,0,820,1,40,true,1.3902189884437168e-15,0.33064852625817176,1.1651823616250974e-14,6486.276676829269,9883.850174216028,89370624,usr_bin_time_v,69480448,445763584,32619592,51899.31707317073,3,120,1.0e-8,none,NaN,NaN,false,2026-07-28T14:48:20.866
2,julia,single_thread,1,1,1,openblas:libopenblas64_.so,1,1,1,1002,coupled_singular,coupled_singular/ncore040_k3_n00000043,43,1722,dgmres,1,0,570291,46,2378545,2948882,2624,0,820,1,40,true,1.4885847980782589e-15,0.30584372979986846,1.0358687538949454e-14,906.4576981707318,1381.2688734030198,89370624,usr_bin_time_v,69480448,445763584,38774360,51899.31707317073,3,120,1.0e-8,none,NaN,NaN,false,2026-07-28T14:48:20.869
2,julia,single_thread,1,1,1,openblas:libopenblas64_.so,1,1,1,1003,coupled_singular,coupled_singular/ncore040_k3_n00000043,43,1722,dgmres,1,0,546834,134,2322499,2869467,2624,0,820,1,40,true,1.1392360660013886e-15,0.7783466027541958,7.0732515471205315e-15,885.0987042682926,1348.7218350754936,89370624,usr_bin_time_v,69480448,445763584,44929784,51899.31707317073,3,120,1.0e-8,none,NaN,NaN,false,2026-07-28T14:48:20.872
2,julia,single_thread,1,1,1,openblas:libopenblas64_.so,1,1,1,1004,coupled_singular,coupled_singular/ncore040_k3_n00000043,43,1722,dgmres,1,0,537622,27,2316891,2854540,2624,0,820,1,40,true,1.8917601593096672e-15,0.964094814484878,1.0572851328333565e-14,882.9615091463414,1345.4651567944252,89370624,usr_bin_time_v,69480448,445763584,51085960,51899.31707317073,3,120,1.0e-8,none,NaN,NaN,false,2026-07-28T14:48:20.874
2,julia,single_thread,1,1,1,openblas:libopenblas64_.so,1,1,1,1005,coupled_singular,coupled_singular/ncore040_k3_n00000043,43,1722,dgmres,1,0,535039,30,2322837,2857906,2624,0,820,1,40,true,7.155809820158798e-16,0.8449822421874984,8.194619604475365e-15,885.2275152439024,1348.918118466899,89370624,usr_bin_time_v,69484544,445763584,57242696,51899.31707317073,3,120,1.0e-8,none,NaN,NaN,false,2026-07-28T14:48:20.877
2,julia,single_thread,1,1,1,openblas:libopenblas64_.so,1,1,1,1006,coupled_singular,coupled_singular/ncore040_k3_n00000043,43,1722,dgmres,1,0,532968,35,2313871,2846874,2624,0,820,1,40,true,1.036263385880157e-15,0.3407680261099187,1.0714131383449621e-14,881.8105945121952,1343.7113821138212,89370624,usr_bin_time_v,69484544,445763584,63400088,51899.31707317073,3,120,1.0e-8,none,NaN,NaN,false,2026-07-28T14:48:20.880
2,julia,single_thread,1,1,1,openblas:libopenblas64_.so,1,1,1,1007,coupled_singular,coupled_singular/ncore040_k3_n00000043,43,1722,dgmres,1,0,530751,38,2309095,2839884,2624,0,820,1,40,true,1.0784317049677708e-15,0.8698976336838666,1.3201796269257142e-14,879.9904725609756,1340.9378629500582,89370624,usr_bin_time_v,69484544,445763584,69558200,51899.31707317073,3,120,1.0e-8,none,NaN,NaN,false,2026-07-28T14:48:20.883
2,julia,single_thread,1,1,1,openblas:libopenblas64_.so,1,1,1,1008,coupled_singular,coupled_singular/ncore040_k3_n00000043,43,1722,dgmres,1,0,539174,25,5118977,5658176,2624,0,820,1,40,true,1.3596406180126606e-15,0.6418410459437085,5.4051025156038475e-15,1950.829649390244,2972.6927990708477,89370624,usr_bin_time_v,69492736,445763584,34123320,51899.31707317073,3,120,1.0e-8,none,NaN,NaN,false,2026-07-28T14:48:20.889
2,julia,single_thread,1,1,1,openblas:libopenblas64_.so,1,1,1,1009,coupled_singular,coupled_singular/ncore040_k3_n00000043,43,1722,dgmres,1,0,544438,29,2322285,2866752,2624,0,820,1,40,true,8.558813274414815e-16,1.1126747992553507,7.091401899139491e-15,885.017149390244,1348.5975609756097,89370624,usr_bin_time_v,69492736,445763584,40282680,51899.31707317073,3,120,1.0e-8,none,NaN,NaN,false,2026-07-28T14:48:20.892
2,julia,single_thread,1,1,1,openblas:libopenblas64_.so,1,1,1,1010,coupled_singular,coupled_singular/ncore040_k3_n00000043,43,1722,dgmres,1,0,530297,33,2309846,2840176,2624,0,820,1,40,true,1.1029771779783644e-15,1.4175369266380602,4.657331633787959e-15,880.2766768292682,1341.3739837398373,89370624,usr_bin_time_v,69492736,445763584,46443000,51899.31707317073,3,120,1.0e-8,none,NaN,NaN,false,2026-07-28T14:48:20.895
2,julia,single_thread,1,1,1,openblas:libopenblas64_.so,1,1,1,1011,coupled_singular,coupled_singular/ncore040_k3_n00000043,43,1722,dgmres,1,0,542198,29,2302081,2844308,2624,0,820,1,40,true,1.3678387019722377e-15,1.1210316351741414,9.014071290134597e-15,877.3174542682926,1336.8646922183507,89370624,usr_bin_time_v,69492736,445763584,52603672,51899.31707317073,3,120,1.0e-8,none,NaN,NaN,false,2026-07-28T14:48:20.898
2,julia,single_thread,1,1,1,openblas:libopenblas64_.so,1,1,1,1012,coupled_singular,coupled_singular/ncore040_k3_n00000043,43,1722,dgmres,1,0,551202,41,2308311,2859554,2624,0,820,1,40,true,1.1200690907780297e-15,0.4898264117456533,8.653568826575559e-15,879.6916920731708,1340.4825783972126,89370624,usr_bin_time_v,69492736,445763584,58765000,51899.31707317073,3,120,1.0e-8,none,NaN,NaN,false,2026-07-28T14:48:20.901
2,julia,single_thread,1,1,1,openblas:libopenblas64_.so,1,1,1,1013,coupled_singular,coupled_singular/ncore040_k3_n00000043,43,1722,dgmres,1,0,547789,31,3506051,4053871,2624,0,820,1,40,true,6.769215597887161e-16,0.7380123859585529,1.045089383806049e-14,1336.1474847560976,2036.034262485482,89370624,usr_bin_time_v,69492736,445763584,32203256,51899.31707317073,3,120,1.0e-8,none,NaN,NaN,false,2026-07-28T14:48:20.905
2,julia,single_thread,1,1,1,openblas:libopenblas64_.so,1,1,1,1014,coupled_singular,coupled_singular/ncore040_k3_n00000043,43,1722,dgmres,1,0,538821,38,2303061,2841920,2624,0,820,1,40,true,1.1136290839462574e-15,0.5612808089687065,1.2649165440932817e-14,877.6909298780488,1337.4337979094078,89370624,usr_bin_time_v,69492736,445763584,38365896,51899.31707317073,3,120,1.0e-8,none,NaN,NaN,false,2026-07-28T14:48:20.908
2,julia,single_thread,1,1,1,openblas:libopenblas64_.so,1,1,1,1015,coupled_singular,coupled_singular/ncore040_k3_n00000043,43,1722,dgmres,1,0,536942,27,2294699,2831668,2624,0,820,1,40,true,6.398499854264606e-16,0.6646940445728535,7.017942017840878e-15,874.5041920731708,1332.5778164924507,89370624,usr_bin_time_v,69492736,445763584,44529192,51899.31707317073,3,120,1.0e-8,none,NaN,NaN,false,2026-07-28T14:48:20.910
2,julia,single_thread,1,1,1,openblas:libopenblas64_.so,1,1,1,1016,coupled_singular,coupled_singular/ncore040_k3_n00000043,43,1722,dgmres,1,0,535539,26,2303877,2839442,2624,0,820,1,40,true,1.138702110262141e-15,0.8998818645543486,9.756058181682713e-15,878.0019054878048,1337.9076655052265,89370624,usr_bin_time_v,69492736,445763584,50692808,51899.31707317073,3,120,1.0e-8,none,NaN,NaN,false,2026-07-28T14:48:20.913
2,julia,single_thread,1,1,1,openblas:libopenblas64_.so,1,1,1,1017,coupled_singular,coupled_singular/ncore040_k3_n00000043,43,1722,dgmres,1,0,537622,19,2302346,2839987,2624,0,820,1,40,true,1.5638322078037022e-15,0.6863656685719322,6.332025601401545e-15,877.4184451219512,1337.0185830429732,89370624,usr_bin_time_v,69492736,445763584,56857016,51899.31707317073,3,120,1.0e-8,none,NaN,NaN,false,2026-07-28T14:48:20.916
2,julia,single_thread,1,1,1,openblas:libopenblas64_.so,1,1,1,1018,coupled_singular,coupled_singular/ncore040_k3_n00000043,43,1722,dgmres,1,0,540173,43,3370997,3911213,2624,0,820,1,40,true,1.072053568352324e-15,0.646806979648166,7.780715390482455e-15,1284.6787347560976,1957.6056910569105,89370624,usr_bin_time_v,69492736,445763584,36407416,51899.31707317073,3,120,1.0e-8,none,NaN,NaN,false,2026-07-28T14:48:20.920
2,julia,single_thread,1,1,1,openblas:libopenblas64_.so,1,1,1,1019,coupled_singular,coupled_singular/ncore040_k3_n00000043,43,1722,dgmres,1,0,544832,35,2287843,2832710,2624,0,820,1,40,true,1.0033278771801515e-15,0.4252771528297069,1.8090675466007075e-14,871.891387195122,1328.5963995354239,89370624,usr_bin_time_v,69492736,445763584,42573400,51899.31707317073,3,120,1.0e-8,none,NaN,NaN,false,2026-07-28T14:48:20.923
2,python,single_thread,1,1,1,scipy-openblas:0.3.31.188.0,1,1,1,1000,illcond_block_singular,illcond_block_singular/ncore040_k2_n00000042,42,1601,gmres,1,0,967328,1043,11996337,12964708,76,0,2850,1,75,false,0.314079355086471,0.31407935508618356,0.8333068059418327,157846.5394736842,7493.027482823236,2580480,usr_bin_time_v,1359872,59604992,NaN,1611.792629606496,0,120,1e-08,none,NaN,NaN,false,2026-07-28T14:49:01.628730+00:00
2,python,single_thread,1,1,1,scipy-openblas:0.3.31.188.0,1,1,1,1001,illcond_block_singular,illcond_block_singular/ncore040_k2_n00000042,42,1601,gmres,1,0,777642,836,11058538,11837016,74,0,2701,1,73,false,0.12669219573161525,0.12669219573158455,0.22407709429630387,149439.7027027027,6907.269206745784,2580480,usr_bin_time_v,1388544,59604992,NaN,1611.792629606496,0,120,1e-08,none,NaN,NaN,false,2026-07-28T14:49:01.628730+00:00
2,python,single_thread,1,1,1,scipy-openblas:0.3.31.188.0,1,1,1,1002,illcond_block_singular,illcond_block_singular/ncore040_k2_n00000042,42,1601,gmres,1,0,760948,732,11090316,11851996,74,0,2701,1,73,false,0.01132921184205255,0.011329211842109332,0.09379826115979716,149869.13513513515,6927.118051217989,2580480,usr_bin_time_v,1400832,59604992,NaN,1611.792629606496,0,120,1e-08,none,NaN,NaN,false,2026-07-28T14:49:01.628730+00:00
2,python,single_thread,1,1,1,scipy-openblas:0.3.31.188.0,1,1,1,1003,illcond_block_singular,illcond_block_singular/ncore040_k2_n00000042,42,1601,gmres,1,0,753266,615,11134394,11888275,74,0,2701,1,73,false,0.1904873490770416,0.19048734907732887,1.3902616892193045,150464.7837837838,6954.649594003748,2580480,usr_bin_time_v,1400832,59604992,NaN,1611.792629606496,0,120,1e-08,none,NaN,NaN,false,2026-07-28T14:49:01.628730+00:00
2,python,single_thread,1,1,1,scipy-openblas:0.3.31.188.0,1,1,1,1004,illcond_block_singular,illcond_block_singular/ncore040_k2_n00000042,42,1601,gmres,1,0,763772,561,11222998,11987331,74,0,2701,1,73,false,0.10553801683755955,0.10553801683788551,1.165438723426511,151662.13513513515,7009.992504684572,2580480,usr_bin_time_v,1404928,59604992,NaN,1611.792629606496,0,120,1e-08,none,NaN,NaN,false,2026-07-28T14:49:01.628730+00:00
2,python,single_thread,1,1,1,scipy-openblas:0.3.31.188.0,1,1,1,1005,illcond_block_singular,illcond_block_singular/ncore040_k2_n00000042,42,1601,gmres,1,0,765007,596,11492655,12258258,75,0,2775,1,74,false,0.2226437871201273,0.2226437871205868,0.06945284112558382,153235.4,7178.422860712055,2580480,usr_bin_time_v,1404928,59604992,NaN,1611.792629606496,0,120,1e-08,none,NaN,NaN,false,2026-07-28T14:49:01.628730+00:00
2,python,single_thread,1,1,1,scipy-openblas:0.3.31.188.0,1,1,1,1006,illcond_block_singular,illcond_block_singular/ncore040_k2_n00000042,42,1601,gmres,1,0,756205,764,10683889,11440858,73,0,2628,1,72,false,0.0900162533387411,0.09001625333874566,0.25744605132435344,146354.64383561644,6673.259837601499,2580480,usr_bin_time_v,1413120,59604992,NaN,1611.792629606496,0,120,1e-08,none,NaN,NaN,false,2026-07-28T14:49:01.628730+00:00
2,python,single_thread,1,1,1,scipy-openblas:0.3.31.188.0,1,1,1,1007,illcond_block_singular,illcond_block_singular/ncore040_k2_n00000042,42,1601,gmres,1,0,768778,637,10430920,11200335,71,0,2485,1,70,false,0.10724752277184883,0.1072475227715228,1.294028048759022,146914.3661971831,6515.25296689569,2580480,usr_bin_time_v,1413120,59604992,NaN,1611.792629606496,0,120,1e-08,none,NaN,NaN,false,2026-07-28T14:49:01.628730+00:00
2,python,single_thread,1,1,1,scipy-openblas:0.3.31.188.0,1,1,1,1008,illcond_block_singular,illcond_block_singular/ncore040_k2_n00000042,42,1601,gmres,1,0,737256,729,10425218,11163203,71,0,2485,1,70,false,0.08829407431111232,0.08829407431127594,0.35168070420789826,146834.05633802817,6511.69144284822,2580480,usr_bin_time_v,1421312,59604992,NaN,1611.792629606496,0,120,1e-08,none,NaN,NaN,false,2026-07-28T14:49:01.628730+00:00
2,python,single_thread,1,1,1,scipy-openblas:0.3.31.188.0,1,1,1,1009,illcond_block_singular,illcond_block_singular/ncore040_k2_n00000042,42,1601,gmres,1,0,768419,669,11669553,12438641,76,0,2850,1,75,false,0.01896259036022732,0.01896259036021314,1.8963633482033646,153546.75,7288.915053091818,2580480,usr_bin_time_v,1421312,59604992,NaN,1611.792629606496,0,120,1e-08,none,NaN,NaN,false,2026-07-28T14:49:01.628730+00:00
2,python,single_thread,1,1,1,scipy-openblas:0.3.31.188.0,1,1,1,1010,illcond_block_singular,illcond_block_singular/ncore040_k2_n00000042,42,1601,gmres,1,0,741634,575,10275352,11017561,71,0,2485,1,70,false,0.1269813206607461,0.12698132066121137,2.1769609618062207,144723.2676056338,6418.083697688944,2580480,usr_bin_time_v,1425408,59604992,NaN,1611.792629606496,0,120,1e-08,none,NaN,NaN,false,2026-07-28T14:49:01.628730+00:00
2,python,single_thread,1,1,1,scipy-openblas:0.3.31.188.0,1,1,1,1011,illcond_block_singular,illcond_block_singular/ncore040_k2_n00000042,42,1601,gmres,1,0,761514,583,10844783,11606880,73,0,2628,1,72,false,0.22683844963570515,0.2268384496354902,0.6221605794325176,148558.67123287672,6773.755777638976,2580480,usr_bin_time_v,1429504,59604992,NaN,1611.792629606496,0,120,1e-08,none,NaN,NaN,false,2026-07-28T14:49:01.628730+00:00
2,python,single_thread,1,1,1,scipy-openblas:0.3.31.188.0,1,1,1,1012,illcond_block_singular,illcond_block_singular/ncore040_k2_n00000042,42,1601,gmres,1,0,747536,585,10540622,11288743,73,0,2628,1,72,false,0.15926872512996063,0.15926872513047508,0.02287554258959606,144392.08219178082,6583.773891317926,2580480,usr_bin_time_v,1433600,59604992,NaN,1611.792629606496,0,120,1e-08,none,NaN,NaN,false,2026-07-28T14:49:01.628730+00:00
2,python,single_thread,1,1,1,scipy-openblas:0.3.31.188.0,1,1,1,1013,illcond_block_singular,illcond_block_singular/ncore040_k2_n00000042,42,1601,gmres,1,0,782527,683,11445976,12229186,75,0,2775,1,74,false,0.2222614029857175,0.2222614029853659,0.2273897113220396,152613.01333333334,7149.266708307308,2580480,usr_bin_time_v,1433600,59604992,NaN,1611.792629606496,0,120,1e-08,none,NaN,NaN,false,2026-07-28T14:49:01.628730+00:00
2,python,single_thread,1,1,1,scipy-openblas:0.3.31.188.0,1,1,1,1014,illcond_block_singular,illcond_block_singular/ncore040_k2_n00000042,42,1601,gmres,1,0,752024,576,11623883,12376483,75,0,2775,1,74,false,0.1107228052444843,0.11072280524442832,0.642652964248637,154985.10666666666,7260.38913179263,2580480,usr_bin_time_v,1441792,59604992,NaN,1611.792629606496,0,120,1e-08,none,NaN,NaN,false,2026-07-28T14:49:01.628730+00:00
2,python,single_thread,1,1,1,scipy-openblas:0.3.31.188.0,1,1,1,1015,illcond_block_singular,illcond_block_singular/ncore040_k2_n00000042,42,1601,gmres,1,0,748090,587,10291511,11040188,72,0,2556,1,71,false,0.15413194874519925,0.15413194874507716,1.3007888008593231,142937.65277777778,6428.1767645221735,2580480,usr_bin_time_v,1441792,59604992,NaN,1611.792629606496,0,120,1e-08,none,NaN,NaN,false,2026-07-28T14:49:01.628730+00:00
2,python,single_thread,1,1,1,scipy-openblas:0.3.31.188.0,1,1,1,1016,illcond_block_singular,illcond_block_singular/ncore040_k2_n00000042,42,1601,gmres,1,0,770318,559,10341217,11112094,71,0,2485,1,70,false,0.17646191614164097,0.17646191614153162,0.90716834438714,145650.94366197183,6459.223610243598,2580480,usr_bin_time_v,1445888,59604992,NaN,1611.792629606496,0,120,1e-08,none,NaN,NaN,false,2026-07-28T14:49:01.628730+00:00
2,python,single_thread,1,1,1,scipy-openblas:0.3.31.188.0,1,1,1,1017,illcond_block_singular,illcond_block_singular/ncore040_k2_n00000042,42,1601,gmres,1,0,760986,678,10028003,10789667,70,0,2415,1,69,false,0.07565058946451753,0.07565058946477464,0.7606153842770026,143257.1857142857,6263.587133041849,2580480,usr_bin_time_v,1449984,59604992,NaN,1611.792629606496,0,120,1e-08,none,NaN,NaN,false,2026-07-28T14:49:01.628730+00:00
2,python,single_thread,1,1,1,scipy-openblas:0.3.31.188.0,1,1,1,1018,illcond_block_singular,illcond_block_singular/ncore040_k2_n00000042,42,1601,gmres,1,0,749036,640,11588088,12337764,75,0,2775,1,74,false,0.07465128948955826,0.0746512894897074,0.6757727528784273,154507.84,7238.0312304809495,2580480,usr_bin_time_v,1449984,59604992,NaN,1611.792629606496,0,120,1e-08,none,NaN,NaN,false,2026-07-28T14:49:01.628730+00:00
2,python,single_thread,1,1,1,scipy-openblas:0.3.31.188.0,1,1,1,1019,illcond_block_singular,illcond_block_singular/ncore040_k2_n00000042,42,1601,gmres,1,0,753412,601,11200699,11954712,74,0,2701,1,73,false,0.11844983759370936,0.11844983759371917,0.1952312686244983,151360.7972972973,6996.064334790756,2580480,usr_bin_time_v,1454080,59604992,NaN,1611.792629606496,0,120,1e-08,none,NaN,NaN,false,2026-07-28T14:49:01.628730+00:00
2,python,single_thread,1,1,1,scipy-openblas:0.3.31.188.0,1,1,1,1000,similarity_singular,similarity_singular/ncore040_k3_n00000043,43,1849,gmres,1,0,1017040,1321,4473807,5492168,45,0,990,1,44,false,0.0678710180793445,0.06787101807934434,0.7335321966910372,99417.93333333333,2419.58193618172,2064384,usr_bin_time_v,1282048,59604992,NaN,1116.4867495943754,0,120,1e-08,none,NaN,NaN,false,2026-07-28T14:49:12.244770+00:00
2,python,single_thread,1,1,1,scipy-openblas:0.3.31.188.0,1,1,1,1001,similarity_singular,similarity_singular/ncore040_k3_n00000043,43,1849,gmres,1,0,891500,1116,4045915,4938531,44,0,946,1,43,false,0.15694585686772114,0.1569458568677211,0.3629707729519765,91952.61363636363,2188.1638723634396,2064384,usr_bin_time_v,1302528,59604992,NaN,1116.4867495943754,0,120,1e-08,none,NaN,NaN,false,2026-07-28T14:49:12.244770+00:00
2,python,single_thread,1,1,1,scipy-openblas:0.3.31.188.0,1,1,1,1002,similarity_singular,similarity_singular/ncore040_k3_n00000043,43,1849,gmres,1,0,812528,583,4015629,4828740,44,0,946,1,43,false,0.2710804662202869,0.2710804662202872,0.5966026706326077,91264.29545454546,2171.784207679827,2064384,usr_bin_time_v,1302528,59604992,NaN,1116.4867495943754,0,120,1e-08,none,NaN,NaN,false,2026-07-28T14:49:12.244770+00:00
2,python,single_thread,1,1,1,scipy-openblas:0.3.31.188.0,1,1,1,1003,similarity_singular,similarity_singular/ncore040_k3_n00000043,43,1849,gmres,1,0,850066,699,4002355,4853120,44,0,946,1,43,false,0.233727547103092,0.23372754710309201,0.4853008389143826,90962.61363636363,2164.6051919956735,2064384,usr_bin_time_v,1302528,59604992,NaN,1116.4867495943754,0,120,1e-08,none,NaN,NaN,false,2026-07-28T14:49:12.244770+00:00
2,python,single_thread,1,1,1,scipy-openblas:0.3.31.188.0,1,1,1,1004,similarity_singular,similarity_singular/ncore040_k3_n00000043,43,1849,gmres,1,0,810422,626,4179001,4990049,45,0,990,1,44,false,0.09814348149613117,0.09814348149613109,1.1305237775649533,92866.6888888889,2260.141157382369,2064384,usr_bin_time_v,1310720,59604992,NaN,1116.4867495943754,0,120,1e-08,none,NaN,NaN,false,2026-07-28T14:49:12.244770+00:00
2,python,single_thread,1,1,1,scipy-openblas:0.3.31.188.0,1,1,1,1005,similarity_singular,similarity_singular/ncore040_k3_n00000043,43,1849,gmres,1,0,830032,555,4177443,5008030,45,0,990,1,44,false,0.0010239767926618604,0.0010239767926618324,0.6586542931600521,92832.06666666667,2259.298539751217,2064384,usr_bin_time_v,1314816,59604992,NaN,1116.4867495943754,0,120,1e-08,none,NaN,NaN,false,2026-07-28T14:49:12.244770+00:00
2,python,single_thread,1,1,1,scipy-openblas:0.3.31.188.0,1,1,1,1006,similarity_singular,similarity_singular/ncore040_k3_n00000043,43,1849,gmres,1,0,807925,574,4013952,4822451,44,0,946,1,43,false,0.11476985414634082,0.1147698541463407,0.29508107384945836,91226.18181818182,2170.877230935641,2064384,usr_bin_time_v,1318912,59604992,NaN,1116.4867495943754,0,120,1e-08,none,NaN,NaN,false,2026-07-28T14:49:12.244770+00:00
2,python,single_thread,1,1,1,scipy-openblas:0.3.31.188.0,1,1,1,1007,similarity_singular,similarity_singular/ncore040_k3_n00000043,43,1849,gmres,1,0,841594,627,3963532,4805753,44,0,946,1,43,false,0.07291098491049214,0.0729109849104922,0.22678858506651545,90080.27272727272,2143.608436992969,2064384,usr_bin_time_v,1318912,59604992,NaN,1116.4867495943754,0,120,1e-08,none,NaN,NaN,false,2026-07-28T14:49:12.244770+00:00
2,python,single_thread,1,1,1,scipy-openblas:0.3.31.188.0,1,1,1,1008,similarity_singular,similarity_singular/ncore040_k3_n00000043,43,1849,gmres,1,0,828615,720,4025357,4854692,44,0,946,1,43,false,0.12179749701724094,0.12179749701724103,0.32488566789896184,91485.38636363637,2177.0454299621415,2064384,usr_bin_time_v,1323008,59604992,NaN,1116.4867495943754,0,120,1e-08,none,NaN,NaN,false,2026-07-28T14:49:12.244770+00:00
2,python,single_thread,1,1,1,scipy-openblas:0.3.31.188.0,1,1,1,1009,similarity_singular,similarity_singular/ncore040_k3_n00000043,43,1849,gmres,1,0,810165,624,4005893,4816682,44,0,946,1,43,false,0.0849054606467568,0.08490546064675696,0.1643079383996386,91043.02272727272,2166.518658734451,2064384,usr_bin_time_v,1327104,59604992,NaN,1116.4867495943754,0,120,1e-08,none,NaN,NaN,false,2026-07-28T14:49:12.244770+00:00
2,python,single_thread,1,1,1,scipy-openblas:0.3.31.188.0,1,1,1,1010,similarity_singular,similarity_singular/ncore040_k3_n00000043,43,1849,gmres,1,0,814283,630,4020000,4834913,44,0,946,1,43,false,0.10944508853269923,0.10944508853269931,0.23264956724730074,91363.63636363637,2174.1481882098433,2064384,usr_bin_time_v,1327104,59604992,NaN,1116.4867495943754,0,120,1e-08,none,NaN,NaN,false,2026-07-28T14:49:12.244770+00:00
2,python,single_thread,1,1,1,scipy-openblas:0.3.31.188.0,1,1,1,1011,similarity_singular,similarity_singular/ncore040_k3_n00000043,43,1849,gmres,1,0,813353,601,4241515,5055469,45,0,990,1,44,false,0.0445247800212654,0.04452478002126531,0.26644936080047377,94255.88888888889,2293.95078420768,2064384,usr_bin_time_v,1335296,59604992,NaN,1116.4867495943754,0,120,1e-08,none,NaN,NaN,false,2026-07-28T14:49:12.244770+00:00
2,python,single_thread,1,1,1,scipy-openblas:0.3.31.188.0,1,1,1,1012,similarity_singular,similarity_singular/ncore040_k3_n00000043,43,1849,gmres,1,0,826130,594,3898338,4725062,44,0,946,1,43,false,0.08576467418608998,0.0857646741860902,0.1663709374396029,88598.59090909091,2108.349378042185,2064384,usr_bin_time_v,1335296,59604992,NaN,1116.4867495943754,0,120,1e-08,none,NaN,NaN,false,2026-07-28T14:49:12.244770+00:00
2,python,single_thread,1,1,1,scipy-openblas:0.3.31.188.0,1,1,1,1013,similarity_singular,similarity_singular/ncore040_k3_n00000043,43,1849,gmres,1,0,797401,655,3980396,4778452,44,0,946,1,43,false,0.49838071647297655,0.4983807164729767,1.0682206176607612,90463.54545454546,2152.7290427257976,2064384,usr_bin_time_v,1339392,59604992,NaN,1116.4867495943754,0,120,1e-08,none,NaN,NaN,false,2026-07-28T14:49:12.244770+00:00
2,python,single_thread,1,1,1,scipy-openblas:0.3.31.188.0,1,1,1,1014,similarity_singular,similarity_singular/ncore040_k3_n00000043,43,1849,gmres,1,0,813627,659,4002132,4816418,44,0,946,1,43,false,0.10462027260542818,0.10462027260542807,0.3312860657378912,90957.54545454546,2164.484586262845,2064384,usr_bin_time_v,1343488,59604992,NaN,1116.4867495943754,0,120,1e-08,none,NaN,NaN,false,2026-07-28T14:49:12.244770+00:00
2,python,single_thread,1,1,1,scipy-openblas:0.3.31.188.0,1,1,1,1015,similarity_singular,similarity_singular/ncore040_k3_n00000043,43,1849,gmres,1,0,822487,660,4171362,4994509,45,0,990,1,44,false,0.005790867798579846,0.005790867798579911,0.20860717754287114,92696.93333333333,2256.0097349918874,2064384,usr_bin_time_v,1343488,59604992,NaN,1116.4867495943754,0,120,1e-08,none,NaN,NaN,false,2026-07-28T14:49:12.244770+00:00
2,python,single_thread,1,1,1,scipy-openblas:0.3.31.188.0,1,1,1,1016,similarity_singular,similarity_singular/ncore040_k3_n00000043,43,1849,gmres,1,0,833527,625,4213584,5047736,45,0,990,1,44,false,0.021788090002870623,0.02178809000287046,0.3635937046574751,93635.2,2278.8447809626823,2064384,usr_bin_time_v,1343488,59604992,NaN,1116.4867495943754,0,120,1e-08,none,NaN,NaN,false,2026-07-28T14:49:12.244770+00:00
2,python,single_thread,1,1,1,scipy-openblas:0.3.31.188.0,1,1,1,1017,similarity_singular,similarity_singular/ncore040_k3_n00000043,43,1849,gmres,1,0,823462,655,4086565,4910682,44,0,946,1,43,false,0.26157011146052583,0.26157011146052594,0.2766116731990866,92876.47727272728,2210.148729042726,2064384,usr_bin_time_v,1351680,59604992,NaN,1116.4867495943754,0,120,1e-08,none,NaN,NaN,false,2026-07-28T14:49:12.244770+00:00
2,python,single_thread,1,1,1,scipy-openblas:0.3.31.188.0,1,1,1,1018,similarity_singular,similarity_singular/ncore040_k3_n00000043,43,1849,gmres,1,0,843954,667,4037210,4881831,44,0,946,1,43,false,0.09384410399324276,0.09384410399324258,0.5847250103049056,91754.77272727272,2183.4559221200648,2064384,usr_bin_time_v,1359872,59604992,NaN,1116.4867495943754,0,120,1e-08,none,NaN,NaN,false,2026-07-28T14:49:12.244770+00:00
2,python,single_thread,1,1,1,scipy-openblas:0.3.31.188.0,1,1,1,1019,similarity_singular,similarity_singular/ncore040_k3_n00000043,43,1849,gmres,1,0,810850,566,3972768,4784184,44,0,946,1,43,false,0.1203269084170455,0.1203269084170456,0.35051012465359405,90290.18181818182,2148.6035694970255,2064384,usr_bin_time_v,1359872,59604992,NaN,1116.4867495943754,0,120,1e-08,none,NaN,NaN,false,2026-07-28T14:49:12.244770+00:00
2,julia,single_thread,1,1,1,openblas:libopenblas64_.so,1,1,1,12345,sparse_block_singular,sparse_block_singular/n00000103,103,300,gmres,1,0,37693645,626,10141337,47835608,107,0,5671,1,106,false,0.1564991051284881,0.156499105128488,0.15834525569079405,94778.85046728973,33804.456666666665,125693952,usr_bin_time_v,104669184,445763584,113232184,418979.84,0,120,1.0e-8,none,NaN,NaN,false,2026-07-28T14:49:25.715
