schema_version,language,regime,requested_threads,observed_task_threads,observed_blas_threads,blas_backend,omp_num_threads,openblas_num_threads,mkl_num_threads,seed,family,instance_key,n,nnz,method,rep,warmup_discarded,t_assembly_ns,t_precond_ns,t_solve_ns,t_total_ns,matvecs,precond_applications,orthogonalizations,restart_cycles,iterations,converged,stop_residual,relres,drazin_error,time_per_matvec_ns,ns_per_nonzero,peak_rss_bytes,peak_rss_method,peak_rss_inproc_bytes,baseline_rss_bytes,runtime_live_bytes,peak_bytes_per_nonzero,index_a,krylov_m,tol,precond_kind,precond_fill_factor,precond_shift,precond_breakdown,timestamp_utc
2,julia,single_thread,1,1,1,openblas:libopenblas64_.so,1,1,1,1000,coupled_singular,coupled_singular/ncore040_k3_n00000043,43,1722,dgmres,1,3,783307,446,30239176,31022929,2624,0,820,1,40,true,1.4037854964283089e-15,1.1538977738234377,1.3133692391327864e-14,11524.076219512195,17560.497096399537,69058560,usr_bin_time_v,59895808,447475712,36666248,40103.693379790944,3,120,1.0e-8,none,NaN,NaN,false,2026-07-27T18:01:58.420
2,julia,single_thread,1,1,1,openblas:libopenblas64_.so,1,1,1,1000,coupled_singular,coupled_singular/ncore040_k3_n00000043,43,1722,dgmres,2,3,817375,144,3681116,4498635,2624,0,820,1,40,true,1.4037854964283089e-15,1.1538977738234377,1.3133692391327864e-14,1402.8643292682927,2137.698025551684,69058560,usr_bin_time_v,59895808,447475712,44303344,40103.693379790944,3,120,1.0e-8,none,NaN,NaN,false,2026-07-27T18:01:58.450
2,julia,single_thread,1,1,1,openblas:libopenblas64_.so,1,1,1,1000,coupled_singular,coupled_singular/ncore040_k3_n00000043,43,1722,dgmres,3,3,784893,155,3742665,4527713,2624,0,820,1,40,true,1.4037854964283089e-15,1.1538977738234377,1.3133692391327864e-14,1426.3205030487804,2173.4407665505228,69058560,usr_bin_time_v,59895808,447475712,50453888,40103.693379790944,3,120,1.0e-8,none,NaN,NaN,false,2026-07-27T18:01:58.454
2,julia,single_thread,1,1,1,openblas:libopenblas64_.so,1,1,1,1000,coupled_singular,coupled_singular/ncore040_k3_n00000043,43,1722,dgmres,4,3,783487,135,3700894,4484516,2624,0,820,1,40,true,1.4037854964283089e-15,1.1538977738234377,1.3133692391327864e-14,1410.4016768292684,2149.1835075493614,69058560,usr_bin_time_v,59895808,447475712,56604368,40103.693379790944,3,120,1.0e-8,none,NaN,NaN,false,2026-07-27T18:01:58.459
2,julia,single_thread,1,1,1,openblas:libopenblas64_.so,1,1,1,1000,coupled_singular,coupled_singular/ncore040_k3_n00000043,43,1722,dgmres,5,3,796326,68,3715935,4512329,2624,0,820,1,40,true,1.4037854964283089e-15,1.1538977738234377,1.3133692391327864e-14,1416.1337652439024,2157.918118466899,69058560,usr_bin_time_v,59895808,447475712,62754944,40103.693379790944,3,120,1.0e-8,none,NaN,NaN,false,2026-07-27T18:01:58.464
2,julia,single_thread,1,1,1,openblas:libopenblas64_.so,1,1,1,1000,coupled_singular,coupled_singular/ncore040_k3_n00000043,43,1722,dgmres,6,3,787977,170,3755783,4543930,2624,0,820,1,40,true,1.4037854964283089e-15,1.1538977738234377,1.3133692391327864e-14,1431.3197408536585,2181.0586527293844,69058560,usr_bin_time_v,59895808,447475712,68905424,40103.693379790944,3,120,1.0e-8,none,NaN,NaN,false,2026-07-27T18:01:58.468
2,julia,single_thread,1,1,1,openblas:libopenblas64_.so,1,1,1,1000,coupled_singular,coupled_singular/ncore040_k3_n00000043,43,1722,dgmres,7,3,787387,81,93745980,94533448,2624,0,820,1,40,true,1.4037854964283089e-15,1.1538977738234377,1.3133692391327864e-14,35726.36432926829,54440.17421602787,69058560,usr_bin_time_v,59895808,447475712,13055912,40103.693379790944,3,120,1.0e-8,none,NaN,NaN,false,2026-07-27T18:01:58.563
2,julia,single_thread,1,1,1,openblas:libopenblas64_.so,1,1,1,1000,coupled_singular,coupled_singular/ncore040_k3_n00000043,43,1722,dgmres,8,3,728012,130,3267154,3995296,2624,0,820,1,40,true,1.4037854964283089e-15,1.1538977738234377,1.3133692391327864e-14,1245.1044207317073,1897.3019744483158,69058560,usr_bin_time_v,59895808,447475712,19206392,40103.693379790944,3,120,1.0e-8,none,NaN,NaN,false,2026-07-27T18:01:58.567
2,julia,single_thread,1,1,1,openblas:libopenblas64_.so,1,1,1,1000,coupled_singular,coupled_singular/ncore040_k3_n00000043,43,1722,dgmres,9,3,731082,150,3269537,4000769,2624,0,820,1,40,true,1.4037854964283089e-15,1.1538977738234377,1.3133692391327864e-14,1246.012576219512,1898.685830429733,69058560,usr_bin_time_v,59895808,447475712,25356872,40103.693379790944,3,120,1.0e-8,none,NaN,NaN,false,2026-07-27T18:01:58.571
2,julia,single_thread,1,1,1,openblas:libopenblas64_.so,1,1,1,1000,coupled_singular,coupled_singular/ncore040_k3_n00000043,43,1722,dgmres,10,3,717773,156,3202371,3920300,2624,0,820,1,40,true,1.4037854964283089e-15,1.1538977738234377,1.3133692391327864e-14,1220.4157774390244,1859.6811846689895,69058560,usr_bin_time_v,59895808,447475712,31507352,40103.693379790944,3,120,1.0e-8,none,NaN,NaN,false,2026-07-27T18:01:58.575
2,julia,single_thread,1,1,1,openblas:libopenblas64_.so,1,1,1,1001,similarity_singular,similarity_singular/ncore040_k3_n00000043,43,1849,gmres,1,3,779801,224,998830,1778855,44,0,946,1,43,false,0.15694585686772122,0.15694585686772114,0.36297077295197294,22700.68181818182,540.2001081665766,71471104,usr_bin_time_v,62181376,447475712,184852384,38653.923201730664,0,120,1.0e-8,none,NaN,NaN,false,2026-07-27T18:02:04.096
2,julia,single_thread,1,1,1,openblas:libopenblas64_.so,1,1,1,1001,similarity_singular,similarity_singular/ncore040_k3_n00000043,43,1849,gmres,2,3,825210,156,29235960,30061326,44,0,946,1,43,false,0.15694585686772122,0.15694585686772114,0.36297077295197294,664453.6363636364,15811.76852352623,71471104,usr_bin_time_v,62181376,447475712,33088256,38653.923201730664,0,120,1.0e-8,none,NaN,NaN,false,2026-07-27T18:02:04.126
2,julia,single_thread,1,1,1,openblas:libopenblas64_.so,1,1,1,1001,similarity_singular,similarity_singular/ncore040_k3_n00000043,43,1849,gmres,3,3,818058,359,1389063,2207480,44,0,946,1,43,false,0.15694585686772122,0.15694585686772114,0.36297077295197294,31569.613636363636,751.2509464575446,71471104,usr_bin_time_v,62181376,447475712,37837448,38653.923201730664,0,120,1.0e-8,none,NaN,NaN,false,2026-07-27T18:02:04.128
2,julia,single_thread,1,1,1,openblas:libopenblas64_.so,1,1,1,1001,similarity_singular,similarity_singular/ncore040_k3_n00000043,43,1849,gmres,4,3,831631,77,1244476,2076184,44,0,946,1,43,false,0.15694585686772122,0.15694585686772114,0.36297077295197294,28283.545454545456,673.0535424553813,71471104,usr_bin_time_v,62181376,447475712,42586640,38653.923201730664,0,120,1.0e-8,none,NaN,NaN,false,2026-07-27T18:02:04.131
2,julia,single_thread,1,1,1,openblas:libopenblas64_.so,1,1,1,1001,similarity_singular,similarity_singular/ncore040_k3_n00000043,43,1849,gmres,5,3,824458,45,1347928,2172431,44,0,946,1,43,false,0.15694585686772122,0.15694585686772114,0.36297077295197294,30634.727272727272,729.0037858301785,71471104,usr_bin_time_v,62181376,447475712,47335928,38653.923201730664,0,120,1.0e-8,none,NaN,NaN,false,2026-07-27T18:02:04.133
2,julia,single_thread,1,1,1,openblas:libopenblas64_.so,1,1,1,1001,similarity_singular,similarity_singular/ncore040_k3_n00000043,43,1849,gmres,6,3,823804,68,1278458,2102330,44,0,946,1,43,false,0.15694585686772122,0.15694585686772114,0.36297077295197294,29055.863636363636,691.4321254732288,71471104,usr_bin_time_v,62181376,447475712,52085120,38653.923201730664,0,120,1.0e-8,none,NaN,NaN,false,2026-07-27T18:02:04.135
2,julia,single_thread,1,1,1,openblas:libopenblas64_.so,1,1,1,1001,similarity_singular,similarity_singular/ncore040_k3_n00000043,43,1849,gmres,7,3,822487,171,1292743,2115401,44,0,946,1,43,false,0.15694585686772122,0.15694585686772114,0.36297077295197294,29380.522727272728,699.1579232017307,71471104,usr_bin_time_v,62181376,447475712,56834312,38653.923201730664,0,120,1.0e-8,none,NaN,NaN,false,2026-07-27T18:02:04.137
2,julia,single_thread,1,1,1,openblas:libopenblas64_.so,1,1,1,1001,similarity_singular,similarity_singular/ncore040_k3_n00000043,43,1849,gmres,8,3,816360,39,1338019,2154418,44,0,946,1,43,false,0.15694585686772122,0.15694585686772114,0.36297077295197294,30409.522727272728,723.644672796106,71471104,usr_bin_time_v,62181376,447475712,61583504,38653.923201730664,0,120,1.0e-8,none,NaN,NaN,false,2026-07-27T18:02:04.140
2,julia,single_thread,1,1,1,openblas:libopenblas64_.so,1,1,1,1001,similarity_singular,similarity_singular/ncore040_k3_n00000043,43,1849,gmres,9,3,865783,351,1344678,2210812,44,0,946,1,43,false,0.15694585686772122,0.15694585686772114,0.36297077295197294,30560.863636363636,727.2460789616009,71471104,usr_bin_time_v,62181376,447475712,67815168,38653.923201730664,0,120,1.0e-8,none,NaN,NaN,false,2026-07-27T18:02:04.167
2,julia,single_thread,1,1,1,openblas:libopenblas64_.so,1,1,1,1001,similarity_singular,similarity_singular/ncore040_k3_n00000043,43,1849,gmres,10,3,828828,45,92839363,93668236,44,0,946,1,43,false,0.15694585686772122,0.15694585686772114,0.36297077295197294,2.109985522727273e6,50210.58031368307,71471104,usr_bin_time_v,62181376,447475712,10509752,38653.923201730664,0,120,1.0e-8,none,NaN,NaN,false,2026-07-27T18:02:04.261
2,python,single_thread,1,1,1,scipy-openblas:0.3.31.188.0,1,1,1,1001,similarity_singular,similarity_singular/ncore040_k3_n00000043,43,1849,gmres,1,3,1241505,1265,5612161,6854931,44,0,946,1,43,false,0.15694585686772114,0.1569458568677211,0.3629707729519765,127549.11363636363,3035.241211465657,1978368,usr_bin_time_v,1331200,49422336,NaN,1069.9664683612764,0,120,1e-08,none,NaN,NaN,false,2026-07-27T18:02:19.308349+00:00
2,python,single_thread,1,1,1,scipy-openblas:0.3.31.188.0,1,1,1,1001,similarity_singular,similarity_singular/ncore040_k3_n00000043,43,1849,gmres,2,3,1237135,1111,5572895,6811141,44,0,946,1,43,false,0.15694585686772114,0.1569458568677211,0.3629707729519765,126656.70454545454,3014.004867495944,1978368,usr_bin_time_v,1351680,49422336,NaN,1069.9664683612764,0,120,1e-08,none,NaN,NaN,false,2026-07-27T18:02:19.308349+00:00
2,python,single_thread,1,1,1,scipy-openblas:0.3.31.188.0,1,1,1,1001,similarity_singular,similarity_singular/ncore040_k3_n00000043,43,1849,gmres,3,3,1267027,978,5681796,6949801,44,0,946,1,43,false,0.15694585686772114,0.1569458568677211,0.3629707729519765,129131.72727272728,3072.902109248242,1978368,usr_bin_time_v,1355776,49422336,NaN,1069.9664683612764,0,120,1e-08,none,NaN,NaN,false,2026-07-27T18:02:19.308349+00:00
2,python,single_thread,1,1,1,scipy-openblas:0.3.31.188.0,1,1,1,1001,similarity_singular,similarity_singular/ncore040_k3_n00000043,43,1849,gmres,4,3,1211517,899,5579444,6791860,44,0,946,1,43,false,0.15694585686772114,0.1569458568677211,0.3629707729519765,126805.54545454546,3017.546782044348,1978368,usr_bin_time_v,1359872,49422336,NaN,1069.9664683612764,0,120,1e-08,none,NaN,NaN,false,2026-07-27T18:02:19.308349+00:00
2,python,single_thread,1,1,1,scipy-openblas:0.3.31.188.0,1,1,1,1001,similarity_singular,similarity_singular/ncore040_k3_n00000043,43,1849,gmres,5,3,1192268,987,5719027,6912282,44,0,946,1,43,false,0.15694585686772114,0.1569458568677211,0.3629707729519765,129977.88636363637,3093.0378583017846,1978368,usr_bin_time_v,1363968,49422336,NaN,1069.9664683612764,0,120,1e-08,none,NaN,NaN,false,2026-07-27T18:02:19.308349+00:00
2,python,single_thread,1,1,1,scipy-openblas:0.3.31.188.0,1,1,1,1001,similarity_singular,similarity_singular/ncore040_k3_n00000043,43,1849,gmres,6,3,1184624,1163,5654010,6839797,44,0,946,1,43,false,0.15694585686772114,0.1569458568677211,0.3629707729519765,128500.22727272728,3057.8745267712275,1978368,usr_bin_time_v,1363968,49422336,NaN,1069.9664683612764,0,120,1e-08,none,NaN,NaN,false,2026-07-27T18:02:19.308349+00:00
2,python,single_thread,1,1,1,scipy-openblas:0.3.31.188.0,1,1,1,1001,similarity_singular,similarity_singular/ncore040_k3_n00000043,43,1849,gmres,7,3,1191775,1094,5609902,6802771,44,0,946,1,43,false,0.15694585686772114,0.1569458568677211,0.3629707729519765,127497.77272727272,3034.019469983775,1978368,usr_bin_time_v,1363968,49422336,NaN,1069.9664683612764,0,120,1e-08,none,NaN,NaN,false,2026-07-27T18:02:19.308349+00:00
2,python,single_thread,1,1,1,scipy-openblas:0.3.31.188.0,1,1,1,1001,similarity_singular,similarity_singular/ncore040_k3_n00000043,43,1849,gmres,8,3,1211551,1054,5502003,6714608,44,0,946,1,43,false,0.15694585686772114,0.1569458568677211,0.3629707729519765,125045.52272727272,2975.664142779881,1978368,usr_bin_time_v,1368064,49422336,NaN,1069.9664683612764,0,120,1e-08,none,NaN,NaN,false,2026-07-27T18:02:19.308349+00:00
2,python,single_thread,1,1,1,scipy-openblas:0.3.31.188.0,1,1,1,1001,similarity_singular,similarity_singular/ncore040_k3_n00000043,43,1849,gmres,9,3,1198689,1076,5443693,6643458,44,0,946,1,43,false,0.15694585686772114,0.1569458568677211,0.3629707729519765,123720.29545454546,2944.1281773931855,1978368,usr_bin_time_v,1376256,49422336,NaN,1069.9664683612764,0,120,1e-08,none,NaN,NaN,false,2026-07-27T18:02:19.308349+00:00
2,python,single_thread,1,1,1,scipy-openblas:0.3.31.188.0,1,1,1,1001,similarity_singular,similarity_singular/ncore040_k3_n00000043,43,1849,gmres,10,3,1161407,889,5598211,6760507,44,0,946,1,43,false,0.15694585686772114,0.1569458568677211,0.3629707729519765,127232.06818181818,3027.6965927528395,1978368,usr_bin_time_v,1384448,49422336,NaN,1069.9664683612764,0,120,1e-08,none,NaN,NaN,false,2026-07-27T18:02:19.308349+00:00
2,python,single_thread,1,1,1,scipy-openblas:0.3.31.188.0,1,1,1,1001,coupled_singular,coupled_singular/ncore040_k3_n00000043,43,1722,gmres,1,3,1144572,1158,5951079,7096809,45,0,990,1,44,false,0.043603019600712674,0.043603019600712695,0.807078993130655,132246.2,3455.911149825784,1773568,usr_bin_time_v,1249280,49422336,NaN,1029.9465737514518,0,120,1e-08,none,NaN,NaN,false,2026-07-27T18:02:19.569625+00:00
2,python,single_thread,1,1,1,scipy-openblas:0.3.31.188.0,1,1,1,1001,coupled_singular,coupled_singular/ncore040_k3_n00000043,43,1722,gmres,2,3,1173171,1062,5865708,7039941,45,0,990,1,44,false,0.043603019600712674,0.043603019600712695,0.807078993130655,130349.06666666667,3406.334494773519,1773568,usr_bin_time_v,1273856,49422336,NaN,1029.9465737514518,0,120,1e-08,none,NaN,NaN,false,2026-07-27T18:02:19.569625+00:00
2,python,single_thread,1,1,1,scipy-openblas:0.3.31.188.0,1,1,1,1001,coupled_singular,coupled_singular/ncore040_k3_n00000043,43,1722,gmres,3,3,1191240,1085,5982596,7174921,45,0,990,1,44,false,0.043603019600712674,0.043603019600712695,0.807078993130655,132946.57777777777,3474.213704994193,1773568,usr_bin_time_v,1277952,49422336,NaN,1029.9465737514518,0,120,1e-08,none,NaN,NaN,false,2026-07-27T18:02:19.569625+00:00
2,python,single_thread,1,1,1,scipy-openblas:0.3.31.188.0,1,1,1,1001,coupled_singular,coupled_singular/ncore040_k3_n00000043,43,1722,gmres,4,3,1136715,1371,5835455,6973541,45,0,990,1,44,false,0.043603019600712674,0.043603019600712695,0.807078993130655,129676.77777777778,3388.765969802555,1773568,usr_bin_time_v,1282048,49422336,NaN,1029.9465737514518,0,120,1e-08,none,NaN,NaN,false,2026-07-27T18:02:19.569625+00:00
2,python,single_thread,1,1,1,scipy-openblas:0.3.31.188.0,1,1,1,1001,coupled_singular,coupled_singular/ncore040_k3_n00000043,43,1722,gmres,5,3,1090864,944,5824013,6915821,45,0,990,1,44,false,0.043603019600712674,0.043603019600712695,0.807078993130655,129422.51111111112,3382.1213704994193,1773568,usr_bin_time_v,1282048,49422336,NaN,1029.9465737514518,0,120,1e-08,none,NaN,NaN,false,2026-07-27T18:02:19.569625+00:00
2,python,single_thread,1,1,1,scipy-openblas:0.3.31.188.0,1,1,1,1001,coupled_singular,coupled_singular/ncore040_k3_n00000043,43,1722,gmres,6,3,1077756,946,5972276,7050978,45,0,990,1,44,false,0.043603019600712674,0.043603019600712695,0.807078993130655,132717.24444444446,3468.220673635308,1773568,usr_bin_time_v,1286144,49422336,NaN,1029.9465737514518,0,120,1e-08,none,NaN,NaN,false,2026-07-27T18:02:19.569625+00:00
2,python,single_thread,1,1,1,scipy-openblas:0.3.31.188.0,1,1,1,1001,coupled_singular,coupled_singular/ncore040_k3_n00000043,43,1722,gmres,7,3,1116024,829,5774100,6890953,45,0,990,1,44,false,0.043603019600712674,0.043603019600712695,0.807078993130655,128313.33333333333,3353.135888501742,1773568,usr_bin_time_v,1286144,49422336,NaN,1029.9465737514518,0,120,1e-08,none,NaN,NaN,false,2026-07-27T18:02:19.569625+00:00
2,python,single_thread,1,1,1,scipy-openblas:0.3.31.188.0,1,1,1,1001,coupled_singular,coupled_singular/ncore040_k3_n00000043,43,1722,gmres,8,3,1077490,928,5968721,7047139,45,0,990,1,44,false,0.043603019600712674,0.043603019600712695,0.807078993130655,132638.24444444446,3466.156213704994,1773568,usr_bin_time_v,1290240,49422336,NaN,1029.9465737514518,0,120,1e-08,none,NaN,NaN,false,2026-07-27T18:02:19.569625+00:00
2,python,single_thread,1,1,1,scipy-openblas:0.3.31.188.0,1,1,1,1001,coupled_singular,coupled_singular/ncore040_k3_n00000043,43,1722,gmres,9,3,1133826,1178,5910660,7045664,45,0,990,1,44,false,0.043603019600712674,0.043603019600712695,0.807078993130655,131348.0,3432.439024390244,1773568,usr_bin_time_v,1298432,49422336,NaN,1029.9465737514518,0,120,1e-08,none,NaN,NaN,false,2026-07-27T18:02:19.569625+00:00
2,python,single_thread,1,1,1,scipy-openblas:0.3.31.188.0,1,1,1,1001,coupled_singular,coupled_singular/ncore040_k3_n00000043,43,1722,gmres,10,3,1099094,867,6108843,7208804,45,0,990,1,44,false,0.043603019600712674,0.043603019600712695,0.807078993130655,135752.06666666668,3547.52787456446,1773568,usr_bin_time_v,1302528,49422336,NaN,1029.9465737514518,0,120,1e-08,none,NaN,NaN,false,2026-07-27T18:02:19.569625+00:00
2,python,single_thread,1,1,1,scipy-openblas:0.3.31.188.0,1,1,1,1000,blockdiag_high_index_singular,blockdiag_high_index_singular/ncore040_k5_n00000045,45,1604,dgmres,1,3,1099751,1271,7423017,8524039,4346,0,820,1,40,true,1.5506512276059405e-15,0.4807381395400346,2.854385940559629e-14,1708.011274735389,4627.81608478803,2289664,usr_bin_time_v,1269760,49422336,NaN,1427.4713216957607,5,120,1e-08,none,NaN,NaN,false,2026-07-27T18:02:19.834699+00:00
2,python,single_thread,1,1,1,scipy-openblas:0.3.31.188.0,1,1,1,1000,blockdiag_high_index_singular,blockdiag_high_index_singular/ncore040_k5_n00000045,45,1604,dgmres,2,3,1094175,1181,7387477,8482833,4346,0,820,1,40,true,1.5506512276059405e-15,0.4807381395400346,2.854385940559629e-14,1699.833640128854,4605.65897755611,2289664,usr_bin_time_v,1290240,49422336,NaN,1427.4713216957607,5,120,1e-08,none,NaN,NaN,false,2026-07-27T18:02:19.834699+00:00
2,python,single_thread,1,1,1,scipy-openblas:0.3.31.188.0,1,1,1,1000,blockdiag_high_index_singular,blockdiag_high_index_singular/ncore040_k5_n00000045,45,1604,dgmres,3,3,1123605,1337,7388738,8513680,4346,0,820,1,40,true,1.5506512276059405e-15,0.4807381395400346,2.854385940559629e-14,1700.1237919926368,4606.445137157108,2289664,usr_bin_time_v,1298432,49422336,NaN,1427.4713216957607,5,120,1e-08,none,NaN,NaN,false,2026-07-27T18:02:19.834699+00:00
2,python,single_thread,1,1,1,scipy-openblas:0.3.31.188.0,1,1,1,1000,blockdiag_high_index_singular,blockdiag_high_index_singular/ncore040_k5_n00000045,45,1604,dgmres,4,3,1082914,890,7350106,8433910,4346,0,820,1,40,true,1.5506512276059405e-15,0.4807381395400346,2.854385940559629e-14,1691.234698573401,4582.360349127182,2289664,usr_bin_time_v,1302528,49422336,NaN,1427.4713216957607,5,120,1e-08,none,NaN,NaN,false,2026-07-27T18:02:19.834699+00:00
2,python,single_thread,1,1,1,scipy-openblas:0.3.31.188.0,1,1,1,1000,blockdiag_high_index_singular,blockdiag_high_index_singular/ncore040_k5_n00000045,45,1604,dgmres,5,3,1090237,883,7190747,8281867,4346,0,820,1,40,true,1.5506512276059405e-15,0.4807381395400346,2.854385940559629e-14,1654.5667280257708,4483.009351620947,2289664,usr_bin_time_v,1302528,49422336,NaN,1427.4713216957607,5,120,1e-08,none,NaN,NaN,false,2026-07-27T18:02:19.834699+00:00
2,python,single_thread,1,1,1,scipy-openblas:0.3.31.188.0,1,1,1,1000,blockdiag_high_index_singular,blockdiag_high_index_singular/ncore040_k5_n00000045,45,1604,dgmres,6,3,1054021,808,7184896,8239725,4346,0,820,1,40,true,1.5506512276059405e-15,0.4807381395400346,2.854385940559629e-14,1653.2204325816842,4479.361596009975,2289664,usr_bin_time_v,1306624,49422336,NaN,1427.4713216957607,5,120,1e-08,none,NaN,NaN,false,2026-07-27T18:02:19.834699+00:00
2,python,single_thread,1,1,1,scipy-openblas:0.3.31.188.0,1,1,1,1000,blockdiag_high_index_singular,blockdiag_high_index_singular/ncore040_k5_n00000045,45,1604,dgmres,7,3,1055432,1079,7461558,8518069,4346,0,820,1,40,true,1.5506512276059405e-15,0.4807381395400346,2.854385940559629e-14,1716.8794293603314,4651.844139650872,2289664,usr_bin_time_v,1306624,49422336,NaN,1427.4713216957607,5,120,1e-08,none,NaN,NaN,false,2026-07-27T18:02:19.834699+00:00
2,python,single_thread,1,1,1,scipy-openblas:0.3.31.188.0,1,1,1,1000,blockdiag_high_index_singular,blockdiag_high_index_singular/ncore040_k5_n00000045,45,1604,dgmres,8,3,1053684,1188,7136723,8191595,4346,0,820,1,40,true,1.5506512276059405e-15,0.4807381395400346,2.854385940559629e-14,1642.135987114588,4449.32855361596,2289664,usr_bin_time_v,1314816,49422336,NaN,1427.4713216957607,5,120,1e-08,none,NaN,NaN,false,2026-07-27T18:02:19.834699+00:00
2,python,single_thread,1,1,1,scipy-openblas:0.3.31.188.0,1,1,1,1000,blockdiag_high_index_singular,blockdiag_high_index_singular/ncore040_k5_n00000045,45,1604,dgmres,9,3,1058065,857,7157283,8216205,4346,0,820,1,40,true,1.5506512276059405e-15,0.4807381395400346,2.854385940559629e-14,1646.866774045099,4462.1465087281795,2289664,usr_bin_time_v,1318912,49422336,NaN,1427.4713216957607,5,120,1e-08,none,NaN,NaN,false,2026-07-27T18:02:19.834699+00:00
2,python,single_thread,1,1,1,scipy-openblas:0.3.31.188.0,1,1,1,1000,blockdiag_high_index_singular,blockdiag_high_index_singular/ncore040_k5_n00000045,45,1604,dgmres,10,3,1002577,952,7156178,8159707,4346,0,820,1,40,true,1.5506512276059405e-15,0.4807381395400346,2.854385940559629e-14,1646.612517257248,4461.457605985038,2289664,usr_bin_time_v,1323008,49422336,NaN,1427.4713216957607,5,120,1e-08,none,NaN,NaN,false,2026-07-27T18:02:19.834699+00:00
2,python,single_thread,1,1,1,scipy-openblas:0.3.31.188.0,1,1,1,1002,blockdiag_high_index_singular,blockdiag_high_index_singular/ncore040_k5_n00000045,45,1604,gmres,1,3,1079846,1423,6505130,7586399,47,0,1081,1,46,false,0.021940519875934046,0.021940519875934046,0.2944364735890761,138407.02127659574,4055.567331670823,2215936,usr_bin_time_v,1249280,49422336,NaN,1381.506234413965,0,120,1e-08,none,NaN,NaN,false,2026-07-27T18:02:27.333533+00:00
2,python,single_thread,1,1,1,scipy-openblas:0.3.31.188.0,1,1,1,1002,blockdiag_high_index_singular,blockdiag_high_index_singular/ncore040_k5_n00000045,45,1604,gmres,2,3,1071988,999,6545442,7618429,47,0,1081,1,46,false,0.021940519875934046,0.021940519875934046,0.2944364735890761,139264.72340425532,4080.699501246883,2215936,usr_bin_time_v,1269760,49422336,NaN,1381.506234413965,0,120,1e-08,none,NaN,NaN,false,2026-07-27T18:02:27.333533+00:00
2,python,single_thread,1,1,1,scipy-openblas:0.3.31.188.0,1,1,1,1002,blockdiag_high_index_singular,blockdiag_high_index_singular/ncore040_k5_n00000045,45,1604,gmres,3,3,1072298,933,6445016,7518247,47,0,1081,1,46,false,0.021940519875934046,0.021940519875934046,0.2944364735890761,137128.0,4018.089775561097,2215936,usr_bin_time_v,1277952,49422336,NaN,1381.506234413965,0,120,1e-08,none,NaN,NaN,false,2026-07-27T18:02:27.333533+00:00
2,python,single_thread,1,1,1,scipy-openblas:0.3.31.188.0,1,1,1,1002,blockdiag_high_index_singular,blockdiag_high_index_singular/ncore040_k5_n00000045,45,1604,gmres,4,3,1055447,965,6518973,7575385,47,0,1081,1,46,false,0.021940519875934046,0.021940519875934046,0.2944364735890761,138701.55319148937,4064.1976309226934,2215936,usr_bin_time_v,1282048,49422336,NaN,1381.506234413965,0,120,1e-08,none,NaN,NaN,false,2026-07-27T18:02:27.333533+00:00
2,python,single_thread,1,1,1,scipy-openblas:0.3.31.188.0,1,1,1,1002,blockdiag_high_index_singular,blockdiag_high_index_singular/ncore040_k5_n00000045,45,1604,gmres,5,3,1056686,883,6495499,7553068,47,0,1081,1,46,false,0.021940519875934046,0.021940519875934046,0.2944364735890761,138202.10638297873,4049.5629675810474,2215936,usr_bin_time_v,1282048,49422336,NaN,1381.506234413965,0,120,1e-08,none,NaN,NaN,false,2026-07-27T18:02:27.333533+00:00
2,python,single_thread,1,1,1,scipy-openblas:0.3.31.188.0,1,1,1,1002,blockdiag_high_index_singular,blockdiag_high_index_singular/ncore040_k5_n00000045,45,1604,gmres,6,3,1108499,837,6554061,7663397,47,0,1081,1,46,false,0.021940519875934046,0.021940519875934046,0.2944364735890761,139448.10638297873,4086.0729426433913,2215936,usr_bin_time_v,1286144,49422336,NaN,1381.506234413965,0,120,1e-08,none,NaN,NaN,false,2026-07-27T18:02:27.333533+00:00
2,python,single_thread,1,1,1,scipy-openblas:0.3.31.188.0,1,1,1,1002,blockdiag_high_index_singular,blockdiag_high_index_singular/ncore040_k5_n00000045,45,1604,gmres,7,3,1096865,837,6446662,7544364,47,0,1081,1,46,false,0.021940519875934046,0.021940519875934046,0.2944364735890761,137163.02127659574,4019.1159600997507,2215936,usr_bin_time_v,1286144,49422336,NaN,1381.506234413965,0,120,1e-08,none,NaN,NaN,false,2026-07-27T18:02:27.333533+00:00
2,python,single_thread,1,1,1,scipy-openblas:0.3.31.188.0,1,1,1,1002,blockdiag_high_index_singular,blockdiag_high_index_singular/ncore040_k5_n00000045,45,1604,gmres,8,3,1045935,1129,6529848,7576912,47,0,1081,1,46,false,0.021940519875934046,0.021940519875934046,0.2944364735890761,138932.93617021278,4070.977556109726,2215936,usr_bin_time_v,1290240,49422336,NaN,1381.506234413965,0,120,1e-08,none,NaN,NaN,false,2026-07-27T18:02:27.333533+00:00
2,python,single_thread,1,1,1,scipy-openblas:0.3.31.188.0,1,1,1,1002,blockdiag_high_index_singular,blockdiag_high_index_singular/ncore040_k5_n00000045,45,1604,gmres,9,3,1057302,942,6471257,7529501,47,0,1081,1,46,false,0.021940519875934046,0.021940519875934046,0.2944364735890761,137686.31914893616,4034.449501246883,2215936,usr_bin_time_v,1294336,49422336,NaN,1381.506234413965,0,120,1e-08,none,NaN,NaN,false,2026-07-27T18:02:27.333533+00:00
2,python,single_thread,1,1,1,scipy-openblas:0.3.31.188.0,1,1,1,1002,blockdiag_high_index_singular,blockdiag_high_index_singular/ncore040_k5_n00000045,45,1604,gmres,10,3,1069046,968,6429068,7499082,47,0,1081,1,46,false,0.021940519875934046,0.021940519875934046,0.2944364735890761,136788.68085106384,4008.1471321695763,2215936,usr_bin_time_v,1298432,49422336,NaN,1381.506234413965,0,120,1e-08,none,NaN,NaN,false,2026-07-27T18:02:27.333533+00:00
2,python,single_thread,1,1,1,scipy-openblas:0.3.31.188.0,1,1,1,1002,similarity_singular,similarity_singular/ncore040_k3_n00000043,43,1849,gmres,1,3,1188930,1131,5391529,6581590,44,0,946,1,43,false,0.2710804662202869,0.2710804662202872,0.5966026706326077,122534.75,2915.916170903191,2105344,usr_bin_time_v,1318912,49422336,NaN,1138.6392644672796,0,120,1e-08,none,NaN,NaN,false,2026-07-27T18:02:27.604234+00:00
2,python,single_thread,1,1,1,scipy-openblas:0.3.31.188.0,1,1,1,1002,similarity_singular,similarity_singular/ncore040_k3_n00000043,43,1849,gmres,2,3,1213354,831,5522926,6737111,44,0,946,1,43,false,0.2710804662202869,0.2710804662202872,0.5966026706326077,125521.04545454546,2986.9799891833422,2105344,usr_bin_time_v,1331200,49422336,NaN,1138.6392644672796,0,120,1e-08,none,NaN,NaN,false,2026-07-27T18:02:27.604234+00:00
2,python,single_thread,1,1,1,scipy-openblas:0.3.31.188.0,1,1,1,1002,similarity_singular,similarity_singular/ncore040_k3_n00000043,43,1849,gmres,3,3,1218493,932,5577775,6797200,44,0,946,1,43,false,0.2710804662202869,0.2710804662202872,0.5966026706326077,126767.61363636363,3016.6441319632236,2105344,usr_bin_time_v,1347584,49422336,NaN,1138.6392644672796,0,120,1e-08,none,NaN,NaN,false,2026-07-27T18:02:27.604234+00:00
2,python,single_thread,1,1,1,scipy-openblas:0.3.31.188.0,1,1,1,1002,similarity_singular,similarity_singular/ncore040_k3_n00000043,43,1849,gmres,4,3,1180151,890,5522229,6703270,44,0,946,1,43,false,0.2710804662202869,0.2710804662202872,0.5966026706326077,125505.20454545454,2986.6030286641426,2105344,usr_bin_time_v,1351680,49422336,NaN,1138.6392644672796,0,120,1e-08,none,NaN,NaN,false,2026-07-27T18:02:27.604234+00:00
2,python,single_thread,1,1,1,scipy-openblas:0.3.31.188.0,1,1,1,1002,similarity_singular,similarity_singular/ncore040_k3_n00000043,43,1849,gmres,5,3,1202335,1116,5502085,6705536,44,0,946,1,43,false,0.2710804662202869,0.2710804662202872,0.5966026706326077,125047.38636363637,2975.7084910762574,2105344,usr_bin_time_v,1351680,49422336,NaN,1138.6392644672796,0,120,1e-08,none,NaN,NaN,false,2026-07-27T18:02:27.604234+00:00
2,python,single_thread,1,1,1,scipy-openblas:0.3.31.188.0,1,1,1,1002,similarity_singular,similarity_singular/ncore040_k3_n00000043,43,1849,gmres,6,3,1198929,861,5491894,6691684,44,0,946,1,43,false,0.2710804662202869,0.2710804662202872,0.5966026706326077,124815.77272727272,2970.1968631692807,2105344,usr_bin_time_v,1355776,49422336,NaN,1138.6392644672796,0,120,1e-08,none,NaN,NaN,false,2026-07-27T18:02:27.604234+00:00
2,python,single_thread,1,1,1,scipy-openblas:0.3.31.188.0,1,1,1,1002,similarity_singular,similarity_singular/ncore040_k3_n00000043,43,1849,gmres,7,3,1152681,808,5341726,6495215,44,0,946,1,43,false,0.2710804662202869,0.2710804662202872,0.5966026706326077,121402.86363636363,2888.9810708491077,2105344,usr_bin_time_v,1355776,49422336,NaN,1138.6392644672796,0,120,1e-08,none,NaN,NaN,false,2026-07-27T18:02:27.604234+00:00
2,python,single_thread,1,1,1,scipy-openblas:0.3.31.188.0,1,1,1,1002,similarity_singular,similarity_singular/ncore040_k3_n00000043,43,1849,gmres,8,3,1144437,873,5441042,6586352,44,0,946,1,43,false,0.2710804662202869,0.2710804662202872,0.5966026706326077,123660.04545454546,2942.694429421309,2105344,usr_bin_time_v,1355776,49422336,NaN,1138.6392644672796,0,120,1e-08,none,NaN,NaN,false,2026-07-27T18:02:27.604234+00:00
2,python,single_thread,1,1,1,scipy-openblas:0.3.31.188.0,1,1,1,1002,similarity_singular,similarity_singular/ncore040_k3_n00000043,43,1849,gmres,9,3,1132447,846,5482256,6615549,44,0,946,1,43,false,0.2710804662202869,0.2710804662202872,0.5966026706326077,124596.72727272728,2964.9843158464037,2105344,usr_bin_time_v,1359872,49422336,NaN,1138.6392644672796,0,120,1e-08,none,NaN,NaN,false,2026-07-27T18:02:27.604234+00:00
2,python,single_thread,1,1,1,scipy-openblas:0.3.31.188.0,1,1,1,1002,similarity_singular,similarity_singular/ncore040_k3_n00000043,43,1849,gmres,10,3,1130756,817,5446011,6577584,44,0,946,1,43,false,0.2710804662202869,0.2710804662202872,0.5966026706326077,123772.97727272728,2945.381828015143,2105344,usr_bin_time_v,1363968,49422336,NaN,1138.6392644672796,0,120,1e-08,none,NaN,NaN,false,2026-07-27T18:02:27.604234+00:00
2,python,single_thread,1,1,1,scipy-openblas:0.3.31.188.0,1,1,1,1000,blockdiag_high_index_singular,blockdiag_high_index_singular/ncore040_k5_n00000045,45,1604,gmres,1,3,1054745,1133,6348879,7404757,46,0,1035,1,45,false,0.31605388512495924,0.31605388512495913,0.8343733608495706,138019.10869565216,3958.1539900249377,2125824,usr_bin_time_v,1318912,49422336,NaN,1325.3266832917707,0,120,1e-08,none,NaN,NaN,false,2026-07-27T18:02:27.865327+00:00
2,python,single_thread,1,1,1,scipy-openblas:0.3.31.188.0,1,1,1,1000,blockdiag_high_index_singular,blockdiag_high_index_singular/ncore040_k5_n00000045,45,1604,gmres,2,3,1077389,1009,6409227,7487625,46,0,1035,1,45,false,0.31605388512495924,0.31605388512495913,0.8343733608495706,139331.02173913043,3995.777431421446,2125824,usr_bin_time_v,1331200,49422336,NaN,1325.3266832917707,0,120,1e-08,none,NaN,NaN,false,2026-07-27T18:02:27.865327+00:00
2,python,single_thread,1,1,1,scipy-openblas:0.3.31.188.0,1,1,1,1000,blockdiag_high_index_singular,blockdiag_high_index_singular/ncore040_k5_n00000045,45,1604,gmres,3,3,1062749,1024,6401903,7465676,46,0,1035,1,45,false,0.31605388512495924,0.31605388512495913,0.8343733608495706,139171.80434782608,3991.2113466334163,2125824,usr_bin_time_v,1335296,49422336,NaN,1325.3266832917707,0,120,1e-08,none,NaN,NaN,false,2026-07-27T18:02:27.865327+00:00
2,python,single_thread,1,1,1,scipy-openblas:0.3.31.188.0,1,1,1,1000,blockdiag_high_index_singular,blockdiag_high_index_singular/ncore040_k5_n00000045,45,1604,gmres,4,3,1032655,925,6527044,7560624,46,0,1035,1,45,false,0.31605388512495924,0.31605388512495913,0.8343733608495706,141892.26086956522,4069.2294264339153,2125824,usr_bin_time_v,1339392,49422336,NaN,1325.3266832917707,0,120,1e-08,none,NaN,NaN,false,2026-07-27T18:02:27.865327+00:00
2,python,single_thread,1,1,1,scipy-openblas:0.3.31.188.0,1,1,1,1000,blockdiag_high_index_singular,blockdiag_high_index_singular/ncore040_k5_n00000045,45,1604,gmres,5,3,1008628,854,6225687,7235169,46,0,1035,1,45,false,0.31605388512495924,0.31605388512495913,0.8343733608495706,135341.02173913043,3881.3509975062343,2125824,usr_bin_time_v,1339392,49422336,NaN,1325.3266832917707,0,120,1e-08,none,NaN,NaN,false,2026-07-27T18:02:27.865327+00:00
2,python,single_thread,1,1,1,scipy-openblas:0.3.31.188.0,1,1,1,1000,blockdiag_high_index_singular,blockdiag_high_index_singular/ncore040_k5_n00000045,45,1604,gmres,6,3,1012622,1032,6182111,7195765,46,0,1035,1,45,false,0.31605388512495924,0.31605388512495913,0.8343733608495706,134393.71739130435,3854.18391521197,2125824,usr_bin_time_v,1343488,49422336,NaN,1325.3266832917707,0,120,1e-08,none,NaN,NaN,false,2026-07-27T18:02:27.865327+00:00
2,python,single_thread,1,1,1,scipy-openblas:0.3.31.188.0,1,1,1,1000,blockdiag_high_index_singular,blockdiag_high_index_singular/ncore040_k5_n00000045,45,1604,gmres,7,3,1031980,811,6362187,7394978,46,0,1035,1,45,false,0.31605388512495924,0.31605388512495913,0.8343733608495706,138308.41304347827,3966.450748129676,2125824,usr_bin_time_v,1347584,49422336,NaN,1325.3266832917707,0,120,1e-08,none,NaN,NaN,false,2026-07-27T18:02:27.865327+00:00
2,python,single_thread,1,1,1,scipy-openblas:0.3.31.188.0,1,1,1,1000,blockdiag_high_index_singular,blockdiag_high_index_singular/ncore040_k5_n00000045,45,1604,gmres,8,3,1013936,896,6375028,7389860,46,0,1035,1,45,false,0.31605388512495924,0.31605388512495913,0.8343733608495706,138587.5652173913,3974.4563591022443,2125824,usr_bin_time_v,1351680,49422336,NaN,1325.3266832917707,0,120,1e-08,none,NaN,NaN,false,2026-07-27T18:02:27.865327+00:00
2,python,single_thread,1,1,1,scipy-openblas:0.3.31.188.0,1,1,1,1000,blockdiag_high_index_singular,blockdiag_high_index_singular/ncore040_k5_n00000045,45,1604,gmres,9,3,1039475,857,6372101,7412433,46,0,1035,1,45,false,0.31605388512495924,0.31605388512495913,0.8343733608495706,138523.9347826087,3972.6315461346635,2125824,usr_bin_time_v,1355776,49422336,NaN,1325.3266832917707,0,120,1e-08,none,NaN,NaN,false,2026-07-27T18:02:27.865327+00:00
2,python,single_thread,1,1,1,scipy-openblas:0.3.31.188.0,1,1,1,1000,blockdiag_high_index_singular,blockdiag_high_index_singular/ncore040_k5_n00000045,45,1604,gmres,10,3,1037624,1178,6386221,7425023,46,0,1035,1,45,false,0.31605388512495924,0.31605388512495913,0.8343733608495706,138830.89130434784,3981.4345386533664,2125824,usr_bin_time_v,1355776,49422336,NaN,1325.3266832917707,0,120,1e-08,none,NaN,NaN,false,2026-07-27T18:02:27.865327+00:00
2,julia,single_thread,1,1,1,openblas:libopenblas64_.so,1,1,1,1002,coupled_singular,coupled_singular/ncore040_k3_n00000043,43,1722,gmres,1,3,745530,132,1061280,1806942,44,0,946,1,43,false,0.11518987476573904,0.11518987476573904,0.4979375514306554,24120.0,616.3066202090592,78680064,usr_bin_time_v,61976576,447475712,53544480,45691.094076655056,0,120,1.0e-8,none,NaN,NaN,false,2026-07-27T18:02:32.918
2,julia,single_thread,1,1,1,openblas:libopenblas64_.so,1,1,1,1002,coupled_singular,coupled_singular/ncore040_k3_n00000043,43,1722,gmres,2,3,775112,317,1242431,2017860,44,0,946,1,43,false,0.11518987476573904,0.11518987476573904,0.4979375514306554,28237.06818181818,721.5046457607433,78680064,usr_bin_time_v,61984768,447475712,58246952,45691.094076655056,0,120,1.0e-8,none,NaN,NaN,false,2026-07-27T18:02:32.920
2,julia,single_thread,1,1,1,openblas:libopenblas64_.so,1,1,1,1002,coupled_singular,coupled_singular/ncore040_k3_n00000043,43,1722,gmres,3,3,772871,208,1104573,1877652,44,0,946,1,43,false,0.11518987476573904,0.11518987476573904,0.4979375514306554,25103.93181818182,641.4477351916377,78680064,usr_bin_time_v,61992960,447475712,64427752,45691.094076655056,0,120,1.0e-8,none,NaN,NaN,false,2026-07-27T18:02:32.947
2,julia,single_thread,1,1,1,openblas:libopenblas64_.so,1,1,1,1002,coupled_singular,coupled_singular/ncore040_k3_n00000043,43,1722,gmres,4,3,735080,301,1088442,1823823,44,0,946,1,43,false,0.11518987476573904,0.11518987476573904,0.4979375514306554,24737.31818181818,632.0801393728223,78680064,usr_bin_time_v,61997056,447475712,69126080,45691.094076655056,0,120,1.0e-8,none,NaN,NaN,false,2026-07-27T18:02:32.949
2,julia,single_thread,1,1,1,openblas:libopenblas64_.so,1,1,1,1002,coupled_singular,coupled_singular/ncore040_k3_n00000043,43,1722,gmres,5,3,729838,149,1015007,1744994,44,0,946,1,43,false,0.11518987476573904,0.11518987476573904,0.4979375514306554,23068.340909090908,589.4349593495934,78680064,usr_bin_time_v,61997056,447475712,73824504,45691.094076655056,0,120,1.0e-8,none,NaN,NaN,false,2026-07-27T18:02:32.951
2,julia,single_thread,1,1,1,openblas:libopenblas64_.so,1,1,1,1002,coupled_singular,coupled_singular/ncore040_k3_n00000043,43,1722,gmres,6,3,737990,30,1108702,1846722,44,0,946,1,43,false,0.11518987476573904,0.11518987476573904,0.4979375514306554,25197.772727272728,643.8455284552846,78680064,usr_bin_time_v,62013440,447475712,78522832,45691.094076655056,0,120,1.0e-8,none,NaN,NaN,false,2026-07-27T18:02:32.953
2,julia,single_thread,1,1,1,openblas:libopenblas64_.so,1,1,1,1002,coupled_singular,coupled_singular/ncore040_k3_n00000043,43,1722,gmres,7,3,738992,38,5657029,6396059,44,0,946,1,43,false,0.11518987476573904,0.11518987476573904,0.4979375514306554,128568.84090909091,3285.150406504065,78680064,usr_bin_time_v,62017536,447475712,31638592,45691.094076655056,0,120,1.0e-8,none,NaN,NaN,false,2026-07-27T18:02:32.959
2,julia,single_thread,1,1,1,openblas:libopenblas64_.so,1,1,1,1002,coupled_singular,coupled_singular/ncore040_k3_n00000043,43,1722,gmres,8,3,741580,122,1120076,1861778,44,0,946,1,43,false,0.11518987476573904,0.11518987476573904,0.4979375514306554,25456.272727272728,650.4506387921022,78680064,usr_bin_time_v,62017536,447475712,36336920,45691.094076655056,0,120,1.0e-8,none,NaN,NaN,false,2026-07-27T18:02:32.961
2,julia,single_thread,1,1,1,openblas:libopenblas64_.so,1,1,1,1002,coupled_singular,coupled_singular/ncore040_k3_n00000043,43,1722,gmres,9,3,724269,141,1059692,1784102,44,0,946,1,43,false,0.11518987476573904,0.11518987476573904,0.4979375514306554,24083.909090909092,615.3844367015099,78680064,usr_bin_time_v,62017536,447475712,41035248,45691.094076655056,0,120,1.0e-8,none,NaN,NaN,false,2026-07-27T18:02:32.963
2,julia,single_thread,1,1,1,openblas:libopenblas64_.so,1,1,1,1002,coupled_singular,coupled_singular/ncore040_k3_n00000043,43,1722,gmres,10,3,731512,123,1103571,1835206,44,0,946,1,43,false,0.11518987476573904,0.11518987476573904,0.4979375514306554,25081.159090909092,640.8658536585366,78680064,usr_bin_time_v,62017536,447475712,45733576,45691.094076655056,0,120,1.0e-8,none,NaN,NaN,false,2026-07-27T18:02:32.965
2,python,single_thread,1,1,1,scipy-openblas:0.3.31.188.0,1,1,1,1001,blockdiag_high_index_singular,blockdiag_high_index_singular/ncore040_k5_n00000045,45,1604,dgmres,1,3,1089184,1391,7498370,8588945,4346,0,820,1,40,true,5.621981576841421e-16,0.28651691259025386,3.6668786867251036e-14,1725.3497468936953,4674.7942643391525,2203648,usr_bin_time_v,1269760,49422336,NaN,1373.8453865336658,5,120,1e-08,none,NaN,NaN,false,2026-07-27T18:02:33.356405+00:00
2,python,single_thread,1,1,1,scipy-openblas:0.3.31.188.0,1,1,1,1001,blockdiag_high_index_singular,blockdiag_high_index_singular/ncore040_k5_n00000045,45,1604,dgmres,2,3,1083980,1209,7484346,8569535,4346,0,820,1,40,true,5.621981576841421e-16,0.28651691259025386,3.6668786867251036e-14,1722.1228716060746,4666.0511221945135,2203648,usr_bin_time_v,1290240,49422336,NaN,1373.8453865336658,5,120,1e-08,none,NaN,NaN,false,2026-07-27T18:02:33.356405+00:00
2,python,single_thread,1,1,1,scipy-openblas:0.3.31.188.0,1,1,1,1001,blockdiag_high_index_singular,blockdiag_high_index_singular/ncore040_k5_n00000045,45,1604,dgmres,3,3,1104010,1074,7421749,8526833,4346,0,820,1,40,true,5.621981576841421e-16,0.28651691259025386,3.6668786867251036e-14,1707.719512195122,4627.025561097257,2203648,usr_bin_time_v,1298432,49422336,NaN,1373.8453865336658,5,120,1e-08,none,NaN,NaN,false,2026-07-27T18:02:33.356405+00:00
2,python,single_thread,1,1,1,scipy-openblas:0.3.31.188.0,1,1,1,1001,blockdiag_high_index_singular,blockdiag_high_index_singular/ncore040_k5_n00000045,45,1604,dgmres,4,3,1131740,1349,7421253,8554342,4346,0,820,1,40,true,5.621981576841421e-16,0.28651691259025386,3.6668786867251036e-14,1707.6053842613899,4626.716334164588,2203648,usr_bin_time_v,1302528,49422336,NaN,1373.8453865336658,5,120,1e-08,none,NaN,NaN,false,2026-07-27T18:02:33.356405+00:00
2,python,single_thread,1,1,1,scipy-openblas:0.3.31.188.0,1,1,1,1001,blockdiag_high_index_singular,blockdiag_high_index_singular/ncore040_k5_n00000045,45,1604,dgmres,5,3,1090327,1096,7565006,8656429,4346,0,820,1,40,true,5.621981576841421e-16,0.28651691259025386,3.6668786867251036e-14,1740.682466635987,4716.337905236907,2203648,usr_bin_time_v,1306624,49422336,NaN,1373.8453865336658,5,120,1e-08,none,NaN,NaN,false,2026-07-27T18:02:33.356405+00:00
2,python,single_thread,1,1,1,scipy-openblas:0.3.31.188.0,1,1,1,1001,blockdiag_high_index_singular,blockdiag_high_index_singular/ncore040_k5_n00000045,45,1604,dgmres,6,3,1107773,898,7400013,8508684,4346,0,820,1,40,true,5.621981576841421e-16,0.28651691259025386,3.6668786867251036e-14,1702.7181316152785,4613.474438902743,2203648,usr_bin_time_v,1306624,49422336,NaN,1373.8453865336658,5,120,1e-08,none,NaN,NaN,false,2026-07-27T18:02:33.356405+00:00
2,python,single_thread,1,1,1,scipy-openblas:0.3.31.188.0,1,1,1,1001,blockdiag_high_index_singular,blockdiag_high_index_singular/ncore040_k5_n00000045,45,1604,dgmres,7,3,1105318,991,7590442,8696751,4346,0,820,1,40,true,5.621981576841421e-16,0.28651691259025386,3.6668786867251036e-14,1746.5352047860101,4732.1957605985035,2203648,usr_bin_time_v,1306624,49422336,NaN,1373.8453865336658,5,120,1e-08,none,NaN,NaN,false,2026-07-27T18:02:33.356405+00:00
2,python,single_thread,1,1,1,scipy-openblas:0.3.31.188.0,1,1,1,1001,blockdiag_high_index_singular,blockdiag_high_index_singular/ncore040_k5_n00000045,45,1604,dgmres,8,3,1085036,976,7395254,8481266,4346,0,820,1,40,true,5.621981576841421e-16,0.28651691259025386,3.6668786867251036e-14,1701.623101702715,4610.507481296758,2203648,usr_bin_time_v,1310720,49422336,NaN,1373.8453865336658,5,120,1e-08,none,NaN,NaN,false,2026-07-27T18:02:33.356405+00:00
2,python,single_thread,1,1,1,scipy-openblas:0.3.31.188.0,1,1,1,1001,blockdiag_high_index_singular,blockdiag_high_index_singular/ncore040_k5_n00000045,45,1604,dgmres,9,3,1038397,793,13343565,14382755,4346,0,820,1,40,true,5.621981576841421e-16,0.28651691259025386,3.6668786867251036e-14,3070.309479981592,8318.930798004987,2203648,usr_bin_time_v,1314816,49422336,NaN,1373.8453865336658,5,120,1e-08,none,NaN,NaN,false,2026-07-27T18:02:33.356405+00:00
2,python,single_thread,1,1,1,scipy-openblas:0.3.31.188.0,1,1,1,1001,blockdiag_high_index_singular,blockdiag_high_index_singular/ncore040_k5_n00000045,45,1604,dgmres,10,3,1588251,2083,12461663,14051997,4346,0,820,1,40,true,5.621981576841421e-16,0.28651691259025386,3.6668786867251036e-14,2867.3867924528304,7769.1165835411475,2203648,usr_bin_time_v,1323008,49422336,NaN,1373.8453865336658,5,120,1e-08,none,NaN,NaN,false,2026-07-27T18:02:33.356405+00:00
2,julia,single_thread,1,1,1,openblas:libopenblas64_.so,1,1,1,1000,similarity_singular,similarity_singular/ncore040_k3_n00000043,43,1849,gmres,1,3,1082723,419,1904755,2987897,45,0,990,1,44,false,0.06787101807934436,0.06787101807934436,0.7349071482288759,42327.88888888889,1030.1541373715522,69296128,usr_bin_time_v,62177280,447475712,184481096,37477.62466197945,0,120,1.0e-8,none,NaN,NaN,false,2026-07-27T18:02:38.512
2,julia,single_thread,1,1,1,openblas:libopenblas64_.so,1,1,1,1000,similarity_singular,similarity_singular/ncore040_k3_n00000043,43,1849,gmres,2,3,841055,118,28395581,29236754,45,0,990,1,44,false,0.06787101807934436,0.06787101807934436,0.7349071482288759,631012.911111111,15357.263926446727,69296128,usr_bin_time_v,61194240,447475712,33429936,37477.62466197945,0,120,1.0e-8,none,NaN,NaN,false,2026-07-27T18:02:38.541
2,julia,single_thread,1,1,1,openblas:libopenblas64_.so,1,1,1,1000,similarity_singular,similarity_singular/ncore040_k3_n00000043,43,1849,gmres,3,3,831256,248,1643515,2475019,45,0,990,1,44,false,0.06787101807934436,0.06787101807934436,0.7349071482288759,36522.555555555555,888.8669551108708,69296128,usr_bin_time_v,61194240,447475712,38376648,37477.62466197945,0,120,1.0e-8,none,NaN,NaN,false,2026-07-27T18:02:38.544
2,julia,single_thread,1,1,1,openblas:libopenblas64_.so,1,1,1,1000,similarity_singular,similarity_singular/ncore040_k3_n00000043,43,1849,gmres,4,3,833510,163,1528861,2362534,45,0,990,1,44,false,0.06787101807934436,0.06787101807934436,0.7349071482288759,33974.688888888886,826.8583017847485,69296128,usr_bin_time_v,61194240,447475712,43323360,37477.62466197945,0,120,1.0e-8,none,NaN,NaN,false,2026-07-27T18:02:38.546
2,julia,single_thread,1,1,1,openblas:libopenblas64_.so,1,1,1,1000,similarity_singular,similarity_singular/ncore040_k3_n00000043,43,1849,gmres,5,3,829607,59,1399331,2228997,45,0,990,1,44,false,0.06787101807934436,0.06787101807934436,0.7349071482288759,31096.244444444445,756.8042184964846,69296128,usr_bin_time_v,61194240,447475712,48270168,37477.62466197945,0,120,1.0e-8,none,NaN,NaN,false,2026-07-27T18:02:38.549
2,julia,single_thread,1,1,1,openblas:libopenblas64_.so,1,1,1,1000,similarity_singular,similarity_singular/ncore040_k3_n00000043,43,1849,gmres,6,3,867469,154,1594501,2462124,45,0,990,1,44,false,0.06787101807934436,0.06787101807934436,0.7349071482288759,35433.35555555556,862.3585722011899,69296128,usr_bin_time_v,61194240,447475712,53216880,37477.62466197945,0,120,1.0e-8,none,NaN,NaN,false,2026-07-27T18:02:38.551
2,julia,single_thread,1,1,1,openblas:libopenblas64_.so,1,1,1,1000,similarity_singular,similarity_singular/ncore040_k3_n00000043,43,1849,gmres,7,3,821625,116,1365188,2186929,45,0,990,1,44,false,0.06787101807934436,0.06787101807934436,0.7349071482288759,30337.51111111111,738.3385613845322,69296128,usr_bin_time_v,61194240,447475712,58163592,37477.62466197945,0,120,1.0e-8,none,NaN,NaN,false,2026-07-27T18:02:38.553
2,julia,single_thread,1,1,1,openblas:libopenblas64_.so,1,1,1,1000,similarity_singular,similarity_singular/ncore040_k3_n00000043,43,1849,gmres,8,3,813836,93,1449703,2263632,45,0,990,1,44,false,0.06787101807934436,0.06787101807934436,0.7349071482288759,32215.62222222222,784.0470524607896,69296128,usr_bin_time_v,61194240,447475712,63110304,37477.62466197945,0,120,1.0e-8,none,NaN,NaN,false,2026-07-27T18:02:38.556
2,julia,single_thread,1,1,1,openblas:libopenblas64_.so,1,1,1,1000,similarity_singular,similarity_singular/ncore040_k3_n00000043,43,1849,gmres,9,3,810744,168,90161731,90972643,45,0,990,1,44,false,0.06787101807934436,0.06787101807934436,0.7349071482288759,2.0035940222222223e6,48762.428880475934,69296128,usr_bin_time_v,61194240,447475712,8446360,37477.62466197945,0,120,1.0e-8,none,NaN,NaN,false,2026-07-27T18:02:38.647
2,julia,single_thread,1,1,1,openblas:libopenblas64_.so,1,1,1,1000,similarity_singular,similarity_singular/ncore040_k3_n00000043,43,1849,gmres,10,3,763150,102,1217085,1980337,45,0,990,1,44,false,0.06787101807934436,0.06787101807934436,0.7349071482288759,27046.333333333332,658.2395889670092,69296128,usr_bin_time_v,61194240,447475712,13393072,37477.62466197945,0,120,1.0e-8,none,NaN,NaN,false,2026-07-27T18:02:38.649
2,python,single_thread,1,1,1,scipy-openblas:0.3.31.188.0,1,1,1,1002,coupled_singular,coupled_singular/ncore040_k3_n00000043,43,1722,gmres,1,3,1116754,1395,5548757,6666906,44,0,946,1,43,false,0.11518987476573905,0.11518987476573904,0.4979375514306588,126108.11363636363,3222.274680603949,2138112,usr_bin_time_v,1253376,49422336,NaN,1241.644599303136,0,120,1e-08,none,NaN,NaN,false,2026-07-27T18:03:02.115346+00:00
2,python,single_thread,1,1,1,scipy-openblas:0.3.31.188.0,1,1,1,1002,coupled_singular,coupled_singular/ncore040_k3_n00000043,43,1722,gmres,2,3,1125178,968,5625826,6751972,44,0,946,1,43,false,0.11518987476573905,0.11518987476573904,0.4979375514306588,127859.68181818182,3267.0301974448316,2138112,usr_bin_time_v,1277952,49422336,NaN,1241.644599303136,0,120,1e-08,none,NaN,NaN,false,2026-07-27T18:03:02.115346+00:00
2,python,single_thread,1,1,1,scipy-openblas:0.3.31.188.0,1,1,1,1002,coupled_singular,coupled_singular/ncore040_k3_n00000043,43,1722,gmres,3,3,1172846,1062,6020806,7194714,44,0,946,1,43,false,0.11518987476573905,0.11518987476573904,0.4979375514306588,136836.5,3496.403019744483,2138112,usr_bin_time_v,1282048,49422336,NaN,1241.644599303136,0,120,1e-08,none,NaN,NaN,false,2026-07-27T18:03:02.115346+00:00
2,python,single_thread,1,1,1,scipy-openblas:0.3.31.188.0,1,1,1,1002,coupled_singular,coupled_singular/ncore040_k3_n00000043,43,1722,gmres,4,3,1116618,843,5643863,6761324,44,0,946,1,43,false,0.11518987476573905,0.11518987476573904,0.4979375514306588,128269.61363636363,3277.504645760743,2138112,usr_bin_time_v,1286144,49422336,NaN,1241.644599303136,0,120,1e-08,none,NaN,NaN,false,2026-07-27T18:03:02.115346+00:00
2,python,single_thread,1,1,1,scipy-openblas:0.3.31.188.0,1,1,1,1002,coupled_singular,coupled_singular/ncore040_k3_n00000043,43,1722,gmres,5,3,1109933,835,5506283,6617051,44,0,946,1,43,false,0.11518987476573905,0.11518987476573904,0.4979375514306588,125142.79545454546,3197.609175377468,2138112,usr_bin_time_v,1286144,49422336,NaN,1241.644599303136,0,120,1e-08,none,NaN,NaN,false,2026-07-27T18:03:02.115346+00:00
2,python,single_thread,1,1,1,scipy-openblas:0.3.31.188.0,1,1,1,1002,coupled_singular,coupled_singular/ncore040_k3_n00000043,43,1722,gmres,6,3,1162327,848,5453744,6616919,44,0,946,1,43,false,0.11518987476573905,0.11518987476573904,0.4979375514306588,123948.72727272728,3167.0987224157957,2138112,usr_bin_time_v,1286144,49422336,NaN,1241.644599303136,0,120,1e-08,none,NaN,NaN,false,2026-07-27T18:03:02.115346+00:00
2,python,single_thread,1,1,1,scipy-openblas:0.3.31.188.0,1,1,1,1002,coupled_singular,coupled_singular/ncore040_k3_n00000043,43,1722,gmres,7,3,1117962,883,5462631,6581476,44,0,946,1,43,false,0.11518987476573905,0.11518987476573904,0.4979375514306588,124150.70454545454,3172.259581881533,2138112,usr_bin_time_v,1290240,49422336,NaN,1241.644599303136,0,120,1e-08,none,NaN,NaN,false,2026-07-27T18:03:02.115346+00:00
2,python,single_thread,1,1,1,scipy-openblas:0.3.31.188.0,1,1,1,1002,coupled_singular,coupled_singular/ncore040_k3_n00000043,43,1722,gmres,8,3,1119411,816,5618589,6738816,44,0,946,1,43,false,0.11518987476573905,0.11518987476573904,0.4979375514306588,127695.20454545454,3262.8275261324043,2138112,usr_bin_time_v,1298432,49422336,NaN,1241.644599303136,0,120,1e-08,none,NaN,NaN,false,2026-07-27T18:03:02.115346+00:00
2,python,single_thread,1,1,1,scipy-openblas:0.3.31.188.0,1,1,1,1002,coupled_singular,coupled_singular/ncore040_k3_n00000043,43,1722,gmres,9,3,1093162,822,5777506,6871490,44,0,946,1,43,false,0.11518987476573905,0.11518987476573904,0.4979375514306588,131306.95454545456,3355.1138211382113,2138112,usr_bin_time_v,1302528,49422336,NaN,1241.644599303136,0,120,1e-08,none,NaN,NaN,false,2026-07-27T18:03:02.115346+00:00
2,python,single_thread,1,1,1,scipy-openblas:0.3.31.188.0,1,1,1,1002,coupled_singular,coupled_singular/ncore040_k3_n00000043,43,1722,gmres,10,3,1139219,1045,5946823,7087087,44,0,946,1,43,false,0.11518987476573905,0.11518987476573904,0.4979375514306588,135155.06818181818,3453.4396051103367,2138112,usr_bin_time_v,1302528,49422336,NaN,1241.644599303136,0,120,1e-08,none,NaN,NaN,false,2026-07-27T18:03:02.115346+00:00
2,julia,single_thread,1,1,1,openblas:libopenblas64_.so,1,1,1,1001,coupled_singular,coupled_singular/ncore040_k3_n00000043,43,1722,dgmres,1,3,749347,343,3277038,4026728,2624,0,820,1,40,true,1.3902189884437168e-15,0.33064852625817176,1.1651823616250974e-14,1248.8711890243903,1903.0418118466898,74461184,usr_bin_time_v,60620800,447475712,55522944,43241.10569105691,3,120,1.0e-8,none,NaN,NaN,false,2026-07-27T18:03:07.306
2,julia,single_thread,1,1,1,openblas:libopenblas64_.so,1,1,1,1001,coupled_singular,coupled_singular/ncore040_k3_n00000043,43,1722,dgmres,2,3,781739,234,3318511,4100484,2624,0,820,1,40,true,1.3902189884437168e-15,0.33064852625817176,1.1651823616250974e-14,1264.6764481707316,1927.1260162601627,74461184,usr_bin_time_v,60633088,447475712,61677968,43241.10569105691,3,120,1.0e-8,none,NaN,NaN,false,2026-07-27T18:03:07.310
2,julia,single_thread,1,1,1,openblas:libopenblas64_.so,1,1,1,1001,coupled_singular,coupled_singular/ncore040_k3_n00000043,43,1722,dgmres,3,3,777483,181,3319905,4097569,2624,0,820,1,40,true,1.3902189884437168e-15,0.33064852625817176,1.1651823616250974e-14,1265.2076981707316,1927.9355400696863,74461184,usr_bin_time_v,60637184,447475712,69311320,43241.10569105691,3,120,1.0e-8,none,NaN,NaN,false,2026-07-27T18:03:07.340
2,julia,single_thread,1,1,1,openblas:libopenblas64_.so,1,1,1,1001,coupled_singular,coupled_singular/ncore040_k3_n00000043,43,1722,dgmres,4,3,753496,78,3183268,3936842,2624,0,820,1,40,true,1.3902189884437168e-15,0.33064852625817176,1.1651823616250974e-14,1213.1356707317073,1848.5876887340303,74461184,usr_bin_time_v,60661760,447475712,75462264,43241.10569105691,3,120,1.0e-8,none,NaN,NaN,false,2026-07-27T18:03:07.344
2,julia,single_thread,1,1,1,openblas:libopenblas64_.so,1,1,1,1001,coupled_singular,coupled_singular/ncore040_k3_n00000043,43,1722,dgmres,5,3,758210,160,7474987,8233357,2624,0,820,1,40,true,1.3902189884437168e-15,0.33064852625817176,1.1651823616250974e-14,2848.6993140243903,4340.8751451800235,74461184,usr_bin_time_v,60661760,447475712,35128088,43241.10569105691,3,120,1.0e-8,none,NaN,NaN,false,2026-07-27T18:03:07.353
2,julia,single_thread,1,1,1,openblas:libopenblas64_.so,1,1,1,1001,coupled_singular,coupled_singular/ncore040_k3_n00000043,43,1722,dgmres,6,3,738321,326,3193294,3931941,2624,0,820,1,40,true,1.3902189884437168e-15,0.33064852625817176,1.1651823616250974e-14,1216.9565548780488,1854.4099883855981,74461184,usr_bin_time_v,60661760,447475712,41278968,43241.10569105691,3,120,1.0e-8,none,NaN,NaN,false,2026-07-27T18:03:07.357
2,julia,single_thread,1,1,1,openblas:libopenblas64_.so,1,1,1,1001,coupled_singular,coupled_singular/ncore040_k3_n00000043,43,1722,dgmres,7,3,759706,294,3284280,4044280,2624,0,820,1,40,true,1.3902189884437168e-15,0.33064852625817176,1.1651823616250974e-14,1251.6310975609756,1907.2473867595818,74461184,usr_bin_time_v,60661760,447475712,47429848,43241.10569105691,3,120,1.0e-8,none,NaN,NaN,false,2026-07-27T18:03:07.361
2,julia,single_thread,1,1,1,openblas:libopenblas64_.so,1,1,1,1001,coupled_singular,coupled_singular/ncore040_k3_n00000043,43,1722,dgmres,8,3,763255,369,3250212,4013836,2624,0,820,1,40,true,1.3902189884437168e-15,0.33064852625817176,1.1651823616250974e-14,1238.6478658536585,1887.4634146341464,74461184,usr_bin_time_v,60661760,447475712,53580728,43241.10569105691,3,120,1.0e-8,none,NaN,NaN,false,2026-07-27T18:03:07.365
2,julia,single_thread,1,1,1,openblas:libopenblas64_.so,1,1,1,1001,coupled_singular,coupled_singular/ncore040_k3_n00000043,43,1722,dgmres,9,3,753714,302,3205233,3959249,2624,0,820,1,40,true,1.3902189884437168e-15,0.33064852625817176,1.1651823616250974e-14,1221.5064786585365,1861.3432055749129,74461184,usr_bin_time_v,60661760,447475712,59731608,43241.10569105691,3,120,1.0e-8,none,NaN,NaN,false,2026-07-27T18:03:07.369
2,julia,single_thread,1,1,1,openblas:libopenblas64_.so,1,1,1,1001,coupled_singular,coupled_singular/ncore040_k3_n00000043,43,1722,dgmres,10,3,755338,116,5886360,6641814,2624,0,820,1,40,true,1.3902189884437168e-15,0.33064852625817176,1.1651823616250974e-14,2243.2774390243903,3418.3275261324043,74461184,usr_bin_time_v,60661760,447475712,32525776,43241.10569105691,3,120,1.0e-8,none,NaN,NaN,false,2026-07-27T18:03:07.376
2,julia,single_thread,1,1,1,openblas:libopenblas64_.so,1,1,1,1000,blockdiag_high_index_singular,blockdiag_high_index_singular/ncore040_k5_n00000045,45,1604,dgmres,1,3,698561,224,4333928,5032713,4346,0,820,1,40,true,1.2470963185838213e-15,0.4807381395400346,3.681473287025451e-14,997.222273354809,2701.950124688279,82862080,usr_bin_time_v,69517312,447475712,182834960,51659.650872817954,5,120,1.0e-8,none,NaN,NaN,false,2026-07-27T18:03:14.165
2,julia,single_thread,1,1,1,openblas:libopenblas64_.so,1,1,1,1000,blockdiag_high_index_singular,blockdiag_high_index_singular/ncore040_k5_n00000045,45,1604,dgmres,2,3,735853,265,33757532,34493650,4346,0,820,1,40,true,1.2470963185838213e-15,0.4807381395400346,3.681473287025451e-14,7767.494707777267,21045.84289276808,82862080,usr_bin_time_v,70426624,447475712,30140856,51659.650872817954,5,120,1.0e-8,none,NaN,NaN,false,2026-07-27T18:03:14.200
2,julia,single_thread,1,1,1,openblas:libopenblas64_.so,1,1,1,1000,blockdiag_high_index_singular,blockdiag_high_index_singular/ncore040_k5_n00000045,45,1604,dgmres,3,3,751967,161,5007618,5759746,4346,0,820,1,40,true,1.2470963185838213e-15,0.4807381395400346,3.681473287025451e-14,1152.2360791532444,3121.9563591022443,82862080,usr_bin_time_v,70426624,447475712,38568560,51659.650872817954,5,120,1.0e-8,none,NaN,NaN,false,2026-07-27T18:03:14.232
2,julia,single_thread,1,1,1,openblas:libopenblas64_.so,1,1,1,1000,blockdiag_high_index_singular,blockdiag_high_index_singular/ncore040_k5_n00000045,45,1604,dgmres,4,3,698864,205,5209231,5908300,4346,0,820,1,40,true,1.2470963185838213e-15,0.4807381395400346,3.681473287025451e-14,1198.626553152324,3247.650249376559,82862080,usr_bin_time_v,70426624,447475712,45513792,51659.650872817954,5,120,1.0e-8,none,NaN,NaN,false,2026-07-27T18:03:14.238
2,julia,single_thread,1,1,1,openblas:libopenblas64_.so,1,1,1,1000,blockdiag_high_index_singular,blockdiag_high_index_singular/ncore040_k5_n00000045,45,1604,dgmres,5,3,746787,63,5079597,5826447,4346,0,820,1,40,true,1.2470963185838213e-15,0.4807381395400346,3.681473287025451e-14,1168.7982052462035,3166.8310473815463,82862080,usr_bin_time_v,70426624,447475712,52459120,51659.650872817954,5,120,1.0e-8,none,NaN,NaN,false,2026-07-27T18:03:14.244
2,julia,single_thread,1,1,1,openblas:libopenblas64_.so,1,1,1,1000,blockdiag_high_index_singular,blockdiag_high_index_singular/ncore040_k5_n00000045,45,1604,dgmres,6,3,704241,123,5111371,5815735,4346,0,820,1,40,true,1.2470963185838213e-15,0.4807381395400346,3.681473287025451e-14,1176.1092959042799,3186.6402743142144,82862080,usr_bin_time_v,70426624,447475712,59404352,51659.650872817954,5,120,1.0e-8,none,NaN,NaN,false,2026-07-27T18:03:14.250
2,julia,single_thread,1,1,1,openblas:libopenblas64_.so,1,1,1,1000,blockdiag_high_index_singular,blockdiag_high_index_singular/ncore040_k5_n00000045,45,1604,dgmres,7,3,737282,57,5249611,5986950,4346,0,820,1,40,true,1.2470963185838213e-15,0.4807381395400346,3.681473287025451e-14,1207.9178554993098,3272.8248129675812,82862080,usr_bin_time_v,70426624,447475712,66349648,51659.650872817954,5,120,1.0e-8,none,NaN,NaN,false,2026-07-27T18:03:14.256
2,julia,single_thread,1,1,1,openblas:libopenblas64_.so,1,1,1,1000,blockdiag_high_index_singular,blockdiag_high_index_singular/ncore040_k5_n00000045,45,1604,dgmres,8,3,749825,86,97835391,98585302,4346,0,820,1,40,true,1.2470963185838213e-15,0.4807381395400346,3.681473287025451e-14,22511.594799815924,60994.63279301746,82862080,usr_bin_time_v,70426624,447475712,11562512,51659.650872817954,5,120,1.0e-8,none,NaN,NaN,false,2026-07-27T18:03:14.355
2,julia,single_thread,1,1,1,openblas:libopenblas64_.so,1,1,1,1000,blockdiag_high_index_singular,blockdiag_high_index_singular/ncore040_k5_n00000045,45,1604,dgmres,9,3,673611,113,4496727,5170451,4346,0,820,1,40,true,1.2470963185838213e-15,0.4807381395400346,3.681473287025451e-14,1034.6817763460654,2803.445760598504,82862080,usr_bin_time_v,70426624,447475712,18507744,51659.650872817954,5,120,1.0e-8,none,NaN,NaN,false,2026-07-27T18:03:14.360
2,julia,single_thread,1,1,1,openblas:libopenblas64_.so,1,1,1,1000,blockdiag_high_index_singular,blockdiag_high_index_singular/ncore040_k5_n00000045,45,1604,dgmres,10,3,688388,118,4434138,5122644,4346,0,820,1,40,true,1.2470963185838213e-15,0.4807381395400346,3.681473287025451e-14,1020.2802577082375,2764.4251870324188,82862080,usr_bin_time_v,70426624,447475712,25453040,51659.650872817954,5,120,1.0e-8,none,NaN,NaN,false,2026-07-27T18:03:14.366
2,python,single_thread,1,1,1,scipy-openblas:0.3.31.188.0,1,1,1,1001,blockdiag_high_index_singular,blockdiag_high_index_singular/ncore040_k5_n00000045,45,1604,gmres,1,3,1164119,1673,6592804,7758596,47,0,1081,1,46,false,0.00858541319012137,0.008585413190121367,0.7776375265648046,140272.4255319149,4110.226932668329,1822720,usr_bin_time_v,1265664,49422336,NaN,1136.359102244389,0,120,1e-08,none,NaN,NaN,false,2026-07-27T18:03:14.757135+00:00
2,python,single_thread,1,1,1,scipy-openblas:0.3.31.188.0,1,1,1,1001,blockdiag_high_index_singular,blockdiag_high_index_singular/ncore040_k5_n00000045,45,1604,gmres,2,3,1138505,1231,6513552,7653288,47,0,1081,1,46,false,0.00858541319012137,0.008585413190121367,0.7776375265648046,138586.21276595743,4060.8179551122194,1822720,usr_bin_time_v,1277952,49422336,NaN,1136.359102244389,0,120,1e-08,none,NaN,NaN,false,2026-07-27T18:03:14.757135+00:00
2,python,single_thread,1,1,1,scipy-openblas:0.3.31.188.0,1,1,1,1001,blockdiag_high_index_singular,blockdiag_high_index_singular/ncore040_k5_n00000045,45,1604,gmres,3,3,1096588,1437,6875897,7973922,47,0,1081,1,46,false,0.00858541319012137,0.008585413190121367,0.7776375265648046,146295.68085106384,4286.7188279301745,1822720,usr_bin_time_v,1282048,49422336,NaN,1136.359102244389,0,120,1e-08,none,NaN,NaN,false,2026-07-27T18:03:14.757135+00:00
2,python,single_thread,1,1,1,scipy-openblas:0.3.31.188.0,1,1,1,1001,blockdiag_high_index_singular,blockdiag_high_index_singular/ncore040_k5_n00000045,45,1604,gmres,4,3,1117484,1209,6542133,7660826,47,0,1081,1,46,false,0.00858541319012137,0.008585413190121367,0.7776375265648046,139194.31914893616,4078.6365336658355,1822720,usr_bin_time_v,1286144,49422336,NaN,1136.359102244389,0,120,1e-08,none,NaN,NaN,false,2026-07-27T18:03:14.757135+00:00
2,python,single_thread,1,1,1,scipy-openblas:0.3.31.188.0,1,1,1,1001,blockdiag_high_index_singular,blockdiag_high_index_singular/ncore040_k5_n00000045,45,1604,gmres,5,3,1086785,1287,7199235,8287307,47,0,1081,1,46,false,0.00858541319012137,0.008585413190121367,0.7776375265648046,153175.21276595743,4488.3011221945135,1822720,usr_bin_time_v,1286144,49422336,NaN,1136.359102244389,0,120,1e-08,none,NaN,NaN,false,2026-07-27T18:03:14.757135+00:00
2,python,single_thread,1,1,1,scipy-openblas:0.3.31.188.0,1,1,1,1001,blockdiag_high_index_singular,blockdiag_high_index_singular/ncore040_k5_n00000045,45,1604,gmres,6,3,1090959,1195,6594896,7687050,47,0,1081,1,46,false,0.00858541319012137,0.008585413190121367,0.7776375265648046,140316.93617021278,4111.5311720698255,1822720,usr_bin_time_v,1290240,49422336,NaN,1136.359102244389,0,120,1e-08,none,NaN,NaN,false,2026-07-27T18:03:14.757135+00:00
2,python,single_thread,1,1,1,scipy-openblas:0.3.31.188.0,1,1,1,1001,blockdiag_high_index_singular,blockdiag_high_index_singular/ncore040_k5_n00000045,45,1604,gmres,7,3,1080492,1073,6711358,7792923,47,0,1081,1,46,false,0.00858541319012137,0.008585413190121367,0.7776375265648046,142794.8510638298,4184.138403990025,1822720,usr_bin_time_v,1290240,49422336,NaN,1136.359102244389,0,120,1e-08,none,NaN,NaN,false,2026-07-27T18:03:14.757135+00:00
2,python,single_thread,1,1,1,scipy-openblas:0.3.31.188.0,1,1,1,1001,blockdiag_high_index_singular,blockdiag_high_index_singular/ncore040_k5_n00000045,45,1604,gmres,8,3,1055433,1026,6493781,7550240,47,0,1081,1,46,false,0.00858541319012137,0.008585413190121367,0.7776375265648046,138165.55319148937,4048.4918952618455,1822720,usr_bin_time_v,1294336,49422336,NaN,1136.359102244389,0,120,1e-08,none,NaN,NaN,false,2026-07-27T18:03:14.757135+00:00
2,python,single_thread,1,1,1,scipy-openblas:0.3.31.188.0,1,1,1,1001,blockdiag_high_index_singular,blockdiag_high_index_singular/ncore040_k5_n00000045,45,1604,gmres,9,3,1074616,1038,6567144,7642798,47,0,1081,1,46,false,0.00858541319012137,0.008585413190121367,0.7776375265648046,139726.46808510637,4094.2294264339153,1822720,usr_bin_time_v,1298432,49422336,NaN,1136.359102244389,0,120,1e-08,none,NaN,NaN,false,2026-07-27T18:03:14.757135+00:00
2,python,single_thread,1,1,1,scipy-openblas:0.3.31.188.0,1,1,1,1001,blockdiag_high_index_singular,blockdiag_high_index_singular/ncore040_k5_n00000045,45,1604,gmres,10,3,1066931,942,6554030,7621903,47,0,1081,1,46,false,0.00858541319012137,0.008585413190121367,0.7776375265648046,139447.44680851063,4086.0536159600997,1822720,usr_bin_time_v,1298432,49422336,NaN,1136.359102244389,0,120,1e-08,none,NaN,NaN,false,2026-07-27T18:03:14.757135+00:00
2,julia,single_thread,1,1,1,openblas:libopenblas64_.so,1,1,1,1001,blockdiag_high_index_singular,blockdiag_high_index_singular/ncore040_k5_n00000045,45,1604,gmres,1,3,678256,326,1251658,1930240,47,0,1081,1,46,false,0.008585413190121368,0.008585413190121367,0.7772862131361946,26631.021276595744,780.3354114713217,72036352,usr_bin_time_v,63336448,447475712,30474144,44910.44389027431,0,120,1.0e-8,none,NaN,NaN,false,2026-07-27T18:03:35.580
2,julia,single_thread,1,1,1,openblas:libopenblas64_.so,1,1,1,1001,blockdiag_high_index_singular,blockdiag_high_index_singular/ncore040_k5_n00000045,45,1604,gmres,2,3,864568,195,1605600,2470363,47,0,1081,1,46,false,0.008585413190121368,0.008585413190121367,0.7772862131361946,34161.70212765958,1000.997506234414,72036352,usr_bin_time_v,63336448,447475712,37242784,44910.44389027431,0,120,1.0e-8,none,NaN,NaN,false,2026-07-27T18:03:35.608
2,julia,single_thread,1,1,1,openblas:libopenblas64_.so,1,1,1,1001,blockdiag_high_index_singular,blockdiag_high_index_singular/ncore040_k5_n00000045,45,1604,gmres,3,3,746568,202,1691516,2438286,47,0,1081,1,46,false,0.008585413190121368,0.008585413190121367,0.7772862131361946,35989.70212765958,1054.561097256858,72036352,usr_bin_time_v,63336448,447475712,42524808,44910.44389027431,0,120,1.0e-8,none,NaN,NaN,false,2026-07-27T18:03:35.611
2,julia,single_thread,1,1,1,openblas:libopenblas64_.so,1,1,1,1001,blockdiag_high_index_singular,blockdiag_high_index_singular/ncore040_k5_n00000045,45,1604,gmres,4,3,1164721,306,2334818,3499845,47,0,1081,1,46,false,0.008585413190121368,0.008585413190121367,0.7772862131361946,49676.97872340425,1455.6221945137156,72036352,usr_bin_time_v,63336448,447475712,47806832,44910.44389027431,0,120,1.0e-8,none,NaN,NaN,false,2026-07-27T18:03:35.614
2,julia,single_thread,1,1,1,openblas:libopenblas64_.so,1,1,1,1001,blockdiag_high_index_singular,blockdiag_high_index_singular/ncore040_k5_n00000045,45,1604,gmres,5,3,1134198,817,2782789,3917804,47,0,1081,1,46,false,0.008585413190121368,0.008585413190121367,0.7772862131361946,59208.27659574468,1734.9058603491271,72036352,usr_bin_time_v,63336448,447475712,53088952,44910.44389027431,0,120,1.0e-8,none,NaN,NaN,false,2026-07-27T18:03:35.618
2,julia,single_thread,1,1,1,openblas:libopenblas64_.so,1,1,1,1001,blockdiag_high_index_singular,blockdiag_high_index_singular/ncore040_k5_n00000045,45,1604,gmres,6,3,1074382,387,2732653,3807422,47,0,1081,1,46,false,0.008585413190121368,0.008585413190121367,0.7772862131361946,58141.55319148936,1703.6490024937657,72036352,usr_bin_time_v,63336448,447475712,58370976,44910.44389027431,0,120,1.0e-8,none,NaN,NaN,false,2026-07-27T18:03:35.622
2,julia,single_thread,1,1,1,openblas:libopenblas64_.so,1,1,1,1001,blockdiag_high_index_singular,blockdiag_high_index_singular/ncore040_k5_n00000045,45,1604,gmres,7,3,972275,168,2607202,3579645,47,0,1081,1,46,false,0.008585413190121368,0.008585413190121367,0.7772862131361946,55472.382978723406,1625.4376558603492,72036352,usr_bin_time_v,63336448,447475712,63653000,44910.44389027431,0,120,1.0e-8,none,NaN,NaN,false,2026-07-27T18:03:35.626
2,julia,single_thread,1,1,1,openblas:libopenblas64_.so,1,1,1,1001,blockdiag_high_index_singular,blockdiag_high_index_singular/ncore040_k5_n00000045,45,1604,gmres,8,3,975438,161,96878052,97853651,47,0,1081,1,46,false,0.008585413190121368,0.008585413190121367,0.7772862131361946,2.0612351489361702e6,60397.788029925185,72036352,usr_bin_time_v,63336448,447475712,8589144,44910.44389027431,0,120,1.0e-8,none,NaN,NaN,false,2026-07-27T18:03:35.724
2,julia,single_thread,1,1,1,openblas:libopenblas64_.so,1,1,1,1001,blockdiag_high_index_singular,blockdiag_high_index_singular/ncore040_k5_n00000045,45,1604,gmres,9,3,661027,73,1279826,1940926,47,0,1081,1,46,false,0.008585413190121368,0.008585413190121367,0.7772862131361946,27230.340425531915,797.8965087281796,72036352,usr_bin_time_v,63336448,447475712,13871168,44910.44389027431,0,120,1.0e-8,none,NaN,NaN,false,2026-07-27T18:03:35.726
2,julia,single_thread,1,1,1,openblas:libopenblas64_.so,1,1,1,1001,blockdiag_high_index_singular,blockdiag_high_index_singular/ncore040_k5_n00000045,45,1604,gmres,10,3,665989,129,1361489,2027607,47,0,1081,1,46,false,0.008585413190121368,0.008585413190121367,0.7772862131361946,28967.85106382979,848.8086034912718,72036352,usr_bin_time_v,63336448,447475712,19153192,44910.44389027431,0,120,1.0e-8,none,NaN,NaN,false,2026-07-27T18:03:35.728
2,julia,single_thread,1,1,1,openblas:libopenblas64_.so,1,1,1,1000,blockdiag_high_index_singular,blockdiag_high_index_singular/ncore040_k5_n00000045,45,1604,gmres,1,3,712574,268,30295694,31008536,46,0,1035,1,45,false,0.3160538851249592,0.31605388512495913,0.8343733608495707,658602.0434782609,18887.589775561097,70356992,usr_bin_time_v,61042688,447475712,33213816,43863.46134663342,0,120,1.0e-8,none,NaN,NaN,false,2026-07-27T18:03:55.690
2,julia,single_thread,1,1,1,openblas:libopenblas64_.so,1,1,1,1000,blockdiag_high_index_singular,blockdiag_high_index_singular/ncore040_k5_n00000045,45,1604,gmres,2,3,879614,361,1573289,2453264,46,0,1035,1,45,false,0.3160538851249592,0.31605388512495913,0.8343733608495707,34201.934782608696,980.8534912718204,70356992,usr_bin_time_v,61042688,447475712,39771672,43863.46134663342,0,120,1.0e-8,none,NaN,NaN,false,2026-07-27T18:03:55.718
2,julia,single_thread,1,1,1,openblas:libopenblas64_.so,1,1,1,1000,blockdiag_high_index_singular,blockdiag_high_index_singular/ncore040_k5_n00000045,45,1604,gmres,3,3,702114,154,1549668,2251936,46,0,1035,1,45,false,0.3160538851249592,0.31605388512495913,0.8343733608495707,33688.434782608696,966.1271820448878,70356992,usr_bin_time_v,61042688,447475712,44842912,43863.46134663342,0,120,1.0e-8,none,NaN,NaN,false,2026-07-27T18:03:55.721
2,julia,single_thread,1,1,1,openblas:libopenblas64_.so,1,1,1,1000,blockdiag_high_index_singular,blockdiag_high_index_singular/ncore040_k5_n00000045,45,1604,gmres,4,3,757559,179,1411440,2169178,46,0,1035,1,45,false,0.3160538851249592,0.31605388512495913,0.8343733608495707,30683.478260869564,879.9501246882793,70356992,usr_bin_time_v,61042688,447475712,49914152,43863.46134663342,0,120,1.0e-8,none,NaN,NaN,false,2026-07-27T18:03:55.723
2,julia,single_thread,1,1,1,openblas:libopenblas64_.so,1,1,1,1000,blockdiag_high_index_singular,blockdiag_high_index_singular/ncore040_k5_n00000045,45,1604,gmres,5,3,728583,86,1607073,2335742,46,0,1035,1,45,false,0.3160538851249592,0.31605388512495913,0.8343733608495707,34936.36956521739,1001.9158354114713,70356992,usr_bin_time_v,61042688,447475712,54985488,43863.46134663342,0,120,1.0e-8,none,NaN,NaN,false,2026-07-27T18:03:55.725
2,julia,single_thread,1,1,1,openblas:libopenblas64_.so,1,1,1,1000,blockdiag_high_index_singular,blockdiag_high_index_singular/ncore040_k5_n00000045,45,1604,gmres,6,3,737324,161,1451073,2188558,46,0,1035,1,45,false,0.3160538851249592,0.31605388512495913,0.8343733608495707,31545.065217391304,904.6589775561097,70356992,usr_bin_time_v,61042688,447475712,60056728,43863.46134663342,0,120,1.0e-8,none,NaN,NaN,false,2026-07-27T18:03:55.728
2,julia,single_thread,1,1,1,openblas:libopenblas64_.so,1,1,1,1000,blockdiag_high_index_singular,blockdiag_high_index_singular/ncore040_k5_n00000045,45,1604,gmres,7,3,1110241,45,1473598,2583884,46,0,1035,1,45,false,0.3160538851249592,0.31605388512495913,0.8343733608495707,32034.739130434784,918.7019950124688,70356992,usr_bin_time_v,61042688,447475712,65127968,43863.46134663342,0,120,1.0e-8,none,NaN,NaN,false,2026-07-27T18:03:55.730
2,julia,single_thread,1,1,1,openblas:libopenblas64_.so,1,1,1,1000,blockdiag_high_index_singular,blockdiag_high_index_singular/ncore040_k5_n00000045,45,1604,gmres,8,3,789480,120,1495626,2285226,46,0,1035,1,45,false,0.3160538851249592,0.31605388512495913,0.8343733608495707,32513.608695652172,932.4351620947631,70356992,usr_bin_time_v,61042688,447475712,70199272,43863.46134663342,0,120,1.0e-8,none,NaN,NaN,false,2026-07-27T18:03:55.733
2,julia,single_thread,1,1,1,openblas:libopenblas64_.so,1,1,1,1000,blockdiag_high_index_singular,blockdiag_high_index_singular/ncore040_k5_n00000045,45,1604,gmres,9,3,738129,35,93510054,94248218,46,0,1035,1,45,false,0.3160538851249592,0.31605388512495913,0.8343733608495707,2.0328272608695652e6,58298.03865336658,70356992,usr_bin_time_v,61042688,447475712,12369584,43863.46134663342,0,120,1.0e-8,none,NaN,NaN,false,2026-07-27T18:03:55.827
2,julia,single_thread,1,1,1,openblas:libopenblas64_.so,1,1,1,1000,blockdiag_high_index_singular,blockdiag_high_index_singular/ncore040_k5_n00000045,45,1604,gmres,10,3,700707,76,1307895,2008678,46,0,1035,1,45,false,0.3160538851249592,0.31605388512495913,0.8343733608495707,28432.5,815.395885286783,70356992,usr_bin_time_v,61042688,447475712,17440824,43863.46134663342,0,120,1.0e-8,none,NaN,NaN,false,2026-07-27T18:03:55.829
2,python,single_thread,1,1,1,scipy-openblas:0.3.31.188.0,1,1,1,1002,similarity_singular,similarity_singular/ncore040_k3_n00000043,43,1849,dgmres,1,3,1189039,978,6430284,7620301,2624,0,820,1,40,true,1.6675061902972065e-15,0.49690171999243654,1.0551804800337009e-14,2450.565548780488,3477.70903190914,1232896,usr_bin_time_v,1302528,49422336,NaN,666.7906976744187,3,120,1e-08,none,NaN,NaN,false,2026-07-27T18:03:56.239042+00:00
2,python,single_thread,1,1,1,scipy-openblas:0.3.31.188.0,1,1,1,1002,similarity_singular,similarity_singular/ncore040_k3_n00000043,43,1849,dgmres,2,3,1207453,944,6413110,7621507,2624,0,820,1,40,true,1.6675061902972065e-15,0.49690171999243654,1.0551804800337009e-14,2444.0205792682927,3468.420767982693,1232896,usr_bin_time_v,1310720,49422336,NaN,666.7906976744187,3,120,1e-08,none,NaN,NaN,false,2026-07-27T18:03:56.239042+00:00
2,python,single_thread,1,1,1,scipy-openblas:0.3.31.188.0,1,1,1,1002,similarity_singular,similarity_singular/ncore040_k3_n00000043,43,1849,dgmres,3,3,1217542,1010,6403813,7622365,2624,0,820,1,40,true,1.6675061902972065e-15,0.49690171999243654,1.0551804800337009e-14,2440.4775152439024,3463.392644672796,1232896,usr_bin_time_v,1314816,49422336,NaN,666.7906976744187,3,120,1e-08,none,NaN,NaN,false,2026-07-27T18:03:56.239042+00:00
2,python,single_thread,1,1,1,scipy-openblas:0.3.31.188.0,1,1,1,1002,similarity_singular,similarity_singular/ncore040_k3_n00000043,43,1849,dgmres,4,3,1204523,769,6396876,7602168,2624,0,820,1,40,true,1.6675061902972065e-15,0.49690171999243654,1.0551804800337009e-14,2437.8338414634145,3459.6408869659276,1232896,usr_bin_time_v,1318912,49422336,NaN,666.7906976744187,3,120,1e-08,none,NaN,NaN,false,2026-07-27T18:03:56.239042+00:00
2,python,single_thread,1,1,1,scipy-openblas:0.3.31.188.0,1,1,1,1002,similarity_singular,similarity_singular/ncore040_k3_n00000043,43,1849,dgmres,5,3,1222212,909,6435862,7658983,2624,0,820,1,40,true,1.6675061902972065e-15,0.49690171999243654,1.0551804800337009e-14,2452.6913109756097,3480.7257977285017,1232896,usr_bin_time_v,1318912,49422336,NaN,666.7906976744187,3,120,1e-08,none,NaN,NaN,false,2026-07-27T18:03:56.239042+00:00
2,python,single_thread,1,1,1,scipy-openblas:0.3.31.188.0,1,1,1,1002,similarity_singular,similarity_singular/ncore040_k3_n00000043,43,1849,dgmres,6,3,1239209,905,6641547,7881661,2624,0,820,1,40,true,1.6675061902972065e-15,0.49690171999243654,1.0551804800337009e-14,2531.0773628048782,3591.967009194159,1232896,usr_bin_time_v,1323008,49422336,NaN,666.7906976744187,3,120,1e-08,none,NaN,NaN,false,2026-07-27T18:03:56.239042+00:00
2,python,single_thread,1,1,1,scipy-openblas:0.3.31.188.0,1,1,1,1002,similarity_singular,similarity_singular/ncore040_k3_n00000043,43,1849,dgmres,7,3,1243443,1150,6627297,7871890,2624,0,820,1,40,true,1.6675061902972065e-15,0.49690171999243654,1.0551804800337009e-14,2525.646722560976,3584.2601406165495,1232896,usr_bin_time_v,1327104,49422336,NaN,666.7906976744187,3,120,1e-08,none,NaN,NaN,false,2026-07-27T18:03:56.239042+00:00
2,python,single_thread,1,1,1,scipy-openblas:0.3.31.188.0,1,1,1,1002,similarity_singular,similarity_singular/ncore040_k3_n00000043,43,1849,dgmres,8,3,1196006,1119,6623037,7820162,2624,0,820,1,40,true,1.6675061902972065e-15,0.49690171999243654,1.0551804800337009e-14,2524.0232469512193,3581.956192536506,1232896,usr_bin_time_v,1327104,49422336,NaN,666.7906976744187,3,120,1e-08,none,NaN,NaN,false,2026-07-27T18:03:56.239042+00:00
2,python,single_thread,1,1,1,scipy-openblas:0.3.31.188.0,1,1,1,1002,similarity_singular,similarity_singular/ncore040_k3_n00000043,43,1849,dgmres,9,3,1152148,962,6405541,7558651,2624,0,820,1,40,true,1.6675061902972065e-15,0.49690171999243654,1.0551804800337009e-14,2441.136051829268,3464.3272038939967,1232896,usr_bin_time_v,1331200,49422336,NaN,666.7906976744187,3,120,1e-08,none,NaN,NaN,false,2026-07-27T18:03:56.239042+00:00
2,python,single_thread,1,1,1,scipy-openblas:0.3.31.188.0,1,1,1,1002,similarity_singular,similarity_singular/ncore040_k3_n00000043,43,1849,dgmres,10,3,1133457,1037,6421513,7556007,2624,0,820,1,40,true,1.6675061902972065e-15,0.49690171999243654,1.0551804800337009e-14,2447.2229420731705,3472.965386695511,1232896,usr_bin_time_v,1335296,49422336,NaN,666.7906976744187,3,120,1e-08,none,NaN,NaN,false,2026-07-27T18:03:56.239042+00:00
2,python,single_thread,1,1,1,scipy-openblas:0.3.31.188.0,1,1,1,1000,similarity_singular,similarity_singular/ncore040_k3_n00000043,43,1849,gmres,1,3,1832875,2032,13082937,14917844,45,0,990,1,44,false,0.0678710180793445,0.06787101807934434,0.7335321966910372,290731.93333333335,7075.682531097891,1384448,usr_bin_time_v,1273856,49422336,NaN,748.7550027041644,0,120,1e-08,none,NaN,NaN,false,2026-07-27T18:03:56.538762+00:00
2,python,single_thread,1,1,1,scipy-openblas:0.3.31.188.0,1,1,1,1000,similarity_singular,similarity_singular/ncore040_k3_n00000043,43,1849,gmres,2,3,1763220,1614,12907014,14671848,45,0,990,1,44,false,0.0678710180793445,0.06787101807934434,0.7335321966910372,286822.5333333333,6980.537587885344,1384448,usr_bin_time_v,1290240,49422336,NaN,748.7550027041644,0,120,1e-08,none,NaN,NaN,false,2026-07-27T18:03:56.538762+00:00
2,python,single_thread,1,1,1,scipy-openblas:0.3.31.188.0,1,1,1,1000,similarity_singular,similarity_singular/ncore040_k3_n00000043,43,1849,gmres,3,3,1749889,1562,12805908,14557359,45,0,990,1,44,false,0.0678710180793445,0.06787101807934434,0.7335321966910372,284575.73333333334,6925.856138453218,1384448,usr_bin_time_v,1298432,49422336,NaN,748.7550027041644,0,120,1e-08,none,NaN,NaN,false,2026-07-27T18:03:56.538762+00:00
2,python,single_thread,1,1,1,scipy-openblas:0.3.31.188.0,1,1,1,1000,similarity_singular,similarity_singular/ncore040_k3_n00000043,43,1849,gmres,4,3,1302182,1088,6292229,7595499,45,0,990,1,44,false,0.0678710180793445,0.06787101807934434,0.7335321966910372,139827.3111111111,3403.0443482963765,1384448,usr_bin_time_v,1302528,49422336,NaN,748.7550027041644,0,120,1e-08,none,NaN,NaN,false,2026-07-27T18:03:56.538762+00:00
2,python,single_thread,1,1,1,scipy-openblas:0.3.31.188.0,1,1,1,1000,similarity_singular,similarity_singular/ncore040_k3_n00000043,43,1849,gmres,5,3,1273257,968,6219471,7493696,45,0,990,1,44,false,0.0678710180793445,0.06787101807934434,0.7335321966910372,138210.46666666667,3363.694429421309,1384448,usr_bin_time_v,1302528,49422336,NaN,748.7550027041644,0,120,1e-08,none,NaN,NaN,false,2026-07-27T18:03:56.538762+00:00
2,python,single_thread,1,1,1,scipy-openblas:0.3.31.188.0,1,1,1,1000,similarity_singular,similarity_singular/ncore040_k3_n00000043,43,1849,gmres,6,3,1251510,1127,5960258,7212895,45,0,990,1,44,false,0.0678710180793445,0.06787101807934434,0.7335321966910372,132450.17777777778,3223.503515413737,1384448,usr_bin_time_v,1302528,49422336,NaN,748.7550027041644,0,120,1e-08,none,NaN,NaN,false,2026-07-27T18:03:56.538762+00:00
2,python,single_thread,1,1,1,scipy-openblas:0.3.31.188.0,1,1,1,1000,similarity_singular,similarity_singular/ncore040_k3_n00000043,43,1849,gmres,7,3,1215762,923,9175073,10391758,45,0,990,1,44,false,0.0678710180793445,0.06787101807934434,0.7335321966910372,203890.51111111112,4962.181179015684,1384448,usr_bin_time_v,1306624,49422336,NaN,748.7550027041644,0,120,1e-08,none,NaN,NaN,false,2026-07-27T18:03:56.538762+00:00
2,python,single_thread,1,1,1,scipy-openblas:0.3.31.188.0,1,1,1,1000,similarity_singular,similarity_singular/ncore040_k3_n00000043,43,1849,gmres,8,3,1757207,1239,8997501,10755947,45,0,990,1,44,false,0.0678710180793445,0.06787101807934434,0.7335321966910372,199944.46666666667,4866.144402379665,1384448,usr_bin_time_v,1310720,49422336,NaN,748.7550027041644,0,120,1e-08,none,NaN,NaN,false,2026-07-27T18:03:56.538762+00:00
2,python,single_thread,1,1,1,scipy-openblas:0.3.31.188.0,1,1,1,1000,similarity_singular,similarity_singular/ncore040_k3_n00000043,43,1849,gmres,9,3,1952613,2353,13211057,15166023,45,0,990,1,44,false,0.0678710180793445,0.06787101807934434,0.7335321966910372,293579.0444444445,7144.974040021633,1384448,usr_bin_time_v,1318912,49422336,NaN,748.7550027041644,0,120,1e-08,none,NaN,NaN,false,2026-07-27T18:03:56.538762+00:00
2,python,single_thread,1,1,1,scipy-openblas:0.3.31.188.0,1,1,1,1000,similarity_singular,similarity_singular/ncore040_k3_n00000043,43,1849,gmres,10,3,1982211,1880,6100463,8084554,45,0,990,1,44,false,0.0678710180793445,0.06787101807934434,0.7335321966910372,135565.84444444443,3299.330989724175,1384448,usr_bin_time_v,1318912,49422336,NaN,748.7550027041644,0,120,1e-08,none,NaN,NaN,false,2026-07-27T18:03:56.538762+00:00
2,python,single_thread,1,1,1,scipy-openblas:0.3.31.188.0,1,1,1,1001,coupled_singular,coupled_singular/ncore040_k3_n00000043,43,1722,dgmres,1,3,1154015,1310,6681923,7837248,2624,0,820,1,40,true,9.457839375494445e-16,0.3306485262581711,9.26347759562881e-15,2546.4645579268295,3880.3269454123115,1638400,usr_bin_time_v,1273856,49422336,NaN,951.4518002322881,3,120,1e-08,none,NaN,NaN,false,2026-07-27T18:04:04.000604+00:00
2,python,single_thread,1,1,1,scipy-openblas:0.3.31.188.0,1,1,1,1001,coupled_singular,coupled_singular/ncore040_k3_n00000043,43,1722,dgmres,2,3,1200861,1042,6780309,7982212,2624,0,820,1,40,true,9.457839375494445e-16,0.3306485262581711,9.26347759562881e-15,2583.959222560976,3937.4616724738676,1638400,usr_bin_time_v,1298432,49422336,NaN,951.4518002322881,3,120,1e-08,none,NaN,NaN,false,2026-07-27T18:04:04.000604+00:00
2,python,single_thread,1,1,1,scipy-openblas:0.3.31.188.0,1,1,1,1001,coupled_singular,coupled_singular/ncore040_k3_n00000043,43,1722,dgmres,3,3,1187516,1130,6609472,7798118,2624,0,820,1,40,true,9.457839375494445e-16,0.3306485262581711,9.26347759562881e-15,2518.8536585365855,3838.253193960511,1638400,usr_bin_time_v,1302528,49422336,NaN,951.4518002322881,3,120,1e-08,none,NaN,NaN,false,2026-07-27T18:04:04.000604+00:00
2,python,single_thread,1,1,1,scipy-openblas:0.3.31.188.0,1,1,1,1001,coupled_singular,coupled_singular/ncore040_k3_n00000043,43,1722,dgmres,4,3,1160387,1233,6742139,7903759,2624,0,820,1,40,true,9.457839375494445e-16,0.3306485262581711,9.26347759562881e-15,2569.4127286585367,3915.295586527294,1638400,usr_bin_time_v,1306624,49422336,NaN,951.4518002322881,3,120,1e-08,none,NaN,NaN,false,2026-07-27T18:04:04.000604+00:00
2,python,single_thread,1,1,1,scipy-openblas:0.3.31.188.0,1,1,1,1001,coupled_singular,coupled_singular/ncore040_k3_n00000043,43,1722,dgmres,5,3,1209294,912,6744567,7954773,2624,0,820,1,40,true,9.457839375494445e-16,0.3306485262581711,9.26347759562881e-15,2570.3380335365855,3916.705574912892,1638400,usr_bin_time_v,1306624,49422336,NaN,951.4518002322881,3,120,1e-08,none,NaN,NaN,false,2026-07-27T18:04:04.000604+00:00
2,python,single_thread,1,1,1,scipy-openblas:0.3.31.188.0,1,1,1,1001,coupled_singular,coupled_singular/ncore040_k3_n00000043,43,1722,dgmres,6,3,1170724,1258,6719051,7891033,2624,0,820,1,40,true,9.457839375494445e-16,0.3306485262581711,9.26347759562881e-15,2560.613948170732,3901.8879210220675,1638400,usr_bin_time_v,1310720,49422336,NaN,951.4518002322881,3,120,1e-08,none,NaN,NaN,false,2026-07-27T18:04:04.000604+00:00
2,python,single_thread,1,1,1,scipy-openblas:0.3.31.188.0,1,1,1,1001,coupled_singular,coupled_singular/ncore040_k3_n00000043,43,1722,dgmres,7,3,1180256,1088,6845729,8027073,2624,0,820,1,40,true,9.457839375494445e-16,0.3306485262581711,9.26347759562881e-15,2608.890625,3975.4523809523807,1638400,usr_bin_time_v,1310720,49422336,NaN,951.4518002322881,3,120,1e-08,none,NaN,NaN,false,2026-07-27T18:04:04.000604+00:00
2,python,single_thread,1,1,1,scipy-openblas:0.3.31.188.0,1,1,1,1001,coupled_singular,coupled_singular/ncore040_k3_n00000043,43,1722,dgmres,8,3,1125033,903,6722102,7848038,2624,0,820,1,40,true,9.457839375494445e-16,0.3306485262581711,9.26347759562881e-15,2561.776676829268,3903.6596980255517,1638400,usr_bin_time_v,1314816,49422336,NaN,951.4518002322881,3,120,1e-08,none,NaN,NaN,false,2026-07-27T18:04:04.000604+00:00
2,python,single_thread,1,1,1,scipy-openblas:0.3.31.188.0,1,1,1,1001,coupled_singular,coupled_singular/ncore040_k3_n00000043,43,1722,dgmres,9,3,1123439,761,6690429,7814629,2624,0,820,1,40,true,9.457839375494445e-16,0.3306485262581711,9.26347759562881e-15,2549.706173780488,3885.2665505226482,1638400,usr_bin_time_v,1323008,49422336,NaN,951.4518002322881,3,120,1e-08,none,NaN,NaN,false,2026-07-27T18:04:04.000604+00:00
2,python,single_thread,1,1,1,scipy-openblas:0.3.31.188.0,1,1,1,1001,coupled_singular,coupled_singular/ncore040_k3_n00000043,43,1722,dgmres,10,3,1126038,1031,6673701,7800770,2624,0,820,1,40,true,9.457839375494445e-16,0.3306485262581711,9.26347759562881e-15,2543.331173780488,3875.5522648083625,1638400,usr_bin_time_v,1323008,49422336,NaN,951.4518002322881,3,120,1e-08,none,NaN,NaN,false,2026-07-27T18:04:04.000604+00:00
2,python,single_thread,1,1,1,scipy-openblas:0.3.31.188.0,1,1,1,1002,blockdiag_high_index_singular,blockdiag_high_index_singular/ncore040_k5_n00000045,45,1604,dgmres,1,3,1140567,1310,7496836,8638713,4346,0,820,1,40,true,2.307359385077056e-15,0.13395791285635228,2.154555735795347e-14,1724.9967786470318,4673.837905236907,1814528,usr_bin_time_v,1294336,49422336,NaN,1131.2518703241894,5,120,1e-08,none,NaN,NaN,false,2026-07-27T18:04:04.290543+00:00
2,python,single_thread,1,1,1,scipy-openblas:0.3.31.188.0,1,1,1,1002,blockdiag_high_index_singular,blockdiag_high_index_singular/ncore040_k5_n00000045,45,1604,dgmres,2,3,1154902,992,7623765,8779659,4346,0,820,1,40,true,2.307359385077056e-15,0.13395791285635228,2.154555735795347e-14,1754.202715140359,4752.970698254364,1814528,usr_bin_time_v,1314816,49422336,NaN,1131.2518703241894,5,120,1e-08,none,NaN,NaN,false,2026-07-27T18:04:04.290543+00:00
2,python,single_thread,1,1,1,scipy-openblas:0.3.31.188.0,1,1,1,1002,blockdiag_high_index_singular,blockdiag_high_index_singular/ncore040_k5_n00000045,45,1604,dgmres,3,3,1124543,870,7437202,8562615,4346,0,820,1,40,true,2.307359385077056e-15,0.13395791285635228,2.154555735795347e-14,1711.2751955821445,4636.6596009975065,1814528,usr_bin_time_v,1323008,49422336,NaN,1131.2518703241894,5,120,1e-08,none,NaN,NaN,false,2026-07-27T18:04:04.290543+00:00
2,python,single_thread,1,1,1,scipy-openblas:0.3.31.188.0,1,1,1,1002,blockdiag_high_index_singular,blockdiag_high_index_singular/ncore040_k5_n00000045,45,1604,dgmres,4,3,1114313,1371,7568840,8684524,4346,0,820,1,40,true,2.307359385077056e-15,0.13395791285635228,2.154555735795347e-14,1741.5646571560055,4718.728179551123,1814528,usr_bin_time_v,1327104,49422336,NaN,1131.2518703241894,5,120,1e-08,none,NaN,NaN,false,2026-07-27T18:04:04.290543+00:00
2,python,single_thread,1,1,1,scipy-openblas:0.3.31.188.0,1,1,1,1002,blockdiag_high_index_singular,blockdiag_high_index_singular/ncore040_k5_n00000045,45,1604,dgmres,5,3,1131787,935,7379546,8512268,4346,0,820,1,40,true,2.307359385077056e-15,0.13395791285635228,2.154555735795347e-14,1698.0087436723425,4600.714463840399,1814528,usr_bin_time_v,1327104,49422336,NaN,1131.2518703241894,5,120,1e-08,none,NaN,NaN,false,2026-07-27T18:04:04.290543+00:00
2,python,single_thread,1,1,1,scipy-openblas:0.3.31.188.0,1,1,1,1002,blockdiag_high_index_singular,blockdiag_high_index_singular/ncore040_k5_n00000045,45,1604,dgmres,6,3,1106799,1083,7398670,8506552,4346,0,820,1,40,true,2.307359385077056e-15,0.13395791285635228,2.154555735795347e-14,1702.4091118269673,4612.637157107232,1814528,usr_bin_time_v,1331200,49422336,NaN,1131.2518703241894,5,120,1e-08,none,NaN,NaN,false,2026-07-27T18:04:04.290543+00:00
2,python,single_thread,1,1,1,scipy-openblas:0.3.31.188.0,1,1,1,1002,blockdiag_high_index_singular,blockdiag_high_index_singular/ncore040_k5_n00000045,45,1604,dgmres,7,3,1093747,1051,7468408,8563206,4346,0,820,1,40,true,2.307359385077056e-15,0.13395791285635228,2.154555735795347e-14,1718.4555913483664,4656.114713216957,1814528,usr_bin_time_v,1331200,49422336,NaN,1131.2518703241894,5,120,1e-08,none,NaN,NaN,false,2026-07-27T18:04:04.290543+00:00
2,python,single_thread,1,1,1,scipy-openblas:0.3.31.188.0,1,1,1,1002,blockdiag_high_index_singular,blockdiag_high_index_singular/ncore040_k5_n00000045,45,1604,dgmres,8,3,1077646,999,7447598,8526243,4346,0,820,1,40,true,2.307359385077056e-15,0.13395791285635228,2.154555735795347e-14,1713.6672802577082,4643.140897755611,1814528,usr_bin_time_v,1331200,49422336,NaN,1131.2518703241894,5,120,1e-08,none,NaN,NaN,false,2026-07-27T18:04:04.290543+00:00
2,python,single_thread,1,1,1,scipy-openblas:0.3.31.188.0,1,1,1,1002,blockdiag_high_index_singular,blockdiag_high_index_singular/ncore040_k5_n00000045,45,1604,dgmres,9,3,1090817,930,7481756,8573503,4346,0,820,1,40,true,2.307359385077056e-15,0.13395791285635228,2.154555735795347e-14,1721.526921306949,4664.436408977556,1814528,usr_bin_time_v,1335296,49422336,NaN,1131.2518703241894,5,120,1e-08,none,NaN,NaN,false,2026-07-27T18:04:04.290543+00:00
2,python,single_thread,1,1,1,scipy-openblas:0.3.31.188.0,1,1,1,1002,blockdiag_high_index_singular,blockdiag_high_index_singular/ncore040_k5_n00000045,45,1604,dgmres,10,3,1195355,1065,7471940,8668360,4346,0,820,1,40,true,2.307359385077056e-15,0.13395791285635228,2.154555735795347e-14,1719.2682926829268,4658.316708229427,1814528,usr_bin_time_v,1335296,49422336,NaN,1131.2518703241894,5,120,1e-08,none,NaN,NaN,false,2026-07-27T18:04:04.290543+00:00
2,julia,single_thread,1,1,1,openblas:libopenblas64_.so,1,1,1,1000,coupled_singular,coupled_singular/ncore040_k3_n00000043,43,1722,gmres,1,3,732806,262,1118977,1852045,45,0,990,1,44,false,0.028241675286193042,0.028241675286193063,1.8139531815834877,24866.155555555557,649.8124274099883,76496896,usr_bin_time_v,61452288,447475712,53113680,44423.28455284553,0,120,1.0e-8,none,NaN,NaN,false,2026-07-27T18:04:23.796
2,julia,single_thread,1,1,1,openblas:libopenblas64_.so,1,1,1,1000,coupled_singular,coupled_singular/ncore040_k3_n00000043,43,1722,gmres,2,3,785402,172,1313093,2098667,45,0,990,1,44,false,0.028241675286193042,0.028241675286193063,1.8139531815834877,29179.844444444443,762.5394889663182,76496896,usr_bin_time_v,61464576,447475712,58013672,44423.28455284553,0,120,1.0e-8,none,NaN,NaN,false,2026-07-27T18:04:23.799
2,julia,single_thread,1,1,1,openblas:libopenblas64_.so,1,1,1,1000,coupled_singular,coupled_singular/ncore040_k3_n00000043,43,1722,gmres,3,3,798690,141,1127601,1926432,45,0,990,1,44,false,0.028241675286193042,0.028241675286193063,1.8139531815834877,25057.8,654.8205574912892,76496896,usr_bin_time_v,61464576,447475712,62909520,44423.28455284553,0,120,1.0e-8,none,NaN,NaN,false,2026-07-27T18:04:23.801
2,julia,single_thread,1,1,1,openblas:libopenblas64_.so,1,1,1,1000,coupled_singular,coupled_singular/ncore040_k3_n00000043,43,1722,gmres,4,3,729117,59,1216324,1945500,45,0,990,1,44,false,0.028241675286193042,0.028241675286193063,1.8139531815834877,27029.422222222223,706.3437862950058,76496896,usr_bin_time_v,61468672,447475712,67805368,44423.28455284553,0,120,1.0e-8,none,NaN,NaN,false,2026-07-27T18:04:23.803
2,julia,single_thread,1,1,1,openblas:libopenblas64_.so,1,1,1,1000,coupled_singular,coupled_singular/ncore040_k3_n00000043,43,1722,gmres,5,3,748727,210,1179368,1928305,45,0,990,1,44,false,0.028241675286193042,0.028241675286193063,1.8139531815834877,26208.17777777778,684.8826945412311,76496896,usr_bin_time_v,61468672,447475712,72701312,44423.28455284553,0,120,1.0e-8,none,NaN,NaN,false,2026-07-27T18:04:23.805
2,julia,single_thread,1,1,1,openblas:libopenblas64_.so,1,1,1,1000,coupled_singular,coupled_singular/ncore040_k3_n00000043,43,1722,gmres,6,3,760532,106,1194312,1954950,45,0,990,1,44,false,0.028241675286193042,0.028241675286193063,1.8139531815834877,26540.266666666666,693.560975609756,76496896,usr_bin_time_v,61468672,447475712,77597160,44423.28455284553,0,120,1.0e-8,none,NaN,NaN,false,2026-07-27T18:04:23.807
2,julia,single_thread,1,1,1,openblas:libopenblas64_.so,1,1,1,1000,coupled_singular,coupled_singular/ncore040_k3_n00000043,43,1722,gmres,7,3,779708,85,5614802,6394595,45,0,990,1,44,false,0.028241675286193042,0.028241675286193063,1.8139531815834877,124773.37777777777,3260.628339140534,76496896,usr_bin_time_v,61472768,447475712,32970664,44423.28455284553,0,120,1.0e-8,none,NaN,NaN,false,2026-07-27T18:04:23.814
2,julia,single_thread,1,1,1,openblas:libopenblas64_.so,1,1,1,1000,coupled_singular,coupled_singular/ncore040_k3_n00000043,43,1722,gmres,8,3,755399,272,1165745,1921416,45,0,990,1,44,false,0.028241675286193042,0.028241675286193063,1.8139531815834877,25905.444444444445,676.9715447154472,76496896,usr_bin_time_v,61472768,447475712,37866512,44423.28455284553,0,120,1.0e-8,none,NaN,NaN,false,2026-07-27T18:04:23.816
2,julia,single_thread,1,1,1,openblas:libopenblas64_.so,1,1,1,1000,coupled_singular,coupled_singular/ncore040_k3_n00000043,43,1722,gmres,9,3,739778,150,1306339,2046267,45,0,990,1,44,false,0.028241675286193042,0.028241675286193063,1.8139531815834877,29029.755555555555,758.6173054587689,76496896,usr_bin_time_v,61472768,447475712,42762360,44423.28455284553,0,120,1.0e-8,none,NaN,NaN,false,2026-07-27T18:04:23.818
2,julia,single_thread,1,1,1,openblas:libopenblas64_.so,1,1,1,1000,coupled_singular,coupled_singular/ncore040_k3_n00000043,43,1722,gmres,10,3,776187,42,1142971,1919200,45,0,990,1,44,false,0.028241675286193042,0.028241675286193063,1.8139531815834877,25399.355555555554,663.7462253193961,76496896,usr_bin_time_v,61472768,447475712,47658208,44423.28455284553,0,120,1.0e-8,none,NaN,NaN,false,2026-07-27T18:04:23.820
2,julia,single_thread,1,1,1,openblas:libopenblas64_.so,1,1,1,1002,similarity_singular,similarity_singular/ncore040_k3_n00000043,43,1849,gmres,1,3,798753,260,1171091,1970104,44,0,946,1,43,false,0.27108046622028686,0.27108046622028714,0.596602670632607,26615.704545454544,633.3645213628988,77938688,usr_bin_time_v,62246912,447475712,51902808,42151.80530016225,0,120,1.0e-8,none,NaN,NaN,false,2026-07-27T18:05:13.758
2,julia,single_thread,1,1,1,openblas:libopenblas64_.so,1,1,1,1002,similarity_singular,similarity_singular/ncore040_k3_n00000043,43,1849,gmres,2,3,861715,259,1135338,1997312,44,0,946,1,43,false,0.27108046622028686,0.27108046622028714,0.596602670632607,25803.136363636364,614.0281233098973,77938688,usr_bin_time_v,62255104,447475712,56656144,42151.80530016225,0,120,1.0e-8,none,NaN,NaN,false,2026-07-27T18:05:13.760
2,julia,single_thread,1,1,1,openblas:libopenblas64_.so,1,1,1,1002,similarity_singular,similarity_singular/ncore040_k3_n00000043,43,1849,gmres,3,3,856837,161,1275734,2132732,44,0,946,1,43,false,0.27108046622028686,0.27108046622028714,0.596602670632607,28993.954545454544,689.9588967009195,77938688,usr_bin_time_v,62255104,447475712,62887808,42151.80530016225,0,120,1.0e-8,none,NaN,NaN,false,2026-07-27T18:05:13.787
2,julia,single_thread,1,1,1,openblas:libopenblas64_.so,1,1,1,1002,similarity_singular,similarity_singular/ncore040_k3_n00000043,43,1849,gmres,4,3,811868,65,1063769,1875702,44,0,946,1,43,false,0.27108046622028686,0.27108046622028714,0.596602670632607,24176.56818181818,575.3212547322877,77938688,usr_bin_time_v,62259200,447475712,67637000,42151.80530016225,0,120,1.0e-8,none,NaN,NaN,false,2026-07-27T18:05:13.789
2,julia,single_thread,1,1,1,openblas:libopenblas64_.so,1,1,1,1002,similarity_singular,similarity_singular/ncore040_k3_n00000043,43,1849,gmres,5,3,798400,30,1046986,1845416,44,0,946,1,43,false,0.27108046622028686,0.27108046622028714,0.596602670632607,23795.136363636364,566.2444564629529,77938688,usr_bin_time_v,62259200,447475712,72386288,42151.80530016225,0,120,1.0e-8,none,NaN,NaN,false,2026-07-27T18:05:13.791
2,julia,single_thread,1,1,1,openblas:libopenblas64_.so,1,1,1,1002,similarity_singular,similarity_singular/ncore040_k3_n00000043,43,1849,gmres,6,3,820610,27,1155479,1976116,44,0,946,1,43,false,0.27108046622028686,0.27108046622028714,0.596602670632607,26260.886363636364,624.9210383991347,77938688,usr_bin_time_v,62263296,447475712,77135480,42151.80530016225,0,120,1.0e-8,none,NaN,NaN,false,2026-07-27T18:05:13.793
2,julia,single_thread,1,1,1,openblas:libopenblas64_.so,1,1,1,1002,similarity_singular,similarity_singular/ncore040_k3_n00000043,43,1849,gmres,7,3,783473,261,5537995,6321729,44,0,946,1,43,false,0.27108046622028686,0.27108046622028714,0.596602670632607,125863.52272727272,2995.1297998918335,77938688,usr_bin_time_v,62267392,447475712,30463432,42151.80530016225,0,120,1.0e-8,none,NaN,NaN,false,2026-07-27T18:05:13.800
2,julia,single_thread,1,1,1,openblas:libopenblas64_.so,1,1,1,1002,similarity_singular,similarity_singular/ncore040_k3_n00000043,43,1849,gmres,8,3,785383,175,1097970,1883528,44,0,946,1,43,false,0.27108046622028686,0.27108046622028714,0.596602670632607,24953.863636363636,593.8182801514332,77938688,usr_bin_time_v,62267392,447475712,35212688,42151.80530016225,0,120,1.0e-8,none,NaN,NaN,false,2026-07-27T18:05:13.802
2,julia,single_thread,1,1,1,openblas:libopenblas64_.so,1,1,1,1002,similarity_singular,similarity_singular/ncore040_k3_n00000043,43,1849,gmres,9,3,796341,116,1084243,1880700,44,0,946,1,43,false,0.27108046622028686,0.27108046622028714,0.596602670632607,24641.886363636364,586.394267171444,77938688,usr_bin_time_v,62267392,447475712,39961880,42151.80530016225,0,120,1.0e-8,none,NaN,NaN,false,2026-07-27T18:05:13.804
2,julia,single_thread,1,1,1,openblas:libopenblas64_.so,1,1,1,1002,similarity_singular,similarity_singular/ncore040_k3_n00000043,43,1849,gmres,10,3,781224,103,1072107,1853434,44,0,946,1,43,false,0.27108046622028686,0.27108046622028714,0.596602670632607,24366.06818181818,579.830719307734,77938688,usr_bin_time_v,62267392,447475712,44711072,42151.80530016225,0,120,1.0e-8,none,NaN,NaN,false,2026-07-27T18:05:13.806
2,python,single_thread,1,1,1,scipy-openblas:0.3.31.188.0,1,1,1,1000,coupled_singular,coupled_singular/ncore040_k3_n00000043,43,1722,gmres,1,3,1190164,1425,5905125,7096714,45,0,990,1,44,false,0.02824167528619306,0.028241675286193063,1.8128852780075133,131225.0,3429.224738675958,2424832,usr_bin_time_v,1327104,49422336,NaN,1408.1486643437863,0,120,1e-08,none,NaN,NaN,false,2026-07-27T18:05:14.183196+00:00
2,python,single_thread,1,1,1,scipy-openblas:0.3.31.188.0,1,1,1,1000,coupled_singular,coupled_singular/ncore040_k3_n00000043,43,1722,gmres,2,3,1169272,863,5879263,7049398,45,0,990,1,44,false,0.02824167528619306,0.028241675286193063,1.8128852780075133,130650.28888888888,3414.206155632985,2424832,usr_bin_time_v,1331200,49422336,NaN,1408.1486643437863,0,120,1e-08,none,NaN,NaN,false,2026-07-27T18:05:14.183196+00:00
2,python,single_thread,1,1,1,scipy-openblas:0.3.31.188.0,1,1,1,1000,coupled_singular,coupled_singular/ncore040_k3_n00000043,43,1722,gmres,3,3,1198977,765,5941983,7141725,45,0,990,1,44,false,0.02824167528619306,0.028241675286193063,1.8128852780075133,132044.06666666668,3450.6289198606273,2424832,usr_bin_time_v,1339392,49422336,NaN,1408.1486643437863,0,120,1e-08,none,NaN,NaN,false,2026-07-27T18:05:14.183196+00:00
2,python,single_thread,1,1,1,scipy-openblas:0.3.31.188.0,1,1,1,1000,coupled_singular,coupled_singular/ncore040_k3_n00000043,43,1722,gmres,4,3,1161933,889,5936053,7098875,45,0,990,1,44,false,0.02824167528619306,0.028241675286193063,1.8128852780075133,131912.2888888889,3447.18524970964,2424832,usr_bin_time_v,1343488,49422336,NaN,1408.1486643437863,0,120,1e-08,none,NaN,NaN,false,2026-07-27T18:05:14.183196+00:00
2,python,single_thread,1,1,1,scipy-openblas:0.3.31.188.0,1,1,1,1000,coupled_singular,coupled_singular/ncore040_k3_n00000043,43,1722,gmres,5,3,1146232,809,5895385,7042426,45,0,990,1,44,false,0.02824167528619306,0.028241675286193063,1.8128852780075133,131008.55555555556,3423.568524970964,2424832,usr_bin_time_v,1343488,49422336,NaN,1408.1486643437863,0,120,1e-08,none,NaN,NaN,false,2026-07-27T18:05:14.183196+00:00
2,python,single_thread,1,1,1,scipy-openblas:0.3.31.188.0,1,1,1,1000,coupled_singular,coupled_singular/ncore040_k3_n00000043,43,1722,gmres,6,3,1148858,1063,5937834,7087755,45,0,990,1,44,false,0.02824167528619306,0.028241675286193063,1.8128852780075133,131951.86666666667,3448.2195121951218,2424832,usr_bin_time_v,1343488,49422336,NaN,1408.1486643437863,0,120,1e-08,none,NaN,NaN,false,2026-07-27T18:05:14.183196+00:00
2,python,single_thread,1,1,1,scipy-openblas:0.3.31.188.0,1,1,1,1000,coupled_singular,coupled_singular/ncore040_k3_n00000043,43,1722,gmres,7,3,1128084,921,5907350,7036355,45,0,990,1,44,false,0.02824167528619306,0.028241675286193063,1.8128852780075133,131274.44444444444,3430.5168408826944,2424832,usr_bin_time_v,1347584,49422336,NaN,1408.1486643437863,0,120,1e-08,none,NaN,NaN,false,2026-07-27T18:05:14.183196+00:00
2,python,single_thread,1,1,1,scipy-openblas:0.3.31.188.0,1,1,1,1000,coupled_singular,coupled_singular/ncore040_k3_n00000043,43,1722,gmres,8,3,1140024,947,5935932,7076903,45,0,990,1,44,false,0.02824167528619306,0.028241675286193063,1.8128852780075133,131909.6,3447.1149825783973,2424832,usr_bin_time_v,1351680,49422336,NaN,1408.1486643437863,0,120,1e-08,none,NaN,NaN,false,2026-07-27T18:05:14.183196+00:00
2,python,single_thread,1,1,1,scipy-openblas:0.3.31.188.0,1,1,1,1000,coupled_singular,coupled_singular/ncore040_k3_n00000043,43,1722,gmres,9,3,1089205,844,5972988,7063037,45,0,990,1,44,false,0.02824167528619306,0.028241675286193063,1.8128852780075133,132733.06666666668,3468.6341463414633,2424832,usr_bin_time_v,1355776,49422336,NaN,1408.1486643437863,0,120,1e-08,none,NaN,NaN,false,2026-07-27T18:05:14.183196+00:00
2,python,single_thread,1,1,1,scipy-openblas:0.3.31.188.0,1,1,1,1000,coupled_singular,coupled_singular/ncore040_k3_n00000043,43,1722,gmres,10,3,1099254,1038,6009375,7109667,45,0,990,1,44,false,0.02824167528619306,0.028241675286193063,1.8128852780075133,133541.66666666666,3489.7648083623694,2424832,usr_bin_time_v,1355776,49422336,NaN,1408.1486643437863,0,120,1e-08,none,NaN,NaN,false,2026-07-27T18:05:14.183196+00:00
2,julia,single_thread,1,1,1,openblas:libopenblas64_.so,1,1,1,1002,coupled_singular,coupled_singular/ncore040_k3_n00000043,43,1722,dgmres,1,3,721559,232,31081944,31803735,2624,0,820,1,40,true,1.4885847980782589e-15,0.30584372979986846,1.0358687538949454e-14,11845.253048780487,18049.909407665506,68567040,usr_bin_time_v,59838464,447475712,36751608,39818.25783972126,3,120,1.0e-8,none,NaN,NaN,false,2026-07-27T18:05:23.320
2,julia,single_thread,1,1,1,openblas:libopenblas64_.so,1,1,1,1002,coupled_singular,coupled_singular/ncore040_k3_n00000043,43,1722,dgmres,2,3,821413,243,3611289,4432945,2624,0,820,1,40,true,1.4885847980782589e-15,0.30584372979986846,1.0358687538949454e-14,1376.2534298780488,2097.1480836236933,68567040,usr_bin_time_v,59838464,447475712,44389104,39818.25783972126,3,120,1.0e-8,none,NaN,NaN,false,2026-07-27T18:05:23.349
2,julia,single_thread,1,1,1,openblas:libopenblas64_.so,1,1,1,1002,coupled_singular,coupled_singular/ncore040_k3_n00000043,43,1722,dgmres,3,3,799586,236,3751689,4551511,2624,0,820,1,40,true,1.4885847980782589e-15,0.30584372979986846,1.0358687538949454e-14,1429.7595274390244,2178.6811846689898,68567040,usr_bin_time_v,59838464,447475712,50539984,39818.25783972126,3,120,1.0e-8,none,NaN,NaN,false,2026-07-27T18:05:23.354
2,julia,single_thread,1,1,1,openblas:libopenblas64_.so,1,1,1,1002,coupled_singular,coupled_singular/ncore040_k3_n00000043,43,1722,dgmres,4,3,801997,368,3713498,4515863,2624,0,820,1,40,true,1.4885847980782589e-15,0.30584372979986846,1.0358687538949454e-14,1415.2050304878048,2156.5029036004644,68567040,usr_bin_time_v,59838464,447475712,56690864,39818.25783972126,3,120,1.0e-8,none,NaN,NaN,false,2026-07-27T18:05:23.359
2,julia,single_thread,1,1,1,openblas:libopenblas64_.so,1,1,1,1002,coupled_singular,coupled_singular/ncore040_k3_n00000043,43,1722,dgmres,5,3,793876,142,3765774,4559792,2624,0,820,1,40,true,1.4885847980782589e-15,0.30584372979986846,1.0358687538949454e-14,1435.127286585366,2186.8606271777003,68567040,usr_bin_time_v,59838464,447475712,62841840,39818.25783972126,3,120,1.0e-8,none,NaN,NaN,false,2026-07-27T18:05:23.363
2,julia,single_thread,1,1,1,openblas:libopenblas64_.so,1,1,1,1002,coupled_singular,coupled_singular/ncore040_k3_n00000043,43,1722,dgmres,6,3,788820,196,3713809,4502825,2624,0,820,1,40,true,1.4885847980782589e-15,0.30584372979986846,1.0358687538949454e-14,1415.3235518292684,2156.6835075493614,68567040,usr_bin_time_v,59838464,447475712,68992720,39818.25783972126,3,120,1.0e-8,none,NaN,NaN,false,2026-07-27T18:05:23.368
2,julia,single_thread,1,1,1,openblas:libopenblas64_.so,1,1,1,1002,coupled_singular,coupled_singular/ncore040_k3_n00000043,43,1722,dgmres,7,3,783899,90,96929796,97713785,2624,0,820,1,40,true,1.4885847980782589e-15,0.30584372979986846,1.0358687538949454e-14,36939.70884146341,56289.080139372825,68567040,usr_bin_time_v,59838464,447475712,13105528,39818.25783972126,3,120,1.0e-8,none,NaN,NaN,false,2026-07-27T18:05:23.466
2,julia,single_thread,1,1,1,openblas:libopenblas64_.so,1,1,1,1002,coupled_singular,coupled_singular/ncore040_k3_n00000043,43,1722,dgmres,8,3,751870,225,3306363,4058458,2624,0,820,1,40,true,1.4885847980782589e-15,0.30584372979986846,1.0358687538949454e-14,1260.046875,1920.0714285714287,68567040,usr_bin_time_v,59838464,447475712,19256408,39818.25783972126,3,120,1.0e-8,none,NaN,NaN,false,2026-07-27T18:05:23.470
2,julia,single_thread,1,1,1,openblas:libopenblas64_.so,1,1,1,1002,coupled_singular,coupled_singular/ncore040_k3_n00000043,43,1722,dgmres,9,3,748624,141,3285619,4034384,2624,0,820,1,40,true,1.4885847980782589e-15,0.30584372979986846,1.0358687538949454e-14,1252.141387195122,1908.0249709639954,68567040,usr_bin_time_v,59838464,447475712,25407352,39818.25783972126,3,120,1.0e-8,none,NaN,NaN,false,2026-07-27T18:05:23.474
2,julia,single_thread,1,1,1,openblas:libopenblas64_.so,1,1,1,1002,coupled_singular,coupled_singular/ncore040_k3_n00000043,43,1722,dgmres,10,3,764631,356,3255712,4020699,2624,0,820,1,40,true,1.4885847980782589e-15,0.30584372979986846,1.0358687538949454e-14,1240.7439024390244,1890.65737514518,68567040,usr_bin_time_v,59838464,447475712,31558232,39818.25783972126,3,120,1.0e-8,none,NaN,NaN,false,2026-07-27T18:05:23.478
2,julia,single_thread,1,1,1,openblas:libopenblas64_.so,1,1,1,1000,similarity_singular,similarity_singular/ncore040_k3_n00000043,43,1849,dgmres,1,3,787357,238,30213689,31001284,2624,0,820,1,40,true,9.271039546818537e-16,0.42862091924553086,1.2044617396668503e-14,11514.36318597561,16340.556517036235,72400896,usr_bin_time_v,63332352,447475712,37426800,39156.78528934559,3,120,1.0e-8,none,NaN,NaN,false,2026-07-27T18:05:35.752
2,julia,single_thread,1,1,1,openblas:libopenblas64_.so,1,1,1,1000,similarity_singular,similarity_singular/ncore040_k3_n00000043,43,1849,dgmres,2,3,847695,163,3816865,4664723,2624,0,820,1,40,true,9.271039546818537e-16,0.42862091924553086,1.2044617396668503e-14,1454.5979420731708,2064.286100594916,72400896,usr_bin_time_v,63332352,447475712,43632688,39156.78528934559,3,120,1.0e-8,none,NaN,NaN,false,2026-07-27T18:05:35.756
2,julia,single_thread,1,1,1,openblas:libopenblas64_.so,1,1,1,1000,similarity_singular,similarity_singular/ncore040_k3_n00000043,43,1849,dgmres,3,3,810083,91,3895656,4705830,2624,0,820,1,40,true,9.271039546818537e-16,0.42862091924553086,1.2044617396668503e-14,1484.625,2106.8988642509466,72400896,usr_bin_time_v,63332352,447475712,49834432,39156.78528934559,3,120,1.0e-8,none,NaN,NaN,false,2026-07-27T18:05:35.761
2,julia,single_thread,1,1,1,openblas:libopenblas64_.so,1,1,1,1000,similarity_singular,similarity_singular/ncore040_k3_n00000043,43,1849,dgmres,4,3,826680,126,3759074,4585880,2624,0,820,1,40,true,9.271039546818537e-16,0.42862091924553086,1.2044617396668503e-14,1432.5739329268292,2033.0308274743104,72400896,usr_bin_time_v,63332352,447475712,56036176,39156.78528934559,3,120,1.0e-8,none,NaN,NaN,false,2026-07-27T18:05:35.766
2,julia,single_thread,1,1,1,openblas:libopenblas64_.so,1,1,1,1000,similarity_singular,similarity_singular/ncore040_k3_n00000043,43,1849,dgmres,5,3,822338,164,3847637,4670139,2624,0,820,1,40,true,9.271039546818537e-16,0.42862091924553086,1.2044617396668503e-14,1466.325076219512,2080.928610059492,72400896,usr_bin_time_v,63332352,447475712,62238016,39156.78528934559,3,120,1.0e-8,none,NaN,NaN,false,2026-07-27T18:05:35.771
2,julia,single_thread,1,1,1,openblas:libopenblas64_.so,1,1,1,1000,similarity_singular,similarity_singular/ncore040_k3_n00000043,43,1849,dgmres,6,3,821463,399,4071967,4893829,2624,0,820,1,40,true,9.271039546818537e-16,0.42862091924553086,1.2044617396668503e-14,1551.8166920731708,2202.2536506219576,72400896,usr_bin_time_v,63332352,447475712,68439760,39156.78528934559,3,120,1.0e-8,none,NaN,NaN,false,2026-07-27T18:05:35.776
2,julia,single_thread,1,1,1,openblas:libopenblas64_.so,1,1,1,1000,similarity_singular,similarity_singular/ncore040_k3_n00000043,43,1849,dgmres,7,3,92648886,456,3410047,96059389,2624,0,820,1,40,true,9.271039546818537e-16,0.42862091924553086,1.2044617396668503e-14,1299.5605945121952,1844.265548945376,72400896,usr_bin_time_v,63332352,447475712,14028560,39156.78528934559,3,120,1.0e-8,none,NaN,NaN,false,2026-07-27T18:05:35.872
2,julia,single_thread,1,1,1,openblas:libopenblas64_.so,1,1,1,1000,similarity_singular,similarity_singular/ncore040_k3_n00000043,43,1849,dgmres,8,3,786793,164,3368888,4155845,2624,0,820,1,40,true,9.271039546818537e-16,0.42862091924553086,1.2044617396668503e-14,1283.875,1822.0054083288264,72400896,usr_bin_time_v,63332352,447475712,20230304,39156.78528934559,3,120,1.0e-8,none,NaN,NaN,false,2026-07-27T18:05:35.876
2,julia,single_thread,1,1,1,openblas:libopenblas64_.so,1,1,1,1000,similarity_singular,similarity_singular/ncore040_k3_n00000043,43,1849,dgmres,9,3,777335,72,3436843,4214250,2624,0,820,1,40,true,9.271039546818537e-16,0.42862091924553086,1.2044617396668503e-14,1309.7724847560976,1858.7577068685775,72400896,usr_bin_time_v,63332352,447475712,26432048,39156.78528934559,3,120,1.0e-8,none,NaN,NaN,false,2026-07-27T18:05:35.881
2,julia,single_thread,1,1,1,openblas:libopenblas64_.so,1,1,1,1000,similarity_singular,similarity_singular/ncore040_k3_n00000043,43,1849,dgmres,10,3,787854,211,3455299,4243364,2624,0,820,1,40,true,9.271039546818537e-16,0.42862091924553086,1.2044617396668503e-14,1316.8060213414635,1868.739318550568,72400896,usr_bin_time_v,63332352,447475712,32633792,39156.78528934559,3,120,1.0e-8,none,NaN,NaN,false,2026-07-27T18:05:35.885
2,julia,single_thread,1,1,1,openblas:libopenblas64_.so,1,1,1,1001,coupled_singular,coupled_singular/ncore040_k3_n00000043,43,1722,gmres,1,3,732676,228,1168515,1901419,45,0,990,1,44,false,0.043603019600712695,0.043603019600712695,0.8125269800870517,25967.0,678.5801393728223,74575872,usr_bin_time_v,58990592,447475712,55966400,43307.70731707317,0,120,1.0e-8,none,NaN,NaN,false,2026-07-27T18:06:03.940
2,julia,single_thread,1,1,1,openblas:libopenblas64_.so,1,1,1,1001,coupled_singular,coupled_singular/ncore040_k3_n00000043,43,1722,gmres,2,3,756258,184,1203613,1960055,45,0,990,1,44,false,0.043603019600712695,0.043603019600712695,0.8125269800870517,26746.955555555556,698.9622531939605,74575872,usr_bin_time_v,59002880,447475712,62348864,43307.70731707317,0,120,1.0e-8,none,NaN,NaN,false,2026-07-27T18:06:03.968
2,julia,single_thread,1,1,1,openblas:libopenblas64_.so,1,1,1,1001,coupled_singular,coupled_singular/ncore040_k3_n00000043,43,1722,gmres,3,3,726870,147,1280441,2007458,45,0,990,1,44,false,0.043603019600712695,0.043603019600712695,0.8125269800870517,28454.244444444445,743.5778164924507,74575872,usr_bin_time_v,59002880,447475712,67244712,43307.70731707317,0,120,1.0e-8,none,NaN,NaN,false,2026-07-27T18:06:03.970
2,julia,single_thread,1,1,1,openblas:libopenblas64_.so,1,1,1,1001,coupled_singular,coupled_singular/ncore040_k3_n00000043,43,1722,gmres,4,3,741643,55,1148880,1890578,45,0,990,1,44,false,0.043603019600712695,0.043603019600712695,0.8125269800870517,25530.666666666668,667.177700348432,74575872,usr_bin_time_v,59002880,447475712,72140624,43307.70731707317,0,120,1.0e-8,none,NaN,NaN,false,2026-07-27T18:06:03.972
2,julia,single_thread,1,1,1,openblas:libopenblas64_.so,1,1,1,1001,coupled_singular,coupled_singular/ncore040_k3_n00000043,43,1722,gmres,5,3,737206,27,1137197,1874430,45,0,990,1,44,false,0.043603019600712695,0.043603019600712695,0.8125269800870517,25271.044444444444,660.3931475029036,74575872,usr_bin_time_v,59002880,447475712,77036568,43307.70731707317,0,120,1.0e-8,none,NaN,NaN,false,2026-07-27T18:06:03.974
2,julia,single_thread,1,1,1,openblas:libopenblas64_.so,1,1,1,1001,coupled_singular,coupled_singular/ncore040_k3_n00000043,43,1722,gmres,6,3,753482,103,5655867,6409452,45,0,990,1,44,false,0.043603019600712695,0.043603019600712695,0.8125269800870517,125685.93333333333,3284.4756097560976,74575872,usr_bin_time_v,59002880,447475712,30243272,43307.70731707317,0,120,1.0e-8,none,NaN,NaN,false,2026-07-27T18:06:03.980
2,julia,single_thread,1,1,1,openblas:libopenblas64_.so,1,1,1,1001,coupled_singular,coupled_singular/ncore040_k3_n00000043,43,1722,gmres,7,3,735065,137,1148244,1883446,45,0,990,1,44,false,0.043603019600712695,0.043603019600712695,0.8125269800870517,25516.533333333333,666.8083623693379,74575872,usr_bin_time_v,59002880,447475712,35139184,43307.70731707317,0,120,1.0e-8,none,NaN,NaN,false,2026-07-27T18:06:03.982
2,julia,single_thread,1,1,1,openblas:libopenblas64_.so,1,1,1,1001,coupled_singular,coupled_singular/ncore040_k3_n00000043,43,1722,gmres,8,3,726456,136,1315546,2042138,45,0,990,1,44,false,0.043603019600712695,0.043603019600712695,0.8125269800870517,29234.355555555554,763.9639953542393,74575872,usr_bin_time_v,59002880,447475712,40035032,43307.70731707317,0,120,1.0e-8,none,NaN,NaN,false,2026-07-27T18:06:03.985
2,julia,single_thread,1,1,1,openblas:libopenblas64_.so,1,1,1,1001,coupled_singular,coupled_singular/ncore040_k3_n00000043,43,1722,gmres,9,3,757513,37,1205210,1962760,45,0,990,1,44,false,0.043603019600712695,0.043603019600712695,0.8125269800870517,26782.444444444445,699.8896631823461,74575872,usr_bin_time_v,59002880,447475712,44930880,43307.70731707317,0,120,1.0e-8,none,NaN,NaN,false,2026-07-27T18:06:03.987
2,julia,single_thread,1,1,1,openblas:libopenblas64_.so,1,1,1,1001,coupled_singular,coupled_singular/ncore040_k3_n00000043,43,1722,gmres,10,3,737594,242,1150765,1888601,45,0,990,1,44,false,0.043603019600712695,0.043603019600712695,0.8125269800870517,25572.555555555555,668.2723577235772,74575872,usr_bin_time_v,59002880,447475712,49826728,43307.70731707317,0,120,1.0e-8,none,NaN,NaN,false,2026-07-27T18:06:03.989
2,python,single_thread,1,1,1,scipy-openblas:0.3.31.188.0,1,1,1,1000,similarity_singular,similarity_singular/ncore040_k3_n00000043,43,1849,dgmres,1,3,1276220,1140,6774239,8051599,2624,0,820,1,40,true,2.718941834627574e-15,0.4286209192455284,1.1267860758599768e-14,2581.6459603658536,3663.731206057328,2310144,usr_bin_time_v,1286144,49422336,NaN,1249.401838831801,3,120,1e-08,none,NaN,NaN,false,2026-07-27T18:06:08.664061+00:00
2,python,single_thread,1,1,1,scipy-openblas:0.3.31.188.0,1,1,1,1000,similarity_singular,similarity_singular/ncore040_k3_n00000043,43,1849,dgmres,2,3,1266902,963,6704882,7972747,2624,0,820,1,40,true,2.718941834627574e-15,0.4286209192455284,1.1267860758599768e-14,2555.214176829268,3626.220659816117,2310144,usr_bin_time_v,1306624,49422336,NaN,1249.401838831801,3,120,1e-08,none,NaN,NaN,false,2026-07-27T18:06:08.664061+00:00
2,python,single_thread,1,1,1,scipy-openblas:0.3.31.188.0,1,1,1,1000,similarity_singular,similarity_singular/ncore040_k3_n00000043,43,1849,dgmres,3,3,1317342,1187,6697496,8016025,2624,0,820,1,40,true,2.718941834627574e-15,0.4286209192455284,1.1267860758599768e-14,2552.3993902439024,3622.2260681449434,2310144,usr_bin_time_v,1310720,49422336,NaN,1249.401838831801,3,120,1e-08,none,NaN,NaN,false,2026-07-27T18:06:08.664061+00:00
2,python,single_thread,1,1,1,scipy-openblas:0.3.31.188.0,1,1,1,1000,similarity_singular,similarity_singular/ncore040_k3_n00000043,43,1849,dgmres,4,3,1256516,1060,6752302,8009878,2624,0,820,1,40,true,2.718941834627574e-15,0.4286209192455284,1.1267860758599768e-14,2573.285823170732,3651.8669551108705,2310144,usr_bin_time_v,1314816,49422336,NaN,1249.401838831801,3,120,1e-08,none,NaN,NaN,false,2026-07-27T18:06:08.664061+00:00
2,python,single_thread,1,1,1,scipy-openblas:0.3.31.188.0,1,1,1,1000,similarity_singular,similarity_singular/ncore040_k3_n00000043,43,1849,dgmres,5,3,1262094,1075,6728712,7991881,2624,0,820,1,40,true,2.718941834627574e-15,0.4286209192455284,1.1267860758599768e-14,2564.295731707317,3639.1087074094103,2310144,usr_bin_time_v,1314816,49422336,NaN,1249.401838831801,3,120,1e-08,none,NaN,NaN,false,2026-07-27T18:06:08.664061+00:00
2,python,single_thread,1,1,1,scipy-openblas:0.3.31.188.0,1,1,1,1000,similarity_singular,similarity_singular/ncore040_k3_n00000043,43,1849,dgmres,6,3,1231830,993,6771915,8004738,2624,0,820,1,40,true,2.718941834627574e-15,0.4286209192455284,1.1267860758599768e-14,2580.7602896341464,3662.4743104380746,2310144,usr_bin_time_v,1314816,49422336,NaN,1249.401838831801,3,120,1e-08,none,NaN,NaN,false,2026-07-27T18:06:08.664061+00:00
2,python,single_thread,1,1,1,scipy-openblas:0.3.31.188.0,1,1,1,1000,similarity_singular,similarity_singular/ncore040_k3_n00000043,43,1849,dgmres,7,3,1228394,1021,6711735,7941150,2624,0,820,1,40,true,2.718941834627574e-15,0.4286209192455284,1.1267860758599768e-14,2557.8258384146343,3629.926987560844,2310144,usr_bin_time_v,1318912,49422336,NaN,1249.401838831801,3,120,1e-08,none,NaN,NaN,false,2026-07-27T18:06:08.664061+00:00
2,python,single_thread,1,1,1,scipy-openblas:0.3.31.188.0,1,1,1,1000,similarity_singular,similarity_singular/ncore040_k3_n00000043,43,1849,dgmres,8,3,1205860,905,6714210,7920975,2624,0,820,1,40,true,2.718941834627574e-15,0.4286209192455284,1.1267860758599768e-14,2558.769054878049,3631.265548945376,2310144,usr_bin_time_v,1323008,49422336,NaN,1249.401838831801,3,120,1e-08,none,NaN,NaN,false,2026-07-27T18:06:08.664061+00:00
2,python,single_thread,1,1,1,scipy-openblas:0.3.31.188.0,1,1,1,1000,similarity_singular,similarity_singular/ncore040_k3_n00000043,43,1849,dgmres,9,3,1200804,927,6775751,7977482,2624,0,820,1,40,true,2.718941834627574e-15,0.4286209192455284,1.1267860758599768e-14,2582.222179878049,3664.5489453758787,2310144,usr_bin_time_v,1327104,49422336,NaN,1249.401838831801,3,120,1e-08,none,NaN,NaN,false,2026-07-27T18:06:08.664061+00:00
2,python,single_thread,1,1,1,scipy-openblas:0.3.31.188.0,1,1,1,1000,similarity_singular,similarity_singular/ncore040_k3_n00000043,43,1849,dgmres,10,3,1190524,965,6690062,7881551,2624,0,820,1,40,true,2.718941834627574e-15,0.4286209192455284,1.1267860758599768e-14,2549.5663109756097,3618.205516495403,2310144,usr_bin_time_v,1331200,49422336,NaN,1249.401838831801,3,120,1e-08,none,NaN,NaN,false,2026-07-27T18:06:08.664061+00:00
2,julia,single_thread,1,1,1,openblas:libopenblas64_.so,1,1,1,1002,blockdiag_high_index_singular,blockdiag_high_index_singular/ncore040_k5_n00000045,45,1604,dgmres,1,3,754345,326,5147331,5902002,4346,0,820,1,40,true,1.0419640842650478e-15,0.13395791285635228,3.045206477193166e-14,1184.383571099862,3209.0592269326685,70881280,usr_bin_time_v,61378560,447475712,43326696,44190.32418952618,5,120,1.0e-8,none,NaN,NaN,false,2026-07-27T18:06:43.805
2,julia,single_thread,1,1,1,openblas:libopenblas64_.so,1,1,1,1002,blockdiag_high_index_singular,blockdiag_high_index_singular/ncore040_k5_n00000045,45,1604,dgmres,2,3,788560,155,5136878,5925593,4346,0,820,1,40,true,1.0419640842650478e-15,0.13395791285635228,3.045206477193166e-14,1181.9783709157846,3202.5423940149626,70881280,usr_bin_time_v,61378560,447475712,50276072,44190.32418952618,5,120,1.0e-8,none,NaN,NaN,false,2026-07-27T18:06:43.811
2,julia,single_thread,1,1,1,openblas:libopenblas64_.so,1,1,1,1002,blockdiag_high_index_singular,blockdiag_high_index_singular/ncore040_k5_n00000045,45,1604,dgmres,3,3,843046,247,5118727,5962020,4346,0,820,1,40,true,1.0419640842650478e-15,0.13395791285635228,3.045206477193166e-14,1177.801886792453,3191.2263092269327,70881280,usr_bin_time_v,61378560,447475712,57221304,44190.32418952618,5,120,1.0e-8,none,NaN,NaN,false,2026-07-27T18:06:43.817
2,julia,single_thread,1,1,1,openblas:libopenblas64_.so,1,1,1,1002,blockdiag_high_index_singular,blockdiag_high_index_singular/ncore040_k5_n00000045,45,1604,dgmres,4,3,740089,113,5115061,5855263,4346,0,820,1,40,true,1.0419640842650478e-15,0.13395791285635228,3.045206477193166e-14,1176.9583525080534,3188.9407730673315,70881280,usr_bin_time_v,61378560,447475712,64166536,44190.32418952618,5,120,1.0e-8,none,NaN,NaN,false,2026-07-27T18:06:43.823
2,julia,single_thread,1,1,1,openblas:libopenblas64_.so,1,1,1,1002,blockdiag_high_index_singular,blockdiag_high_index_singular/ncore040_k5_n00000045,45,1604,dgmres,5,3,736265,185,95467781,96204231,4346,0,820,1,40,true,1.0419640842650478e-15,0.13395791285635228,3.045206477193166e-14,21966.815692590888,59518.566708229424,70881280,usr_bin_time_v,61378560,447475712,11750344,44190.32418952618,5,120,1.0e-8,none,NaN,NaN,false,2026-07-27T18:06:43.919
2,julia,single_thread,1,1,1,openblas:libopenblas64_.so,1,1,1,1002,blockdiag_high_index_singular,blockdiag_high_index_singular/ncore040_k5_n00000045,45,1604,dgmres,6,3,705900,129,4540406,5246435,4346,0,820,1,40,true,1.0419640842650478e-15,0.13395791285635228,3.045206477193166e-14,1044.7321675103544,2830.6770573566087,70881280,usr_bin_time_v,61378560,447475712,18695576,44190.32418952618,5,120,1.0e-8,none,NaN,NaN,false,2026-07-27T18:06:43.925
2,julia,single_thread,1,1,1,openblas:libopenblas64_.so,1,1,1,1002,blockdiag_high_index_singular,blockdiag_high_index_singular/ncore040_k5_n00000045,45,1604,dgmres,7,3,708724,100,4634562,5343386,4346,0,820,1,40,true,1.0419640842650478e-15,0.13395791285635228,3.045206477193166e-14,1066.3971468016566,2889.377805486284,70881280,usr_bin_time_v,61378560,447475712,25640808,44190.32418952618,5,120,1.0e-8,none,NaN,NaN,false,2026-07-27T18:06:43.930
2,julia,single_thread,1,1,1,openblas:libopenblas64_.so,1,1,1,1002,blockdiag_high_index_singular,blockdiag_high_index_singular/ncore040_k5_n00000045,45,1604,dgmres,8,3,761445,178,4603833,5365456,4346,0,820,1,40,true,1.0419640842650478e-15,0.13395791285635228,3.045206477193166e-14,1059.3265071329959,2870.2200748129676,70881280,usr_bin_time_v,61378560,447475712,34068512,44190.32418952618,5,120,1.0e-8,none,NaN,NaN,false,2026-07-27T18:06:43.961
2,julia,single_thread,1,1,1,openblas:libopenblas64_.so,1,1,1,1002,blockdiag_high_index_singular,blockdiag_high_index_singular/ncore040_k5_n00000045,45,1604,dgmres,9,3,712008,259,4738848,5451115,4346,0,820,1,40,true,1.0419640842650478e-15,0.13395791285635228,3.045206477193166e-14,1090.3930050621261,2954.3940149625937,70881280,usr_bin_time_v,61378560,447475712,41013744,44190.32418952618,5,120,1.0e-8,none,NaN,NaN,false,2026-07-27T18:06:43.967
2,julia,single_thread,1,1,1,openblas:libopenblas64_.so,1,1,1,1002,blockdiag_high_index_singular,blockdiag_high_index_singular/ncore040_k5_n00000045,45,1604,dgmres,10,3,725654,147,4788191,5513992,4346,0,820,1,40,true,1.0419640842650478e-15,0.13395791285635228,3.045206477193166e-14,1101.7466635987114,2985.156483790524,70881280,usr_bin_time_v,61378560,447475712,47958976,44190.32418952618,5,120,1.0e-8,none,NaN,NaN,false,2026-07-27T18:06:43.973
2,julia,single_thread,1,1,1,openblas:libopenblas64_.so,1,1,1,1001,similarity_singular,similarity_singular/ncore040_k3_n00000043,43,1849,dgmres,1,3,772917,474,3340324,4113715,2624,0,820,1,40,true,9.3902004030405e-16,0.2706762651455522,2.0318323274004806e-14,1272.9893292682927,1806.5570578691184,76935168,usr_bin_time_v,60448768,447475712,58155448,41609.068685776096,3,120,1.0e-8,none,NaN,NaN,false,2026-07-27T18:06:56.498
2,julia,single_thread,1,1,1,openblas:libopenblas64_.so,1,1,1,1001,similarity_singular,similarity_singular/ncore040_k3_n00000043,43,1849,dgmres,2,3,842708,269,3378181,4221158,2624,0,820,1,40,true,9.3902004030405e-16,0.2706762651455522,2.0318323274004806e-14,1287.4165396341464,1827.0313683071931,76935168,usr_bin_time_v,60456960,447475712,64361336,41609.068685776096,3,120,1.0e-8,none,NaN,NaN,false,2026-07-27T18:06:56.503
2,julia,single_thread,1,1,1,openblas:libopenblas64_.so,1,1,1,1001,similarity_singular,similarity_singular/ncore040_k3_n00000043,43,1849,dgmres,3,3,786766,71,3314641,4101478,2624,0,820,1,40,true,9.3902004030405e-16,0.2706762651455522,2.0318323274004806e-14,1263.201600609756,1792.6668469442943,76935168,usr_bin_time_v,60456960,447475712,70563080,41609.068685776096,3,120,1.0e-8,none,NaN,NaN,false,2026-07-27T18:06:56.507
2,julia,single_thread,1,1,1,openblas:libopenblas64_.so,1,1,1,1001,similarity_singular,similarity_singular/ncore040_k3_n00000043,43,1849,dgmres,4,3,781755,230,3309041,4091026,2624,0,820,1,40,true,9.3902004030405e-16,0.2706762651455522,2.0318323274004806e-14,1261.0674542682927,1789.6381828015144,76935168,usr_bin_time_v,60461056,447475712,76764824,41609.068685776096,3,120,1.0e-8,none,NaN,NaN,false,2026-07-27T18:06:56.511
2,julia,single_thread,1,1,1,openblas:libopenblas64_.so,1,1,1,1001,similarity_singular,similarity_singular/ncore040_k3_n00000043,43,1849,dgmres,5,3,788964,198,7763384,8552546,2624,0,820,1,40,true,9.3902004030405e-16,0.2706762651455522,2.0318323274004806e-14,2958.606707317073,4198.693347755544,76935168,usr_bin_time_v,60461056,447475712,35248096,41609.068685776096,3,120,1.0e-8,none,NaN,NaN,false,2026-07-27T18:06:56.520
2,julia,single_thread,1,1,1,openblas:libopenblas64_.so,1,1,1,1001,similarity_singular,similarity_singular/ncore040_k3_n00000043,43,1849,dgmres,6,3,819845,160,3430920,4250925,2624,0,820,1,40,true,9.3902004030405e-16,0.2706762651455522,2.0318323274004806e-14,1307.5152439024391,1855.5543537047051,76935168,usr_bin_time_v,60461056,447475712,42932312,41609.068685776096,3,120,1.0e-8,none,NaN,NaN,false,2026-07-27T18:06:56.549
2,julia,single_thread,1,1,1,openblas:libopenblas64_.so,1,1,1,1001,similarity_singular,similarity_singular/ncore040_k3_n00000043,43,1849,dgmres,7,3,790327,275,3384574,4175176,2624,0,820,1,40,true,9.3902004030405e-16,0.2706762651455522,2.0318323274004806e-14,1289.8528963414635,1830.4889129259059,76935168,usr_bin_time_v,60461056,447475712,49134056,41609.068685776096,3,120,1.0e-8,none,NaN,NaN,false,2026-07-27T18:06:56.554
2,julia,single_thread,1,1,1,openblas:libopenblas64_.so,1,1,1,1001,similarity_singular,similarity_singular/ncore040_k3_n00000043,43,1849,dgmres,8,3,815813,185,3392667,4208665,2624,0,820,1,40,true,9.3902004030405e-16,0.2706762651455522,2.0318323274004806e-14,1292.9371189024391,1834.8658734451055,76935168,usr_bin_time_v,60461056,447475712,55335800,41609.068685776096,3,120,1.0e-8,none,NaN,NaN,false,2026-07-27T18:06:56.558
2,julia,single_thread,1,1,1,openblas:libopenblas64_.so,1,1,1,1001,similarity_singular,similarity_singular/ncore040_k3_n00000043,43,1849,dgmres,9,3,796675,188,3365994,4162857,2624,0,820,1,40,true,9.3902004030405e-16,0.2706762651455522,2.0318323274004806e-14,1282.7721036585365,1820.4402379664684,76935168,usr_bin_time_v,60461056,447475712,61537544,41609.068685776096,3,120,1.0e-8,none,NaN,NaN,false,2026-07-27T18:06:56.562
2,julia,single_thread,1,1,1,openblas:libopenblas64_.so,1,1,1,1001,similarity_singular,similarity_singular/ncore040_k3_n00000043,43,1849,dgmres,10,3,820871,78,6245235,7066184,2624,0,820,1,40,true,9.3902004030405e-16,0.2706762651455522,2.0318323274004806e-14,2380.043826219512,3377.628447809627,76935168,usr_bin_time_v,60461056,447475712,33228264,41609.068685776096,3,120,1.0e-8,none,NaN,NaN,false,2026-07-27T18:06:56.570
2,python,single_thread,1,1,1,scipy-openblas:0.3.31.188.0,1,1,1,1002,coupled_singular,coupled_singular/ncore040_k3_n00000043,43,1722,dgmres,1,3,1128790,1206,6607192,7737188,2624,0,820,1,40,true,1.8954333071425016e-15,0.30584372979986424,8.769445036702777e-15,2517.984756097561,3836.9291521486643,1994752,usr_bin_time_v,1335296,49422336,NaN,1158.3925667828107,3,120,1e-08,none,NaN,NaN,false,2026-07-27T18:06:56.939438+00:00
2,python,single_thread,1,1,1,scipy-openblas:0.3.31.188.0,1,1,1,1002,coupled_singular,coupled_singular/ncore040_k3_n00000043,43,1722,dgmres,2,3,1155022,1018,6548323,7704363,2624,0,820,1,40,true,1.8954333071425016e-15,0.30584372979986424,8.769445036702777e-15,2495.549923780488,3802.7427409988386,1994752,usr_bin_time_v,1359872,49422336,NaN,1158.3925667828107,3,120,1e-08,none,NaN,NaN,false,2026-07-27T18:06:56.939438+00:00
2,python,single_thread,1,1,1,scipy-openblas:0.3.31.188.0,1,1,1,1002,coupled_singular,coupled_singular/ncore040_k3_n00000043,43,1722,dgmres,3,3,1159296,833,6589550,7749679,2624,0,820,1,40,true,1.8954333071425016e-15,0.30584372979986424,8.769445036702777e-15,2511.2614329268295,3826.684088269454,1994752,usr_bin_time_v,1363968,49422336,NaN,1158.3925667828107,3,120,1e-08,none,NaN,NaN,false,2026-07-27T18:06:56.939438+00:00
2,python,single_thread,1,1,1,scipy-openblas:0.3.31.188.0,1,1,1,1002,coupled_singular,coupled_singular/ncore040_k3_n00000043,43,1722,dgmres,4,3,1125315,1044,6587596,7713955,2624,0,820,1,40,true,1.8954333071425016e-15,0.30584372979986424,8.769445036702777e-15,2510.516768292683,3825.5493612078976,1994752,usr_bin_time_v,1368064,49422336,NaN,1158.3925667828107,3,120,1e-08,none,NaN,NaN,false,2026-07-27T18:06:56.939438+00:00
2,python,single_thread,1,1,1,scipy-openblas:0.3.31.188.0,1,1,1,1002,coupled_singular,coupled_singular/ncore040_k3_n00000043,43,1722,dgmres,5,3,1166437,1128,6583912,7751477,2624,0,820,1,40,true,1.8954333071425016e-15,0.30584372979986424,8.769445036702777e-15,2509.112804878049,3823.4099883855984,1994752,usr_bin_time_v,1368064,49422336,NaN,1158.3925667828107,3,120,1e-08,none,NaN,NaN,false,2026-07-27T18:06:56.939438+00:00
2,python,single_thread,1,1,1,scipy-openblas:0.3.31.188.0,1,1,1,1002,coupled_singular,coupled_singular/ncore040_k3_n00000043,43,1722,dgmres,6,3,1104155,916,6394197,7499268,2624,0,820,1,40,true,1.8954333071425016e-15,0.30584372979986424,8.769445036702777e-15,2436.812881097561,3713.238675958188,1994752,usr_bin_time_v,1368064,49422336,NaN,1158.3925667828107,3,120,1e-08,none,NaN,NaN,false,2026-07-27T18:06:56.939438+00:00
2,python,single_thread,1,1,1,scipy-openblas:0.3.31.188.0,1,1,1,1002,coupled_singular,coupled_singular/ncore040_k3_n00000043,43,1722,dgmres,7,3,1105723,858,6441869,7548450,2624,0,820,1,40,true,1.8954333071425016e-15,0.30584372979986424,8.769445036702777e-15,2454.9805640243903,3740.9227642276423,1994752,usr_bin_time_v,1372160,49422336,NaN,1158.3925667828107,3,120,1e-08,none,NaN,NaN,false,2026-07-27T18:06:56.939438+00:00
2,python,single_thread,1,1,1,scipy-openblas:0.3.31.188.0,1,1,1,1002,coupled_singular,coupled_singular/ncore040_k3_n00000043,43,1722,dgmres,8,3,1100291,1015,6417276,7518582,2624,0,820,1,40,true,1.8954333071425016e-15,0.30584372979986424,8.769445036702777e-15,2445.608231707317,3726.6411149825785,1994752,usr_bin_time_v,1376256,49422336,NaN,1158.3925667828107,3,120,1e-08,none,NaN,NaN,false,2026-07-27T18:06:56.939438+00:00
2,python,single_thread,1,1,1,scipy-openblas:0.3.31.188.0,1,1,1,1002,coupled_singular,coupled_singular/ncore040_k3_n00000043,43,1722,dgmres,9,3,1071880,836,6440368,7513084,2624,0,820,1,40,true,1.8954333071425016e-15,0.30584372979986424,8.769445036702777e-15,2454.4085365853657,3740.0511033681764,1994752,usr_bin_time_v,1380352,49422336,NaN,1158.3925667828107,3,120,1e-08,none,NaN,NaN,false,2026-07-27T18:06:56.939438+00:00
2,python,single_thread,1,1,1,scipy-openblas:0.3.31.188.0,1,1,1,1002,coupled_singular,coupled_singular/ncore040_k3_n00000043,43,1722,dgmres,10,3,1104387,1135,6591561,7697083,2624,0,820,1,40,true,1.8954333071425016e-15,0.30584372979986424,8.769445036702777e-15,2512.027820121951,3827.8519163763067,1994752,usr_bin_time_v,1384448,49422336,NaN,1158.3925667828107,3,120,1e-08,none,NaN,NaN,false,2026-07-27T18:06:56.939438+00:00
2,julia,single_thread,1,1,1,openblas:libopenblas64_.so,1,1,1,1001,blockdiag_high_index_singular,blockdiag_high_index_singular/ncore040_k5_n00000045,45,1604,dgmres,1,3,740277,896,5069647,5810820,4346,0,820,1,40,true,6.671638694407498e-16,0.28651691259025386,6.810204164790198e-14,1166.5087436723425,3160.627805486284,72069120,usr_bin_time_v,63135744,447475712,41273136,44930.87281795511,5,120,1.0e-8,none,NaN,NaN,false,2026-07-27T18:07:23.436
2,julia,single_thread,1,1,1,openblas:libopenblas64_.so,1,1,1,1001,blockdiag_high_index_singular,blockdiag_high_index_singular/ncore040_k5_n00000045,45,1604,dgmres,2,3,888603,359,5155467,6044429,4346,0,820,1,40,true,6.671638694407498e-16,0.28651691259025386,6.810204164790198e-14,1186.2556373676944,3214.1315461346635,72069120,usr_bin_time_v,63135744,447475712,48222512,44930.87281795511,5,120,1.0e-8,none,NaN,NaN,false,2026-07-27T18:07:23.442
2,julia,single_thread,1,1,1,openblas:libopenblas64_.so,1,1,1,1001,blockdiag_high_index_singular,blockdiag_high_index_singular/ncore040_k5_n00000045,45,1604,dgmres,3,3,737861,173,5295835,6033869,4346,0,820,1,40,true,6.671638694407498e-16,0.28651691259025386,6.810204164790198e-14,1218.5538426138978,3301.6427680798006,72069120,usr_bin_time_v,63135744,447475712,55167744,44930.87281795511,5,120,1.0e-8,none,NaN,NaN,false,2026-07-27T18:07:23.449
2,julia,single_thread,1,1,1,openblas:libopenblas64_.so,1,1,1,1001,blockdiag_high_index_singular,blockdiag_high_index_singular/ncore040_k5_n00000045,45,1604,dgmres,4,3,741604,138,5341928,6083670,4346,0,820,1,40,true,6.671638694407498e-16,0.28651691259025386,6.810204164790198e-14,1229.1596870685687,3330.3790523690773,72069120,usr_bin_time_v,63135744,447475712,62112976,44930.87281795511,5,120,1.0e-8,none,NaN,NaN,false,2026-07-27T18:07:23.455
2,julia,single_thread,1,1,1,openblas:libopenblas64_.so,1,1,1,1001,blockdiag_high_index_singular,blockdiag_high_index_singular/ncore040_k5_n00000045,45,1604,dgmres,5,3,751899,184,95479203,96231286,4346,0,820,1,40,true,6.671638694407498e-16,0.28651691259025386,6.810204164790198e-14,21969.443856419697,59525.68765586035,72069120,usr_bin_time_v,63135744,447475712,9611808,44930.87281795511,5,120,1.0e-8,none,NaN,NaN,false,2026-07-27T18:07:23.551
2,julia,single_thread,1,1,1,openblas:libopenblas64_.so,1,1,1,1001,blockdiag_high_index_singular,blockdiag_high_index_singular/ncore040_k5_n00000045,45,1604,dgmres,6,3,711159,66,4531628,5242853,4346,0,820,1,40,true,6.671638694407498e-16,0.28651691259025386,6.810204164790198e-14,1042.7123791992638,2825.204488778055,72069120,usr_bin_time_v,63135744,447475712,16557040,44930.87281795511,5,120,1.0e-8,none,NaN,NaN,false,2026-07-27T18:07:23.557
2,julia,single_thread,1,1,1,openblas:libopenblas64_.so,1,1,1,1001,blockdiag_high_index_singular,blockdiag_high_index_singular/ncore040_k5_n00000045,45,1604,dgmres,7,3,714275,122,4469385,5183782,4346,0,820,1,40,true,6.671638694407498e-16,0.28651691259025386,6.810204164790198e-14,1028.3904739990796,2786.399625935162,72069120,usr_bin_time_v,63135744,447475712,23502272,44930.87281795511,5,120,1.0e-8,none,NaN,NaN,false,2026-07-27T18:07:23.562
2,julia,single_thread,1,1,1,openblas:libopenblas64_.so,1,1,1,1001,blockdiag_high_index_singular,blockdiag_high_index_singular/ncore040_k5_n00000045,45,1604,dgmres,8,3,704547,164,4518233,5222944,4346,0,820,1,40,true,6.671638694407498e-16,0.28651691259025386,6.810204164790198e-14,1039.6302346985733,2816.8534912718205,72069120,usr_bin_time_v,63135744,447475712,30447504,44930.87281795511,5,120,1.0e-8,none,NaN,NaN,false,2026-07-27T18:07:23.567
2,julia,single_thread,1,1,1,openblas:libopenblas64_.so,1,1,1,1001,blockdiag_high_index_singular,blockdiag_high_index_singular/ncore040_k5_n00000045,45,1604,dgmres,9,3,696636,238,4658283,5355157,4346,0,820,1,40,true,6.671638694407498e-16,0.28651691259025386,6.810204164790198e-14,1071.8552692130695,2904.166458852868,72069120,usr_bin_time_v,63135744,447475712,37392736,44930.87281795511,5,120,1.0e-8,none,NaN,NaN,false,2026-07-27T18:07:23.573
2,julia,single_thread,1,1,1,openblas:libopenblas64_.so,1,1,1,1001,blockdiag_high_index_singular,blockdiag_high_index_singular/ncore040_k5_n00000045,45,1604,dgmres,10,3,894948,201,4682129,5577278,4346,0,820,1,40,true,6.671638694407498e-16,0.28651691259025386,6.810204164790198e-14,1077.3421537045558,2919.033042394015,72069120,usr_bin_time_v,63135744,447475712,44337968,44930.87281795511,5,120,1.0e-8,none,NaN,NaN,false,2026-07-27T18:07:23.579
2,python,single_thread,1,1,1,scipy-openblas:0.3.31.188.0,1,1,1,1000,coupled_singular,coupled_singular/ncore040_k3_n00000043,43,1722,dgmres,1,3,1138756,1437,6559204,7699397,2624,0,820,1,40,true,1.857242683107859e-15,1.1538977738234364,6.4400749769917086e-15,2499.6966463414633,3809.061556329849,1900544,usr_bin_time_v,1269760,49422336,NaN,1103.6840882694542,3,120,1e-08,none,NaN,NaN,false,2026-07-27T18:07:31.862607+00:00
2,python,single_thread,1,1,1,scipy-openblas:0.3.31.188.0,1,1,1,1000,coupled_singular,coupled_singular/ncore040_k3_n00000043,43,1722,dgmres,2,3,1161571,1094,6497399,7660064,2624,0,820,1,40,true,1.857242683107859e-15,1.1538977738234364,6.4400749769917086e-15,2476.1429115853657,3773.170150987224,1900544,usr_bin_time_v,1294336,49422336,NaN,1103.6840882694542,3,120,1e-08,none,NaN,NaN,false,2026-07-27T18:07:31.862607+00:00
2,python,single_thread,1,1,1,scipy-openblas:0.3.31.188.0,1,1,1,1000,coupled_singular,coupled_singular/ncore040_k3_n00000043,43,1722,dgmres,3,3,1158178,942,6543648,7702768,2624,0,820,1,40,true,1.857242683107859e-15,1.1538977738234364,6.4400749769917086e-15,2493.768292682927,3800.02787456446,1900544,usr_bin_time_v,1298432,49422336,NaN,1103.6840882694542,3,120,1e-08,none,NaN,NaN,false,2026-07-27T18:07:31.862607+00:00
2,python,single_thread,1,1,1,scipy-openblas:0.3.31.188.0,1,1,1,1000,coupled_singular,coupled_singular/ncore040_k3_n00000043,43,1722,dgmres,4,3,1157393,894,6573421,7731708,2624,0,820,1,40,true,1.857242683107859e-15,1.1538977738234364,6.4400749769917086e-15,2505.1147103658536,3817.3176538908247,1900544,usr_bin_time_v,1302528,49422336,NaN,1103.6840882694542,3,120,1e-08,none,NaN,NaN,false,2026-07-27T18:07:31.862607+00:00
2,python,single_thread,1,1,1,scipy-openblas:0.3.31.188.0,1,1,1,1000,coupled_singular,coupled_singular/ncore040_k3_n00000043,43,1722,dgmres,5,3,1120585,892,6535114,7656591,2624,0,820,1,40,true,1.857242683107859e-15,1.1538977738234364,6.4400749769917086e-15,2490.516006097561,3795.0720092915217,1900544,usr_bin_time_v,1302528,49422336,NaN,1103.6840882694542,3,120,1e-08,none,NaN,NaN,false,2026-07-27T18:07:31.862607+00:00
2,python,single_thread,1,1,1,scipy-openblas:0.3.31.188.0,1,1,1,1000,coupled_singular,coupled_singular/ncore040_k3_n00000043,43,1722,dgmres,6,3,1127773,1095,6575075,7703943,2624,0,820,1,40,true,1.857242683107859e-15,1.1538977738234364,6.4400749769917086e-15,2505.7450457317073,3818.278164924506,1900544,usr_bin_time_v,1306624,49422336,NaN,1103.6840882694542,3,120,1e-08,none,NaN,NaN,false,2026-07-27T18:07:31.862607+00:00
2,python,single_thread,1,1,1,scipy-openblas:0.3.31.188.0,1,1,1,1000,coupled_singular,coupled_singular/ncore040_k3_n00000043,43,1722,dgmres,7,3,1152288,864,6548309,7701461,2624,0,820,1,40,true,1.857242683107859e-15,1.1538977738234364,6.4400749769917086e-15,2495.5445884146343,3802.734610917538,1900544,usr_bin_time_v,1306624,49422336,NaN,1103.6840882694542,3,120,1e-08,none,NaN,NaN,false,2026-07-27T18:07:31.862607+00:00
2,python,single_thread,1,1,1,scipy-openblas:0.3.31.188.0,1,1,1,1000,coupled_singular,coupled_singular/ncore040_k3_n00000043,43,1722,dgmres,8,3,1078196,854,6403398,7482448,2624,0,820,1,40,true,1.857242683107859e-15,1.1538977738234364,6.4400749769917086e-15,2440.3193597560976,3718.581881533101,1900544,usr_bin_time_v,1310720,49422336,NaN,1103.6840882694542,3,120,1e-08,none,NaN,NaN,false,2026-07-27T18:07:31.862607+00:00
2,python,single_thread,1,1,1,scipy-openblas:0.3.31.188.0,1,1,1,1000,coupled_singular,coupled_singular/ncore040_k3_n00000043,43,1722,dgmres,9,3,1079172,955,6446556,7526683,2624,0,820,1,40,true,1.857242683107859e-15,1.1538977738234364,6.4400749769917086e-15,2456.766768292683,3743.6445993031357,1900544,usr_bin_time_v,1314816,49422336,NaN,1103.6840882694542,3,120,1e-08,none,NaN,NaN,false,2026-07-27T18:07:31.862607+00:00
2,python,single_thread,1,1,1,scipy-openblas:0.3.31.188.0,1,1,1,1000,coupled_singular,coupled_singular/ncore040_k3_n00000043,43,1722,dgmres,10,3,1116701,885,6527766,7645352,2624,0,820,1,40,true,1.857242683107859e-15,1.1538977738234364,6.4400749769917086e-15,2487.715701219512,3790.8048780487807,1900544,usr_bin_time_v,1318912,49422336,NaN,1103.6840882694542,3,120,1e-08,none,NaN,NaN,false,2026-07-27T18:07:31.862607+00:00
2,julia,single_thread,1,1,1,openblas:libopenblas64_.so,1,1,1,1002,similarity_singular,similarity_singular/ncore040_k3_n00000043,43,1849,dgmres,1,3,776573,358,3391362,4168293,2624,0,820,1,40,true,1.1991466845362091e-15,0.496901719992437,8.034999344913465e-15,1292.439786585366,1834.1600865332612,76480512,usr_bin_time_v,61390848,447475712,56176568,41363.17577068686,3,120,1.0e-8,none,NaN,NaN,false,2026-07-27T18:07:37.010
2,julia,single_thread,1,1,1,openblas:libopenblas64_.so,1,1,1,1002,similarity_singular,similarity_singular/ncore040_k3_n00000043,43,1849,dgmres,2,3,831594,299,3498540,4330433,2624,0,820,1,40,true,1.1991466845362091e-15,0.496901719992437,8.034999344913465e-15,1333.2850609756097,1892.1254732287723,76480512,usr_bin_time_v,61403136,447475712,63864928,41363.17577068686,3,120,1.0e-8,none,NaN,NaN,false,2026-07-27T18:07:37.040
2,julia,single_thread,1,1,1,openblas:libopenblas64_.so,1,1,1,1002,similarity_singular,similarity_singular/ncore040_k3_n00000043,43,1849,dgmres,3,3,804294,77,3362428,4166799,2624,0,820,1,40,true,1.1991466845362091e-15,0.496901719992437,8.034999344913465e-15,1281.4131097560976,1818.5116279069769,76480512,usr_bin_time_v,61403136,447475712,70066736,41363.17577068686,3,120,1.0e-8,none,NaN,NaN,false,2026-07-27T18:07:37.045
2,julia,single_thread,1,1,1,openblas:libopenblas64_.so,1,1,1,1002,similarity_singular,similarity_singular/ncore040_k3_n00000043,43,1849,dgmres,4,3,796828,135,7839459,8636422,2624,0,820,1,40,true,1.1991466845362091e-15,0.496901719992437,8.034999344913465e-15,2987.5987042682927,4239.837209302325,76480512,usr_bin_time_v,61403136,447475712,30752448,41363.17577068686,3,120,1.0e-8,none,NaN,NaN,false,2026-07-27T18:07:37.053
2,julia,single_thread,1,1,1,openblas:libopenblas64_.so,1,1,1,1002,similarity_singular,similarity_singular/ncore040_k3_n00000043,43,1849,dgmres,5,3,806342,318,3457205,4263865,2624,0,820,1,40,true,1.1991466845362091e-15,0.496901719992437,8.034999344913465e-15,1317.5323932926829,1869.7701460248784,76480512,usr_bin_time_v,61403136,447475712,36954288,41363.17577068686,3,120,1.0e-8,none,NaN,NaN,false,2026-07-27T18:07:37.058
2,julia,single_thread,1,1,1,openblas:libopenblas64_.so,1,1,1,1002,similarity_singular,similarity_singular/ncore040_k3_n00000043,43,1849,dgmres,6,3,794529,63,3444995,4239587,2624,0,820,1,40,true,1.1991466845362091e-15,0.496901719992437,8.034999344913465e-15,1312.8791920731708,1863.1665765278528,76480512,usr_bin_time_v,61403136,447475712,43156032,41363.17577068686,3,120,1.0e-8,none,NaN,NaN,false,2026-07-27T18:07:37.062
2,julia,single_thread,1,1,1,openblas:libopenblas64_.so,1,1,1,1002,similarity_singular,similarity_singular/ncore040_k3_n00000043,43,1849,dgmres,7,3,790246,97,3461031,4251374,2624,0,820,1,40,true,1.1991466845362091e-15,0.496901719992437,8.034999344913465e-15,1318.9904725609756,1871.839372633856,76480512,usr_bin_time_v,61403136,447475712,49357776,41363.17577068686,3,120,1.0e-8,none,NaN,NaN,false,2026-07-27T18:07:37.067
2,julia,single_thread,1,1,1,openblas:libopenblas64_.so,1,1,1,1002,similarity_singular,similarity_singular/ncore040_k3_n00000043,43,1849,dgmres,8,3,796191,126,3405450,4201767,2624,0,820,1,40,true,1.1991466845362091e-15,0.496901719992437,8.034999344913465e-15,1297.8086890243903,1841.7793401838833,76480512,usr_bin_time_v,61403136,447475712,55559520,41363.17577068686,3,120,1.0e-8,none,NaN,NaN,false,2026-07-27T18:07:37.071
2,julia,single_thread,1,1,1,openblas:libopenblas64_.so,1,1,1,1002,similarity_singular,similarity_singular/ncore040_k3_n00000043,43,1849,dgmres,9,3,805345,119,3366583,4172047,2624,0,820,1,40,true,1.1991466845362091e-15,0.496901719992437,8.034999344913465e-15,1282.9965701219512,1820.7587885343428,76480512,usr_bin_time_v,61403136,447475712,61761264,41363.17577068686,3,120,1.0e-8,none,NaN,NaN,false,2026-07-27T18:07:37.075
2,julia,single_thread,1,1,1,openblas:libopenblas64_.so,1,1,1,1002,similarity_singular,similarity_singular/ncore040_k3_n00000043,43,1849,dgmres,10,3,811811,137,6169703,6981651,2624,0,820,1,40,true,1.1991466845362091e-15,0.496901719992437,8.034999344913465e-15,2351.2587652439024,3336.778258518118,76480512,usr_bin_time_v,61403136,447475712,33650944,41363.17577068686,3,120,1.0e-8,none,NaN,NaN,false,2026-07-27T18:07:37.082
2,python,single_thread,1,1,1,scipy-openblas:0.3.31.188.0,1,1,1,1001,similarity_singular,similarity_singular/ncore040_k3_n00000043,43,1849,dgmres,1,3,1300057,1375,6975836,8277268,2624,0,820,1,40,true,2.720839329738894e-15,0.2706762651455511,1.6372307063885782e-14,2658.4740853658536,3772.7614926987562,2224128,usr_bin_time_v,1306624,49422336,NaN,1202.881557598702,3,120,1e-08,none,NaN,NaN,false,2026-07-27T18:07:37.471578+00:00
2,python,single_thread,1,1,1,scipy-openblas:0.3.31.188.0,1,1,1,1001,similarity_singular,similarity_singular/ncore040_k3_n00000043,43,1849,dgmres,2,3,1244964,956,6824405,8070325,2624,0,820,1,40,true,2.720839329738894e-15,0.2706762651455511,1.6372307063885782e-14,2600.764100609756,3690.8626284478096,2224128,usr_bin_time_v,1314816,49422336,NaN,1202.881557598702,3,120,1e-08,none,NaN,NaN,false,2026-07-27T18:07:37.471578+00:00
2,python,single_thread,1,1,1,scipy-openblas:0.3.31.188.0,1,1,1,1001,similarity_singular,similarity_singular/ncore040_k3_n00000043,43,1849,dgmres,3,3,1214754,1119,6879143,8095016,2624,0,820,1,40,true,2.720839329738894e-15,0.2706762651455511,1.6372307063885782e-14,2621.624618902439,3720.4667387777176,2224128,usr_bin_time_v,1318912,49422336,NaN,1202.881557598702,3,120,1e-08,none,NaN,NaN,false,2026-07-27T18:07:37.471578+00:00
2,python,single_thread,1,1,1,scipy-openblas:0.3.31.188.0,1,1,1,1001,similarity_singular,similarity_singular/ncore040_k3_n00000043,43,1849,dgmres,4,3,1211926,1116,6807821,8020863,2624,0,820,1,40,true,2.720839329738894e-15,0.2706762651455511,1.6372307063885782e-14,2594.4439786585367,3681.89345592212,2224128,usr_bin_time_v,1323008,49422336,NaN,1202.881557598702,3,120,1e-08,none,NaN,NaN,false,2026-07-27T18:07:37.471578+00:00
2,python,single_thread,1,1,1,scipy-openblas:0.3.31.188.0,1,1,1,1001,similarity_singular,similarity_singular/ncore040_k3_n00000043,43,1849,dgmres,5,3,1225918,984,6875596,8102498,2624,0,820,1,40,true,2.720839329738894e-15,0.2706762651455511,1.6372307063885782e-14,2620.2728658536585,3718.548404542996,2224128,usr_bin_time_v,1323008,49422336,NaN,1202.881557598702,3,120,1e-08,none,NaN,NaN,false,2026-07-27T18:07:37.471578+00:00
2,python,single_thread,1,1,1,scipy-openblas:0.3.31.188.0,1,1,1,1001,similarity_singular,similarity_singular/ncore040_k3_n00000043,43,1849,dgmres,6,3,1214398,1055,6881123,8096576,2624,0,820,1,40,true,2.720839329738894e-15,0.2706762651455511,1.6372307063885782e-14,2622.3791920731705,3721.5375878853433,2224128,usr_bin_time_v,1327104,49422336,NaN,1202.881557598702,3,120,1e-08,none,NaN,NaN,false,2026-07-27T18:07:37.471578+00:00
2,python,single_thread,1,1,1,scipy-openblas:0.3.31.188.0,1,1,1,1001,similarity_singular,similarity_singular/ncore040_k3_n00000043,43,1849,dgmres,7,3,1256160,1039,6862526,8119725,2624,0,820,1,40,true,2.720839329738894e-15,0.2706762651455511,1.6372307063885782e-14,2615.2919207317073,3711.479718766901,2224128,usr_bin_time_v,1335296,49422336,NaN,1202.881557598702,3,120,1e-08,none,NaN,NaN,false,2026-07-27T18:07:37.471578+00:00
2,python,single_thread,1,1,1,scipy-openblas:0.3.31.188.0,1,1,1,1001,similarity_singular,similarity_singular/ncore040_k3_n00000043,43,1849,dgmres,8,3,1197385,963,6820828,8019176,2624,0,820,1,40,true,2.720839329738894e-15,0.2706762651455511,1.6372307063885782e-14,2599.4009146341464,3688.928069226609,2224128,usr_bin_time_v,1335296,49422336,NaN,1202.881557598702,3,120,1e-08,none,NaN,NaN,false,2026-07-27T18:07:37.471578+00:00
2,python,single_thread,1,1,1,scipy-openblas:0.3.31.188.0,1,1,1,1001,similarity_singular,similarity_singular/ncore040_k3_n00000043,43,1849,dgmres,9,3,1178886,799,6868123,8047808,2624,0,820,1,40,true,2.720839329738894e-15,0.2706762651455511,1.6372307063885782e-14,2617.424923780488,3714.506760411033,2224128,usr_bin_time_v,1343488,49422336,NaN,1202.881557598702,3,120,1e-08,none,NaN,NaN,false,2026-07-27T18:07:37.471578+00:00
2,python,single_thread,1,1,1,scipy-openblas:0.3.31.188.0,1,1,1,1001,similarity_singular,similarity_singular/ncore040_k3_n00000043,43,1849,dgmres,10,3,1222041,907,6857234,8080182,2624,0,820,1,40,true,2.720839329738894e-15,0.2706762651455511,1.6372307063885782e-14,2613.275152439024,3708.617631151974,2224128,usr_bin_time_v,1351680,49422336,NaN,1202.881557598702,3,120,1e-08,none,NaN,NaN,false,2026-07-27T18:07:37.471578+00:00
2,julia,single_thread,1,1,1,openblas:libopenblas64_.so,1,1,1,1002,blockdiag_high_index_singular,blockdiag_high_index_singular/ncore040_k5_n00000045,45,1604,gmres,1,3,701397,223,1270019,1971639,47,0,1081,1,46,false,0.021940519875934036,0.021940519875934046,0.2938753208035282,27021.68085106383,791.7824189526184,63328256,proc_status_vmhwm,63328256,455196672,183183872,39481.456359102245,0,120,1.0e-8,none,NaN,NaN,false,2026-07-27T18:10:12.403
2,julia,single_thread,1,1,1,openblas:libopenblas64_.so,1,1,1,1002,blockdiag_high_index_singular,blockdiag_high_index_singular/ncore040_k5_n00000045,45,1604,gmres,2,3,767679,153,29988015,30755847,47,0,1081,1,46,false,0.021940519875934036,0.021940519875934046,0.2938753208035282,638042.8723404255,18695.76995012469,62681088,proc_status_vmhwm,62681088,455196672,31404240,39077.985037406484,0,120,1.0e-8,none,NaN,NaN,false,2026-07-27T18:10:12.434
2,julia,single_thread,1,1,1,openblas:libopenblas64_.so,1,1,1,1002,blockdiag_high_index_singular,blockdiag_high_index_singular/ncore040_k5_n00000045,45,1604,gmres,3,3,799198,78,1638105,2437381,47,0,1081,1,46,false,0.021940519875934036,0.021940519875934046,0.2938753208035282,34853.29787234042,1021.2624688279302,62681088,proc_status_vmhwm,62681088,455196672,36686264,39077.985037406484,0,120,1.0e-8,none,NaN,NaN,false,2026-07-27T18:10:12.436
2,julia,single_thread,1,1,1,openblas:libopenblas64_.so,1,1,1,1002,blockdiag_high_index_singular,blockdiag_high_index_singular/ncore040_k5_n00000045,45,1604,gmres,4,3,741695,38,1593594,2335327,47,0,1081,1,46,false,0.021940519875934036,0.021940519875934046,0.2938753208035282,33906.255319148935,993.5124688279302,62681088,proc_status_vmhwm,62681088,455196672,41968288,39077.985037406484,0,120,1.0e-8,none,NaN,NaN,false,2026-07-27T18:10:12.439
2,julia,single_thread,1,1,1,openblas:libopenblas64_.so,1,1,1,1002,blockdiag_high_index_singular,blockdiag_high_index_singular/ncore040_k5_n00000045,45,1604,gmres,5,3,740841,193,1696196,2437230,47,0,1081,1,46,false,0.021940519875934036,0.021940519875934046,0.2938753208035282,36089.27659574468,1057.4788029925187,62681088,proc_status_vmhwm,62681088,455196672,47250408,39077.985037406484,0,120,1.0e-8,none,NaN,NaN,false,2026-07-27T18:10:12.441
2,julia,single_thread,1,1,1,openblas:libopenblas64_.so,1,1,1,1002,blockdiag_high_index_singular,blockdiag_high_index_singular/ncore040_k5_n00000045,45,1604,gmres,6,3,744281,125,1559013,2303419,47,0,1081,1,46,false,0.021940519875934036,0.021940519875934046,0.2938753208035282,33170.48936170213,971.9532418952618,62681088,proc_status_vmhwm,62681088,455196672,52532432,39077.985037406484,0,120,1.0e-8,none,NaN,NaN,false,2026-07-27T18:10:12.444
2,julia,single_thread,1,1,1,openblas:libopenblas64_.so,1,1,1,1002,blockdiag_high_index_singular,blockdiag_high_index_singular/ncore040_k5_n00000045,45,1604,gmres,7,3,749057,192,1743764,2493013,47,0,1081,1,46,false,0.021940519875934036,0.021940519875934046,0.2938753208035282,37101.36170212766,1087.1346633416458,62681088,proc_status_vmhwm,62681088,455196672,57814456,39077.985037406484,0,120,1.0e-8,none,NaN,NaN,false,2026-07-27T18:10:12.446
2,julia,single_thread,1,1,1,openblas:libopenblas64_.so,1,1,1,1002,blockdiag_high_index_singular,blockdiag_high_index_singular/ncore040_k5_n00000045,45,1604,gmres,8,3,739261,157,1613776,2353194,47,0,1081,1,46,false,0.021940519875934036,0.021940519875934046,0.2938753208035282,34335.65957446808,1006.0947630922693,62681088,proc_status_vmhwm,62681088,455196672,63096480,39077.985037406484,0,120,1.0e-8,none,NaN,NaN,false,2026-07-27T18:10:12.449
2,julia,single_thread,1,1,1,openblas:libopenblas64_.so,1,1,1,1002,blockdiag_high_index_singular,blockdiag_high_index_singular/ncore040_k5_n00000045,45,1604,gmres,9,3,751344,30,91485951,92237325,47,0,1081,1,46,false,0.021940519875934036,0.021940519875934046,0.2938753208035282,1.9465095957446808e6,57036.12905236908,62681088,proc_status_vmhwm,62681088,455196672,9318912,39077.985037406484,0,120,1.0e-8,none,NaN,NaN,false,2026-07-27T18:10:12.541
2,julia,single_thread,1,1,1,openblas:libopenblas64_.so,1,1,1,1002,blockdiag_high_index_singular,blockdiag_high_index_singular/ncore040_k5_n00000045,45,1604,gmres,10,3,692358,46,1325165,2017569,47,0,1081,1,46,false,0.021940519875934036,0.021940519875934046,0.2938753208035282,28195.0,826.1627182044888,62681088,proc_status_vmhwm,62681088,455196672,14600936,39077.985037406484,0,120,1.0e-8,none,NaN,NaN,false,2026-07-27T18:10:12.543
