schema_version,language,regime,requested_threads,observed_task_threads,observed_blas_threads,blas_backend,omp_num_threads,openblas_num_threads,mkl_num_threads,seed,family,instance_key,n,nnz,method,rep,warmup_discarded,t_assembly_ns,t_precond_ns,t_solve_ns,t_total_ns,matvecs,precond_applications,orthogonalizations,restart_cycles,iterations,converged,stop_residual,relres,drazin_error,time_per_matvec_ns,ns_per_nonzero,peak_rss_bytes,peak_rss_method,peak_rss_inproc_bytes,baseline_rss_bytes,runtime_live_bytes,peak_bytes_per_nonzero,index_a,krylov_m,tol,precond_kind,precond_fill_factor,precond_shift,precond_breakdown,timestamp_utc
2,python,single_thread,1,1,1,scipy-openblas:0.3.31.188.0,1,1,1,1000,laplacian_2d_spd,laplacian_2d_spd/m064_n00004096,4096,20224,cg,1,3,8091709,10851,5433426,13535986,198,0,0,0,198,true,9.714596828784372e-09,9.714596834537893e-09,NaN,27441.545454545456,268.66228243670884,4878336,usr_bin_time_v,2904064,49422336,NaN,241.21518987341773,-1,-1,1e-08,none,NaN,NaN,false,2026-07-27T18:01:53.250907+00:00
2,python,single_thread,1,1,1,scipy-openblas:0.3.31.188.0,1,1,1,1000,laplacian_2d_spd,laplacian_2d_spd/m064_n00004096,4096,20224,cg,2,3,7925406,10944,5490380,13426730,198,0,0,0,198,true,9.714596828784372e-09,9.714596834537893e-09,NaN,27729.19191919192,271.4784414556962,4878336,usr_bin_time_v,2936832,49422336,NaN,241.21518987341773,-1,-1,1e-08,none,NaN,NaN,false,2026-07-27T18:01:53.250907+00:00
2,python,single_thread,1,1,1,scipy-openblas:0.3.31.188.0,1,1,1,1000,laplacian_2d_spd,laplacian_2d_spd/m064_n00004096,4096,20224,cg,3,3,7707427,11209,5653230,13371866,198,0,0,0,198,true,9.714596828784372e-09,9.714596834537893e-09,NaN,28551.666666666668,279.5307555379747,4878336,usr_bin_time_v,3092480,49422336,NaN,241.21518987341773,-1,-1,1e-08,none,NaN,NaN,false,2026-07-27T18:01:53.250907+00:00
2,python,single_thread,1,1,1,scipy-openblas:0.3.31.188.0,1,1,1,1000,laplacian_2d_spd,laplacian_2d_spd/m064_n00004096,4096,20224,cg,4,3,8307261,11193,5552727,13871181,198,0,0,0,198,true,9.714596828784372e-09,9.714596834537893e-09,NaN,28044.075757575756,274.5612638449367,4878336,usr_bin_time_v,3747840,49422336,NaN,241.21518987341773,-1,-1,1e-08,none,NaN,NaN,false,2026-07-27T18:01:53.250907+00:00
2,python,single_thread,1,1,1,scipy-openblas:0.3.31.188.0,1,1,1,1000,laplacian_2d_spd,laplacian_2d_spd/m064_n00004096,4096,20224,cg,5,3,7565905,11633,5518104,13095642,198,0,0,0,198,true,9.714596828784372e-09,9.714596834537893e-09,NaN,27869.21212121212,272.84928797468353,4878336,usr_bin_time_v,3756032,49422336,NaN,241.21518987341773,-1,-1,1e-08,none,NaN,NaN,false,2026-07-27T18:01:53.250907+00:00
2,python,single_thread,1,1,1,scipy-openblas:0.3.31.188.0,1,1,1,1000,laplacian_2d_spd,laplacian_2d_spd/m064_n00004096,4096,20224,cg,6,3,7485829,10618,5452017,12948464,198,0,0,0,198,true,9.714596828784372e-09,9.714596834537893e-09,NaN,27535.439393939392,269.5815367879747,4878336,usr_bin_time_v,3756032,49422336,NaN,241.21518987341773,-1,-1,1e-08,none,NaN,NaN,false,2026-07-27T18:01:53.250907+00:00
2,python,single_thread,1,1,1,scipy-openblas:0.3.31.188.0,1,1,1,1000,laplacian_2d_spd,laplacian_2d_spd/m064_n00004096,4096,20224,cg,7,3,8123300,12437,5475349,13611086,198,0,0,0,198,true,9.714596828784372e-09,9.714596834537893e-09,NaN,27653.277777777777,270.73521558544303,4878336,usr_bin_time_v,3776512,49422336,NaN,241.21518987341773,-1,-1,1e-08,none,NaN,NaN,false,2026-07-27T18:01:53.250907+00:00
2,python,single_thread,1,1,1,scipy-openblas:0.3.31.188.0,1,1,1,1000,laplacian_2d_spd,laplacian_2d_spd/m064_n00004096,4096,20224,cg,8,3,7987059,10453,5462377,13459889,198,0,0,0,198,true,9.714596828784372e-09,9.714596834537893e-09,NaN,27587.762626262625,270.0937994462025,4878336,usr_bin_time_v,3776512,49422336,NaN,241.21518987341773,-1,-1,1e-08,none,NaN,NaN,false,2026-07-27T18:01:53.250907+00:00
2,python,single_thread,1,1,1,scipy-openblas:0.3.31.188.0,1,1,1,1000,laplacian_2d_spd,laplacian_2d_spd/m064_n00004096,4096,20224,cg,9,3,7854916,12093,6236151,14103160,198,0,0,0,198,true,9.714596828784372e-09,9.714596834537893e-09,NaN,31495.71212121212,308.35398536392404,4878336,usr_bin_time_v,3776512,49422336,NaN,241.21518987341773,-1,-1,1e-08,none,NaN,NaN,false,2026-07-27T18:01:53.250907+00:00
2,python,single_thread,1,1,1,scipy-openblas:0.3.31.188.0,1,1,1,1000,laplacian_2d_spd,laplacian_2d_spd/m064_n00004096,4096,20224,cg,10,3,7976037,12740,5454337,13443114,198,0,0,0,198,true,9.714596828784372e-09,9.714596834537893e-09,NaN,27547.156565656565,269.6962519778481,4878336,usr_bin_time_v,3776512,49422336,NaN,241.21518987341773,-1,-1,1e-08,none,NaN,NaN,false,2026-07-27T18:01:53.250907+00:00
2,python,single_thread,1,1,1,scipy-openblas:0.3.31.188.0,1,1,1,1002,laplacian_2d_spd,laplacian_2d_spd/m064_n00004096,4096,20224,pcg_jacobi,1,3,7994387,40712,5099717,13134816,192,192,0,0,192,true,9.410455392306075e-09,9.410455296332806e-09,NaN,26561.026041666668,252.16163963607596,5009408,usr_bin_time_v,3035136,49422336,NaN,247.69620253164558,-1,-1,1e-08,jacobi,NaN,NaN,false,2026-07-27T18:01:58.950371+00:00
2,python,single_thread,1,1,1,scipy-openblas:0.3.31.188.0,1,1,1,1002,laplacian_2d_spd,laplacian_2d_spd/m064_n00004096,4096,20224,pcg_jacobi,2,3,7850956,40623,5164880,13056459,192,192,0,0,192,true,9.410455392306075e-09,9.410455296332806e-09,NaN,26900.416666666668,255.38370253164558,5009408,usr_bin_time_v,3076096,49422336,NaN,247.69620253164558,-1,-1,1e-08,jacobi,NaN,NaN,false,2026-07-27T18:01:58.950371+00:00
2,python,single_thread,1,1,1,scipy-openblas:0.3.31.188.0,1,1,1,1002,laplacian_2d_spd,laplacian_2d_spd/m064_n00004096,4096,20224,pcg_jacobi,3,3,7572655,33627,5203631,12809913,192,192,0,0,192,true,9.410455392306075e-09,9.410455296332806e-09,NaN,27102.244791666668,257.29979232594934,5009408,usr_bin_time_v,3076096,49422336,NaN,247.69620253164558,-1,-1,1e-08,jacobi,NaN,NaN,false,2026-07-27T18:01:58.950371+00:00
2,python,single_thread,1,1,1,scipy-openblas:0.3.31.188.0,1,1,1,1002,laplacian_2d_spd,laplacian_2d_spd/m064_n00004096,4096,20224,pcg_jacobi,4,3,7880614,48269,5303588,13232471,192,192,0,0,192,true,9.410455392306075e-09,9.410455296332806e-09,NaN,27622.854166666668,262.24228639240505,5009408,usr_bin_time_v,3772416,49422336,NaN,247.69620253164558,-1,-1,1e-08,jacobi,NaN,NaN,false,2026-07-27T18:01:58.950371+00:00
2,python,single_thread,1,1,1,scipy-openblas:0.3.31.188.0,1,1,1,1002,laplacian_2d_spd,laplacian_2d_spd/m064_n00004096,4096,20224,pcg_jacobi,5,3,7641185,31387,5251128,12923700,192,192,0,0,192,true,9.410455392306075e-09,9.410455296332806e-09,NaN,27349.625,259.64833860759495,5009408,usr_bin_time_v,3772416,49422336,NaN,247.69620253164558,-1,-1,1e-08,jacobi,NaN,NaN,false,2026-07-27T18:01:58.950371+00:00
2,python,single_thread,1,1,1,scipy-openblas:0.3.31.188.0,1,1,1,1002,laplacian_2d_spd,laplacian_2d_spd/m064_n00004096,4096,20224,pcg_jacobi,6,3,7638651,50064,5280656,12969371,192,192,0,0,192,true,9.410455392306075e-09,9.410455296332806e-09,NaN,27503.416666666668,261.10838607594934,5009408,usr_bin_time_v,3813376,49422336,NaN,247.69620253164558,-1,-1,1e-08,jacobi,NaN,NaN,false,2026-07-27T18:01:58.950371+00:00
2,python,single_thread,1,1,1,scipy-openblas:0.3.31.188.0,1,1,1,1002,laplacian_2d_spd,laplacian_2d_spd/m064_n00004096,4096,20224,pcg_jacobi,7,3,8098109,32454,5292582,13423145,192,192,0,0,192,true,9.410455392306075e-09,9.410455296332806e-09,NaN,27565.53125,261.69808148734177,5009408,usr_bin_time_v,3813376,49422336,NaN,247.69620253164558,-1,-1,1e-08,jacobi,NaN,NaN,false,2026-07-27T18:01:58.950371+00:00
2,python,single_thread,1,1,1,scipy-openblas:0.3.31.188.0,1,1,1,1002,laplacian_2d_spd,laplacian_2d_spd/m064_n00004096,4096,20224,pcg_jacobi,8,3,7994576,35594,5242650,13272820,192,192,0,0,192,true,9.410455392306075e-09,9.410455296332806e-09,NaN,27305.46875,259.22913370253167,5009408,usr_bin_time_v,3813376,49422336,NaN,247.69620253164558,-1,-1,1e-08,jacobi,NaN,NaN,false,2026-07-27T18:01:58.950371+00:00
2,python,single_thread,1,1,1,scipy-openblas:0.3.31.188.0,1,1,1,1002,laplacian_2d_spd,laplacian_2d_spd/m064_n00004096,4096,20224,pcg_jacobi,9,3,7968004,34401,5302167,13304572,192,192,0,0,192,true,9.410455392306075e-09,9.410455296332806e-09,NaN,27615.453125,262.1720233386076,5009408,usr_bin_time_v,3813376,49422336,NaN,247.69620253164558,-1,-1,1e-08,jacobi,NaN,NaN,false,2026-07-27T18:01:58.950371+00:00
2,python,single_thread,1,1,1,scipy-openblas:0.3.31.188.0,1,1,1,1002,laplacian_2d_spd,laplacian_2d_spd/m064_n00004096,4096,20224,pcg_jacobi,10,3,7884723,33976,5284603,13203302,192,192,0,0,192,true,9.410455392306075e-09,9.410455296332806e-09,NaN,27523.973958333332,261.30355023734177,5009408,usr_bin_time_v,3813376,49422336,NaN,247.69620253164558,-1,-1,1e-08,jacobi,NaN,NaN,false,2026-07-27T18:01:58.950371+00:00
2,julia,single_thread,1,1,1,openblas:libopenblas64_.so,1,1,1,1000,laplacian_2d_spd,laplacian_2d_spd/m032_n00001024,1024,4992,cg,1,3,1541392,727,633958,2176077,101,0,0,0,101,true,8.822208925159782e-9,8.822208956579435e-9,NaN,6276.811881188119,126.99479166666667,109084672,usr_bin_time_v,93724672,447475712,120718536,21851.897435897437,-1,-1,1.0e-8,none,NaN,NaN,false,2026-07-27T18:02:11.089
2,julia,single_thread,1,1,1,openblas:libopenblas64_.so,1,1,1,1000,laplacian_2d_spd,laplacian_2d_spd/m032_n00001024,1024,4992,cg,2,3,1567453,905,655500,2223858,101,0,0,0,101,true,8.822208925159782e-9,8.822208956579435e-9,NaN,6490.0990099009905,131.31009615384616,109084672,usr_bin_time_v,93724672,447475712,124719424,21851.897435897437,-1,-1,1.0e-8,none,NaN,NaN,false,2026-07-27T18:02:11.092
2,julia,single_thread,1,1,1,openblas:libopenblas64_.so,1,1,1,1000,laplacian_2d_spd,laplacian_2d_spd/m032_n00001024,1024,4992,cg,3,3,1553625,606,633134,2187365,101,0,0,0,101,true,8.822208925159782e-9,8.822208956579435e-9,NaN,6268.653465346535,126.82972756410257,109084672,usr_bin_time_v,93741056,447475712,128716168,21851.897435897437,-1,-1,1.0e-8,none,NaN,NaN,false,2026-07-27T18:02:11.094
2,julia,single_thread,1,1,1,openblas:libopenblas64_.so,1,1,1,1000,laplacian_2d_spd,laplacian_2d_spd/m032_n00001024,1024,4992,cg,4,3,1532994,573,681466,2215033,101,0,0,0,101,true,8.822208925159782e-9,8.822208956579435e-9,NaN,6747.188118811881,136.5116185897436,109084672,usr_bin_time_v,93741056,447475712,132712912,21851.897435897437,-1,-1,1.0e-8,none,NaN,NaN,false,2026-07-27T18:02:11.096
2,julia,single_thread,1,1,1,openblas:libopenblas64_.so,1,1,1,1000,laplacian_2d_spd,laplacian_2d_spd/m032_n00001024,1024,4992,cg,5,3,1507758,860,616648,2125266,101,0,0,0,101,true,8.822208925159782e-9,8.822208956579435e-9,NaN,6105.425742574257,123.52724358974359,109084672,usr_bin_time_v,93745152,447475712,136709752,21851.897435897437,-1,-1,1.0e-8,none,NaN,NaN,false,2026-07-27T18:02:11.099
2,julia,single_thread,1,1,1,openblas:libopenblas64_.so,1,1,1,1000,laplacian_2d_spd,laplacian_2d_spd/m032_n00001024,1024,4992,cg,6,3,1544384,1944,643454,2189782,101,0,0,0,101,true,8.822208925159782e-9,8.822208956579435e-9,NaN,6370.831683168317,128.89703525641025,109084672,usr_bin_time_v,93745152,447475712,140706560,21851.897435897437,-1,-1,1.0e-8,none,NaN,NaN,false,2026-07-27T18:02:11.101
2,julia,single_thread,1,1,1,openblas:libopenblas64_.so,1,1,1,1000,laplacian_2d_spd,laplacian_2d_spd/m032_n00001024,1024,4992,cg,7,3,1514309,781,624495,2139585,101,0,0,0,101,true,8.822208925159782e-9,8.822208956579435e-9,NaN,6183.118811881188,125.09915865384616,109084672,usr_bin_time_v,93745152,447475712,144703320,21851.897435897437,-1,-1,1.0e-8,none,NaN,NaN,false,2026-07-27T18:02:11.103
2,julia,single_thread,1,1,1,openblas:libopenblas64_.so,1,1,1,1000,laplacian_2d_spd,laplacian_2d_spd/m032_n00001024,1024,4992,cg,8,3,1531522,604,618992,2151118,101,0,0,0,101,true,8.822208925159782e-9,8.822208956579435e-9,NaN,6128.633663366337,123.99679487179488,109084672,usr_bin_time_v,93745152,447475712,148700064,21851.897435897437,-1,-1,1.0e-8,none,NaN,NaN,false,2026-07-27T18:02:11.105
2,julia,single_thread,1,1,1,openblas:libopenblas64_.so,1,1,1,1000,laplacian_2d_spd,laplacian_2d_spd/m032_n00001024,1024,4992,cg,9,3,1543950,438,613692,2158080,101,0,0,0,101,true,8.822208925159782e-9,8.822208956579435e-9,NaN,6076.158415841584,122.93509615384616,109084672,usr_bin_time_v,93745152,447475712,152696808,21851.897435897437,-1,-1,1.0e-8,none,NaN,NaN,false,2026-07-27T18:02:11.108
2,julia,single_thread,1,1,1,openblas:libopenblas64_.so,1,1,1,1000,laplacian_2d_spd,laplacian_2d_spd/m032_n00001024,1024,4992,cg,10,3,1509281,618,607835,2117734,101,0,0,0,101,true,8.822208925159782e-9,8.822208956579435e-9,NaN,6018.168316831683,121.76181891025641,109084672,usr_bin_time_v,93745152,447475712,156693552,21851.897435897437,-1,-1,1.0e-8,none,NaN,NaN,false,2026-07-27T18:02:11.110
2,julia,single_thread,1,1,1,openblas:libopenblas64_.so,1,1,1,1001,laplacian_2d_spd,laplacian_2d_spd/m096_n00009216,9216,45696,cg,1,3,14681296,3663,20624037,35308996,295,0,0,0,295,true,9.696051208217402e-9,9.696051313025606e-9,NaN,69911.98983050848,451.3313419117647,152641536,usr_bin_time_v,110567424,447475712,11692608,3340.36974789916,-1,-1,1.0e-8,none,NaN,NaN,false,2026-07-27T18:02:18.483
2,julia,single_thread,1,1,1,openblas:libopenblas64_.so,1,1,1,1001,laplacian_2d_spd,laplacian_2d_spd/m096_n00009216,9216,45696,cg,2,3,14945211,7167,22481625,37434003,295,0,0,0,295,true,9.696051208217402e-9,9.696051313025606e-9,NaN,76208.89830508475,491.9823398109244,152641536,usr_bin_time_v,110567424,447475712,15001568,3340.36974789916,-1,-1,1.0e-8,none,NaN,NaN,false,2026-07-27T18:02:18.521
2,julia,single_thread,1,1,1,openblas:libopenblas64_.so,1,1,1,1001,laplacian_2d_spd,laplacian_2d_spd/m096_n00009216,9216,45696,cg,3,3,14863185,6292,22061880,36931357,295,0,0,0,295,true,9.696051208217402e-9,9.696051313025606e-9,NaN,74786.03389830509,482.796743697479,152641536,usr_bin_time_v,110567424,447475712,19187672,3340.36974789916,-1,-1,1.0e-8,none,NaN,NaN,false,2026-07-27T18:02:18.558
2,julia,single_thread,1,1,1,openblas:libopenblas64_.so,1,1,1,1001,laplacian_2d_spd,laplacian_2d_spd/m096_n00009216,9216,45696,cg,4,3,16236566,7160,21562199,37805925,295,0,0,0,295,true,9.696051208217402e-9,9.696051313025606e-9,NaN,73092.2,471.86184786414566,152641536,usr_bin_time_v,110567424,447475712,20730144,3340.36974789916,-1,-1,1.0e-8,none,NaN,NaN,false,2026-07-27T18:02:18.596
2,julia,single_thread,1,1,1,openblas:libopenblas64_.so,1,1,1,1001,laplacian_2d_spd,laplacian_2d_spd/m096_n00009216,9216,45696,cg,5,3,16080782,8788,21696071,37785641,295,0,0,0,295,true,9.696051208217402e-9,9.696051313025606e-9,NaN,73546.00338983051,474.79146971288515,152641536,usr_bin_time_v,110567424,447475712,21974904,3340.36974789916,-1,-1,1.0e-8,none,NaN,NaN,false,2026-07-27T18:02:18.634
2,julia,single_thread,1,1,1,openblas:libopenblas64_.so,1,1,1,1001,laplacian_2d_spd,laplacian_2d_spd/m096_n00009216,9216,45696,cg,6,3,16120097,5399,21427069,37552565,295,0,0,0,295,true,9.696051208217402e-9,9.696051313025606e-9,NaN,72634.13220338983,468.9046962535014,152641536,usr_bin_time_v,110567424,447475712,23076880,3340.36974789916,-1,-1,1.0e-8,none,NaN,NaN,false,2026-07-27T18:02:18.672
2,julia,single_thread,1,1,1,openblas:libopenblas64_.so,1,1,1,1001,laplacian_2d_spd,laplacian_2d_spd/m096_n00009216,9216,45696,cg,7,3,16036152,22355,21669705,37728212,295,0,0,0,295,true,9.696051208217402e-9,9.696051313025606e-9,NaN,73456.62711864407,474.2144826680672,152641536,usr_bin_time_v,110567424,447475712,23588392,3340.36974789916,-1,-1,1.0e-8,none,NaN,NaN,false,2026-07-27T18:02:18.709
2,julia,single_thread,1,1,1,openblas:libopenblas64_.so,1,1,1,1001,laplacian_2d_spd,laplacian_2d_spd/m096_n00009216,9216,45696,cg,8,3,16716111,5451,21030761,37752323,295,0,0,0,295,true,9.696051208217402e-9,9.696051313025606e-9,NaN,71290.7152542373,460.23198967086836,152641536,usr_bin_time_v,110567424,447475712,23658432,3340.36974789916,-1,-1,1.0e-8,none,NaN,NaN,false,2026-07-27T18:02:18.747
2,julia,single_thread,1,1,1,openblas:libopenblas64_.so,1,1,1,1001,laplacian_2d_spd,laplacian_2d_spd/m096_n00009216,9216,45696,cg,9,3,16577292,5617,121659040,138241949,295,0,0,0,295,true,9.696051208217402e-9,9.696051313025606e-9,NaN,412403.5254237288,2662.356442577031,152641536,usr_bin_time_v,110567424,447475712,42716912,3340.36974789916,-1,-1,1.0e-8,none,NaN,NaN,false,2026-07-27T18:02:18.886
2,julia,single_thread,1,1,1,openblas:libopenblas64_.so,1,1,1,1001,laplacian_2d_spd,laplacian_2d_spd/m096_n00009216,9216,45696,cg,10,3,15531470,19287,26843958,42394715,295,0,0,0,295,true,9.696051208217402e-9,9.696051313025606e-9,NaN,90996.46779661017,587.4465598739496,152641536,usr_bin_time_v,135335936,447475712,107320592,3340.36974789916,-1,-1,1.0e-8,none,NaN,NaN,false,2026-07-27T18:02:18.928
2,python,single_thread,1,1,1,scipy-openblas:0.3.31.188.0,1,1,1,1002,laplacian_2d_spd,laplacian_2d_spd/m032_n00001024,1024,4992,pcg_jacobi,1,3,1875450,11776,1306215,3193441,101,101,0,0,101,true,7.606776179662985e-09,7.606776325310368e-09,NaN,12932.821782178218,261.66165865384613,1622016,usr_bin_time_v,909312,49422336,NaN,324.9230769230769,-1,-1,1e-08,jacobi,NaN,NaN,false,2026-07-27T18:02:20.113678+00:00
2,python,single_thread,1,1,1,scipy-openblas:0.3.31.188.0,1,1,1,1002,laplacian_2d_spd,laplacian_2d_spd/m032_n00001024,1024,4992,pcg_jacobi,2,3,1927710,13991,1258263,3199964,101,101,0,0,101,true,7.606776179662985e-09,7.606776325310368e-09,NaN,12458.049504950495,252.05588942307693,1622016,usr_bin_time_v,937984,49422336,NaN,324.9230769230769,-1,-1,1e-08,jacobi,NaN,NaN,false,2026-07-27T18:02:20.113678+00:00
2,python,single_thread,1,1,1,scipy-openblas:0.3.31.188.0,1,1,1,1002,laplacian_2d_spd,laplacian_2d_spd/m032_n00001024,1024,4992,pcg_jacobi,3,3,2112852,13339,1266771,3392962,101,101,0,0,101,true,7.606776179662985e-09,7.606776325310368e-09,NaN,12542.287128712871,253.76021634615384,1622016,usr_bin_time_v,983040,49422336,NaN,324.9230769230769,-1,-1,1e-08,jacobi,NaN,NaN,false,2026-07-27T18:02:20.113678+00:00
2,python,single_thread,1,1,1,scipy-openblas:0.3.31.188.0,1,1,1,1002,laplacian_2d_spd,laplacian_2d_spd/m032_n00001024,1024,4992,pcg_jacobi,4,3,1917873,13183,1257276,3188332,101,101,0,0,101,true,7.606776179662985e-09,7.606776325310368e-09,NaN,12448.277227722772,251.85817307692307,1622016,usr_bin_time_v,987136,49422336,NaN,324.9230769230769,-1,-1,1e-08,jacobi,NaN,NaN,false,2026-07-27T18:02:20.113678+00:00
2,python,single_thread,1,1,1,scipy-openblas:0.3.31.188.0,1,1,1,1002,laplacian_2d_spd,laplacian_2d_spd/m032_n00001024,1024,4992,pcg_jacobi,5,3,1902044,12123,1276788,3190955,101,101,0,0,101,true,7.606776179662985e-09,7.606776325310368e-09,NaN,12641.465346534653,255.76682692307693,1622016,usr_bin_time_v,991232,49422336,NaN,324.9230769230769,-1,-1,1e-08,jacobi,NaN,NaN,false,2026-07-27T18:02:20.113678+00:00
2,python,single_thread,1,1,1,scipy-openblas:0.3.31.188.0,1,1,1,1002,laplacian_2d_spd,laplacian_2d_spd/m032_n00001024,1024,4992,pcg_jacobi,6,3,1862887,12370,1282172,3157429,101,101,0,0,101,true,7.606776179662985e-09,7.606776325310368e-09,NaN,12694.772277227723,256.84535256410254,1622016,usr_bin_time_v,991232,49422336,NaN,324.9230769230769,-1,-1,1e-08,jacobi,NaN,NaN,false,2026-07-27T18:02:20.113678+00:00
2,python,single_thread,1,1,1,scipy-openblas:0.3.31.188.0,1,1,1,1002,laplacian_2d_spd,laplacian_2d_spd/m032_n00001024,1024,4992,pcg_jacobi,7,3,1872538,12062,1281520,3166120,101,101,0,0,101,true,7.606776179662985e-09,7.606776325310368e-09,NaN,12688.316831683169,256.7147435897436,1622016,usr_bin_time_v,1003520,49422336,NaN,324.9230769230769,-1,-1,1e-08,jacobi,NaN,NaN,false,2026-07-27T18:02:20.113678+00:00
2,python,single_thread,1,1,1,scipy-openblas:0.3.31.188.0,1,1,1,1002,laplacian_2d_spd,laplacian_2d_spd/m032_n00001024,1024,4992,pcg_jacobi,8,3,1920838,13987,1279500,3214325,101,101,0,0,101,true,7.606776179662985e-09,7.606776325310368e-09,NaN,12668.316831683169,256.31009615384613,1622016,usr_bin_time_v,1036288,49422336,NaN,324.9230769230769,-1,-1,1e-08,jacobi,NaN,NaN,false,2026-07-27T18:02:20.113678+00:00
2,python,single_thread,1,1,1,scipy-openblas:0.3.31.188.0,1,1,1,1002,laplacian_2d_spd,laplacian_2d_spd/m032_n00001024,1024,4992,pcg_jacobi,9,3,1933092,13339,1277390,3223821,101,101,0,0,101,true,7.606776179662985e-09,7.606776325310368e-09,NaN,12647.425742574258,255.88741987179486,1622016,usr_bin_time_v,1036288,49422336,NaN,324.9230769230769,-1,-1,1e-08,jacobi,NaN,NaN,false,2026-07-27T18:02:20.113678+00:00
2,python,single_thread,1,1,1,scipy-openblas:0.3.31.188.0,1,1,1,1002,laplacian_2d_spd,laplacian_2d_spd/m032_n00001024,1024,4992,pcg_jacobi,10,3,1914833,13037,1268203,3196073,101,101,0,0,101,true,7.606776179662985e-09,7.606776325310368e-09,NaN,12556.465346534653,254.04707532051282,1622016,usr_bin_time_v,1040384,49422336,NaN,324.9230769230769,-1,-1,1e-08,jacobi,NaN,NaN,false,2026-07-27T18:02:20.113678+00:00
2,julia,single_thread,1,1,1,openblas:libopenblas64_.so,1,1,1,1002,laplacian_2d_spd,laplacian_2d_spd/m032_n00001024,1024,4992,cg,1,3,1580341,794,653754,2234889,101,0,0,0,101,true,7.606776179662985e-9,7.606776325310368e-9,NaN,6472.811881188119,130.96033653846155,117477376,usr_bin_time_v,109752320,447475712,75169552,23533.128205128207,-1,-1,1.0e-8,none,NaN,NaN,false,2026-07-27T18:02:26.906
2,julia,single_thread,1,1,1,openblas:libopenblas64_.so,1,1,1,1002,laplacian_2d_spd,laplacian_2d_spd/m032_n00001024,1024,4992,cg,2,3,1578278,604,668744,2247626,101,0,0,0,101,true,7.606776179662985e-9,7.606776325310368e-9,NaN,6621.227722772277,133.96314102564102,117477376,usr_bin_time_v,109752320,447475712,79170440,23533.128205128207,-1,-1,1.0e-8,none,NaN,NaN,false,2026-07-27T18:02:26.909
2,julia,single_thread,1,1,1,openblas:libopenblas64_.so,1,1,1,1002,laplacian_2d_spd,laplacian_2d_spd/m032_n00001024,1024,4992,cg,3,3,1503841,2233,611635,2117709,101,0,0,0,101,true,7.606776179662985e-9,7.606776325310368e-9,NaN,6055.792079207921,122.52303685897436,117477376,usr_bin_time_v,109780992,447475712,83167248,23533.128205128207,-1,-1,1.0e-8,none,NaN,NaN,false,2026-07-27T18:02:26.911
2,julia,single_thread,1,1,1,openblas:libopenblas64_.so,1,1,1,1002,laplacian_2d_spd,laplacian_2d_spd/m032_n00001024,1024,4992,cg,4,3,1504073,888,622756,2127717,101,0,0,0,101,true,7.606776179662985e-9,7.606776325310368e-9,NaN,6165.9009900990095,124.75080128205128,117477376,usr_bin_time_v,109809664,447475712,87164008,23533.128205128207,-1,-1,1.0e-8,none,NaN,NaN,false,2026-07-27T18:02:26.913
2,julia,single_thread,1,1,1,openblas:libopenblas64_.so,1,1,1,1002,laplacian_2d_spd,laplacian_2d_spd/m032_n00001024,1024,4992,cg,5,3,1472237,2379,620864,2095480,101,0,0,0,101,true,7.606776179662985e-9,7.606776325310368e-9,NaN,6147.168316831683,124.37179487179488,117477376,usr_bin_time_v,109809664,447475712,91160912,23533.128205128207,-1,-1,1.0e-8,none,NaN,NaN,false,2026-07-27T18:02:26.915
2,julia,single_thread,1,1,1,openblas:libopenblas64_.so,1,1,1,1002,laplacian_2d_spd,laplacian_2d_spd/m032_n00001024,1024,4992,cg,6,3,1464819,687,618655,2084161,101,0,0,0,101,true,7.606776179662985e-9,7.606776325310368e-9,NaN,6125.297029702971,123.92928685897436,117477376,usr_bin_time_v,109809664,447475712,95157672,23533.128205128207,-1,-1,1.0e-8,none,NaN,NaN,false,2026-07-27T18:02:26.917
2,julia,single_thread,1,1,1,openblas:libopenblas64_.so,1,1,1,1002,laplacian_2d_spd,laplacian_2d_spd/m032_n00001024,1024,4992,cg,7,3,1457887,561,632767,2091215,101,0,0,0,101,true,7.606776179662985e-9,7.606776325310368e-9,NaN,6265.019801980198,126.75620993589743,117477376,usr_bin_time_v,109809664,447475712,99154416,23533.128205128207,-1,-1,1.0e-8,none,NaN,NaN,false,2026-07-27T18:02:26.920
2,julia,single_thread,1,1,1,openblas:libopenblas64_.so,1,1,1,1002,laplacian_2d_spd,laplacian_2d_spd/m032_n00001024,1024,4992,cg,8,3,1530776,1028,673041,2204845,101,0,0,0,101,true,7.606776179662985e-9,7.606776325310368e-9,NaN,6663.772277227723,134.82391826923077,117477376,usr_bin_time_v,109813760,447475712,104632864,23533.128205128207,-1,-1,1.0e-8,none,NaN,NaN,false,2026-07-27T18:02:26.947
2,julia,single_thread,1,1,1,openblas:libopenblas64_.so,1,1,1,1002,laplacian_2d_spd,laplacian_2d_spd/m032_n00001024,1024,4992,cg,9,3,1456912,665,604927,2062504,101,0,0,0,101,true,7.606776179662985e-9,7.606776325310368e-9,NaN,5989.376237623763,121.17928685897436,117477376,usr_bin_time_v,109813760,447475712,108629624,23533.128205128207,-1,-1,1.0e-8,none,NaN,NaN,false,2026-07-27T18:02:26.950
2,julia,single_thread,1,1,1,openblas:libopenblas64_.so,1,1,1,1002,laplacian_2d_spd,laplacian_2d_spd/m032_n00001024,1024,4992,cg,10,3,1474922,2010,604319,2081251,101,0,0,0,101,true,7.606776179662985e-9,7.606776325310368e-9,NaN,5983.3564356435645,121.05749198717949,117477376,usr_bin_time_v,109813760,447475712,112626496,23533.128205128207,-1,-1,1.0e-8,none,NaN,NaN,false,2026-07-27T18:02:26.952
2,python,single_thread,1,1,1,scipy-openblas:0.3.31.188.0,1,1,1,1001,laplacian_2d_spd,laplacian_2d_spd/m096_n00009216,9216,45696,pcg_jacobi,1,3,18478351,51917,14845704,33375972,295,295,0,0,295,true,9.696051208217405e-09,9.696051313025611e-09,NaN,50324.42033898305,324.87972689075633,9138176,usr_bin_time_v,7262208,49422336,NaN,199.97759103641457,-1,-1,1e-08,jacobi,NaN,NaN,false,2026-07-27T18:02:39.037919+00:00
2,python,single_thread,1,1,1,scipy-openblas:0.3.31.188.0,1,1,1,1001,laplacian_2d_spd,laplacian_2d_spd/m096_n00009216,9216,45696,pcg_jacobi,2,3,18794373,68814,15090299,33953486,295,295,0,0,295,true,9.696051208217405e-09,9.696051313025611e-09,NaN,51153.55593220339,330.2323835784314,9138176,usr_bin_time_v,7262208,49422336,NaN,199.97759103641457,-1,-1,1e-08,jacobi,NaN,NaN,false,2026-07-27T18:02:39.037919+00:00
2,python,single_thread,1,1,1,scipy-openblas:0.3.31.188.0,1,1,1,1001,laplacian_2d_spd,laplacian_2d_spd/m096_n00009216,9216,45696,pcg_jacobi,3,3,18731702,68783,15238609,34039094,295,295,0,0,295,true,9.696051208217405e-09,9.696051313025611e-09,NaN,51656.30169491525,333.4779630602241,9138176,usr_bin_time_v,7303168,49422336,NaN,199.97759103641457,-1,-1,1e-08,jacobi,NaN,NaN,false,2026-07-27T18:02:39.037919+00:00
2,python,single_thread,1,1,1,scipy-openblas:0.3.31.188.0,1,1,1,1001,laplacian_2d_spd,laplacian_2d_spd/m096_n00009216,9216,45696,pcg_jacobi,4,3,17596744,48918,14926031,32571693,295,295,0,0,295,true,9.696051208217405e-09,9.696051313025611e-09,NaN,50596.715254237286,326.6375831582633,9138176,usr_bin_time_v,7368704,49422336,NaN,199.97759103641457,-1,-1,1e-08,jacobi,NaN,NaN,false,2026-07-27T18:02:39.037919+00:00
2,python,single_thread,1,1,1,scipy-openblas:0.3.31.188.0,1,1,1,1001,laplacian_2d_spd,laplacian_2d_spd/m096_n00009216,9216,45696,pcg_jacobi,5,3,17061060,67553,15094560,32223173,295,295,0,0,295,true,9.696051208217405e-09,9.696051313025611e-09,NaN,51168.0,330.32563025210084,9138176,usr_bin_time_v,7593984,49422336,NaN,199.97759103641457,-1,-1,1e-08,jacobi,NaN,NaN,false,2026-07-27T18:02:39.037919+00:00
2,python,single_thread,1,1,1,scipy-openblas:0.3.31.188.0,1,1,1,1001,laplacian_2d_spd,laplacian_2d_spd/m096_n00009216,9216,45696,pcg_jacobi,6,3,18698070,54328,15521289,34273687,295,295,0,0,295,true,9.696051208217405e-09,9.696051313025611e-09,NaN,52614.53898305085,339.6640625,9138176,usr_bin_time_v,7872512,49422336,NaN,199.97759103641457,-1,-1,1e-08,jacobi,NaN,NaN,false,2026-07-27T18:02:39.037919+00:00
2,python,single_thread,1,1,1,scipy-openblas:0.3.31.188.0,1,1,1,1001,laplacian_2d_spd,laplacian_2d_spd/m096_n00009216,9216,45696,pcg_jacobi,7,3,17920920,52635,15316988,33290543,295,295,0,0,295,true,9.696051208217405e-09,9.696051313025611e-09,NaN,51921.99322033898,335.19318977591035,9138176,usr_bin_time_v,8040448,49422336,NaN,199.97759103641457,-1,-1,1e-08,jacobi,NaN,NaN,false,2026-07-27T18:02:39.037919+00:00
2,python,single_thread,1,1,1,scipy-openblas:0.3.31.188.0,1,1,1,1001,laplacian_2d_spd,laplacian_2d_spd/m096_n00009216,9216,45696,pcg_jacobi,8,3,17907611,52193,14981626,32941430,295,295,0,0,295,true,9.696051208217405e-09,9.696051313025611e-09,NaN,50785.17288135593,327.8542104341737,9138176,usr_bin_time_v,8040448,49422336,NaN,199.97759103641457,-1,-1,1e-08,jacobi,NaN,NaN,false,2026-07-27T18:02:39.037919+00:00
2,python,single_thread,1,1,1,scipy-openblas:0.3.31.188.0,1,1,1,1001,laplacian_2d_spd,laplacian_2d_spd/m096_n00009216,9216,45696,pcg_jacobi,9,3,18285520,74025,15295799,33655344,295,295,0,0,295,true,9.696051208217405e-09,9.696051313025611e-09,NaN,51850.166101694915,334.7294949229692,9138176,usr_bin_time_v,8040448,49422336,NaN,199.97759103641457,-1,-1,1e-08,jacobi,NaN,NaN,false,2026-07-27T18:02:39.037919+00:00
2,python,single_thread,1,1,1,scipy-openblas:0.3.31.188.0,1,1,1,1001,laplacian_2d_spd,laplacian_2d_spd/m096_n00009216,9216,45696,pcg_jacobi,10,3,26210510,119502,19840781,46170793,295,295,0,0,295,true,9.696051208217405e-09,9.696051313025611e-09,NaN,67256.88474576271,434.1907606792717,9138176,usr_bin_time_v,8040448,49422336,NaN,199.97759103641457,-1,-1,1e-08,jacobi,NaN,NaN,false,2026-07-27T18:02:39.037919+00:00
2,julia,single_thread,1,1,1,openblas:libopenblas64_.so,1,1,1,1000,laplacian_2d_spd,laplacian_2d_spd/m096_n00009216,9216,45696,pcg_ic0,1,3,34187530,1439490,21591699,57218719,96,96,0,0,96,true,8.404620264977965e-9,8.404620308263307e-9,NaN,224913.53125,472.507418592437,136179712,usr_bin_time_v,126996480,447475712,56977288,2980.12324929972,-1,-1,1.0e-8,ic0,1.0,0.0,false,2026-07-27T18:02:46.327
2,julia,single_thread,1,1,1,openblas:libopenblas64_.so,1,1,1,1000,laplacian_2d_spd,laplacian_2d_spd/m096_n00009216,9216,45696,pcg_ic0,2,3,14535125,1337717,21288929,37161771,96,96,0,0,96,true,8.404620264977965e-9,8.404620308263307e-9,NaN,221759.67708333334,465.88167454481794,136179712,usr_bin_time_v,127037440,447475712,91017496,2980.12324929972,-1,-1,1.0e-8,ic0,1.0,0.0,false,2026-07-27T18:02:46.364
2,julia,single_thread,1,1,1,openblas:libopenblas64_.so,1,1,1,1000,laplacian_2d_spd,laplacian_2d_spd/m096_n00009216,9216,45696,pcg_ic0,3,3,21736800,1332881,21965748,45035429,96,96,0,0,96,true,8.404620264977965e-9,8.404620308263307e-9,NaN,228809.875,480.6930147058824,136179712,usr_bin_time_v,126697472,447475712,48477680,2980.12324929972,-1,-1,1.0e-8,ic0,1.0,0.0,false,2026-07-27T18:02:46.410
2,julia,single_thread,1,1,1,openblas:libopenblas64_.so,1,1,1,1000,laplacian_2d_spd,laplacian_2d_spd/m096_n00009216,9216,45696,pcg_ic0,4,3,14574603,1567152,21829287,37971042,96,96,0,0,96,true,8.404620264977965e-9,8.404620308263307e-9,NaN,227388.40625,477.7067358193277,136179712,usr_bin_time_v,126697472,447475712,83995384,2980.12324929972,-1,-1,1.0e-8,ic0,1.0,0.0,false,2026-07-27T18:02:46.473
2,julia,single_thread,1,1,1,openblas:libopenblas64_.so,1,1,1,1000,laplacian_2d_spd,laplacian_2d_spd/m096_n00009216,9216,45696,pcg_ic0,5,3,19869782,1307507,21152840,42330129,96,96,0,0,96,true,8.404620264977965e-9,8.404620308263307e-9,NaN,220342.08333333334,462.90353641456585,136179712,usr_bin_time_v,126697472,447475712,51060536,2980.12324929972,-1,-1,1.0e-8,ic0,1.0,0.0,false,2026-07-27T18:02:46.515
2,julia,single_thread,1,1,1,openblas:libopenblas64_.so,1,1,1,1000,laplacian_2d_spd,laplacian_2d_spd/m096_n00009216,9216,45696,pcg_ic0,6,3,14446941,1420702,27876669,43744312,96,96,0,0,96,true,8.404620264977965e-9,8.404620308263307e-9,NaN,290381.96875,610.0461528361344,136179712,usr_bin_time_v,126697472,447475712,31042576,2980.12324929972,-1,-1,1.0e-8,ic0,1.0,0.0,false,2026-07-27T18:02:46.559
2,julia,single_thread,1,1,1,openblas:libopenblas64_.so,1,1,1,1000,laplacian_2d_spd,laplacian_2d_spd/m096_n00009216,9216,45696,pcg_ic0,7,3,14629394,1532792,21975705,38137891,96,96,0,0,96,true,8.404620264977965e-9,8.404620308263307e-9,NaN,228913.59375,480.9109112394958,136179712,usr_bin_time_v,126697472,447475712,65078640,2980.12324929972,-1,-1,1.0e-8,ic0,1.0,0.0,false,2026-07-27T18:02:46.598
2,julia,single_thread,1,1,1,openblas:libopenblas64_.so,1,1,1,1000,laplacian_2d_spd,laplacian_2d_spd/m096_n00009216,9216,45696,pcg_ic0,8,3,18211794,1395089,21620581,41227464,96,96,0,0,96,true,8.404620264977965e-9,8.404620308263307e-9,NaN,225214.38541666666,473.13946516106444,136179712,usr_bin_time_v,126697472,447475712,51108840,2980.12324929972,-1,-1,1.0e-8,ic0,1.0,0.0,false,2026-07-27T18:02:46.639
2,julia,single_thread,1,1,1,openblas:libopenblas64_.so,1,1,1,1000,laplacian_2d_spd,laplacian_2d_spd/m096_n00009216,9216,45696,pcg_ic0,9,3,18167826,1351364,22804414,42323604,96,96,0,0,96,true,8.404620264977965e-9,8.404620308263307e-9,NaN,237545.97916666666,499.046174719888,136179712,usr_bin_time_v,126697472,447475712,44877952,2980.12324929972,-1,-1,1.0e-8,ic0,1.0,0.0,false,2026-07-27T18:02:46.681
2,julia,single_thread,1,1,1,openblas:libopenblas64_.so,1,1,1,1000,laplacian_2d_spd,laplacian_2d_spd/m096_n00009216,9216,45696,pcg_ic0,10,3,18104236,1442858,22074931,41622025,96,96,0,0,96,true,8.404620264977965e-9,8.404620308263307e-9,NaN,229947.19791666666,483.0823485644258,136179712,usr_bin_time_v,126697472,447475712,43216664,2980.12324929972,-1,-1,1.0e-8,ic0,1.0,0.0,false,2026-07-27T18:02:46.723
2,julia,single_thread,1,1,1,openblas:libopenblas64_.so,1,1,1,1002,laplacian_2d_spd,laplacian_2d_spd/m032_n00001024,1024,4992,pcg_ic0,1,3,1527618,131639,621138,2280395,34,34,0,0,34,true,7.716909536172416e-9,7.716909642708428e-9,NaN,18268.764705882353,124.4266826923077,117493760,usr_bin_time_v,108412928,447475712,73478272,23536.410256410258,-1,-1,1.0e-8,ic0,1.0,0.0,false,2026-07-27T18:02:53.708
2,julia,single_thread,1,1,1,openblas:libopenblas64_.so,1,1,1,1002,laplacian_2d_spd,laplacian_2d_spd/m032_n00001024,1024,4992,pcg_ic0,2,3,1584078,138643,647618,2370339,34,34,0,0,34,true,7.716909536172416e-9,7.716909642708428e-9,NaN,19047.58823529412,129.73116987179486,117493760,usr_bin_time_v,108417024,447475712,76743736,23536.410256410258,-1,-1,1.0e-8,ic0,1.0,0.0,false,2026-07-27T18:02:53.710
2,julia,single_thread,1,1,1,openblas:libopenblas64_.so,1,1,1,1002,laplacian_2d_spd,laplacian_2d_spd/m032_n00001024,1024,4992,pcg_ic0,3,3,1605400,152053,655940,2413393,34,34,0,0,34,true,7.716909536172416e-9,7.716909642708428e-9,NaN,19292.352941176472,131.39823717948718,117493760,usr_bin_time_v,108445696,447475712,81486696,23536.410256410258,-1,-1,1.0e-8,ic0,1.0,0.0,false,2026-07-27T18:02:53.738
2,julia,single_thread,1,1,1,openblas:libopenblas64_.so,1,1,1,1002,laplacian_2d_spd,laplacian_2d_spd/m032_n00001024,1024,4992,pcg_ic0,4,3,1548966,153982,632067,2335015,34,34,0,0,34,true,7.716909536172416e-9,7.716909642708428e-9,NaN,18590.20588235294,126.61598557692308,117493760,usr_bin_time_v,108474368,447475712,84748016,23536.410256410258,-1,-1,1.0e-8,ic0,1.0,0.0,false,2026-07-27T18:02:53.740
2,julia,single_thread,1,1,1,openblas:libopenblas64_.so,1,1,1,1002,laplacian_2d_spd,laplacian_2d_spd/m032_n00001024,1024,4992,pcg_ic0,5,3,1534809,139713,616750,2291272,34,34,0,0,34,true,7.716909536172416e-9,7.716909642708428e-9,NaN,18139.70588235294,123.54767628205128,117493760,usr_bin_time_v,108474368,447475712,88009496,23536.410256410258,-1,-1,1.0e-8,ic0,1.0,0.0,false,2026-07-27T18:02:53.743
2,julia,single_thread,1,1,1,openblas:libopenblas64_.so,1,1,1,1002,laplacian_2d_spd,laplacian_2d_spd/m032_n00001024,1024,4992,pcg_ic0,6,3,1550081,150303,629112,2329496,34,34,0,0,34,true,7.716909536172416e-9,7.716909642708428e-9,NaN,18503.29411764706,126.02403846153847,117493760,usr_bin_time_v,108486656,447475712,91270816,23536.410256410258,-1,-1,1.0e-8,ic0,1.0,0.0,false,2026-07-27T18:02:53.745
2,julia,single_thread,1,1,1,openblas:libopenblas64_.so,1,1,1,1002,laplacian_2d_spd,laplacian_2d_spd/m032_n00001024,1024,4992,pcg_ic0,7,3,1515279,132418,616810,2264507,34,34,0,0,34,true,7.716909536172416e-9,7.716909642708428e-9,NaN,18141.470588235294,123.55969551282051,117493760,usr_bin_time_v,108486656,447475712,94532136,23536.410256410258,-1,-1,1.0e-8,ic0,1.0,0.0,false,2026-07-27T18:02:53.747
2,julia,single_thread,1,1,1,openblas:libopenblas64_.so,1,1,1,1002,laplacian_2d_spd,laplacian_2d_spd/m032_n00001024,1024,4992,pcg_ic0,8,3,1521608,143412,618500,2283520,34,34,0,0,34,true,7.716909536172416e-9,7.716909642708428e-9,NaN,18191.176470588234,123.89823717948718,117493760,usr_bin_time_v,108486656,447475712,97793456,23536.410256410258,-1,-1,1.0e-8,ic0,1.0,0.0,false,2026-07-27T18:02:53.750
2,julia,single_thread,1,1,1,openblas:libopenblas64_.so,1,1,1,1002,laplacian_2d_spd,laplacian_2d_spd/m032_n00001024,1024,4992,pcg_ic0,9,3,1515385,134135,617405,2266925,34,34,0,0,34,true,7.716909536172416e-9,7.716909642708428e-9,NaN,18158.970588235294,123.67888621794872,117493760,usr_bin_time_v,108490752,447475712,101054840,23536.410256410258,-1,-1,1.0e-8,ic0,1.0,0.0,false,2026-07-27T18:02:53.752
2,julia,single_thread,1,1,1,openblas:libopenblas64_.so,1,1,1,1002,laplacian_2d_spd,laplacian_2d_spd/m032_n00001024,1024,4992,pcg_ic0,10,3,1530017,136622,631904,2298543,34,34,0,0,34,true,7.716909536172416e-9,7.716909642708428e-9,NaN,18585.41176470588,126.58333333333333,117493760,usr_bin_time_v,108490752,447475712,104316160,23536.410256410258,-1,-1,1.0e-8,ic0,1.0,0.0,false,2026-07-27T18:02:53.755
2,python,single_thread,1,1,1,scipy-openblas:0.3.31.188.0,1,1,1,1000,laplacian_2d_spd,laplacian_2d_spd/m064_n00004096,4096,20224,pcg_jacobi,1,3,8107804,34243,5334763,13476810,198,198,0,0,198,true,9.714596828784372e-09,9.714596834537893e-09,NaN,26943.247474747473,263.7837717563291,5021696,usr_bin_time_v,2924544,49422336,NaN,248.30379746835442,-1,-1,1e-08,jacobi,NaN,NaN,false,2026-07-27T18:02:54.133233+00:00
2,python,single_thread,1,1,1,scipy-openblas:0.3.31.188.0,1,1,1,1000,laplacian_2d_spd,laplacian_2d_spd/m064_n00004096,4096,20224,pcg_jacobi,2,3,7965312,32963,5469891,13468166,198,198,0,0,198,true,9.714596828784372e-09,9.714596834537893e-09,NaN,27625.71212121212,270.4653382120253,5021696,usr_bin_time_v,2924544,49422336,NaN,248.30379746835442,-1,-1,1e-08,jacobi,NaN,NaN,false,2026-07-27T18:02:54.133233+00:00
2,python,single_thread,1,1,1,scipy-openblas:0.3.31.188.0,1,1,1,1000,laplacian_2d_spd,laplacian_2d_spd/m064_n00004096,4096,20224,pcg_jacobi,3,3,7860240,33503,5420528,13314271,198,198,0,0,198,true,9.714596828784372e-09,9.714596834537893e-09,NaN,27376.40404040404,268.0245253164557,5021696,usr_bin_time_v,2961408,49422336,NaN,248.30379746835442,-1,-1,1e-08,jacobi,NaN,NaN,false,2026-07-27T18:02:54.133233+00:00
2,python,single_thread,1,1,1,scipy-openblas:0.3.31.188.0,1,1,1,1000,laplacian_2d_spd,laplacian_2d_spd/m064_n00004096,4096,20224,pcg_jacobi,4,3,7693536,41028,5621327,13355891,198,198,0,0,198,true,9.714596828784372e-09,9.714596834537893e-09,NaN,28390.540404040403,277.9532733386076,5021696,usr_bin_time_v,3690496,49422336,NaN,248.30379746835442,-1,-1,1e-08,jacobi,NaN,NaN,false,2026-07-27T18:02:54.133233+00:00
2,python,single_thread,1,1,1,scipy-openblas:0.3.31.188.0,1,1,1,1000,laplacian_2d_spd,laplacian_2d_spd/m064_n00004096,4096,20224,pcg_jacobi,5,3,7677849,33776,5374740,13086365,198,198,0,0,198,true,9.714596828784372e-09,9.714596834537893e-09,NaN,27145.151515151516,265.7604825949367,5021696,usr_bin_time_v,3735552,49422336,NaN,248.30379746835442,-1,-1,1e-08,jacobi,NaN,NaN,false,2026-07-27T18:02:54.133233+00:00
2,python,single_thread,1,1,1,scipy-openblas:0.3.31.188.0,1,1,1,1000,laplacian_2d_spd,laplacian_2d_spd/m064_n00004096,4096,20224,pcg_jacobi,6,3,7900673,34582,5284207,13219462,198,198,0,0,198,true,9.714596828784372e-09,9.714596834537893e-09,NaN,26687.91414141414,261.28396954113924,5021696,usr_bin_time_v,3739648,49422336,NaN,248.30379746835442,-1,-1,1e-08,jacobi,NaN,NaN,false,2026-07-27T18:02:54.133233+00:00
2,python,single_thread,1,1,1,scipy-openblas:0.3.31.188.0,1,1,1,1000,laplacian_2d_spd,laplacian_2d_spd/m064_n00004096,4096,20224,pcg_jacobi,7,3,8447359,35006,5395177,13877542,198,198,0,0,198,true,9.714596828784372e-09,9.714596834537893e-09,NaN,27248.368686868685,266.77101463607596,5021696,usr_bin_time_v,3776512,49422336,NaN,248.30379746835442,-1,-1,1e-08,jacobi,NaN,NaN,false,2026-07-27T18:02:54.133233+00:00
2,python,single_thread,1,1,1,scipy-openblas:0.3.31.188.0,1,1,1,1000,laplacian_2d_spd,laplacian_2d_spd/m064_n00004096,4096,20224,pcg_jacobi,8,3,8216511,44305,5499630,13760446,198,198,0,0,198,true,9.714596828784372e-09,9.714596834537893e-09,NaN,27775.909090909092,271.93581882911394,5021696,usr_bin_time_v,3776512,49422336,NaN,248.30379746835442,-1,-1,1e-08,jacobi,NaN,NaN,false,2026-07-27T18:02:54.133233+00:00
2,python,single_thread,1,1,1,scipy-openblas:0.3.31.188.0,1,1,1,1000,laplacian_2d_spd,laplacian_2d_spd/m064_n00004096,4096,20224,pcg_jacobi,9,3,8218734,31884,5560258,13810876,198,198,0,0,198,true,9.714596828784372e-09,9.714596834537893e-09,NaN,28082.11111111111,274.9336431962025,5021696,usr_bin_time_v,3780608,49422336,NaN,248.30379746835442,-1,-1,1e-08,jacobi,NaN,NaN,false,2026-07-27T18:02:54.133233+00:00
2,python,single_thread,1,1,1,scipy-openblas:0.3.31.188.0,1,1,1,1000,laplacian_2d_spd,laplacian_2d_spd/m064_n00004096,4096,20224,pcg_jacobi,10,3,7922400,40392,5455413,13418205,198,198,0,0,198,true,9.714596828784372e-09,9.714596834537893e-09,NaN,27552.590909090908,269.7494560917722,5021696,usr_bin_time_v,3813376,49422336,NaN,248.30379746835442,-1,-1,1e-08,jacobi,NaN,NaN,false,2026-07-27T18:02:54.133233+00:00
2,python,single_thread,1,1,1,scipy-openblas:0.3.31.188.0,1,1,1,1000,laplacian_2d_spd,laplacian_2d_spd/m032_n00001024,1024,4992,cg,1,3,1909105,5855,1288293,3203253,101,0,0,0,101,true,8.822208925159784e-09,8.822208956579438e-09,NaN,12755.376237623763,258.0715144230769,1413120,usr_bin_time_v,901120,49422336,NaN,283.0769230769231,-1,-1,1e-08,none,NaN,NaN,false,2026-07-27T18:02:54.497742+00:00
2,python,single_thread,1,1,1,scipy-openblas:0.3.31.188.0,1,1,1,1000,laplacian_2d_spd,laplacian_2d_spd/m032_n00001024,1024,4992,cg,2,3,1883605,6544,1284832,3174981,101,0,0,0,101,true,8.822208925159784e-09,8.822208956579438e-09,NaN,12721.10891089109,257.37820512820514,1413120,usr_bin_time_v,933888,49422336,NaN,283.0769230769231,-1,-1,1e-08,none,NaN,NaN,false,2026-07-27T18:02:54.497742+00:00
2,python,single_thread,1,1,1,scipy-openblas:0.3.31.188.0,1,1,1,1000,laplacian_2d_spd,laplacian_2d_spd/m032_n00001024,1024,4992,cg,3,3,1968724,6948,1288357,3264029,101,0,0,0,101,true,8.822208925159784e-09,8.822208956579438e-09,NaN,12756.009900990099,258.08433493589746,1413120,usr_bin_time_v,946176,49422336,NaN,283.0769230769231,-1,-1,1e-08,none,NaN,NaN,false,2026-07-27T18:02:54.497742+00:00
2,python,single_thread,1,1,1,scipy-openblas:0.3.31.188.0,1,1,1,1000,laplacian_2d_spd,laplacian_2d_spd/m032_n00001024,1024,4992,cg,4,3,1974932,7319,1310905,3293156,101,0,0,0,101,true,8.822208925159784e-09,8.822208956579438e-09,NaN,12979.257425742575,262.60116185897436,1413120,usr_bin_time_v,966656,49422336,NaN,283.0769230769231,-1,-1,1e-08,none,NaN,NaN,false,2026-07-27T18:02:54.497742+00:00
2,python,single_thread,1,1,1,scipy-openblas:0.3.31.188.0,1,1,1,1000,laplacian_2d_spd,laplacian_2d_spd/m032_n00001024,1024,4992,cg,5,3,2016802,6454,1306784,3330040,101,0,0,0,101,true,8.822208925159784e-09,8.822208956579438e-09,NaN,12938.455445544554,261.77564102564105,1413120,usr_bin_time_v,1019904,49422336,NaN,283.0769230769231,-1,-1,1e-08,none,NaN,NaN,false,2026-07-27T18:02:54.497742+00:00
2,python,single_thread,1,1,1,scipy-openblas:0.3.31.188.0,1,1,1,1000,laplacian_2d_spd,laplacian_2d_spd/m032_n00001024,1024,4992,cg,6,3,1898280,5850,1327723,3231853,101,0,0,0,101,true,8.822208925159784e-09,8.822208956579438e-09,NaN,13145.772277227723,265.9701522435897,1413120,usr_bin_time_v,1024000,49422336,NaN,283.0769230769231,-1,-1,1e-08,none,NaN,NaN,false,2026-07-27T18:02:54.497742+00:00
2,python,single_thread,1,1,1,scipy-openblas:0.3.31.188.0,1,1,1,1000,laplacian_2d_spd,laplacian_2d_spd/m032_n00001024,1024,4992,cg,7,3,1896247,5896,1320243,3222386,101,0,0,0,101,true,8.822208925159784e-09,8.822208956579438e-09,NaN,13071.712871287129,264.4717548076923,1413120,usr_bin_time_v,1024000,49422336,NaN,283.0769230769231,-1,-1,1e-08,none,NaN,NaN,false,2026-07-27T18:02:54.497742+00:00
2,python,single_thread,1,1,1,scipy-openblas:0.3.31.188.0,1,1,1,1000,laplacian_2d_spd,laplacian_2d_spd/m032_n00001024,1024,4992,cg,8,3,1952121,6137,1300482,3258740,101,0,0,0,101,true,8.822208925159784e-09,8.822208956579438e-09,NaN,12876.059405940594,260.51322115384613,1413120,usr_bin_time_v,1024000,49422336,NaN,283.0769230769231,-1,-1,1e-08,none,NaN,NaN,false,2026-07-27T18:02:54.497742+00:00
2,python,single_thread,1,1,1,scipy-openblas:0.3.31.188.0,1,1,1,1000,laplacian_2d_spd,laplacian_2d_spd/m032_n00001024,1024,4992,cg,9,3,1991546,7026,1301430,3300002,101,0,0,0,101,true,8.822208925159784e-09,8.822208956579438e-09,NaN,12885.445544554455,260.703125,1413120,usr_bin_time_v,1024000,49422336,NaN,283.0769230769231,-1,-1,1e-08,none,NaN,NaN,false,2026-07-27T18:02:54.497742+00:00
2,python,single_thread,1,1,1,scipy-openblas:0.3.31.188.0,1,1,1,1000,laplacian_2d_spd,laplacian_2d_spd/m032_n00001024,1024,4992,cg,10,3,1944660,6950,1309163,3260773,101,0,0,0,101,true,8.822208925159784e-09,8.822208956579438e-09,NaN,12962.009900990099,262.25220352564105,1413120,usr_bin_time_v,1032192,49422336,NaN,283.0769230769231,-1,-1,1e-08,none,NaN,NaN,false,2026-07-27T18:02:54.497742+00:00
2,julia,single_thread,1,1,1,openblas:libopenblas64_.so,1,1,1,1000,laplacian_2d_spd,laplacian_2d_spd/m064_n00004096,4096,20224,pcg_jacobi,1,3,6637901,59800,5078985,11776686,198,198,0,0,198,true,9.714596828784372e-9,9.71459683453789e-9,NaN,25651.439393939392,251.13652096518987,113205248,usr_bin_time_v,97366016,447475712,50887840,5597.569620253164,-1,-1,1.0e-8,jacobi,NaN,NaN,false,2026-07-27T18:03:01.349
2,julia,single_thread,1,1,1,openblas:libopenblas64_.so,1,1,1,1000,laplacian_2d_spd,laplacian_2d_spd/m064_n00004096,4096,20224,pcg_jacobi,2,3,6840488,47019,6647877,13535384,198,198,0,0,198,true,9.714596828784372e-9,9.71459683453789e-9,NaN,33575.13636363636,328.71227254746833,113205248,usr_bin_time_v,97366016,447475712,73573088,5597.569620253164,-1,-1,1.0e-8,jacobi,NaN,NaN,false,2026-07-27T18:03:01.363
2,julia,single_thread,1,1,1,openblas:libopenblas64_.so,1,1,1,1000,laplacian_2d_spd,laplacian_2d_spd/m064_n00004096,4096,20224,pcg_jacobi,3,3,11280685,51265,5043614,16375564,198,198,0,0,198,true,9.714596828784372e-9,9.71459683453789e-9,NaN,25472.79797979798,249.38755933544303,113205248,usr_bin_time_v,97366016,447475712,30072624,5597.569620253164,-1,-1,1.0e-8,jacobi,NaN,NaN,false,2026-07-27T18:03:01.380
2,julia,single_thread,1,1,1,openblas:libopenblas64_.so,1,1,1,1000,laplacian_2d_spd,laplacian_2d_spd/m064_n00004096,4096,20224,pcg_jacobi,4,3,6657876,42139,4954452,11654467,198,198,0,0,198,true,9.714596828784372e-9,9.71459683453789e-9,NaN,25022.484848484848,244.97883702531647,113205248,usr_bin_time_v,97366016,447475712,54235368,5597.569620253164,-1,-1,1.0e-8,jacobi,NaN,NaN,false,2026-07-27T18:03:01.417
2,julia,single_thread,1,1,1,openblas:libopenblas64_.so,1,1,1,1000,laplacian_2d_spd,laplacian_2d_spd/m064_n00004096,4096,20224,pcg_jacobi,5,3,6575897,43342,9398364,16017603,198,198,0,0,198,true,9.714596828784372e-9,9.71459683453789e-9,NaN,47466.48484848485,464.71340981012656,113205248,usr_bin_time_v,97366016,447475712,22154128,5597.569620253164,-1,-1,1.0e-8,jacobi,NaN,NaN,false,2026-07-27T18:03:01.433
2,julia,single_thread,1,1,1,openblas:libopenblas64_.so,1,1,1,1000,laplacian_2d_spd,laplacian_2d_spd/m064_n00004096,4096,20224,pcg_jacobi,6,3,6764427,44550,5101649,11910626,198,198,0,0,198,true,9.714596828784372e-9,9.71459683453789e-9,NaN,25765.90404040404,252.2571696993671,113205248,usr_bin_time_v,97366016,447475712,44835232,5597.569620253164,-1,-1,1.0e-8,jacobi,NaN,NaN,false,2026-07-27T18:03:01.445
2,julia,single_thread,1,1,1,openblas:libopenblas64_.so,1,1,1,1000,laplacian_2d_spd,laplacian_2d_spd/m064_n00004096,4096,20224,pcg_jacobi,7,3,6653377,3527426,5054229,15235032,198,198,0,0,198,true,9.714596828784372e-9,9.71459683453789e-9,NaN,25526.409090909092,249.91243077531647,113205248,usr_bin_time_v,97366016,447475712,23592704,5597.569620253164,-1,-1,1.0e-8,jacobi,NaN,NaN,false,2026-07-27T18:03:01.461
2,julia,single_thread,1,1,1,openblas:libopenblas64_.so,1,1,1,1000,laplacian_2d_spd,laplacian_2d_spd/m064_n00004096,4096,20224,pcg_jacobi,8,3,6712715,51638,6789718,13554071,198,198,0,0,198,true,9.714596828784372e-9,9.71459683453789e-9,NaN,34291.50505050505,335.7257713607595,113205248,usr_bin_time_v,97366016,447475712,14781800,5597.569620253164,-1,-1,1.0e-8,jacobi,NaN,NaN,false,2026-07-27T18:03:01.474
2,julia,single_thread,1,1,1,openblas:libopenblas64_.so,1,1,1,1000,laplacian_2d_spd,laplacian_2d_spd/m064_n00004096,4096,20224,pcg_jacobi,9,3,6588269,46454,6993897,13628620,198,198,0,0,198,true,9.714596828784372e-9,9.71459683453789e-9,NaN,35322.71212121212,345.82164754746833,113205248,usr_bin_time_v,97366016,447475712,10812096,5597.569620253164,-1,-1,1.0e-8,jacobi,NaN,NaN,false,2026-07-27T18:03:01.488
2,julia,single_thread,1,1,1,openblas:libopenblas64_.so,1,1,1,1000,laplacian_2d_spd,laplacian_2d_spd/m064_n00004096,4096,20224,pcg_jacobi,10,3,6597665,59938,6964147,13621750,198,198,0,0,198,true,9.714596828784372e-9,9.71459683453789e-9,NaN,35172.4595959596,344.3506230221519,113205248,usr_bin_time_v,97366016,447475712,10783832,5597.569620253164,-1,-1,1.0e-8,jacobi,NaN,NaN,false,2026-07-27T18:03:01.502
2,python,single_thread,1,1,1,scipy-openblas:0.3.31.188.0,1,1,1,1001,laplacian_2d_spd,laplacian_2d_spd/m032_n00001024,1024,4992,pcg_jacobi,1,3,1816741,10773,1223286,3050800,98,98,0,0,98,true,9.807146507434913e-09,9.807146619023715e-09,NaN,12482.510204081633,245.04927884615384,1437696,usr_bin_time_v,892928,49422336,NaN,288.0,-1,-1,1e-08,jacobi,NaN,NaN,false,2026-07-27T18:03:01.903919+00:00
2,python,single_thread,1,1,1,scipy-openblas:0.3.31.188.0,1,1,1,1001,laplacian_2d_spd,laplacian_2d_spd/m032_n00001024,1024,4992,pcg_jacobi,2,3,1826029,13166,1246552,3085747,98,98,0,0,98,true,9.807146507434913e-09,9.807146619023715e-09,NaN,12719.918367346938,249.70993589743588,1437696,usr_bin_time_v,946176,49422336,NaN,288.0,-1,-1,1e-08,jacobi,NaN,NaN,false,2026-07-27T18:03:01.903919+00:00
2,python,single_thread,1,1,1,scipy-openblas:0.3.31.188.0,1,1,1,1001,laplacian_2d_spd,laplacian_2d_spd/m032_n00001024,1024,4992,pcg_jacobi,3,3,1860474,13084,1238911,3112469,98,98,0,0,98,true,9.807146507434913e-09,9.807146619023715e-09,NaN,12641.948979591836,248.17928685897436,1437696,usr_bin_time_v,983040,49422336,NaN,288.0,-1,-1,1e-08,jacobi,NaN,NaN,false,2026-07-27T18:03:01.903919+00:00
2,python,single_thread,1,1,1,scipy-openblas:0.3.31.188.0,1,1,1,1001,laplacian_2d_spd,laplacian_2d_spd/m032_n00001024,1024,4992,pcg_jacobi,4,3,1825219,12229,1245481,3082929,98,98,0,0,98,true,9.807146507434913e-09,9.807146619023715e-09,NaN,12708.989795918367,249.49539262820514,1437696,usr_bin_time_v,983040,49422336,NaN,288.0,-1,-1,1e-08,jacobi,NaN,NaN,false,2026-07-27T18:03:01.903919+00:00
2,python,single_thread,1,1,1,scipy-openblas:0.3.31.188.0,1,1,1,1001,laplacian_2d_spd,laplacian_2d_spd/m032_n00001024,1024,4992,pcg_jacobi,5,3,1841381,16051,1239365,3096797,98,98,0,0,98,true,9.807146507434913e-09,9.807146619023715e-09,NaN,12646.581632653062,248.27023237179486,1437696,usr_bin_time_v,1007616,49422336,NaN,288.0,-1,-1,1e-08,jacobi,NaN,NaN,false,2026-07-27T18:03:01.903919+00:00
2,python,single_thread,1,1,1,scipy-openblas:0.3.31.188.0,1,1,1,1001,laplacian_2d_spd,laplacian_2d_spd/m032_n00001024,1024,4992,pcg_jacobi,6,3,1805473,11748,1247190,3064411,98,98,0,0,98,true,9.807146507434913e-09,9.807146619023715e-09,NaN,12726.42857142857,249.8377403846154,1437696,usr_bin_time_v,1024000,49422336,NaN,288.0,-1,-1,1e-08,jacobi,NaN,NaN,false,2026-07-27T18:03:01.903919+00:00
2,python,single_thread,1,1,1,scipy-openblas:0.3.31.188.0,1,1,1,1001,laplacian_2d_spd,laplacian_2d_spd/m032_n00001024,1024,4992,pcg_jacobi,7,3,1793990,11637,1235199,3040826,98,98,0,0,98,true,9.807146507434913e-09,9.807146619023715e-09,NaN,12604.07142857143,247.4356971153846,1437696,usr_bin_time_v,1024000,49422336,NaN,288.0,-1,-1,1e-08,jacobi,NaN,NaN,false,2026-07-27T18:03:01.903919+00:00
2,python,single_thread,1,1,1,scipy-openblas:0.3.31.188.0,1,1,1,1001,laplacian_2d_spd,laplacian_2d_spd/m032_n00001024,1024,4992,pcg_jacobi,8,3,1897568,11939,1224018,3133525,98,98,0,0,98,true,9.807146507434913e-09,9.807146619023715e-09,NaN,12489.979591836734,245.19591346153845,1437696,usr_bin_time_v,1024000,49422336,NaN,288.0,-1,-1,1e-08,jacobi,NaN,NaN,false,2026-07-27T18:03:01.903919+00:00
2,python,single_thread,1,1,1,scipy-openblas:0.3.31.188.0,1,1,1,1001,laplacian_2d_spd,laplacian_2d_spd/m032_n00001024,1024,4992,pcg_jacobi,9,3,1869183,12330,1204379,3085892,98,98,0,0,98,true,9.807146507434913e-09,9.807146619023715e-09,NaN,12289.581632653062,241.2618189102564,1437696,usr_bin_time_v,1032192,49422336,NaN,288.0,-1,-1,1e-08,jacobi,NaN,NaN,false,2026-07-27T18:03:01.903919+00:00
2,python,single_thread,1,1,1,scipy-openblas:0.3.31.188.0,1,1,1,1001,laplacian_2d_spd,laplacian_2d_spd/m032_n00001024,1024,4992,pcg_jacobi,10,3,1812006,11763,1213101,3036870,98,98,0,0,98,true,9.807146507434913e-09,9.807146619023715e-09,NaN,12378.581632653062,243.00901442307693,1437696,usr_bin_time_v,1036288,49422336,NaN,288.0,-1,-1,1e-08,jacobi,NaN,NaN,false,2026-07-27T18:03:01.903919+00:00
2,python,single_thread,1,1,1,scipy-openblas:0.3.31.188.0,1,1,1,1002,laplacian_2d_spd,laplacian_2d_spd/m096_n00009216,9216,45696,cg,1,3,19327488,15141,16005716,35348345,295,0,0,0,295,true,9.780805266011171e-09,9.780805244728967e-09,NaN,54256.66440677966,350.26514355742296,9498624,usr_bin_time_v,7507968,49422336,NaN,207.8655462184874,-1,-1,1e-08,none,NaN,NaN,false,2026-07-27T18:03:07.813577+00:00
2,python,single_thread,1,1,1,scipy-openblas:0.3.31.188.0,1,1,1,1002,laplacian_2d_spd,laplacian_2d_spd/m096_n00009216,9216,45696,cg,2,3,18597945,15786,22313769,40927500,295,0,0,0,295,true,9.780805266011171e-09,9.780805244728967e-09,NaN,75639.89491525423,488.30902048319325,9498624,usr_bin_time_v,7507968,49422336,NaN,207.8655462184874,-1,-1,1e-08,none,NaN,NaN,false,2026-07-27T18:03:07.813577+00:00
2,python,single_thread,1,1,1,scipy-openblas:0.3.31.188.0,1,1,1,1002,laplacian_2d_spd,laplacian_2d_spd/m096_n00009216,9216,45696,cg,3,3,17917040,15072,15353963,33286075,295,0,0,0,295,true,9.780805266011171e-09,9.780805244728967e-09,NaN,52047.33220338983,336.00234156162463,9498624,usr_bin_time_v,7507968,49422336,NaN,207.8655462184874,-1,-1,1e-08,none,NaN,NaN,false,2026-07-27T18:03:07.813577+00:00
2,python,single_thread,1,1,1,scipy-openblas:0.3.31.188.0,1,1,1,1002,laplacian_2d_spd,laplacian_2d_spd/m096_n00009216,9216,45696,cg,4,3,17538437,15078,15323038,32876553,295,0,0,0,295,true,9.780805266011171e-09,9.780805244728967e-09,NaN,51942.501694915256,335.3255864845938,9498624,usr_bin_time_v,7507968,49422336,NaN,207.8655462184874,-1,-1,1e-08,none,NaN,NaN,false,2026-07-27T18:03:07.813577+00:00
2,python,single_thread,1,1,1,scipy-openblas:0.3.31.188.0,1,1,1,1002,laplacian_2d_spd,laplacian_2d_spd/m096_n00009216,9216,45696,cg,5,3,17793531,17018,15607715,33418264,295,0,0,0,295,true,9.780805266011171e-09,9.780805244728967e-09,NaN,52907.50847457627,341.555387780112,9498624,usr_bin_time_v,7507968,49422336,NaN,207.8655462184874,-1,-1,1e-08,none,NaN,NaN,false,2026-07-27T18:03:07.813577+00:00
2,python,single_thread,1,1,1,scipy-openblas:0.3.31.188.0,1,1,1,1002,laplacian_2d_spd,laplacian_2d_spd/m096_n00009216,9216,45696,cg,6,3,17546343,14288,15145094,32705725,295,0,0,0,295,true,9.780805266011171e-09,9.780805244728967e-09,NaN,51339.30169491525,331.43150385154064,9498624,usr_bin_time_v,7938048,49422336,NaN,207.8655462184874,-1,-1,1e-08,none,NaN,NaN,false,2026-07-27T18:03:07.813577+00:00
2,python,single_thread,1,1,1,scipy-openblas:0.3.31.188.0,1,1,1,1002,laplacian_2d_spd,laplacian_2d_spd/m096_n00009216,9216,45696,cg,7,3,17586888,17705,15315891,32920484,295,0,0,0,295,true,9.780805266011171e-09,9.780805244728967e-09,NaN,51918.274576271186,335.16918329831935,9498624,usr_bin_time_v,7938048,49422336,NaN,207.8655462184874,-1,-1,1e-08,none,NaN,NaN,false,2026-07-27T18:03:07.813577+00:00
2,python,single_thread,1,1,1,scipy-openblas:0.3.31.188.0,1,1,1,1002,laplacian_2d_spd,laplacian_2d_spd/m096_n00009216,9216,45696,cg,8,3,17704387,14968,15088853,32808208,295,0,0,0,295,true,9.780805266011171e-09,9.780805244728967e-09,NaN,51148.65423728814,330.20073967086836,9498624,usr_bin_time_v,7938048,49422336,NaN,207.8655462184874,-1,-1,1e-08,none,NaN,NaN,false,2026-07-27T18:03:07.813577+00:00
2,python,single_thread,1,1,1,scipy-openblas:0.3.31.188.0,1,1,1,1002,laplacian_2d_spd,laplacian_2d_spd/m096_n00009216,9216,45696,cg,9,3,18518833,14219,15358537,33891589,295,0,0,0,295,true,9.780805266011171e-09,9.780805244728967e-09,NaN,52062.83728813559,336.10243785014006,9498624,usr_bin_time_v,7938048,49422336,NaN,207.8655462184874,-1,-1,1e-08,none,NaN,NaN,false,2026-07-27T18:03:07.813577+00:00
2,python,single_thread,1,1,1,scipy-openblas:0.3.31.188.0,1,1,1,1002,laplacian_2d_spd,laplacian_2d_spd/m096_n00009216,9216,45696,cg,10,3,18391649,15659,15191968,33599276,295,0,0,0,295,true,9.780805266011171e-09,9.780805244728967e-09,NaN,51498.19661016949,332.4572829131653,9498624,usr_bin_time_v,8265728,49422336,NaN,207.8655462184874,-1,-1,1e-08,none,NaN,NaN,false,2026-07-27T18:03:07.813577+00:00
2,python,single_thread,1,1,1,scipy-openblas:0.3.31.188.0,1,1,1,1000,laplacian_2d_spd,laplacian_2d_spd/m096_n00009216,9216,45696,pcg_jacobi,1,3,18511516,61935,15599569,34173020,295,295,0,0,295,true,9.784927503254674e-09,9.784927609252096e-09,NaN,52879.89491525424,341.37712272408965,9183232,usr_bin_time_v,7213056,49422336,NaN,200.96358543417367,-1,-1,1e-08,jacobi,NaN,NaN,false,2026-07-27T18:03:08.476234+00:00
2,python,single_thread,1,1,1,scipy-openblas:0.3.31.188.0,1,1,1,1000,laplacian_2d_spd,laplacian_2d_spd/m096_n00009216,9216,45696,pcg_jacobi,2,3,18226099,76494,15157822,33460415,295,295,0,0,295,true,9.784927503254674e-09,9.784927609252096e-09,NaN,51382.44745762712,331.71004026610643,9183232,usr_bin_time_v,7335936,49422336,NaN,200.96358543417367,-1,-1,1e-08,jacobi,NaN,NaN,false,2026-07-27T18:03:08.476234+00:00
2,python,single_thread,1,1,1,scipy-openblas:0.3.31.188.0,1,1,1,1000,laplacian_2d_spd,laplacian_2d_spd/m096_n00009216,9216,45696,pcg_jacobi,3,3,17577413,56524,15014072,32648009,295,295,0,0,295,true,9.784927503254674e-09,9.784927609252096e-09,NaN,50895.1593220339,328.5642507002801,9183232,usr_bin_time_v,7352320,49422336,NaN,200.96358543417367,-1,-1,1e-08,jacobi,NaN,NaN,false,2026-07-27T18:03:08.476234+00:00
2,python,single_thread,1,1,1,scipy-openblas:0.3.31.188.0,1,1,1,1000,laplacian_2d_spd,laplacian_2d_spd/m096_n00009216,9216,45696,pcg_jacobi,4,3,17619692,62282,14928142,32610116,295,295,0,0,295,true,9.784927503254674e-09,9.784927609252096e-09,NaN,50603.87118644068,326.68377976190476,9183232,usr_bin_time_v,7491584,49422336,NaN,200.96358543417367,-1,-1,1e-08,jacobi,NaN,NaN,false,2026-07-27T18:03:08.476234+00:00
2,python,single_thread,1,1,1,scipy-openblas:0.3.31.188.0,1,1,1,1000,laplacian_2d_spd,laplacian_2d_spd/m096_n00009216,9216,45696,pcg_jacobi,5,3,17269751,59734,14850170,32179655,295,295,0,0,295,true,9.784927503254674e-09,9.784927609252096e-09,NaN,50339.5593220339,324.97745973389357,9183232,usr_bin_time_v,7491584,49422336,NaN,200.96358543417367,-1,-1,1e-08,jacobi,NaN,NaN,false,2026-07-27T18:03:08.476234+00:00
2,python,single_thread,1,1,1,scipy-openblas:0.3.31.188.0,1,1,1,1000,laplacian_2d_spd,laplacian_2d_spd/m096_n00009216,9216,45696,pcg_jacobi,6,3,16859692,67662,14708872,31636226,295,295,0,0,295,true,9.784927503254674e-09,9.784927609252096e-09,NaN,49860.58305084746,321.88532913165267,9183232,usr_bin_time_v,7761920,49422336,NaN,200.96358543417367,-1,-1,1e-08,jacobi,NaN,NaN,false,2026-07-27T18:03:08.476234+00:00
2,python,single_thread,1,1,1,scipy-openblas:0.3.31.188.0,1,1,1,1000,laplacian_2d_spd,laplacian_2d_spd/m096_n00009216,9216,45696,pcg_jacobi,7,3,17383255,56607,15046566,32486428,295,295,0,0,295,true,9.784927503254674e-09,9.784927609252096e-09,NaN,51005.30847457627,329.2753413865546,9183232,usr_bin_time_v,7983104,49422336,NaN,200.96358543417367,-1,-1,1e-08,jacobi,NaN,NaN,false,2026-07-27T18:03:08.476234+00:00
2,python,single_thread,1,1,1,scipy-openblas:0.3.31.188.0,1,1,1,1000,laplacian_2d_spd,laplacian_2d_spd/m096_n00009216,9216,45696,pcg_jacobi,8,3,16897866,55130,14881128,31834124,295,295,0,0,295,true,9.784927503254674e-09,9.784927609252096e-09,NaN,50444.501694915256,325.6549369747899,9183232,usr_bin_time_v,7983104,49422336,NaN,200.96358543417367,-1,-1,1e-08,jacobi,NaN,NaN,false,2026-07-27T18:03:08.476234+00:00
2,python,single_thread,1,1,1,scipy-openblas:0.3.31.188.0,1,1,1,1000,laplacian_2d_spd,laplacian_2d_spd/m096_n00009216,9216,45696,pcg_jacobi,9,3,17793186,59292,15424731,33277209,295,295,0,0,295,true,9.784927503254674e-09,9.784927609252096e-09,NaN,52287.22372881356,337.55101102941177,9183232,usr_bin_time_v,7983104,49422336,NaN,200.96358543417367,-1,-1,1e-08,jacobi,NaN,NaN,false,2026-07-27T18:03:08.476234+00:00
2,python,single_thread,1,1,1,scipy-openblas:0.3.31.188.0,1,1,1,1000,laplacian_2d_spd,laplacian_2d_spd/m096_n00009216,9216,45696,pcg_jacobi,10,3,17952136,59016,15242853,33254005,295,295,0,0,295,true,9.784927503254674e-09,9.784927609252096e-09,NaN,51670.68813559322,333.57083771008405,9183232,usr_bin_time_v,7983104,49422336,NaN,200.96358543417367,-1,-1,1e-08,jacobi,NaN,NaN,false,2026-07-27T18:03:08.476234+00:00
2,python,single_thread,1,1,1,scipy-openblas:0.3.31.188.0,1,1,1,1001,laplacian_2d_spd,laplacian_2d_spd/m096_n00009216,9216,45696,cg,1,3,18440116,15474,15172350,33627940,295,0,0,0,295,true,9.696051208217405e-09,9.696051313025611e-09,NaN,51431.69491525424,332.0279674369748,8888320,usr_bin_time_v,7413760,49422336,NaN,194.50980392156862,-1,-1,1e-08,none,NaN,NaN,false,2026-07-27T18:03:15.057987+00:00
2,python,single_thread,1,1,1,scipy-openblas:0.3.31.188.0,1,1,1,1001,laplacian_2d_spd,laplacian_2d_spd/m096_n00009216,9216,45696,cg,2,3,18148661,14940,15054273,33217874,295,0,0,0,295,true,9.696051208217405e-09,9.696051313025611e-09,NaN,51031.433898305084,329.4439994747899,8888320,usr_bin_time_v,7745536,49422336,NaN,194.50980392156862,-1,-1,1e-08,none,NaN,NaN,false,2026-07-27T18:03:15.057987+00:00
2,python,single_thread,1,1,1,scipy-openblas:0.3.31.188.0,1,1,1,1001,laplacian_2d_spd,laplacian_2d_spd/m096_n00009216,9216,45696,cg,3,3,18048468,18212,15371553,33438233,295,0,0,0,295,true,9.696051208217405e-09,9.696051313025611e-09,NaN,52106.9593220339,336.3872767857143,8888320,usr_bin_time_v,7745536,49422336,NaN,194.50980392156862,-1,-1,1e-08,none,NaN,NaN,false,2026-07-27T18:03:15.057987+00:00
2,python,single_thread,1,1,1,scipy-openblas:0.3.31.188.0,1,1,1,1001,laplacian_2d_spd,laplacian_2d_spd/m096_n00009216,9216,45696,cg,4,3,25060026,22407,28581447,53663880,295,0,0,0,295,true,9.696051208217405e-09,9.696051313025611e-09,NaN,96886.26101694915,625.4693408613446,8888320,usr_bin_time_v,7745536,49422336,NaN,194.50980392156862,-1,-1,1e-08,none,NaN,NaN,false,2026-07-27T18:03:15.057987+00:00
2,python,single_thread,1,1,1,scipy-openblas:0.3.31.188.0,1,1,1,1001,laplacian_2d_spd,laplacian_2d_spd/m096_n00009216,9216,45696,cg,5,3,25658954,14214,15914919,41588087,295,0,0,0,295,true,9.696051208217405e-09,9.696051313025611e-09,NaN,53948.877966101696,348.27816439075633,8888320,usr_bin_time_v,7745536,49422336,NaN,194.50980392156862,-1,-1,1e-08,none,NaN,NaN,false,2026-07-27T18:03:15.057987+00:00
2,python,single_thread,1,1,1,scipy-openblas:0.3.31.188.0,1,1,1,1001,laplacian_2d_spd,laplacian_2d_spd/m096_n00009216,9216,45696,cg,6,3,18395815,18930,15589158,34003903,295,0,0,0,295,true,9.696051208217405e-09,9.696051313025611e-09,NaN,52844.60338983051,341.14929096638656,8888320,usr_bin_time_v,7745536,49422336,NaN,194.50980392156862,-1,-1,1e-08,none,NaN,NaN,false,2026-07-27T18:03:15.057987+00:00
2,python,single_thread,1,1,1,scipy-openblas:0.3.31.188.0,1,1,1,1001,laplacian_2d_spd,laplacian_2d_spd/m096_n00009216,9216,45696,cg,7,3,18014534,14140,15606352,33635026,295,0,0,0,295,true,9.696051208217405e-09,9.696051313025611e-09,NaN,52902.88813559322,341.52556022408965,8888320,usr_bin_time_v,7745536,49422336,NaN,194.50980392156862,-1,-1,1e-08,none,NaN,NaN,false,2026-07-27T18:03:15.057987+00:00
2,python,single_thread,1,1,1,scipy-openblas:0.3.31.188.0,1,1,1,1001,laplacian_2d_spd,laplacian_2d_spd/m096_n00009216,9216,45696,cg,8,3,17970877,13566,15420523,33404966,295,0,0,0,295,true,9.696051208217405e-09,9.696051313025611e-09,NaN,52272.9593220339,337.4589241946779,8888320,usr_bin_time_v,7745536,49422336,NaN,194.50980392156862,-1,-1,1e-08,none,NaN,NaN,false,2026-07-27T18:03:15.057987+00:00
2,python,single_thread,1,1,1,scipy-openblas:0.3.31.188.0,1,1,1,1001,laplacian_2d_spd,laplacian_2d_spd/m096_n00009216,9216,45696,cg,9,3,18345556,13155,15429497,33788208,295,0,0,0,295,true,9.696051208217405e-09,9.696051313025611e-09,NaN,52303.37966101695,337.6553089985994,8888320,usr_bin_time_v,7745536,49422336,NaN,194.50980392156862,-1,-1,1e-08,none,NaN,NaN,false,2026-07-27T18:03:15.057987+00:00
2,python,single_thread,1,1,1,scipy-openblas:0.3.31.188.0,1,1,1,1001,laplacian_2d_spd,laplacian_2d_spd/m096_n00009216,9216,45696,cg,10,3,18085730,16587,15892854,33995171,295,0,0,0,295,true,9.696051208217405e-09,9.696051313025611e-09,NaN,53874.081355932205,347.7952993697479,8888320,usr_bin_time_v,7745536,49422336,NaN,194.50980392156862,-1,-1,1e-08,none,NaN,NaN,false,2026-07-27T18:03:15.057987+00:00
2,python,single_thread,1,1,1,scipy-openblas:0.3.31.188.0,1,1,1,1002,laplacian_2d_spd,laplacian_2d_spd/m032_n00001024,1024,4992,cg,1,3,1888204,6301,1325106,3219611,101,0,0,0,101,true,7.606776179662985e-09,7.606776325310368e-09,NaN,13119.861386138615,265.44591346153845,1630208,usr_bin_time_v,917504,49422336,NaN,326.56410256410254,-1,-1,1e-08,none,NaN,NaN,false,2026-07-27T18:03:15.715353+00:00
2,python,single_thread,1,1,1,scipy-openblas:0.3.31.188.0,1,1,1,1002,laplacian_2d_spd,laplacian_2d_spd/m032_n00001024,1024,4992,cg,2,3,1929863,7008,1349569,3286440,101,0,0,0,101,true,7.606776179662985e-09,7.606776325310368e-09,NaN,13362.069306930693,270.3463541666667,1630208,usr_bin_time_v,942080,49422336,NaN,326.56410256410254,-1,-1,1e-08,none,NaN,NaN,false,2026-07-27T18:03:15.715353+00:00
2,python,single_thread,1,1,1,scipy-openblas:0.3.31.188.0,1,1,1,1002,laplacian_2d_spd,laplacian_2d_spd/m032_n00001024,1024,4992,cg,3,3,1937937,6578,1334664,3279179,101,0,0,0,101,true,7.606776179662985e-09,7.606776325310368e-09,NaN,13214.49504950495,267.3605769230769,1630208,usr_bin_time_v,954368,49422336,NaN,326.56410256410254,-1,-1,1e-08,none,NaN,NaN,false,2026-07-27T18:03:15.715353+00:00
2,python,single_thread,1,1,1,scipy-openblas:0.3.31.188.0,1,1,1,1002,laplacian_2d_spd,laplacian_2d_spd/m032_n00001024,1024,4992,cg,4,3,1949250,7197,1388660,3345107,101,0,0,0,101,true,7.606776179662985e-09,7.606776325310368e-09,NaN,13749.10891089109,278.1770833333333,1630208,usr_bin_time_v,966656,49422336,NaN,326.56410256410254,-1,-1,1e-08,none,NaN,NaN,false,2026-07-27T18:03:15.715353+00:00
2,python,single_thread,1,1,1,scipy-openblas:0.3.31.188.0,1,1,1,1002,laplacian_2d_spd,laplacian_2d_spd/m032_n00001024,1024,4992,cg,5,3,2049946,8999,1329296,3388241,101,0,0,0,101,true,7.606776179662985e-09,7.606776325310368e-09,NaN,13161.346534653465,266.2852564102564,1630208,usr_bin_time_v,974848,49422336,NaN,326.56410256410254,-1,-1,1e-08,none,NaN,NaN,false,2026-07-27T18:03:15.715353+00:00
2,python,single_thread,1,1,1,scipy-openblas:0.3.31.188.0,1,1,1,1002,laplacian_2d_spd,laplacian_2d_spd/m032_n00001024,1024,4992,cg,6,3,1944185,6684,1338799,3289668,101,0,0,0,101,true,7.606776179662985e-09,7.606776325310368e-09,NaN,13255.435643564357,268.1889022435897,1630208,usr_bin_time_v,991232,49422336,NaN,326.56410256410254,-1,-1,1e-08,none,NaN,NaN,false,2026-07-27T18:03:15.715353+00:00
2,python,single_thread,1,1,1,scipy-openblas:0.3.31.188.0,1,1,1,1002,laplacian_2d_spd,laplacian_2d_spd/m032_n00001024,1024,4992,cg,7,3,1951237,7145,1337217,3295599,101,0,0,0,101,true,7.606776179662985e-09,7.606776325310368e-09,NaN,13239.772277227723,267.8719951923077,1630208,usr_bin_time_v,1003520,49422336,NaN,326.56410256410254,-1,-1,1e-08,none,NaN,NaN,false,2026-07-27T18:03:15.715353+00:00
2,python,single_thread,1,1,1,scipy-openblas:0.3.31.188.0,1,1,1,1002,laplacian_2d_spd,laplacian_2d_spd/m032_n00001024,1024,4992,cg,8,3,1937379,6725,1320001,3264105,101,0,0,0,101,true,7.606776179662985e-09,7.606776325310368e-09,NaN,13069.316831683169,264.4232772435897,1630208,usr_bin_time_v,1011712,49422336,NaN,326.56410256410254,-1,-1,1e-08,none,NaN,NaN,false,2026-07-27T18:03:15.715353+00:00
2,python,single_thread,1,1,1,scipy-openblas:0.3.31.188.0,1,1,1,1002,laplacian_2d_spd,laplacian_2d_spd/m032_n00001024,1024,4992,cg,9,3,1941296,6459,1317890,3265645,101,0,0,0,101,true,7.606776179662985e-09,7.606776325310368e-09,NaN,13048.415841584158,264.00040064102564,1630208,usr_bin_time_v,1032192,49422336,NaN,326.56410256410254,-1,-1,1e-08,none,NaN,NaN,false,2026-07-27T18:03:15.715353+00:00
2,python,single_thread,1,1,1,scipy-openblas:0.3.31.188.0,1,1,1,1002,laplacian_2d_spd,laplacian_2d_spd/m032_n00001024,1024,4992,cg,10,3,1890695,5781,1350891,3247367,101,0,0,0,101,true,7.606776179662985e-09,7.606776325310368e-09,NaN,13375.158415841584,270.61117788461536,1630208,usr_bin_time_v,1036288,49422336,NaN,326.56410256410254,-1,-1,1e-08,none,NaN,NaN,false,2026-07-27T18:03:15.715353+00:00
2,python,single_thread,1,1,1,scipy-openblas:0.3.31.188.0,1,1,1,1002,laplacian_2d_spd,laplacian_2d_spd/m064_n00004096,4096,20224,cg,1,3,8072074,10544,5415133,13497751,192,0,0,0,192,true,9.410455392306075e-09,9.410455296332806e-09,NaN,28203.817708333332,267.7577630537975,5316608,usr_bin_time_v,3100672,49422336,NaN,262.88607594936707,-1,-1,1e-08,none,NaN,NaN,false,2026-07-27T18:03:15.929829+00:00
2,python,single_thread,1,1,1,scipy-openblas:0.3.31.188.0,1,1,1,1002,laplacian_2d_spd,laplacian_2d_spd/m064_n00004096,4096,20224,cg,2,3,8779000,10984,5206186,13996170,192,0,0,0,192,true,9.410455392306075e-09,9.410455296332806e-09,NaN,27115.552083333332,257.4261273734177,5316608,usr_bin_time_v,3203072,49422336,NaN,262.88607594936707,-1,-1,1e-08,none,NaN,NaN,false,2026-07-27T18:03:15.929829+00:00
2,python,single_thread,1,1,1,scipy-openblas:0.3.31.188.0,1,1,1,1002,laplacian_2d_spd,laplacian_2d_spd/m064_n00004096,4096,20224,cg,3,3,7950042,12944,5371905,13334891,192,0,0,0,192,true,9.410455392306075e-09,9.410455296332806e-09,NaN,27978.671875,265.6203026107595,5316608,usr_bin_time_v,3203072,49422336,NaN,262.88607594936707,-1,-1,1e-08,none,NaN,NaN,false,2026-07-27T18:03:15.929829+00:00
2,python,single_thread,1,1,1,scipy-openblas:0.3.31.188.0,1,1,1,1002,laplacian_2d_spd,laplacian_2d_spd/m064_n00004096,4096,20224,cg,4,3,7991043,13152,5400379,13404574,192,0,0,0,192,true,9.410455392306075e-09,9.410455296332806e-09,NaN,28126.973958333332,267.02823378164555,5316608,usr_bin_time_v,4083712,49422336,NaN,262.88607594936707,-1,-1,1e-08,none,NaN,NaN,false,2026-07-27T18:03:15.929829+00:00
2,python,single_thread,1,1,1,scipy-openblas:0.3.31.188.0,1,1,1,1002,laplacian_2d_spd,laplacian_2d_spd/m064_n00004096,4096,20224,cg,5,3,7967738,11060,5515781,13494579,192,0,0,0,192,true,9.410455392306075e-09,9.410455296332806e-09,NaN,28728.026041666668,272.7344244462025,5316608,usr_bin_time_v,4083712,49422336,NaN,262.88607594936707,-1,-1,1e-08,none,NaN,NaN,false,2026-07-27T18:03:15.929829+00:00
2,python,single_thread,1,1,1,scipy-openblas:0.3.31.188.0,1,1,1,1002,laplacian_2d_spd,laplacian_2d_spd/m064_n00004096,4096,20224,cg,6,3,7996046,12215,5333322,13341583,192,0,0,0,192,true,9.410455392306075e-09,9.410455296332806e-09,NaN,27777.71875,263.712519778481,5316608,usr_bin_time_v,4083712,49422336,NaN,262.88607594936707,-1,-1,1e-08,none,NaN,NaN,false,2026-07-27T18:03:15.929829+00:00
2,python,single_thread,1,1,1,scipy-openblas:0.3.31.188.0,1,1,1,1002,laplacian_2d_spd,laplacian_2d_spd/m064_n00004096,4096,20224,cg,7,3,8058517,11519,5299560,13369596,192,0,0,0,192,true,9.410455392306075e-09,9.410455296332806e-09,NaN,27601.875,262.0431170886076,5316608,usr_bin_time_v,4083712,49422336,NaN,262.88607594936707,-1,-1,1e-08,none,NaN,NaN,false,2026-07-27T18:03:15.929829+00:00
2,python,single_thread,1,1,1,scipy-openblas:0.3.31.188.0,1,1,1,1002,laplacian_2d_spd,laplacian_2d_spd/m064_n00004096,4096,20224,cg,8,3,8139905,11411,5313206,13464522,192,0,0,0,192,true,9.410455392306075e-09,9.410455296332806e-09,NaN,27672.947916666668,262.71785996835445,5316608,usr_bin_time_v,4083712,49422336,NaN,262.88607594936707,-1,-1,1e-08,none,NaN,NaN,false,2026-07-27T18:03:15.929829+00:00
2,python,single_thread,1,1,1,scipy-openblas:0.3.31.188.0,1,1,1,1002,laplacian_2d_spd,laplacian_2d_spd/m064_n00004096,4096,20224,cg,9,3,8024073,11070,5345835,13380978,192,0,0,0,192,true,9.410455392306075e-09,9.410455296332806e-09,NaN,27842.890625,264.3312401107595,5316608,usr_bin_time_v,4083712,49422336,NaN,262.88607594936707,-1,-1,1e-08,none,NaN,NaN,false,2026-07-27T18:03:15.929829+00:00
2,python,single_thread,1,1,1,scipy-openblas:0.3.31.188.0,1,1,1,1002,laplacian_2d_spd,laplacian_2d_spd/m064_n00004096,4096,20224,cg,10,3,8404594,12463,5385388,13802445,192,0,0,0,192,true,9.410455392306075e-09,9.410455296332806e-09,NaN,28048.895833333332,266.2869857594937,5316608,usr_bin_time_v,4083712,49422336,NaN,262.88607594936707,-1,-1,1e-08,none,NaN,NaN,false,2026-07-27T18:03:15.929829+00:00
2,python,single_thread,1,1,1,scipy-openblas:0.3.31.188.0,1,1,1,1001,laplacian_2d_spd,laplacian_2d_spd/m096_n00009216,9216,45696,pcg_ic0,1,3,18420395,22417776,1039518265,1080356436,96,96,0,0,96,true,8.662926443984184e-09,8.662926434806502e-09,NaN,10828315.260416666,22748.561471463585,10403840,usr_bin_time_v,9138176,49422336,NaN,227.6750700280112,-1,-1,1e-08,ic0,1.0,0.0,false,2026-07-27T18:03:16.279649+00:00
2,python,single_thread,1,1,1,scipy-openblas:0.3.31.188.0,1,1,1,1001,laplacian_2d_spd,laplacian_2d_spd/m096_n00009216,9216,45696,pcg_ic0,2,3,18568923,22424122,1052726928,1093719973,96,96,0,0,96,true,8.662926443984184e-09,8.662926434806502e-09,NaN,10965905.5,23037.616596638654,10403840,usr_bin_time_v,9261056,49422336,NaN,227.6750700280112,-1,-1,1e-08,ic0,1.0,0.0,false,2026-07-27T18:03:16.279649+00:00
2,python,single_thread,1,1,1,scipy-openblas:0.3.31.188.0,1,1,1,1001,laplacian_2d_spd,laplacian_2d_spd/m096_n00009216,9216,45696,pcg_ic0,3,3,18846267,23276492,1042630689,1084753448,96,96,0,0,96,true,8.662926443984184e-09,8.662926434806502e-09,NaN,10860736.34375,22816.672991071428,10403840,usr_bin_time_v,9261056,49422336,NaN,227.6750700280112,-1,-1,1e-08,ic0,1.0,0.0,false,2026-07-27T18:03:16.279649+00:00
2,python,single_thread,1,1,1,scipy-openblas:0.3.31.188.0,1,1,1,1001,laplacian_2d_spd,laplacian_2d_spd/m096_n00009216,9216,45696,pcg_ic0,4,3,19101535,23553972,1050641386,1093296893,96,96,0,0,96,true,8.662926443984184e-09,8.662926434806502e-09,NaN,10944181.104166666,22991.977109593838,10403840,usr_bin_time_v,9261056,49422336,NaN,227.6750700280112,-1,-1,1e-08,ic0,1.0,0.0,false,2026-07-27T18:03:16.279649+00:00
2,python,single_thread,1,1,1,scipy-openblas:0.3.31.188.0,1,1,1,1001,laplacian_2d_spd,laplacian_2d_spd/m096_n00009216,9216,45696,pcg_ic0,5,3,19394969,23451103,1050858333,1093704405,96,96,0,0,96,true,8.662926443984184e-09,8.662926434806502e-09,NaN,10946440.96875,22996.724724264706,10403840,usr_bin_time_v,9261056,49422336,NaN,227.6750700280112,-1,-1,1e-08,ic0,1.0,0.0,false,2026-07-27T18:03:16.279649+00:00
2,python,single_thread,1,1,1,scipy-openblas:0.3.31.188.0,1,1,1,1001,laplacian_2d_spd,laplacian_2d_spd/m096_n00009216,9216,45696,pcg_ic0,6,3,18649196,22555069,1057638682,1098842947,96,96,0,0,96,true,8.662926443984184e-09,8.662926434806502e-09,NaN,11017069.604166666,23145.104210434172,10403840,usr_bin_time_v,9261056,49422336,NaN,227.6750700280112,-1,-1,1e-08,ic0,1.0,0.0,false,2026-07-27T18:03:16.279649+00:00
2,python,single_thread,1,1,1,scipy-openblas:0.3.31.188.0,1,1,1,1001,laplacian_2d_spd,laplacian_2d_spd/m096_n00009216,9216,45696,pcg_ic0,7,3,18496009,23322653,1050449872,1092268534,96,96,0,0,96,true,8.662926443984184e-09,8.662926434806502e-09,NaN,10942186.166666666,22987.78606442577,10403840,usr_bin_time_v,9261056,49422336,NaN,227.6750700280112,-1,-1,1e-08,ic0,1.0,0.0,false,2026-07-27T18:03:16.279649+00:00
2,python,single_thread,1,1,1,scipy-openblas:0.3.31.188.0,1,1,1,1001,laplacian_2d_spd,laplacian_2d_spd/m096_n00009216,9216,45696,pcg_ic0,8,3,17782218,22755149,1049993040,1090530407,96,96,0,0,96,true,8.662926443984184e-09,8.662926434806502e-09,NaN,10937427.5,22977.78886554622,10403840,usr_bin_time_v,9261056,49422336,NaN,227.6750700280112,-1,-1,1e-08,ic0,1.0,0.0,false,2026-07-27T18:03:16.279649+00:00
2,python,single_thread,1,1,1,scipy-openblas:0.3.31.188.0,1,1,1,1001,laplacian_2d_spd,laplacian_2d_spd/m096_n00009216,9216,45696,pcg_ic0,9,3,18604577,23539242,1056439866,1098583685,96,96,0,0,96,true,8.662926443984184e-09,8.662926434806502e-09,NaN,11004581.9375,23118.86961659664,10403840,usr_bin_time_v,9261056,49422336,NaN,227.6750700280112,-1,-1,1e-08,ic0,1.0,0.0,false,2026-07-27T18:03:16.279649+00:00
2,python,single_thread,1,1,1,scipy-openblas:0.3.31.188.0,1,1,1,1001,laplacian_2d_spd,laplacian_2d_spd/m096_n00009216,9216,45696,pcg_ic0,10,3,19689282,25220983,1087686066,1132596331,96,96,0,0,96,true,8.662926443984184e-09,8.662926434806502e-09,NaN,11330063.1875,23802.6537552521,10403840,usr_bin_time_v,9261056,49422336,NaN,227.6750700280112,-1,-1,1e-08,ic0,1.0,0.0,false,2026-07-27T18:03:16.279649+00:00
2,python,single_thread,1,1,1,scipy-openblas:0.3.31.188.0,1,1,1,1001,laplacian_2d_spd,laplacian_2d_spd/m064_n00004096,4096,20224,cg,1,3,8162701,10348,5531838,13704887,196,0,0,0,196,true,9.355061524770158e-09,9.355061382862512e-09,NaN,28223.663265306124,273.5283821202532,5083136,usr_bin_time_v,3239936,49422336,NaN,251.34177215189874,-1,-1,1e-08,none,NaN,NaN,false,2026-07-27T18:03:36.117097+00:00
2,python,single_thread,1,1,1,scipy-openblas:0.3.31.188.0,1,1,1,1001,laplacian_2d_spd,laplacian_2d_spd/m064_n00004096,4096,20224,cg,2,3,8162695,10874,5460168,13633737,196,0,0,0,196,true,9.355061524770158e-09,9.355061382862512e-09,NaN,27858.0,269.98457278481015,5083136,usr_bin_time_v,3272704,49422336,NaN,251.34177215189874,-1,-1,1e-08,none,NaN,NaN,false,2026-07-27T18:03:36.117097+00:00
2,python,single_thread,1,1,1,scipy-openblas:0.3.31.188.0,1,1,1,1001,laplacian_2d_spd,laplacian_2d_spd/m064_n00004096,4096,20224,cg,3,3,7646069,10565,5401420,13058054,196,0,0,0,196,true,9.355061524770158e-09,9.355061382862512e-09,NaN,27558.26530612245,267.079707278481,5083136,usr_bin_time_v,3272704,49422336,NaN,251.34177215189874,-1,-1,1e-08,none,NaN,NaN,false,2026-07-27T18:03:36.117097+00:00
2,python,single_thread,1,1,1,scipy-openblas:0.3.31.188.0,1,1,1,1001,laplacian_2d_spd,laplacian_2d_spd/m064_n00004096,4096,20224,cg,4,3,7874694,10872,5342880,13228446,196,0,0,0,196,true,9.355061524770158e-09,9.355061382862512e-09,NaN,27259.591836734693,264.1851265822785,5083136,usr_bin_time_v,3809280,49422336,NaN,251.34177215189874,-1,-1,1e-08,none,NaN,NaN,false,2026-07-27T18:03:36.117097+00:00
2,python,single_thread,1,1,1,scipy-openblas:0.3.31.188.0,1,1,1,1001,laplacian_2d_spd,laplacian_2d_spd/m064_n00004096,4096,20224,cg,5,3,7506953,11508,5284760,12803221,196,0,0,0,196,true,9.355061524770158e-09,9.355061382862512e-09,NaN,26963.061224489797,261.31131329113924,5083136,usr_bin_time_v,3862528,49422336,NaN,251.34177215189874,-1,-1,1e-08,none,NaN,NaN,false,2026-07-27T18:03:36.117097+00:00
2,python,single_thread,1,1,1,scipy-openblas:0.3.31.188.0,1,1,1,1001,laplacian_2d_spd,laplacian_2d_spd/m064_n00004096,4096,20224,cg,6,3,7626740,11875,5321558,12960173,196,0,0,0,196,true,9.355061524770158e-09,9.355061382862512e-09,NaN,27150.80612244898,263.13083465189874,5083136,usr_bin_time_v,3870720,49422336,NaN,251.34177215189874,-1,-1,1e-08,none,NaN,NaN,false,2026-07-27T18:03:36.117097+00:00
2,python,single_thread,1,1,1,scipy-openblas:0.3.31.188.0,1,1,1,1001,laplacian_2d_spd,laplacian_2d_spd/m064_n00004096,4096,20224,cg,7,3,7968635,12131,5457086,13437852,196,0,0,0,196,true,9.355061524770158e-09,9.355061382862512e-09,NaN,27842.275510204083,269.8321795886076,5083136,usr_bin_time_v,3903488,49422336,NaN,251.34177215189874,-1,-1,1e-08,none,NaN,NaN,false,2026-07-27T18:03:36.117097+00:00
2,python,single_thread,1,1,1,scipy-openblas:0.3.31.188.0,1,1,1,1001,laplacian_2d_spd,laplacian_2d_spd/m064_n00004096,4096,20224,cg,8,3,8087254,11382,5398664,13497300,196,0,0,0,196,true,9.355061524770158e-09,9.355061382862512e-09,NaN,27544.20408163265,266.9434335443038,5083136,usr_bin_time_v,3936256,49422336,NaN,251.34177215189874,-1,-1,1e-08,none,NaN,NaN,false,2026-07-27T18:03:36.117097+00:00
2,python,single_thread,1,1,1,scipy-openblas:0.3.31.188.0,1,1,1,1001,laplacian_2d_spd,laplacian_2d_spd/m064_n00004096,4096,20224,cg,9,3,8167125,11399,5358848,13537372,196,0,0,0,196,true,9.355061524770158e-09,9.355061382862512e-09,NaN,27341.061224489797,264.9746835443038,5083136,usr_bin_time_v,3936256,49422336,NaN,251.34177215189874,-1,-1,1e-08,none,NaN,NaN,false,2026-07-27T18:03:36.117097+00:00
2,python,single_thread,1,1,1,scipy-openblas:0.3.31.188.0,1,1,1,1001,laplacian_2d_spd,laplacian_2d_spd/m064_n00004096,4096,20224,cg,10,3,7697702,10305,5353273,13061280,196,0,0,0,196,true,9.355061524770158e-09,9.355061382862512e-09,NaN,27312.617346938776,264.69902096518985,5083136,usr_bin_time_v,4272128,49422336,NaN,251.34177215189874,-1,-1,1e-08,none,NaN,NaN,false,2026-07-27T18:03:36.117097+00:00
2,julia,single_thread,1,1,1,openblas:libopenblas64_.so,1,1,1,1002,laplacian_2d_spd,laplacian_2d_spd/m032_n00001024,1024,4992,pcg_jacobi,1,3,1610827,14122,698320,2323269,101,101,0,0,101,true,7.606776179662985e-9,7.606776325310368e-9,NaN,6914.059405940594,139.88782051282053,119570432,usr_bin_time_v,110252032,447475712,75504816,23952.410256410258,-1,-1,1.0e-8,jacobi,NaN,NaN,false,2026-07-27T18:03:43.098
2,julia,single_thread,1,1,1,openblas:libopenblas64_.so,1,1,1,1002,laplacian_2d_spd,laplacian_2d_spd/m032_n00001024,1024,4992,pcg_jacobi,2,3,1711244,10940,696285,2418469,101,101,0,0,101,true,7.606776179662985e-9,7.606776325310368e-9,NaN,6893.910891089109,139.48016826923077,119570432,usr_bin_time_v,110252032,447475712,79547968,23952.410256410258,-1,-1,1.0e-8,jacobi,NaN,NaN,false,2026-07-27T18:03:43.101
2,julia,single_thread,1,1,1,openblas:libopenblas64_.so,1,1,1,1002,laplacian_2d_spd,laplacian_2d_spd/m032_n00001024,1024,4992,pcg_jacobi,3,3,1578943,10062,631635,2220640,101,101,0,0,101,true,7.606776179662985e-9,7.606776325310368e-9,NaN,6253.811881188119,126.52944711538461,119570432,usr_bin_time_v,110297088,447475712,83586976,23952.410256410258,-1,-1,1.0e-8,jacobi,NaN,NaN,false,2026-07-27T18:03:43.103
2,julia,single_thread,1,1,1,openblas:libopenblas64_.so,1,1,1,1002,laplacian_2d_spd,laplacian_2d_spd/m032_n00001024,1024,4992,pcg_jacobi,4,3,1564104,11847,665237,2241188,101,101,0,0,101,true,7.606776179662985e-9,7.606776325310368e-9,NaN,6586.504950495049,133.26061698717947,119570432,usr_bin_time_v,110333952,447475712,87625984,23952.410256410258,-1,-1,1.0e-8,jacobi,NaN,NaN,false,2026-07-27T18:03:43.106
2,julia,single_thread,1,1,1,openblas:libopenblas64_.so,1,1,1,1002,laplacian_2d_spd,laplacian_2d_spd/m032_n00001024,1024,4992,pcg_jacobi,5,3,1544443,10323,631275,2186041,101,101,0,0,101,true,7.606776179662985e-9,7.606776325310368e-9,NaN,6250.247524752475,126.45733173076923,119570432,usr_bin_time_v,110333952,447475712,91665088,23952.410256410258,-1,-1,1.0e-8,jacobi,NaN,NaN,false,2026-07-27T18:03:43.108
2,julia,single_thread,1,1,1,openblas:libopenblas64_.so,1,1,1,1002,laplacian_2d_spd,laplacian_2d_spd/m032_n00001024,1024,4992,pcg_jacobi,6,3,1575336,10062,647725,2233123,101,101,0,0,101,true,7.606776179662985e-9,7.606776325310368e-9,NaN,6413.118811881188,129.75260416666666,119570432,usr_bin_time_v,110333952,447475712,95704096,23952.410256410258,-1,-1,1.0e-8,jacobi,NaN,NaN,false,2026-07-27T18:03:43.110
2,julia,single_thread,1,1,1,openblas:libopenblas64_.so,1,1,1,1002,laplacian_2d_spd,laplacian_2d_spd/m032_n00001024,1024,4992,pcg_jacobi,7,3,1646507,12796,672100,2331403,101,101,0,0,101,true,7.606776179662985e-9,7.606776325310368e-9,NaN,6654.455445544554,134.63541666666666,119570432,usr_bin_time_v,110338048,447475712,101224744,23952.410256410258,-1,-1,1.0e-8,jacobi,NaN,NaN,false,2026-07-27T18:03:43.139
2,julia,single_thread,1,1,1,openblas:libopenblas64_.so,1,1,1,1002,laplacian_2d_spd,laplacian_2d_spd/m032_n00001024,1024,4992,pcg_jacobi,8,3,1577688,9795,632331,2219814,101,101,0,0,101,true,7.606776179662985e-9,7.606776325310368e-9,NaN,6260.702970297029,126.6688701923077,119570432,usr_bin_time_v,110338048,447475712,105263752,23952.410256410258,-1,-1,1.0e-8,jacobi,NaN,NaN,false,2026-07-27T18:03:43.141
2,julia,single_thread,1,1,1,openblas:libopenblas64_.so,1,1,1,1002,laplacian_2d_spd,laplacian_2d_spd/m032_n00001024,1024,4992,pcg_jacobi,9,3,1599357,9385,659586,2268328,101,101,0,0,101,true,7.606776179662985e-9,7.606776325310368e-9,NaN,6530.554455445545,132.12860576923077,119570432,usr_bin_time_v,110338048,447475712,109302760,23952.410256410258,-1,-1,1.0e-8,jacobi,NaN,NaN,false,2026-07-27T18:03:43.143
2,julia,single_thread,1,1,1,openblas:libopenblas64_.so,1,1,1,1002,laplacian_2d_spd,laplacian_2d_spd/m032_n00001024,1024,4992,pcg_jacobi,10,3,1566565,8976,632182,2207723,101,101,0,0,101,true,7.606776179662985e-9,7.606776325310368e-9,NaN,6259.227722772277,126.63902243589743,119570432,usr_bin_time_v,110338048,447475712,113341768,23952.410256410258,-1,-1,1.0e-8,jacobi,NaN,NaN,false,2026-07-27T18:03:43.146
2,julia,single_thread,1,1,1,openblas:libopenblas64_.so,1,1,1,1002,laplacian_2d_spd,laplacian_2d_spd/m064_n00004096,4096,20224,pcg_jacobi,1,3,6594965,84133,11474165,18153263,192,192,0,0,192,true,9.410455392306075e-9,9.410455296332803e-9,NaN,59761.276041666664,567.353886471519,134164480,usr_bin_time_v,121577472,447475712,24967208,6633.9240506329115,-1,-1,1.0e-8,jacobi,NaN,NaN,false,2026-07-27T18:03:50.276
2,julia,single_thread,1,1,1,openblas:libopenblas64_.so,1,1,1,1002,laplacian_2d_spd,laplacian_2d_spd/m064_n00004096,4096,20224,pcg_jacobi,2,3,6111373,46250,5154934,11312557,192,192,0,0,192,true,9.410455392306075e-9,9.410455296332803e-9,NaN,26848.614583333332,254.89191060126583,134164480,usr_bin_time_v,121577472,447475712,47258376,6633.9240506329115,-1,-1,1.0e-8,jacobi,NaN,NaN,false,2026-07-27T18:03:50.288
2,julia,single_thread,1,1,1,openblas:libopenblas64_.so,1,1,1,1002,laplacian_2d_spd,laplacian_2d_spd/m064_n00004096,4096,20224,pcg_jacobi,3,3,6195516,43077,8852900,15091493,192,192,0,0,192,true,9.410455392306075e-9,9.410455296332803e-9,NaN,46108.854166666664,437.74228639240505,134164480,usr_bin_time_v,121577472,447475712,14004248,6633.9240506329115,-1,-1,1.0e-8,jacobi,NaN,NaN,false,2026-07-27T18:03:50.303
2,julia,single_thread,1,1,1,openblas:libopenblas64_.so,1,1,1,1002,laplacian_2d_spd,laplacian_2d_spd/m064_n00004096,4096,20224,pcg_jacobi,4,3,6123060,53962,5162147,11339169,192,192,0,0,192,true,9.410455392306075e-9,9.410455296332803e-9,NaN,26886.182291666668,255.2485660601266,134164480,usr_bin_time_v,121577472,447475712,36291272,6633.9240506329115,-1,-1,1.0e-8,jacobi,NaN,NaN,false,2026-07-27T18:03:50.314
2,julia,single_thread,1,1,1,openblas:libopenblas64_.so,1,1,1,1002,laplacian_2d_spd,laplacian_2d_spd/m064_n00004096,4096,20224,pcg_jacobi,5,3,6182911,54707,8569466,14807084,192,192,0,0,192,true,9.410455392306075e-9,9.410455296332803e-9,NaN,44632.635416666664,423.72755142405066,134164480,usr_bin_time_v,121577472,447475712,13224728,6633.9240506329115,-1,-1,1.0e-8,jacobi,NaN,NaN,false,2026-07-27T18:03:50.329
2,julia,single_thread,1,1,1,openblas:libopenblas64_.so,1,1,1,1002,laplacian_2d_spd,laplacian_2d_spd/m064_n00004096,4096,20224,pcg_jacobi,6,3,6061107,61838,5235216,11358161,192,192,0,0,192,true,9.410455392306075e-9,9.410455296332803e-9,NaN,27266.75,258.8615506329114,134164480,usr_bin_time_v,121577472,447475712,35511752,6633.9240506329115,-1,-1,1.0e-8,jacobi,NaN,NaN,false,2026-07-27T18:03:50.341
2,julia,single_thread,1,1,1,openblas:libopenblas64_.so,1,1,1,1002,laplacian_2d_spd,laplacian_2d_spd/m064_n00004096,4096,20224,pcg_jacobi,7,3,6305565,43493,7933058,14282116,192,192,0,0,192,true,9.410455392306075e-9,9.410455296332803e-9,NaN,41318.010416666664,392.25959256329116,134164480,usr_bin_time_v,121577472,447475712,18093480,6633.9240506329115,-1,-1,1.0e-8,jacobi,NaN,NaN,false,2026-07-27T18:03:50.355
2,julia,single_thread,1,1,1,openblas:libopenblas64_.so,1,1,1,1002,laplacian_2d_spd,laplacian_2d_spd/m064_n00004096,4096,20224,pcg_jacobi,8,3,6140387,47340,6892185,13079912,192,192,0,0,192,true,9.410455392306075e-9,9.410455296332803e-9,NaN,35896.796875,340.7923753955696,134164480,usr_bin_time_v,121577472,447475712,12810688,6633.9240506329115,-1,-1,1.0e-8,jacobi,NaN,NaN,false,2026-07-27T18:03:50.369
2,julia,single_thread,1,1,1,openblas:libopenblas64_.so,1,1,1,1002,laplacian_2d_spd,laplacian_2d_spd/m064_n00004096,4096,20224,pcg_jacobi,9,3,6172639,54672,6819961,13047272,192,192,0,0,192,true,9.410455392306075e-9,9.410455296332803e-9,NaN,35520.630208333336,337.22117286392404,134164480,usr_bin_time_v,121577472,447475712,11665608,6633.9240506329115,-1,-1,1.0e-8,jacobi,NaN,NaN,false,2026-07-27T18:03:50.382
2,julia,single_thread,1,1,1,openblas:libopenblas64_.so,1,1,1,1002,laplacian_2d_spd,laplacian_2d_spd/m064_n00004096,4096,20224,pcg_jacobi,10,3,6156283,56751,6902508,13115542,192,192,0,0,192,true,9.410455392306075e-9,9.410455296332803e-9,NaN,35950.5625,341.3028085443038,134164480,usr_bin_time_v,121577472,447475712,13739792,6633.9240506329115,-1,-1,1.0e-8,jacobi,NaN,NaN,false,2026-07-27T18:03:50.395
2,julia,single_thread,1,1,1,openblas:libopenblas64_.so,1,1,1,1001,laplacian_2d_spd,laplacian_2d_spd/m032_n00001024,1024,4992,pcg_jacobi,1,3,1575016,10857,690689,2276562,98,98,0,0,98,true,9.807146507434913e-9,9.807146619023713e-9,NaN,7047.84693877551,138.35917467948718,118460416,usr_bin_time_v,110821376,447475712,74985120,23730.05128205128,-1,-1,1.0e-8,jacobi,NaN,NaN,false,2026-07-27T18:04:03.554
2,julia,single_thread,1,1,1,openblas:libopenblas64_.so,1,1,1,1001,laplacian_2d_spd,laplacian_2d_spd/m032_n00001024,1024,4992,pcg_jacobi,2,3,1647863,10975,641227,2300065,98,98,0,0,98,true,9.807146507434913e-9,9.807146619023713e-9,NaN,6543.132653061224,128.45092147435898,118460416,usr_bin_time_v,110829568,447475712,78978688,23730.05128205128,-1,-1,1.0e-8,jacobi,NaN,NaN,false,2026-07-27T18:04:03.556
2,julia,single_thread,1,1,1,openblas:libopenblas64_.so,1,1,1,1001,laplacian_2d_spd,laplacian_2d_spd/m032_n00001024,1024,4992,pcg_jacobi,3,3,1535353,10519,662658,2208530,98,98,0,0,98,true,9.807146507434913e-9,9.807146619023713e-9,NaN,6761.816326530612,132.7439903846154,118460416,usr_bin_time_v,110862336,447475712,82968112,23730.05128205128,-1,-1,1.0e-8,jacobi,NaN,NaN,false,2026-07-27T18:04:03.558
2,julia,single_thread,1,1,1,openblas:libopenblas64_.so,1,1,1,1001,laplacian_2d_spd,laplacian_2d_spd/m032_n00001024,1024,4992,pcg_jacobi,4,3,1532746,9868,587359,2129973,98,98,0,0,98,true,9.807146507434913e-9,9.807146619023713e-9,NaN,5993.459183673469,117.66005608974359,118460416,usr_bin_time_v,110923776,447475712,86957536,23730.05128205128,-1,-1,1.0e-8,jacobi,NaN,NaN,false,2026-07-27T18:04:03.561
2,julia,single_thread,1,1,1,openblas:libopenblas64_.so,1,1,1,1001,laplacian_2d_spd,laplacian_2d_spd/m032_n00001024,1024,4992,pcg_jacobi,5,3,1536893,10703,635923,2183519,98,98,0,0,98,true,9.807146507434913e-9,9.807146619023713e-9,NaN,6489.010204081633,127.38842147435898,118460416,usr_bin_time_v,110931968,447475712,90947056,23730.05128205128,-1,-1,1.0e-8,jacobi,NaN,NaN,false,2026-07-27T18:04:03.563
2,julia,single_thread,1,1,1,openblas:libopenblas64_.so,1,1,1,1001,laplacian_2d_spd,laplacian_2d_spd/m032_n00001024,1024,4992,pcg_jacobi,6,3,1474066,9784,598681,2082531,98,98,0,0,98,true,9.807146507434913e-9,9.807146619023713e-9,NaN,6108.989795918367,119.92808493589743,118460416,usr_bin_time_v,110931968,447475712,94936480,23730.05128205128,-1,-1,1.0e-8,jacobi,NaN,NaN,false,2026-07-27T18:04:03.565
2,julia,single_thread,1,1,1,openblas:libopenblas64_.so,1,1,1,1001,laplacian_2d_spd,laplacian_2d_spd/m032_n00001024,1024,4992,pcg_jacobi,7,3,1506651,11806,635987,2154444,98,98,0,0,98,true,9.807146507434913e-9,9.807146619023713e-9,NaN,6489.663265306122,127.40124198717949,118460416,usr_bin_time_v,110931968,447475712,98925904,23730.05128205128,-1,-1,1.0e-8,jacobi,NaN,NaN,false,2026-07-27T18:04:03.567
2,julia,single_thread,1,1,1,openblas:libopenblas64_.so,1,1,1,1001,laplacian_2d_spd,laplacian_2d_spd/m032_n00001024,1024,4992,pcg_jacobi,8,3,1482683,11205,625945,2119833,98,98,0,0,98,true,9.807146507434913e-9,9.807146619023713e-9,NaN,6387.193877551021,125.3896233974359,118460416,usr_bin_time_v,110931968,447475712,102915328,23730.05128205128,-1,-1,1.0e-8,jacobi,NaN,NaN,false,2026-07-27T18:04:03.570
2,julia,single_thread,1,1,1,openblas:libopenblas64_.so,1,1,1,1001,laplacian_2d_spd,laplacian_2d_spd/m032_n00001024,1024,4992,pcg_jacobi,9,3,1593730,12434,667810,2273974,98,98,0,0,98,true,9.807146507434913e-9,9.807146619023713e-9,NaN,6814.3877551020405,133.77604166666666,118460416,usr_bin_time_v,110936064,447475712,108386392,23730.05128205128,-1,-1,1.0e-8,jacobi,NaN,NaN,false,2026-07-27T18:04:03.598
2,julia,single_thread,1,1,1,openblas:libopenblas64_.so,1,1,1,1001,laplacian_2d_spd,laplacian_2d_spd/m032_n00001024,1024,4992,pcg_jacobi,10,3,1519193,10229,601560,2130982,98,98,0,0,98,true,9.807146507434913e-9,9.807146619023713e-9,NaN,6138.367346938776,120.5048076923077,118460416,usr_bin_time_v,110936064,447475712,112375816,23730.05128205128,-1,-1,1.0e-8,jacobi,NaN,NaN,false,2026-07-27T18:04:03.600
2,python,single_thread,1,1,1,scipy-openblas:0.3.31.188.0,1,1,1,1000,laplacian_2d_spd,laplacian_2d_spd/m096_n00009216,9216,45696,pcg_ic0,1,3,18283437,22423547,1051833257,1092540241,96,96,0,0,96,true,8.404620264977965e-09,8.404620308263307e-09,NaN,10956596.427083334,23018.059720763304,10567680,usr_bin_time_v,8916992,49422336,NaN,231.26050420168067,-1,-1,1e-08,ic0,1.0,0.0,false,2026-07-27T18:04:04.579840+00:00
2,python,single_thread,1,1,1,scipy-openblas:0.3.31.188.0,1,1,1,1000,laplacian_2d_spd,laplacian_2d_spd/m096_n00009216,9216,45696,pcg_ic0,2,3,18043590,22909068,1048851208,1089803866,96,96,0,0,96,true,8.404620264977965e-09,8.404620308263307e-09,NaN,10925533.416666666,22952.801295518206,10567680,usr_bin_time_v,8916992,49422336,NaN,231.26050420168067,-1,-1,1e-08,ic0,1.0,0.0,false,2026-07-27T18:04:04.579840+00:00
2,python,single_thread,1,1,1,scipy-openblas:0.3.31.188.0,1,1,1,1000,laplacian_2d_spd,laplacian_2d_spd/m096_n00009216,9216,45696,pcg_ic0,3,3,17943916,22967010,1046378262,1087289188,96,96,0,0,96,true,8.404620264977965e-09,8.404620308263307e-09,NaN,10899773.5625,22898.683954831933,10567680,usr_bin_time_v,9338880,49422336,NaN,231.26050420168067,-1,-1,1e-08,ic0,1.0,0.0,false,2026-07-27T18:04:04.579840+00:00
2,python,single_thread,1,1,1,scipy-openblas:0.3.31.188.0,1,1,1,1000,laplacian_2d_spd,laplacian_2d_spd/m096_n00009216,9216,45696,pcg_ic0,4,3,18392126,23386699,1053906750,1095685575,96,96,0,0,96,true,8.404620264977965e-09,8.404620308263307e-09,NaN,10978195.3125,23063.435530462186,10567680,usr_bin_time_v,9338880,49422336,NaN,231.26050420168067,-1,-1,1e-08,ic0,1.0,0.0,false,2026-07-27T18:04:04.579840+00:00
2,python,single_thread,1,1,1,scipy-openblas:0.3.31.188.0,1,1,1,1000,laplacian_2d_spd,laplacian_2d_spd/m096_n00009216,9216,45696,pcg_ic0,5,3,18194842,22464875,1049476344,1090136061,96,96,0,0,96,true,8.404620264977965e-09,8.404620308263307e-09,NaN,10932045.25,22966.48161764706,10567680,usr_bin_time_v,9338880,49422336,NaN,231.26050420168067,-1,-1,1e-08,ic0,1.0,0.0,false,2026-07-27T18:04:04.579840+00:00
2,python,single_thread,1,1,1,scipy-openblas:0.3.31.188.0,1,1,1,1000,laplacian_2d_spd,laplacian_2d_spd/m096_n00009216,9216,45696,pcg_ic0,6,3,18544151,22969417,1053145762,1094659330,96,96,0,0,96,true,8.404620264977965e-09,8.404620308263307e-09,NaN,10970268.354166666,23046.78225665266,10567680,usr_bin_time_v,9338880,49422336,NaN,231.26050420168067,-1,-1,1e-08,ic0,1.0,0.0,false,2026-07-27T18:04:04.579840+00:00
2,python,single_thread,1,1,1,scipy-openblas:0.3.31.188.0,1,1,1,1000,laplacian_2d_spd,laplacian_2d_spd/m096_n00009216,9216,45696,pcg_ic0,7,3,17944331,22882935,1043833252,1084660518,96,96,0,0,96,true,8.404620264977965e-09,8.404620308263307e-09,NaN,10873263.041666666,22842.989583333332,10567680,usr_bin_time_v,9338880,49422336,NaN,231.26050420168067,-1,-1,1e-08,ic0,1.0,0.0,false,2026-07-27T18:04:04.579840+00:00
2,python,single_thread,1,1,1,scipy-openblas:0.3.31.188.0,1,1,1,1000,laplacian_2d_spd,laplacian_2d_spd/m096_n00009216,9216,45696,pcg_ic0,8,3,17027252,22163000,1042586222,1081776474,96,96,0,0,96,true,8.404620264977965e-09,8.404620308263307e-09,NaN,10860273.145833334,22815.699886204482,10567680,usr_bin_time_v,9338880,49422336,NaN,231.26050420168067,-1,-1,1e-08,ic0,1.0,0.0,false,2026-07-27T18:04:04.579840+00:00
2,python,single_thread,1,1,1,scipy-openblas:0.3.31.188.0,1,1,1,1000,laplacian_2d_spd,laplacian_2d_spd/m096_n00009216,9216,45696,pcg_ic0,9,3,19121914,23087328,1041979736,1084188978,96,96,0,0,96,true,8.404620264977965e-09,8.404620308263307e-09,NaN,10853955.583333334,22802.42769607843,10567680,usr_bin_time_v,9338880,49422336,NaN,231.26050420168067,-1,-1,1e-08,ic0,1.0,0.0,false,2026-07-27T18:04:04.579840+00:00
2,python,single_thread,1,1,1,scipy-openblas:0.3.31.188.0,1,1,1,1000,laplacian_2d_spd,laplacian_2d_spd/m096_n00009216,9216,45696,pcg_ic0,10,3,18749924,23286672,1071986074,1114022670,96,96,0,0,96,true,8.404620264977965e-09,8.404620308263307e-09,NaN,11166521.604166666,23459.07900035014,10567680,usr_bin_time_v,9338880,49422336,NaN,231.26050420168067,-1,-1,1e-08,ic0,1.0,0.0,false,2026-07-27T18:04:04.579840+00:00
2,julia,single_thread,1,1,1,openblas:libopenblas64_.so,1,1,1,1002,laplacian_2d_spd,laplacian_2d_spd/m064_n00004096,4096,20224,pcg_ic0,1,3,6365980,662563,5598777,12627320,61,61,0,0,61,true,9.463942650550069e-9,9.463942577762476e-9,NaN,91783.22950819672,276.838261471519,105857024,usr_bin_time_v,89964544,447475712,167977096,5234.227848101265,-1,-1,1.0e-8,ic0,1.0,0.0,false,2026-07-27T18:04:30.823
2,julia,single_thread,1,1,1,openblas:libopenblas64_.so,1,1,1,1002,laplacian_2d_spd,laplacian_2d_spd/m064_n00004096,4096,20224,pcg_ic0,2,3,101311264,525958,4960166,106797388,61,61,0,0,61,true,9.463942650550069e-9,9.463942577762476e-9,NaN,81314.19672131147,245.26137262658227,105857024,usr_bin_time_v,89026560,447475712,18809160,5234.227848101265,-1,-1,1.0e-8,ic0,1.0,0.0,false,2026-07-27T18:04:30.930
2,julia,single_thread,1,1,1,openblas:libopenblas64_.so,1,1,1,1002,laplacian_2d_spd,laplacian_2d_spd/m064_n00004096,4096,20224,pcg_ic0,3,3,6444574,562112,5183839,12190525,61,61,0,0,61,true,9.463942650550069e-9,9.463942577762476e-9,NaN,84980.96721311475,256.32115308544303,105857024,usr_bin_time_v,89026560,447475712,34365584,5234.227848101265,-1,-1,1.0e-8,ic0,1.0,0.0,false,2026-07-27T18:04:30.969
2,julia,single_thread,1,1,1,openblas:libopenblas64_.so,1,1,1,1002,laplacian_2d_spd,laplacian_2d_spd/m064_n00004096,4096,20224,pcg_ic0,4,3,6414360,555034,5181839,12151233,61,61,0,0,61,true,9.463942650550069e-9,9.463942577762476e-9,NaN,84948.18032786885,256.22226068037975,105857024,usr_bin_time_v,89026560,447475712,48440368,5234.227848101265,-1,-1,1.0e-8,ic0,1.0,0.0,false,2026-07-27T18:04:30.981
2,julia,single_thread,1,1,1,openblas:libopenblas64_.so,1,1,1,1002,laplacian_2d_spd,laplacian_2d_spd/m064_n00004096,4096,20224,pcg_ic0,5,3,6604494,629569,5231099,12465162,61,61,0,0,61,true,9.463942650550069e-9,9.463942577762476e-9,NaN,85755.72131147541,258.6579806170886,105857024,usr_bin_time_v,89026560,447475712,62515248,5234.227848101265,-1,-1,1.0e-8,ic0,1.0,0.0,false,2026-07-27T18:04:30.994
2,julia,single_thread,1,1,1,openblas:libopenblas64_.so,1,1,1,1002,laplacian_2d_spd,laplacian_2d_spd/m064_n00004096,4096,20224,pcg_ic0,6,3,6376138,549598,5127899,12053635,61,61,0,0,61,true,9.463942650550069e-9,9.463942577762476e-9,NaN,84063.91803278688,253.55513251582278,105857024,usr_bin_time_v,89026560,447475712,76590032,5234.227848101265,-1,-1,1.0e-8,ic0,1.0,0.0,false,2026-07-27T18:04:31.006
2,julia,single_thread,1,1,1,openblas:libopenblas64_.so,1,1,1,1002,laplacian_2d_spd,laplacian_2d_spd/m064_n00004096,4096,20224,pcg_ic0,7,3,6512523,687650,5106606,12306779,61,61,0,0,61,true,9.463942650550069e-9,9.463942577762476e-9,NaN,83714.85245901639,252.50227452531647,105857024,usr_bin_time_v,89026560,447475712,90664816,5234.227848101265,-1,-1,1.0e-8,ic0,1.0,0.0,false,2026-07-27T18:04:31.018
2,julia,single_thread,1,1,1,openblas:libopenblas64_.so,1,1,1,1002,laplacian_2d_spd,laplacian_2d_spd/m064_n00004096,4096,20224,pcg_ic0,8,3,11834088,540522,5092258,17466868,61,61,0,0,61,true,9.463942650550069e-9,9.463942577762476e-9,NaN,83479.6393442623,251.7928204113924,105857024,usr_bin_time_v,89026560,447475712,23217760,5234.227848101265,-1,-1,1.0e-8,ic0,1.0,0.0,false,2026-07-27T18:04:31.036
2,julia,single_thread,1,1,1,openblas:libopenblas64_.so,1,1,1,1002,laplacian_2d_spd,laplacian_2d_spd/m064_n00004096,4096,20224,pcg_ic0,9,3,6436221,554557,5141247,12132025,61,61,0,0,61,true,9.463942650550069e-9,9.463942577762476e-9,NaN,84282.73770491804,254.2151404272152,105857024,usr_bin_time_v,89026560,447475712,37292544,5234.227848101265,-1,-1,1.0e-8,ic0,1.0,0.0,false,2026-07-27T18:04:31.048
2,julia,single_thread,1,1,1,openblas:libopenblas64_.so,1,1,1,1002,laplacian_2d_spd,laplacian_2d_spd/m064_n00004096,4096,20224,pcg_ic0,10,3,6391625,553298,5042498,11987421,61,61,0,0,61,true,9.463942650550069e-9,9.463942577762476e-9,NaN,82663.90163934426,249.33237737341773,105857024,usr_bin_time_v,89026560,447475712,51367328,5234.227848101265,-1,-1,1.0e-8,ic0,1.0,0.0,false,2026-07-27T18:04:31.060
2,python,single_thread,1,1,1,scipy-openblas:0.3.31.188.0,1,1,1,1001,laplacian_2d_spd,laplacian_2d_spd/m064_n00004096,4096,20224,pcg_jacobi,1,3,8135825,32255,5292165,13460245,196,196,0,0,196,true,9.355061524770158e-09,9.355061382862512e-09,NaN,27000.841836734693,261.67746242088606,5341184,usr_bin_time_v,3338240,49422336,NaN,264.1012658227848,-1,-1,1e-08,jacobi,NaN,NaN,false,2026-07-27T18:04:31.476798+00:00
2,python,single_thread,1,1,1,scipy-openblas:0.3.31.188.0,1,1,1,1001,laplacian_2d_spd,laplacian_2d_spd/m064_n00004096,4096,20224,pcg_jacobi,2,3,8012976,44279,5407893,13465148,196,196,0,0,196,true,9.355061524770158e-09,9.355061382862512e-09,NaN,27591.29081632653,267.39977254746833,5341184,usr_bin_time_v,3338240,49422336,NaN,264.1012658227848,-1,-1,1e-08,jacobi,NaN,NaN,false,2026-07-27T18:04:31.476798+00:00
2,python,single_thread,1,1,1,scipy-openblas:0.3.31.188.0,1,1,1,1001,laplacian_2d_spd,laplacian_2d_spd/m064_n00004096,4096,20224,pcg_jacobi,3,3,7695351,38466,5418817,13152634,196,196,0,0,196,true,9.355061524770158e-09,9.355061382862512e-09,NaN,27647.025510204083,267.93992286392404,5341184,usr_bin_time_v,3338240,49422336,NaN,264.1012658227848,-1,-1,1e-08,jacobi,NaN,NaN,false,2026-07-27T18:04:31.476798+00:00
2,python,single_thread,1,1,1,scipy-openblas:0.3.31.188.0,1,1,1,1001,laplacian_2d_spd,laplacian_2d_spd/m064_n00004096,4096,20224,pcg_jacobi,4,3,8600768,39172,5378574,14018514,196,196,0,0,196,true,9.355061524770158e-09,9.355061382862512e-09,NaN,27441.70408163265,265.95005933544303,5341184,usr_bin_time_v,4128768,49422336,NaN,264.1012658227848,-1,-1,1e-08,jacobi,NaN,NaN,false,2026-07-27T18:04:31.476798+00:00
2,python,single_thread,1,1,1,scipy-openblas:0.3.31.188.0,1,1,1,1001,laplacian_2d_spd,laplacian_2d_spd/m064_n00004096,4096,20224,pcg_jacobi,5,3,7944350,32777,5465162,13442289,196,196,0,0,196,true,9.355061524770158e-09,9.355061382862512e-09,NaN,27883.479591836734,270.2315071202532,5341184,usr_bin_time_v,4128768,49422336,NaN,264.1012658227848,-1,-1,1e-08,jacobi,NaN,NaN,false,2026-07-27T18:04:31.476798+00:00
2,python,single_thread,1,1,1,scipy-openblas:0.3.31.188.0,1,1,1,1001,laplacian_2d_spd,laplacian_2d_spd/m064_n00004096,4096,20224,pcg_jacobi,6,3,8236755,35012,5399150,13670917,196,196,0,0,196,true,9.355061524770158e-09,9.355061382862512e-09,NaN,27546.683673469386,266.9674643987342,5341184,usr_bin_time_v,4128768,49422336,NaN,264.1012658227848,-1,-1,1e-08,jacobi,NaN,NaN,false,2026-07-27T18:04:31.476798+00:00
2,python,single_thread,1,1,1,scipy-openblas:0.3.31.188.0,1,1,1,1001,laplacian_2d_spd,laplacian_2d_spd/m064_n00004096,4096,20224,pcg_jacobi,7,3,7922271,41603,5442845,13406719,196,196,0,0,196,true,9.355061524770158e-09,9.355061382862512e-09,NaN,27769.617346938776,269.12801621835445,5341184,usr_bin_time_v,4136960,49422336,NaN,264.1012658227848,-1,-1,1e-08,jacobi,NaN,NaN,false,2026-07-27T18:04:31.476798+00:00
2,python,single_thread,1,1,1,scipy-openblas:0.3.31.188.0,1,1,1,1001,laplacian_2d_spd,laplacian_2d_spd/m064_n00004096,4096,20224,pcg_jacobi,8,3,7889430,48454,5646697,13584581,196,196,0,0,196,true,9.355061524770158e-09,9.355061382862512e-09,NaN,28809.678571428572,279.20772349683546,5341184,usr_bin_time_v,4153344,49422336,NaN,264.1012658227848,-1,-1,1e-08,jacobi,NaN,NaN,false,2026-07-27T18:04:31.476798+00:00
2,python,single_thread,1,1,1,scipy-openblas:0.3.31.188.0,1,1,1,1001,laplacian_2d_spd,laplacian_2d_spd/m064_n00004096,4096,20224,pcg_jacobi,9,3,8218271,34555,5608574,13861400,196,196,0,0,196,true,9.355061524770158e-09,9.355061382862512e-09,NaN,28615.173469387755,277.3226859177215,5341184,usr_bin_time_v,4153344,49422336,NaN,264.1012658227848,-1,-1,1e-08,jacobi,NaN,NaN,false,2026-07-27T18:04:31.476798+00:00
2,python,single_thread,1,1,1,scipy-openblas:0.3.31.188.0,1,1,1,1001,laplacian_2d_spd,laplacian_2d_spd/m064_n00004096,4096,20224,pcg_jacobi,10,3,11236909,57751,11233684,22528344,196,196,0,0,196,true,9.355061524770158e-09,9.355061382862512e-09,NaN,57314.71428571428,555.4630142405064,5341184,usr_bin_time_v,4161536,49422336,NaN,264.1012658227848,-1,-1,1e-08,jacobi,NaN,NaN,false,2026-07-27T18:04:31.476798+00:00
2,julia,single_thread,1,1,1,openblas:libopenblas64_.so,1,1,1,1001,laplacian_2d_spd,laplacian_2d_spd/m064_n00004096,4096,20224,pcg_ic0,1,3,6404619,564477,5539226,12508322,65,65,0,0,65,true,9.119432199079147e-9,9.119432330438548e-9,NaN,85218.86153846154,273.89369066455697,129851392,usr_bin_time_v,109993984,447475712,115851664,6420.658227848101,-1,-1,1.0e-8,ic0,1.0,0.0,false,2026-07-27T18:04:38.520
2,julia,single_thread,1,1,1,openblas:libopenblas64_.so,1,1,1,1001,laplacian_2d_spd,laplacian_2d_spd/m064_n00004096,4096,20224,pcg_ic0,2,3,6475392,616505,5455598,12547495,65,65,0,0,65,true,9.119432199079147e-9,9.119432330438548e-9,NaN,83932.27692307692,269.7586036392405,129851392,usr_bin_time_v,110010368,447475712,131543592,6420.658227848101,-1,-1,1.0e-8,ic0,1.0,0.0,false,2026-07-27T18:04:38.558
2,julia,single_thread,1,1,1,openblas:libopenblas64_.so,1,1,1,1001,laplacian_2d_spd,laplacian_2d_spd/m064_n00004096,4096,20224,pcg_ic0,3,3,6399130,562408,5419324,12380862,65,65,0,0,65,true,9.119432199079147e-9,9.119432330438548e-9,NaN,83374.21538461538,267.9649920886076,129851392,usr_bin_time_v,110010368,447475712,145749736,6420.658227848101,-1,-1,1.0e-8,ic0,1.0,0.0,false,2026-07-27T18:04:38.570
2,julia,single_thread,1,1,1,openblas:libopenblas64_.so,1,1,1,1001,laplacian_2d_spd,laplacian_2d_spd/m064_n00004096,4096,20224,pcg_ic0,4,3,7443240,595020,5266129,13304389,65,65,0,0,65,true,9.119432199079147e-9,9.119432330438548e-9,NaN,81017.36923076923,260.3900810917722,129851392,usr_bin_time_v,114946048,447475712,159955944,6420.658227848101,-1,-1,1.0e-8,ic0,1.0,0.0,false,2026-07-27T18:04:38.584
2,julia,single_thread,1,1,1,openblas:libopenblas64_.so,1,1,1,1001,laplacian_2d_spd,laplacian_2d_spd/m064_n00004096,4096,20224,pcg_ic0,5,3,7996133,595153,24488978,33080264,65,65,0,0,65,true,9.119432199079147e-9,9.119432330438548e-9,NaN,376753.5076923077,1210.8869659810127,129851392,usr_bin_time_v,120913920,447475712,28384600,6420.658227848101,-1,-1,1.0e-8,ic0,1.0,0.0,false,2026-07-27T18:04:38.617
2,julia,single_thread,1,1,1,openblas:libopenblas64_.so,1,1,1,1001,laplacian_2d_spd,laplacian_2d_spd/m064_n00004096,4096,20224,pcg_ic0,6,3,6314537,594881,5382967,12292385,65,65,0,0,65,true,9.119432199079147e-9,9.119432330438548e-9,NaN,82814.87692307692,266.16727650316454,129851392,usr_bin_time_v,120913920,447475712,42590744,6420.658227848101,-1,-1,1.0e-8,ic0,1.0,0.0,false,2026-07-27T18:04:38.630
2,julia,single_thread,1,1,1,openblas:libopenblas64_.so,1,1,1,1001,laplacian_2d_spd,laplacian_2d_spd/m064_n00004096,4096,20224,pcg_ic0,7,3,6308902,607812,5465085,12381799,65,65,0,0,65,true,9.119432199079147e-9,9.119432330438548e-9,NaN,84078.23076923077,270.22769976265823,129851392,usr_bin_time_v,120913920,447475712,56796952,6420.658227848101,-1,-1,1.0e-8,ic0,1.0,0.0,false,2026-07-27T18:04:38.642
2,julia,single_thread,1,1,1,openblas:libopenblas64_.so,1,1,1,1001,laplacian_2d_spd,laplacian_2d_spd/m064_n00004096,4096,20224,pcg_ic0,8,3,6294146,581390,5489583,12365119,65,65,0,0,65,true,9.119432199079147e-9,9.119432330438548e-9,NaN,84455.12307692308,271.4390328322785,129851392,usr_bin_time_v,120913920,447475712,71003096,6420.658227848101,-1,-1,1.0e-8,ic0,1.0,0.0,false,2026-07-27T18:04:38.655
2,julia,single_thread,1,1,1,openblas:libopenblas64_.so,1,1,1,1001,laplacian_2d_spd,laplacian_2d_spd/m064_n00004096,4096,20224,pcg_ic0,9,3,6390947,585267,5411445,12387659,65,65,0,0,65,true,9.119432199079147e-9,9.119432330438548e-9,NaN,83253.0,267.57540545886076,129851392,usr_bin_time_v,120913920,447475712,85209240,6420.658227848101,-1,-1,1.0e-8,ic0,1.0,0.0,false,2026-07-27T18:04:38.667
2,julia,single_thread,1,1,1,openblas:libopenblas64_.so,1,1,1,1001,laplacian_2d_spd,laplacian_2d_spd/m064_n00004096,4096,20224,pcg_ic0,10,3,6502010,576626,5584883,12663519,65,65,0,0,65,true,9.119432199079147e-9,9.119432330438548e-9,NaN,85921.27692307692,276.1512559335443,129851392,usr_bin_time_v,120913920,447475712,99415384,6420.658227848101,-1,-1,1.0e-8,ic0,1.0,0.0,false,2026-07-27T18:04:38.680
2,python,single_thread,1,1,1,scipy-openblas:0.3.31.188.0,1,1,1,1002,laplacian_2d_spd,laplacian_2d_spd/m032_n00001024,1024,4992,pcg_ic0,1,3,2031784,2394781,49121226,53547791,34,34,0,0,34,true,7.716909536172418e-09,7.71690964270843e-09,NaN,1444741.9411764706,9839.989182692309,1744896,usr_bin_time_v,1073152,49422336,NaN,349.53846153846155,-1,-1,1e-08,ic0,1.0,0.0,false,2026-07-27T18:04:39.124103+00:00
2,python,single_thread,1,1,1,scipy-openblas:0.3.31.188.0,1,1,1,1002,laplacian_2d_spd,laplacian_2d_spd/m032_n00001024,1024,4992,pcg_ic0,2,3,3166092,2367692,36580792,42114576,34,34,0,0,34,true,7.716909536172418e-09,7.71690964270843e-09,NaN,1075905.6470588236,7327.883012820513,1744896,usr_bin_time_v,1097728,49422336,NaN,349.53846153846155,-1,-1,1e-08,ic0,1.0,0.0,false,2026-07-27T18:04:39.124103+00:00
2,python,single_thread,1,1,1,scipy-openblas:0.3.31.188.0,1,1,1,1002,laplacian_2d_spd,laplacian_2d_spd/m032_n00001024,1024,4992,pcg_ic0,3,3,2030007,2375562,37036739,41442308,34,34,0,0,34,true,7.716909536172418e-09,7.71690964270843e-09,NaN,1089315.8529411764,7419.218549679487,1744896,usr_bin_time_v,1138688,49422336,NaN,349.53846153846155,-1,-1,1e-08,ic0,1.0,0.0,false,2026-07-27T18:04:39.124103+00:00
2,python,single_thread,1,1,1,scipy-openblas:0.3.31.188.0,1,1,1,1002,laplacian_2d_spd,laplacian_2d_spd/m032_n00001024,1024,4992,pcg_ic0,4,3,2120730,2447044,38137765,42705539,34,34,0,0,34,true,7.716909536172418e-09,7.71690964270843e-09,NaN,1121698.9705882352,7639.776642628205,1744896,usr_bin_time_v,1150976,49422336,NaN,349.53846153846155,-1,-1,1e-08,ic0,1.0,0.0,false,2026-07-27T18:04:39.124103+00:00
2,python,single_thread,1,1,1,scipy-openblas:0.3.31.188.0,1,1,1,1002,laplacian_2d_spd,laplacian_2d_spd/m032_n00001024,1024,4992,pcg_ic0,5,3,2070813,2422932,36539148,41032893,34,34,0,0,34,true,7.716909536172418e-09,7.71690964270843e-09,NaN,1074680.8235294118,7319.540865384615,1744896,usr_bin_time_v,1155072,49422336,NaN,349.53846153846155,-1,-1,1e-08,ic0,1.0,0.0,false,2026-07-27T18:04:39.124103+00:00
2,python,single_thread,1,1,1,scipy-openblas:0.3.31.188.0,1,1,1,1002,laplacian_2d_spd,laplacian_2d_spd/m032_n00001024,1024,4992,pcg_ic0,6,3,2056426,2368451,36263263,40688140,34,34,0,0,34,true,7.716909536172418e-09,7.71690964270843e-09,NaN,1066566.5588235294,7264.275440705128,1744896,usr_bin_time_v,1183744,49422336,NaN,349.53846153846155,-1,-1,1e-08,ic0,1.0,0.0,false,2026-07-27T18:04:39.124103+00:00
2,python,single_thread,1,1,1,scipy-openblas:0.3.31.188.0,1,1,1,1002,laplacian_2d_spd,laplacian_2d_spd/m032_n00001024,1024,4992,pcg_ic0,7,3,2115674,2352203,37219852,41687729,34,34,0,0,34,true,7.716909536172418e-09,7.71690964270843e-09,NaN,1094701.5294117648,7455.89983974359,1744896,usr_bin_time_v,1200128,49422336,NaN,349.53846153846155,-1,-1,1e-08,ic0,1.0,0.0,false,2026-07-27T18:04:39.124103+00:00
2,python,single_thread,1,1,1,scipy-openblas:0.3.31.188.0,1,1,1,1002,laplacian_2d_spd,laplacian_2d_spd/m032_n00001024,1024,4992,pcg_ic0,8,3,1979391,2395756,36453474,40828621,34,34,0,0,34,true,7.716909536172418e-09,7.71690964270843e-09,NaN,1072161.0,7302.3786057692305,1744896,usr_bin_time_v,1208320,49422336,NaN,349.53846153846155,-1,-1,1e-08,ic0,1.0,0.0,false,2026-07-27T18:04:39.124103+00:00
2,python,single_thread,1,1,1,scipy-openblas:0.3.31.188.0,1,1,1,1002,laplacian_2d_spd,laplacian_2d_spd/m032_n00001024,1024,4992,pcg_ic0,9,3,1957519,2388679,36350135,40696333,34,34,0,0,34,true,7.716909536172418e-09,7.71690964270843e-09,NaN,1069121.6176470588,7281.677684294872,1744896,usr_bin_time_v,1232896,49422336,NaN,349.53846153846155,-1,-1,1e-08,ic0,1.0,0.0,false,2026-07-27T18:04:39.124103+00:00
2,python,single_thread,1,1,1,scipy-openblas:0.3.31.188.0,1,1,1,1002,laplacian_2d_spd,laplacian_2d_spd/m032_n00001024,1024,4992,pcg_ic0,10,3,2005973,2403209,36430199,40839381,34,34,0,0,34,true,7.716909536172418e-09,7.71690964270843e-09,NaN,1071476.4411764706,7297.716145833333,1744896,usr_bin_time_v,1232896,49422336,NaN,349.53846153846155,-1,-1,1e-08,ic0,1.0,0.0,false,2026-07-27T18:04:39.124103+00:00
2,python,single_thread,1,1,1,scipy-openblas:0.3.31.188.0,1,1,1,1001,laplacian_2d_spd,laplacian_2d_spd/m064_n00004096,4096,20224,pcg_ic0,1,3,8635177,9961538,302131651,320728366,65,65,0,0,65,true,9.119432199079147e-09,9.11943233043855e-09,NaN,4648179.246153846,14939.262806566456,5046272,usr_bin_time_v,3477504,49422336,NaN,249.51898734177215,-1,-1,1e-08,ic0,1.0,0.0,false,2026-07-27T18:04:39.882290+00:00
2,python,single_thread,1,1,1,scipy-openblas:0.3.31.188.0,1,1,1,1001,laplacian_2d_spd,laplacian_2d_spd/m064_n00004096,4096,20224,pcg_ic0,2,3,8621249,10580695,308935192,328137136,65,65,0,0,65,true,9.119432199079147e-09,9.11943233043855e-09,NaN,4752849.107692308,15275.67207278481,5046272,usr_bin_time_v,3571712,49422336,NaN,249.51898734177215,-1,-1,1e-08,ic0,1.0,0.0,false,2026-07-27T18:04:39.882290+00:00
2,python,single_thread,1,1,1,scipy-openblas:0.3.31.188.0,1,1,1,1001,laplacian_2d_spd,laplacian_2d_spd/m064_n00004096,4096,20224,pcg_ic0,3,3,8469736,9958003,300749143,319176882,65,65,0,0,65,true,9.119432199079147e-09,9.11943233043855e-09,NaN,4626909.892307692,14870.903035996835,5046272,usr_bin_time_v,3719168,49422336,NaN,249.51898734177215,-1,-1,1e-08,ic0,1.0,0.0,false,2026-07-27T18:04:39.882290+00:00
2,python,single_thread,1,1,1,scipy-openblas:0.3.31.188.0,1,1,1,1001,laplacian_2d_spd,laplacian_2d_spd/m064_n00004096,4096,20224,pcg_ic0,4,3,8304018,10249540,304372864,322926422,65,65,0,0,65,true,9.119432199079147e-09,9.11943233043855e-09,NaN,4682659.446153847,15050.082278481013,5046272,usr_bin_time_v,3784704,49422336,NaN,249.51898734177215,-1,-1,1e-08,ic0,1.0,0.0,false,2026-07-27T18:04:39.882290+00:00
2,python,single_thread,1,1,1,scipy-openblas:0.3.31.188.0,1,1,1,1001,laplacian_2d_spd,laplacian_2d_spd/m064_n00004096,4096,20224,pcg_ic0,5,3,7917150,9822484,305368867,323108501,65,65,0,0,65,true,9.119432199079147e-09,9.11943233043855e-09,NaN,4697982.569230769,15099.330844541139,5046272,usr_bin_time_v,4382720,49422336,NaN,249.51898734177215,-1,-1,1e-08,ic0,1.0,0.0,false,2026-07-27T18:04:39.882290+00:00
2,python,single_thread,1,1,1,scipy-openblas:0.3.31.188.0,1,1,1,1001,laplacian_2d_spd,laplacian_2d_spd/m064_n00004096,4096,20224,pcg_ic0,6,3,7864122,10032336,301768065,319664523,65,65,0,0,65,true,9.119432199079147e-09,9.11943233043855e-09,NaN,4642585.615384615,14921.284859572785,5046272,usr_bin_time_v,3772416,49422336,NaN,249.51898734177215,-1,-1,1e-08,ic0,1.0,0.0,false,2026-07-27T18:04:39.882290+00:00
2,python,single_thread,1,1,1,scipy-openblas:0.3.31.188.0,1,1,1,1001,laplacian_2d_spd,laplacian_2d_spd/m064_n00004096,4096,20224,pcg_ic0,7,3,7896285,9704290,287833292,305433867,65,65,0,0,65,true,9.119432199079147e-09,9.11943233043855e-09,NaN,4428204.492307693,14232.263251582279,5046272,usr_bin_time_v,3809280,49422336,NaN,249.51898734177215,-1,-1,1e-08,ic0,1.0,0.0,false,2026-07-27T18:04:39.882290+00:00
2,python,single_thread,1,1,1,scipy-openblas:0.3.31.188.0,1,1,1,1001,laplacian_2d_spd,laplacian_2d_spd/m064_n00004096,4096,20224,pcg_ic0,8,3,7778980,9674321,296668788,314122089,65,65,0,0,65,true,9.119432199079147e-09,9.11943233043855e-09,NaN,4564135.2,14669.144976265823,5046272,usr_bin_time_v,3809280,49422336,NaN,249.51898734177215,-1,-1,1e-08,ic0,1.0,0.0,false,2026-07-27T18:04:39.882290+00:00
2,python,single_thread,1,1,1,scipy-openblas:0.3.31.188.0,1,1,1,1001,laplacian_2d_spd,laplacian_2d_spd/m064_n00004096,4096,20224,pcg_ic0,9,3,8017071,9914610,292696894,310628575,65,65,0,0,65,true,9.119432199079147e-09,9.11943233043855e-09,NaN,4503029.138461539,14472.749901107594,5046272,usr_bin_time_v,3809280,49422336,NaN,249.51898734177215,-1,-1,1e-08,ic0,1.0,0.0,false,2026-07-27T18:04:39.882290+00:00
2,python,single_thread,1,1,1,scipy-openblas:0.3.31.188.0,1,1,1,1001,laplacian_2d_spd,laplacian_2d_spd/m064_n00004096,4096,20224,pcg_ic0,10,3,7971722,9782618,290961089,308715429,65,65,0,0,65,true,9.119432199079147e-09,9.11943233043855e-09,NaN,4476324.446153847,14386.920935522152,5046272,usr_bin_time_v,3809280,49422336,NaN,249.51898734177215,-1,-1,1e-08,ic0,1.0,0.0,false,2026-07-27T18:04:39.882290+00:00
2,julia,single_thread,1,1,1,openblas:libopenblas64_.so,1,1,1,1002,laplacian_2d_spd,laplacian_2d_spd/m096_n00009216,9216,45696,cg,1,3,16844571,5289,18662019,35511879,295,0,0,0,295,true,9.780805266011171e-9,9.780805244728962e-9,NaN,63261.081355932205,408.39502363445376,146714624,usr_bin_time_v,106725376,447475712,15827072,3210.6666666666665,-1,-1,1.0e-8,none,NaN,NaN,false,2026-07-27T18:04:51.065
2,julia,single_thread,1,1,1,openblas:libopenblas64_.so,1,1,1,1002,laplacian_2d_spd,laplacian_2d_spd/m096_n00009216,9216,45696,cg,2,3,14597276,4568,23243167,37845011,295,0,0,0,295,true,9.780805266011171e-9,9.780805244728962e-9,NaN,78790.3966101695,508.647737219888,146714624,usr_bin_time_v,106725376,447475712,17450408,3210.6666666666665,-1,-1,1.0e-8,none,NaN,NaN,false,2026-07-27T18:04:51.104
2,julia,single_thread,1,1,1,openblas:libopenblas64_.so,1,1,1,1002,laplacian_2d_spd,laplacian_2d_spd/m096_n00009216,9216,45696,cg,3,3,14475405,6347,21626819,36108571,295,0,0,0,295,true,9.780805266011171e-9,9.780805244728962e-9,NaN,73311.25084745763,473.2759760154062,146714624,usr_bin_time_v,106725376,447475712,19368344,3210.6666666666665,-1,-1,1.0e-8,none,NaN,NaN,false,2026-07-27T18:04:51.140
2,julia,single_thread,1,1,1,openblas:libopenblas64_.so,1,1,1,1002,laplacian_2d_spd,laplacian_2d_spd/m096_n00009216,9216,45696,cg,4,3,16887044,4643,21716900,38608587,295,0,0,0,295,true,9.780805266011171e-9,9.780805244728962e-9,NaN,73616.61016949153,475.24728641456585,146714624,usr_bin_time_v,106725376,447475712,19738288,3210.6666666666665,-1,-1,1.0e-8,none,NaN,NaN,false,2026-07-27T18:04:51.204
2,julia,single_thread,1,1,1,openblas:libopenblas64_.so,1,1,1,1002,laplacian_2d_spd,laplacian_2d_spd/m096_n00009216,9216,45696,cg,5,3,17034644,6355,20212100,37253099,295,0,0,0,295,true,9.780805266011171e-9,9.780805244728962e-9,NaN,68515.59322033898,442.31661414565826,146714624,usr_bin_time_v,106725376,447475712,20030096,3210.6666666666665,-1,-1,1.0e-8,none,NaN,NaN,false,2026-07-27T18:04:51.242
2,julia,single_thread,1,1,1,openblas:libopenblas64_.so,1,1,1,1002,laplacian_2d_spd,laplacian_2d_spd/m096_n00009216,9216,45696,cg,6,3,16339575,8435,20745231,37093241,295,0,0,0,295,true,9.780805266011171e-9,9.780805244728962e-9,NaN,70322.81694915255,453.98352153361344,146714624,usr_bin_time_v,106725376,447475712,21209392,3210.6666666666665,-1,-1,1.0e-8,none,NaN,NaN,false,2026-07-27T18:04:51.279
2,julia,single_thread,1,1,1,openblas:libopenblas64_.so,1,1,1,1002,laplacian_2d_spd,laplacian_2d_spd/m096_n00009216,9216,45696,cg,7,3,16489822,8350,124679319,141177491,295,0,0,0,295,true,9.780805266011171e-9,9.780805244728962e-9,NaN,422641.7593220339,2728.4514837184875,146714624,usr_bin_time_v,106725376,447475712,35921768,3210.6666666666665,-1,-1,1.0e-8,none,NaN,NaN,false,2026-07-27T18:04:51.420
2,julia,single_thread,1,1,1,openblas:libopenblas64_.so,1,1,1,1002,laplacian_2d_spd,laplacian_2d_spd/m096_n00009216,9216,45696,cg,8,3,15409803,22137,27399964,42831904,295,0,0,0,295,true,9.780805266011171e-9,9.780805244728962e-9,NaN,92881.23389830509,599.6140581232493,146714624,usr_bin_time_v,127741952,447475712,100525512,3210.6666666666665,-1,-1,1.0e-8,none,NaN,NaN,false,2026-07-27T18:04:51.463
2,julia,single_thread,1,1,1,openblas:libopenblas64_.so,1,1,1,1002,laplacian_2d_spd,laplacian_2d_spd/m096_n00009216,9216,45696,cg,9,3,17833504,5863,17016429,34855796,295,0,0,0,295,true,9.780805266011171e-9,9.780805244728962e-9,NaN,57682.810169491524,372.38333771008405,146714624,usr_bin_time_v,130056192,447475712,63199536,3210.6666666666665,-1,-1,1.0e-8,none,NaN,NaN,false,2026-07-27T18:04:51.498
2,julia,single_thread,1,1,1,openblas:libopenblas64_.so,1,1,1,1002,laplacian_2d_spd,laplacian_2d_spd/m096_n00009216,9216,45696,cg,10,3,14366392,4664,20512877,34883933,295,0,0,0,295,true,9.780805266011171e-9,9.780805244728962e-9,NaN,69535.17627118644,448.898743872549,146714624,usr_bin_time_v,129691648,447475712,52830096,3210.6666666666665,-1,-1,1.0e-8,none,NaN,NaN,false,2026-07-27T18:04:51.533
2,python,single_thread,1,1,1,scipy-openblas:0.3.31.188.0,1,1,1,1000,laplacian_2d_spd,laplacian_2d_spd/m096_n00009216,9216,45696,cg,1,3,18572750,17098,15400050,33989898,295,0,0,0,295,true,9.784927503254674e-09,9.784927609252096e-09,NaN,52203.5593220339,337.01089810924367,9285632,usr_bin_time_v,7340032,49422336,NaN,203.20448179271708,-1,-1,1e-08,none,NaN,NaN,false,2026-07-27T18:04:51.923750+00:00
2,python,single_thread,1,1,1,scipy-openblas:0.3.31.188.0,1,1,1,1000,laplacian_2d_spd,laplacian_2d_spd/m096_n00009216,9216,45696,cg,2,3,18052833,15223,15238240,33306296,295,0,0,0,295,true,9.784927503254674e-09,9.784927609252096e-09,NaN,51655.05084745763,333.46988795518206,9285632,usr_bin_time_v,7512064,49422336,NaN,203.20448179271708,-1,-1,1e-08,none,NaN,NaN,false,2026-07-27T18:04:51.923750+00:00
2,python,single_thread,1,1,1,scipy-openblas:0.3.31.188.0,1,1,1,1000,laplacian_2d_spd,laplacian_2d_spd/m096_n00009216,9216,45696,cg,3,3,17726555,16481,14705204,32448240,295,0,0,0,295,true,9.784927503254674e-09,9.784927609252096e-09,NaN,49848.14915254237,321.8050595238095,9285632,usr_bin_time_v,7512064,49422336,NaN,203.20448179271708,-1,-1,1e-08,none,NaN,NaN,false,2026-07-27T18:04:51.923750+00:00
2,python,single_thread,1,1,1,scipy-openblas:0.3.31.188.0,1,1,1,1000,laplacian_2d_spd,laplacian_2d_spd/m096_n00009216,9216,45696,cg,4,3,17103573,16784,15019849,32140206,295,0,0,0,295,true,9.784927503254674e-09,9.784927609252096e-09,NaN,50914.74237288136,328.6906731442577,9285632,usr_bin_time_v,7512064,49422336,NaN,203.20448179271708,-1,-1,1e-08,none,NaN,NaN,false,2026-07-27T18:04:51.923750+00:00
2,python,single_thread,1,1,1,scipy-openblas:0.3.31.188.0,1,1,1,1000,laplacian_2d_spd,laplacian_2d_spd/m096_n00009216,9216,45696,cg,5,3,17110924,16621,15414414,32541959,295,0,0,0,295,true,9.784927503254674e-09,9.784927609252096e-09,NaN,52252.250847457624,337.3252363445378,9285632,usr_bin_time_v,7614464,49422336,NaN,203.20448179271708,-1,-1,1e-08,none,NaN,NaN,false,2026-07-27T18:04:51.923750+00:00
2,python,single_thread,1,1,1,scipy-openblas:0.3.31.188.0,1,1,1,1000,laplacian_2d_spd,laplacian_2d_spd/m096_n00009216,9216,45696,cg,6,3,17762045,15908,14951515,32729468,295,0,0,0,295,true,9.784927503254674e-09,9.784927609252096e-09,NaN,50683.101694915254,327.195268732493,9285632,usr_bin_time_v,7811072,49422336,NaN,203.20448179271708,-1,-1,1e-08,none,NaN,NaN,false,2026-07-27T18:04:51.923750+00:00
2,python,single_thread,1,1,1,scipy-openblas:0.3.31.188.0,1,1,1,1000,laplacian_2d_spd,laplacian_2d_spd/m096_n00009216,9216,45696,cg,7,3,17508763,15752,14862510,32387025,295,0,0,0,295,true,9.784927503254674e-09,9.784927609252096e-09,NaN,50381.38983050847,325.24750525210084,9285632,usr_bin_time_v,8028160,49422336,NaN,203.20448179271708,-1,-1,1e-08,none,NaN,NaN,false,2026-07-27T18:04:51.923750+00:00
2,python,single_thread,1,1,1,scipy-openblas:0.3.31.188.0,1,1,1,1000,laplacian_2d_spd,laplacian_2d_spd/m096_n00009216,9216,45696,cg,8,3,17809551,14775,14874159,32698485,295,0,0,0,295,true,9.784927503254674e-09,9.784927609252096e-09,NaN,50420.877966101696,325.50242909663865,9285632,usr_bin_time_v,8028160,49422336,NaN,203.20448179271708,-1,-1,1e-08,none,NaN,NaN,false,2026-07-27T18:04:51.923750+00:00
2,python,single_thread,1,1,1,scipy-openblas:0.3.31.188.0,1,1,1,1000,laplacian_2d_spd,laplacian_2d_spd/m096_n00009216,9216,45696,cg,9,3,17846988,15080,15087943,32950011,295,0,0,0,295,true,9.784927503254674e-09,9.784927609252096e-09,NaN,51145.56949152542,330.18082545518206,9285632,usr_bin_time_v,8101888,49422336,NaN,203.20448179271708,-1,-1,1e-08,none,NaN,NaN,false,2026-07-27T18:04:51.923750+00:00
2,python,single_thread,1,1,1,scipy-openblas:0.3.31.188.0,1,1,1,1000,laplacian_2d_spd,laplacian_2d_spd/m096_n00009216,9216,45696,cg,10,3,17987429,16031,14816667,32820127,295,0,0,0,295,true,9.784927503254674e-09,9.784927609252096e-09,NaN,50225.98983050847,324.24428834033614,9285632,usr_bin_time_v,8155136,49422336,NaN,203.20448179271708,-1,-1,1e-08,none,NaN,NaN,false,2026-07-27T18:04:51.923750+00:00
2,python,single_thread,1,1,1,scipy-openblas:0.3.31.188.0,1,1,1,1000,laplacian_2d_spd,laplacian_2d_spd/m032_n00001024,1024,4992,pcg_jacobi,1,3,1935627,14214,1240905,3190746,101,101,0,0,101,true,8.822208925159784e-09,8.822208956579438e-09,NaN,12286.18811881188,248.57872596153845,2002944,usr_bin_time_v,901120,49422336,NaN,401.2307692307692,-1,-1,1e-08,jacobi,NaN,NaN,false,2026-07-27T18:04:52.529152+00:00
2,python,single_thread,1,1,1,scipy-openblas:0.3.31.188.0,1,1,1,1000,laplacian_2d_spd,laplacian_2d_spd/m032_n00001024,1024,4992,pcg_jacobi,2,3,1898014,14045,1268572,3180631,101,101,0,0,101,true,8.822208925159784e-09,8.822208956579438e-09,NaN,12560.118811881188,254.1209935897436,2002944,usr_bin_time_v,966656,49422336,NaN,401.2307692307692,-1,-1,1e-08,jacobi,NaN,NaN,false,2026-07-27T18:04:52.529152+00:00
2,python,single_thread,1,1,1,scipy-openblas:0.3.31.188.0,1,1,1,1000,laplacian_2d_spd,laplacian_2d_spd/m032_n00001024,1024,4992,pcg_jacobi,3,3,1949512,11562,1284270,3245344,101,101,0,0,101,true,8.822208925159784e-09,8.822208956579438e-09,NaN,12715.544554455446,257.265625,2002944,usr_bin_time_v,987136,49422336,NaN,401.2307692307692,-1,-1,1e-08,jacobi,NaN,NaN,false,2026-07-27T18:04:52.529152+00:00
2,python,single_thread,1,1,1,scipy-openblas:0.3.31.188.0,1,1,1,1000,laplacian_2d_spd,laplacian_2d_spd/m032_n00001024,1024,4992,pcg_jacobi,4,3,1893164,12752,1240205,3146121,101,101,0,0,101,true,8.822208925159784e-09,8.822208956579438e-09,NaN,12279.257425742575,248.43850160256412,2002944,usr_bin_time_v,987136,49422336,NaN,401.2307692307692,-1,-1,1e-08,jacobi,NaN,NaN,false,2026-07-27T18:04:52.529152+00:00
2,python,single_thread,1,1,1,scipy-openblas:0.3.31.188.0,1,1,1,1000,laplacian_2d_spd,laplacian_2d_spd/m032_n00001024,1024,4992,pcg_jacobi,5,3,1876202,13624,1247060,3136886,101,101,0,0,101,true,8.822208925159784e-09,8.822208956579438e-09,NaN,12347.128712871287,249.81169871794873,2002944,usr_bin_time_v,991232,49422336,NaN,401.2307692307692,-1,-1,1e-08,jacobi,NaN,NaN,false,2026-07-27T18:04:52.529152+00:00
2,python,single_thread,1,1,1,scipy-openblas:0.3.31.188.0,1,1,1,1000,laplacian_2d_spd,laplacian_2d_spd/m032_n00001024,1024,4992,pcg_jacobi,6,3,1860195,11615,1240249,3112059,101,101,0,0,101,true,8.822208925159784e-09,8.822208956579438e-09,NaN,12279.69306930693,248.4473157051282,2002944,usr_bin_time_v,995328,49422336,NaN,401.2307692307692,-1,-1,1e-08,jacobi,NaN,NaN,false,2026-07-27T18:04:52.529152+00:00
2,python,single_thread,1,1,1,scipy-openblas:0.3.31.188.0,1,1,1,1000,laplacian_2d_spd,laplacian_2d_spd/m032_n00001024,1024,4992,pcg_jacobi,7,3,1869590,11722,1223759,3105071,101,101,0,0,101,true,8.822208925159784e-09,8.822208956579438e-09,NaN,12116.425742574258,245.14403044871796,2002944,usr_bin_time_v,995328,49422336,NaN,401.2307692307692,-1,-1,1e-08,jacobi,NaN,NaN,false,2026-07-27T18:04:52.529152+00:00
2,python,single_thread,1,1,1,scipy-openblas:0.3.31.188.0,1,1,1,1000,laplacian_2d_spd,laplacian_2d_spd/m032_n00001024,1024,4992,pcg_jacobi,8,3,1961681,15719,1249599,3226999,101,101,0,0,101,true,8.822208925159784e-09,8.822208956579438e-09,NaN,12372.267326732674,250.3203125,2002944,usr_bin_time_v,999424,49422336,NaN,401.2307692307692,-1,-1,1e-08,jacobi,NaN,NaN,false,2026-07-27T18:04:52.529152+00:00
2,python,single_thread,1,1,1,scipy-openblas:0.3.31.188.0,1,1,1,1000,laplacian_2d_spd,laplacian_2d_spd/m032_n00001024,1024,4992,pcg_jacobi,9,3,1865197,13646,1284462,3163305,101,101,0,0,101,true,8.822208925159784e-09,8.822208956579438e-09,NaN,12717.445544554455,257.30408653846155,2002944,usr_bin_time_v,999424,49422336,NaN,401.2307692307692,-1,-1,1e-08,jacobi,NaN,NaN,false,2026-07-27T18:04:52.529152+00:00
2,python,single_thread,1,1,1,scipy-openblas:0.3.31.188.0,1,1,1,1000,laplacian_2d_spd,laplacian_2d_spd/m032_n00001024,1024,4992,pcg_jacobi,10,3,1901489,13897,1434578,3349964,101,101,0,0,101,true,8.822208925159784e-09,8.822208956579438e-09,NaN,14203.742574257425,287.37540064102564,2002944,usr_bin_time_v,1019904,49422336,NaN,401.2307692307692,-1,-1,1e-08,jacobi,NaN,NaN,false,2026-07-27T18:04:52.529152+00:00
2,julia,single_thread,1,1,1,openblas:libopenblas64_.so,1,1,1,1001,laplacian_2d_spd,laplacian_2d_spd/m096_n00009216,9216,45696,pcg_jacobi,1,3,13925042,112658,20101558,34139258,295,295,0,0,295,true,9.696051208217402e-9,9.696051313025606e-9,NaN,68140.87457627119,439.89754026610643,143958016,usr_bin_time_v,130932736,447475712,34950888,3150.341736694678,-1,-1,1.0e-8,jacobi,NaN,NaN,false,2026-07-27T18:04:59.445
2,julia,single_thread,1,1,1,openblas:libopenblas64_.so,1,1,1,1001,laplacian_2d_spd,laplacian_2d_spd/m096_n00009216,9216,45696,pcg_jacobi,2,3,13986507,103617,23593061,37683185,295,295,0,0,295,true,9.696051208217402e-9,9.696051313025606e-9,NaN,79976.4779661017,516.304731267507,143958016,usr_bin_time_v,130932736,447475712,29906024,3150.341736694678,-1,-1,1.0e-8,jacobi,NaN,NaN,false,2026-07-27T18:04:59.483
2,julia,single_thread,1,1,1,openblas:libopenblas64_.so,1,1,1,1001,laplacian_2d_spd,laplacian_2d_spd/m096_n00009216,9216,45696,pcg_jacobi,3,3,14223926,111148,22504285,36839359,295,295,0,0,295,true,9.696051208217402e-9,9.696051313025606e-9,NaN,76285.71186440678,492.4782256652661,143958016,usr_bin_time_v,130932736,447475712,31593064,3150.341736694678,-1,-1,1.0e-8,jacobi,NaN,NaN,false,2026-07-27T18:04:59.520
2,julia,single_thread,1,1,1,openblas:libopenblas64_.so,1,1,1,1001,laplacian_2d_spd,laplacian_2d_spd/m096_n00009216,9216,45696,pcg_jacobi,4,3,14300506,104298,23486168,37890972,295,295,0,0,295,true,9.696051208217402e-9,9.696051313025606e-9,NaN,79614.12881355932,513.9655112044818,143958016,usr_bin_time_v,130932736,447475712,41471968,3150.341736694678,-1,-1,1.0e-8,jacobi,NaN,NaN,false,2026-07-27T18:04:59.583
2,julia,single_thread,1,1,1,openblas:libopenblas64_.so,1,1,1,1001,laplacian_2d_spd,laplacian_2d_spd/m096_n00009216,9216,45696,pcg_jacobi,5,3,15902578,108920,22200328,38211826,295,295,0,0,295,true,9.696051208217402e-9,9.696051313025606e-9,NaN,75255.34915254237,485.8265056022409,143958016,usr_bin_time_v,130932736,447475712,36592376,3150.341736694678,-1,-1,1.0e-8,jacobi,NaN,NaN,false,2026-07-27T18:04:59.622
2,julia,single_thread,1,1,1,openblas:libopenblas64_.so,1,1,1,1001,laplacian_2d_spd,laplacian_2d_spd/m096_n00009216,9216,45696,pcg_jacobi,6,3,17117947,109822,133872192,151099961,295,295,0,0,295,true,9.696051208217402e-9,9.696051313025606e-9,NaN,453804.0406779661,2929.626050420168,143958016,usr_bin_time_v,130932736,447475712,29344328,3150.341736694678,-1,-1,1.0e-8,jacobi,NaN,NaN,false,2026-07-27T18:04:59.773
2,julia,single_thread,1,1,1,openblas:libopenblas64_.so,1,1,1,1001,laplacian_2d_spd,laplacian_2d_spd/m096_n00009216,9216,45696,pcg_jacobi,7,3,13863083,99263,25778454,39740800,295,295,0,0,295,true,9.696051208217402e-9,9.696051313025606e-9,NaN,87384.58983050847,564.1293329831933,143958016,usr_bin_time_v,130932736,447475712,94425760,3150.341736694678,-1,-1,1.0e-8,jacobi,NaN,NaN,false,2026-07-27T18:04:59.813
2,julia,single_thread,1,1,1,openblas:libopenblas64_.so,1,1,1,1001,laplacian_2d_spd,laplacian_2d_spd/m096_n00009216,9216,45696,pcg_jacobi,8,3,17930659,97254,16695733,34723646,295,295,0,0,295,true,9.696051208217402e-9,9.696051313025606e-9,NaN,56595.705084745765,365.3653054971989,143958016,usr_bin_time_v,133701632,447475712,58901984,3150.341736694678,-1,-1,1.0e-8,jacobi,NaN,NaN,false,2026-07-27T18:04:59.848
2,julia,single_thread,1,1,1,openblas:libopenblas64_.so,1,1,1,1001,laplacian_2d_spd,laplacian_2d_spd/m096_n00009216,9216,45696,pcg_jacobi,9,3,16915696,97598,19219071,36232365,295,295,0,0,295,true,9.696051208217402e-9,9.696051313025606e-9,NaN,65149.393220338985,420.58541228991595,143958016,usr_bin_time_v,132956160,447475712,23665096,3150.341736694678,-1,-1,1.0e-8,jacobi,NaN,NaN,false,2026-07-27T18:04:59.884
2,julia,single_thread,1,1,1,openblas:libopenblas64_.so,1,1,1,1001,laplacian_2d_spd,laplacian_2d_spd/m096_n00009216,9216,45696,pcg_jacobi,10,3,14294106,100065,20868537,35262708,295,295,0,0,295,true,9.696051208217402e-9,9.696051313025606e-9,NaN,70740.80338983051,456.68191964285717,143958016,usr_bin_time_v,132956160,447475712,22342264,3150.341736694678,-1,-1,1.0e-8,jacobi,NaN,NaN,false,2026-07-27T18:04:59.919
2,julia,single_thread,1,1,1,openblas:libopenblas64_.so,1,1,1,1002,laplacian_2d_spd,laplacian_2d_spd/m096_n00009216,9216,45696,pcg_jacobi,1,3,14362754,98042,20549056,35009852,295,295,0,0,295,true,9.780805266011171e-9,9.780805244728962e-9,NaN,69657.81694915255,449.6904761904762,148221952,usr_bin_time_v,139317248,447475712,30982416,3243.652661064426,-1,-1,1.0e-8,jacobi,NaN,NaN,false,2026-07-27T18:05:07.058
2,julia,single_thread,1,1,1,openblas:libopenblas64_.so,1,1,1,1002,laplacian_2d_spd,laplacian_2d_spd/m096_n00009216,9216,45696,pcg_jacobi,2,3,14316933,87280,22990910,37395123,295,295,0,0,295,true,9.780805266011171e-9,9.780805244728962e-9,NaN,77935.28813559322,503.12740721288515,148221952,usr_bin_time_v,139317248,447475712,42852936,3243.652661064426,-1,-1,1.0e-8,jacobi,NaN,NaN,false,2026-07-27T18:05:07.096
2,julia,single_thread,1,1,1,openblas:libopenblas64_.so,1,1,1,1002,laplacian_2d_spd,laplacian_2d_spd/m096_n00009216,9216,45696,pcg_jacobi,3,3,17302676,96443,19209900,36609019,295,295,0,0,295,true,9.780805266011171e-9,9.780805244728962e-9,NaN,65118.30508474576,420.3847163865546,148221952,usr_bin_time_v,139317248,447475712,35319232,3243.652661064426,-1,-1,1.0e-8,jacobi,NaN,NaN,false,2026-07-27T18:05:07.133
2,julia,single_thread,1,1,1,openblas:libopenblas64_.so,1,1,1,1002,laplacian_2d_spd,laplacian_2d_spd/m096_n00009216,9216,45696,pcg_jacobi,4,3,16776706,97543,19799438,36673687,295,295,0,0,295,true,9.780805266011171e-9,9.780805244728962e-9,NaN,67116.73898305085,433.2860206582633,148221952,usr_bin_time_v,139317248,447475712,33018512,3243.652661064426,-1,-1,1.0e-8,jacobi,NaN,NaN,false,2026-07-27T18:05:07.169
2,julia,single_thread,1,1,1,openblas:libopenblas64_.so,1,1,1,1002,laplacian_2d_spd,laplacian_2d_spd/m096_n00009216,9216,45696,pcg_jacobi,5,3,14305794,110365,22362373,36778532,295,295,0,0,295,true,9.780805266011171e-9,9.780805244728962e-9,NaN,75804.65423728814,489.37265843837537,148221952,usr_bin_time_v,139317248,447475712,39357368,3243.652661064426,-1,-1,1.0e-8,jacobi,NaN,NaN,false,2026-07-27T18:05:07.206
2,julia,single_thread,1,1,1,openblas:libopenblas64_.so,1,1,1,1002,laplacian_2d_spd,laplacian_2d_spd/m096_n00009216,9216,45696,pcg_jacobi,6,3,17139962,101665,134681321,151922948,295,295,0,0,295,true,9.780805266011171e-9,9.780805244728962e-9,NaN,456546.85084745765,2947.332830007003,148221952,usr_bin_time_v,139317248,447475712,30447888,3243.652661064426,-1,-1,1.0e-8,jacobi,NaN,NaN,false,2026-07-27T18:05:07.359
2,julia,single_thread,1,1,1,openblas:libopenblas64_.so,1,1,1,1002,laplacian_2d_spd,laplacian_2d_spd/m096_n00009216,9216,45696,pcg_jacobi,7,3,13955852,115405,25772471,39843728,295,295,0,0,295,true,9.780805266011171e-9,9.780805244728962e-9,NaN,87364.30847457628,563.9984024859943,148221952,usr_bin_time_v,139317248,447475712,95529320,3243.652661064426,-1,-1,1.0e-8,jacobi,NaN,NaN,false,2026-07-27T18:05:07.399
2,julia,single_thread,1,1,1,openblas:libopenblas64_.so,1,1,1,1002,laplacian_2d_spd,laplacian_2d_spd/m096_n00009216,9216,45696,pcg_jacobi,8,3,18204747,97997,16612349,34915093,295,295,0,0,295,true,9.780805266011171e-9,9.780805244728962e-9,NaN,56313.047457627115,363.5405505952381,148221952,usr_bin_time_v,139317248,447475712,61192840,3243.652661064426,-1,-1,1.0e-8,jacobi,NaN,NaN,false,2026-07-27T18:05:07.434
2,julia,single_thread,1,1,1,openblas:libopenblas64_.so,1,1,1,1002,laplacian_2d_spd,laplacian_2d_spd/m096_n00009216,9216,45696,pcg_jacobi,9,3,17154136,104569,19938231,37196936,295,295,0,0,295,true,9.780805266011171e-9,9.780805244728962e-9,NaN,67587.22372881357,436.3233324579832,148221952,usr_bin_time_v,139317248,447475712,24177008,3243.652661064426,-1,-1,1.0e-8,jacobi,NaN,NaN,false,2026-07-27T18:05:07.471
2,julia,single_thread,1,1,1,openblas:libopenblas64_.so,1,1,1,1002,laplacian_2d_spd,laplacian_2d_spd/m096_n00009216,9216,45696,pcg_jacobi,10,3,14414105,116604,20108724,34639433,295,295,0,0,295,true,9.780805266011171e-9,9.780805244728962e-9,NaN,68165.16610169492,440.0543592436975,148221952,usr_bin_time_v,139317248,447475712,21970016,3243.652661064426,-1,-1,1.0e-8,jacobi,NaN,NaN,false,2026-07-27T18:05:07.506
2,python,single_thread,1,1,1,scipy-openblas:0.3.31.188.0,1,1,1,1001,laplacian_2d_spd,laplacian_2d_spd/m032_n00001024,1024,4992,cg,1,3,2001326,6550,1250186,3258062,98,0,0,0,98,true,9.807146507434913e-09,9.807146619023715e-09,NaN,12757.0,250.43790064102564,1982464,usr_bin_time_v,958464,49422336,NaN,397.12820512820514,-1,-1,1e-08,none,NaN,NaN,false,2026-07-27T18:05:07.893690+00:00
2,python,single_thread,1,1,1,scipy-openblas:0.3.31.188.0,1,1,1,1001,laplacian_2d_spd,laplacian_2d_spd/m032_n00001024,1024,4992,cg,2,3,1877909,5999,1273589,3157497,98,0,0,0,98,true,9.807146507434913e-09,9.807146619023715e-09,NaN,12995.80612244898,255.12600160256412,1982464,usr_bin_time_v,970752,49422336,NaN,397.12820512820514,-1,-1,1e-08,none,NaN,NaN,false,2026-07-27T18:05:07.893690+00:00
2,python,single_thread,1,1,1,scipy-openblas:0.3.31.188.0,1,1,1,1001,laplacian_2d_spd,laplacian_2d_spd/m032_n00001024,1024,4992,cg,3,3,1866806,6169,1265570,3138545,98,0,0,0,98,true,9.807146507434913e-09,9.807146619023715e-09,NaN,12913.979591836734,253.5196314102564,1982464,usr_bin_time_v,987136,49422336,NaN,397.12820512820514,-1,-1,1e-08,none,NaN,NaN,false,2026-07-27T18:05:07.893690+00:00
2,python,single_thread,1,1,1,scipy-openblas:0.3.31.188.0,1,1,1,1001,laplacian_2d_spd,laplacian_2d_spd/m032_n00001024,1024,4992,cg,4,3,1944265,6191,1246789,3197245,98,0,0,0,98,true,9.807146507434913e-09,9.807146619023715e-09,NaN,12722.336734693878,249.75741185897436,1982464,usr_bin_time_v,1003520,49422336,NaN,397.12820512820514,-1,-1,1e-08,none,NaN,NaN,false,2026-07-27T18:05:07.893690+00:00
2,python,single_thread,1,1,1,scipy-openblas:0.3.31.188.0,1,1,1,1001,laplacian_2d_spd,laplacian_2d_spd/m032_n00001024,1024,4992,cg,5,3,1924460,6505,1249620,3180585,98,0,0,0,98,true,9.807146507434913e-09,9.807146619023715e-09,NaN,12751.224489795919,250.32451923076923,1982464,usr_bin_time_v,1007616,49422336,NaN,397.12820512820514,-1,-1,1e-08,none,NaN,NaN,false,2026-07-27T18:05:07.893690+00:00
2,python,single_thread,1,1,1,scipy-openblas:0.3.31.188.0,1,1,1,1001,laplacian_2d_spd,laplacian_2d_spd/m032_n00001024,1024,4992,cg,6,3,1841113,5204,1242651,3088968,98,0,0,0,98,true,9.807146507434913e-09,9.807146619023715e-09,NaN,12680.112244897959,248.92848557692307,1982464,usr_bin_time_v,1011712,49422336,NaN,397.12820512820514,-1,-1,1e-08,none,NaN,NaN,false,2026-07-27T18:05:07.893690+00:00
2,python,single_thread,1,1,1,scipy-openblas:0.3.31.188.0,1,1,1,1001,laplacian_2d_spd,laplacian_2d_spd/m032_n00001024,1024,4992,cg,7,3,1920518,5546,1198623,3124687,98,0,0,0,98,true,9.807146507434913e-09,9.807146619023715e-09,NaN,12230.84693877551,240.10877403846155,1982464,usr_bin_time_v,1011712,49422336,NaN,397.12820512820514,-1,-1,1e-08,none,NaN,NaN,false,2026-07-27T18:05:07.893690+00:00
2,python,single_thread,1,1,1,scipy-openblas:0.3.31.188.0,1,1,1,1001,laplacian_2d_spd,laplacian_2d_spd/m032_n00001024,1024,4992,cg,8,3,1868292,5254,1255196,3128742,98,0,0,0,98,true,9.807146507434913e-09,9.807146619023715e-09,NaN,12808.122448979591,251.4415064102564,1982464,usr_bin_time_v,1011712,49422336,NaN,397.12820512820514,-1,-1,1e-08,none,NaN,NaN,false,2026-07-27T18:05:07.893690+00:00
2,python,single_thread,1,1,1,scipy-openblas:0.3.31.188.0,1,1,1,1001,laplacian_2d_spd,laplacian_2d_spd/m032_n00001024,1024,4992,cg,9,3,1861585,5279,1280098,3146962,98,0,0,0,98,true,9.807146507434913e-09,9.807146619023715e-09,NaN,13062.224489795919,256.4298878205128,1982464,usr_bin_time_v,1044480,49422336,NaN,397.12820512820514,-1,-1,1e-08,none,NaN,NaN,false,2026-07-27T18:05:07.893690+00:00
2,python,single_thread,1,1,1,scipy-openblas:0.3.31.188.0,1,1,1,1001,laplacian_2d_spd,laplacian_2d_spd/m032_n00001024,1024,4992,cg,10,3,1890278,5684,1251518,3147480,98,0,0,0,98,true,9.807146507434913e-09,9.807146619023715e-09,NaN,12770.591836734693,250.70472756410257,1982464,usr_bin_time_v,1044480,49422336,NaN,397.12820512820514,-1,-1,1e-08,none,NaN,NaN,false,2026-07-27T18:05:07.893690+00:00
2,python,single_thread,1,1,1,scipy-openblas:0.3.31.188.0,1,1,1,1000,laplacian_2d_spd,laplacian_2d_spd/m032_n00001024,1024,4992,pcg_ic0,1,3,2114207,2398158,36908259,41420624,35,35,0,0,35,true,9.645333431732468e-09,9.645333454842257e-09,NaN,1054521.6857142858,7393.481370192308,1732608,usr_bin_time_v,1089536,49422336,NaN,347.0769230769231,-1,-1,1e-08,ic0,1.0,0.0,false,2026-07-27T18:05:08.114874+00:00
2,python,single_thread,1,1,1,scipy-openblas:0.3.31.188.0,1,1,1,1000,laplacian_2d_spd,laplacian_2d_spd/m032_n00001024,1024,4992,pcg_ic0,2,3,2056375,2353967,36962603,41372945,35,35,0,0,35,true,9.645333431732468e-09,9.645333454842257e-09,NaN,1056074.3714285714,7404.367588141025,1732608,usr_bin_time_v,1101824,49422336,NaN,347.0769230769231,-1,-1,1e-08,ic0,1.0,0.0,false,2026-07-27T18:05:08.114874+00:00
2,python,single_thread,1,1,1,scipy-openblas:0.3.31.188.0,1,1,1,1000,laplacian_2d_spd,laplacian_2d_spd/m032_n00001024,1024,4992,pcg_ic0,3,3,2051242,2410923,37717907,42180072,35,35,0,0,35,true,9.645333431732468e-09,9.645333454842257e-09,NaN,1077654.4857142856,7555.67047275641,1732608,usr_bin_time_v,1163264,49422336,NaN,347.0769230769231,-1,-1,1e-08,ic0,1.0,0.0,false,2026-07-27T18:05:08.114874+00:00
2,python,single_thread,1,1,1,scipy-openblas:0.3.31.188.0,1,1,1,1000,laplacian_2d_spd,laplacian_2d_spd/m032_n00001024,1024,4992,pcg_ic0,4,3,2114386,2471859,38283160,42869405,35,35,0,0,35,true,9.645333431732468e-09,9.645333454842257e-09,NaN,1093804.5714285714,7668.902243589743,1732608,usr_bin_time_v,1179648,49422336,NaN,347.0769230769231,-1,-1,1e-08,ic0,1.0,0.0,false,2026-07-27T18:05:08.114874+00:00
2,python,single_thread,1,1,1,scipy-openblas:0.3.31.188.0,1,1,1,1000,laplacian_2d_spd,laplacian_2d_spd/m032_n00001024,1024,4992,pcg_ic0,5,3,2164414,2474682,38423713,43062809,35,35,0,0,35,true,9.645333431732468e-09,9.645333454842257e-09,NaN,1097820.3714285714,7697.057892628205,1732608,usr_bin_time_v,1196032,49422336,NaN,347.0769230769231,-1,-1,1e-08,ic0,1.0,0.0,false,2026-07-27T18:05:08.114874+00:00
2,python,single_thread,1,1,1,scipy-openblas:0.3.31.188.0,1,1,1,1000,laplacian_2d_spd,laplacian_2d_spd/m032_n00001024,1024,4992,pcg_ic0,6,3,2191952,2445035,38560597,43197584,35,35,0,0,35,true,9.645333431732468e-09,9.645333454842257e-09,NaN,1101731.342857143,7724.478565705128,1732608,usr_bin_time_v,1212416,49422336,NaN,347.0769230769231,-1,-1,1e-08,ic0,1.0,0.0,false,2026-07-27T18:05:08.114874+00:00
2,python,single_thread,1,1,1,scipy-openblas:0.3.31.188.0,1,1,1,1000,laplacian_2d_spd,laplacian_2d_spd/m032_n00001024,1024,4992,pcg_ic0,7,3,2294789,2441844,38582009,43318642,35,35,0,0,35,true,9.645333431732468e-09,9.645333454842257e-09,NaN,1102343.1142857142,7728.767828525641,1732608,usr_bin_time_v,1212416,49422336,NaN,347.0769230769231,-1,-1,1e-08,ic0,1.0,0.0,false,2026-07-27T18:05:08.114874+00:00
2,python,single_thread,1,1,1,scipy-openblas:0.3.31.188.0,1,1,1,1000,laplacian_2d_spd,laplacian_2d_spd/m032_n00001024,1024,4992,pcg_ic0,8,3,2233093,2463400,38419259,43115752,35,35,0,0,35,true,9.645333431732468e-09,9.645333454842257e-09,NaN,1097693.1142857142,7696.1656650641025,1732608,usr_bin_time_v,1212416,49422336,NaN,347.0769230769231,-1,-1,1e-08,ic0,1.0,0.0,false,2026-07-27T18:05:08.114874+00:00
2,python,single_thread,1,1,1,scipy-openblas:0.3.31.188.0,1,1,1,1000,laplacian_2d_spd,laplacian_2d_spd/m032_n00001024,1024,4992,pcg_ic0,9,3,2058125,2356927,37450119,41865171,35,35,0,0,35,true,9.645333431732468e-09,9.645333454842257e-09,NaN,1070003.4,7502.0270432692305,1732608,usr_bin_time_v,1216512,49422336,NaN,347.0769230769231,-1,-1,1e-08,ic0,1.0,0.0,false,2026-07-27T18:05:08.114874+00:00
2,python,single_thread,1,1,1,scipy-openblas:0.3.31.188.0,1,1,1,1000,laplacian_2d_spd,laplacian_2d_spd/m032_n00001024,1024,4992,pcg_ic0,10,3,2114126,2385611,37047642,41547379,35,35,0,0,35,true,9.645333431732468e-09,9.645333454842257e-09,NaN,1058504.0571428572,7421.4026442307695,1732608,usr_bin_time_v,1216512,49422336,NaN,347.0769230769231,-1,-1,1e-08,ic0,1.0,0.0,false,2026-07-27T18:05:08.114874+00:00
2,python,single_thread,1,1,1,scipy-openblas:0.3.31.188.0,1,1,1,1002,laplacian_2d_spd,laplacian_2d_spd/m064_n00004096,4096,20224,pcg_ic0,1,3,8415396,10062452,285201189,303679037,61,61,0,0,61,true,9.463942650550069e-09,9.463942577762478e-09,NaN,4675429.327868853,14102.115753560127,4677632,usr_bin_time_v,3268608,49422336,NaN,231.29113924050634,-1,-1,1e-08,ic0,1.0,0.0,false,2026-07-27T18:05:14.464515+00:00
2,python,single_thread,1,1,1,scipy-openblas:0.3.31.188.0,1,1,1,1002,laplacian_2d_spd,laplacian_2d_spd/m064_n00004096,4096,20224,pcg_ic0,2,3,8608381,9670192,274524981,292803554,61,61,0,0,61,true,9.463942650550069e-09,9.463942577762478e-09,NaN,4500409.5245901635,13574.217810522152,4677632,usr_bin_time_v,3301376,49422336,NaN,231.29113924050634,-1,-1,1e-08,ic0,1.0,0.0,false,2026-07-27T18:05:14.464515+00:00
2,python,single_thread,1,1,1,scipy-openblas:0.3.31.188.0,1,1,1,1002,laplacian_2d_spd,laplacian_2d_spd/m064_n00004096,4096,20224,pcg_ic0,3,3,8645081,9796860,276097704,294539645,61,61,0,0,61,true,9.463942650550069e-09,9.463942577762478e-09,NaN,4526191.868852459,13651.982990506329,4677632,usr_bin_time_v,3342336,49422336,NaN,231.29113924050634,-1,-1,1e-08,ic0,1.0,0.0,false,2026-07-27T18:05:14.464515+00:00
2,python,single_thread,1,1,1,scipy-openblas:0.3.31.188.0,1,1,1,1002,laplacian_2d_spd,laplacian_2d_spd/m064_n00004096,4096,20224,pcg_ic0,4,3,8461492,10598267,276209780,295269539,61,61,0,0,61,true,9.463942650550069e-09,9.463942577762478e-09,NaN,4528029.180327869,13657.524723101265,4677632,usr_bin_time_v,3342336,49422336,NaN,231.29113924050634,-1,-1,1e-08,ic0,1.0,0.0,false,2026-07-27T18:05:14.464515+00:00
2,python,single_thread,1,1,1,scipy-openblas:0.3.31.188.0,1,1,1,1002,laplacian_2d_spd,laplacian_2d_spd/m064_n00004096,4096,20224,pcg_ic0,5,3,8556018,9766044,273480446,291802508,61,61,0,0,61,true,9.463942650550069e-09,9.463942577762478e-09,NaN,4483286.0,13522.56952136076,4677632,usr_bin_time_v,3547136,49422336,NaN,231.29113924050634,-1,-1,1e-08,ic0,1.0,0.0,false,2026-07-27T18:05:14.464515+00:00
2,python,single_thread,1,1,1,scipy-openblas:0.3.31.188.0,1,1,1,1002,laplacian_2d_spd,laplacian_2d_spd/m064_n00004096,4096,20224,pcg_ic0,6,3,7976037,9626088,275044477,292646602,61,61,0,0,61,true,9.463942650550069e-09,9.463942577762478e-09,NaN,4508925.852459016,13599.90491495253,4677632,usr_bin_time_v,3547136,49422336,NaN,231.29113924050634,-1,-1,1e-08,ic0,1.0,0.0,false,2026-07-27T18:05:14.464515+00:00
2,python,single_thread,1,1,1,scipy-openblas:0.3.31.188.0,1,1,1,1002,laplacian_2d_spd,laplacian_2d_spd/m064_n00004096,4096,20224,pcg_ic0,7,3,7999570,9623316,267086538,284709424,61,61,0,0,61,true,9.463942650550069e-09,9.463942577762478e-09,NaN,4378467.836065574,13206.41505142405,4677632,usr_bin_time_v,3547136,49422336,NaN,231.29113924050634,-1,-1,1e-08,ic0,1.0,0.0,false,2026-07-27T18:05:14.464515+00:00
2,python,single_thread,1,1,1,scipy-openblas:0.3.31.188.0,1,1,1,1002,laplacian_2d_spd,laplacian_2d_spd/m064_n00004096,4096,20224,pcg_ic0,8,3,8345226,9775488,268080338,286201052,61,61,0,0,61,true,9.463942650550069e-09,9.463942577762478e-09,NaN,4394759.639344262,13255.5546875,4677632,usr_bin_time_v,3547136,49422336,NaN,231.29113924050634,-1,-1,1e-08,ic0,1.0,0.0,false,2026-07-27T18:05:14.464515+00:00
2,python,single_thread,1,1,1,scipy-openblas:0.3.31.188.0,1,1,1,1002,laplacian_2d_spd,laplacian_2d_spd/m064_n00004096,4096,20224,pcg_ic0,9,3,8071532,9715238,272979850,290766620,61,61,0,0,61,true,9.463942650550069e-09,9.463942577762478e-09,NaN,4475079.508196721,13497.816950158227,4677632,usr_bin_time_v,3547136,49422336,NaN,231.29113924050634,-1,-1,1e-08,ic0,1.0,0.0,false,2026-07-27T18:05:14.464515+00:00
2,python,single_thread,1,1,1,scipy-openblas:0.3.31.188.0,1,1,1,1002,laplacian_2d_spd,laplacian_2d_spd/m064_n00004096,4096,20224,pcg_ic0,10,3,8258765,9748307,276947143,294954215,61,61,0,0,61,true,9.463942650550069e-09,9.463942577762478e-09,NaN,4540117.098360656,13693.984523338608,4677632,usr_bin_time_v,3547136,49422336,NaN,231.29113924050634,-1,-1,1e-08,ic0,1.0,0.0,false,2026-07-27T18:05:14.464515+00:00
2,julia,single_thread,1,1,1,openblas:libopenblas64_.so,1,1,1,1001,laplacian_2d_spd,laplacian_2d_spd/m032_n00001024,1024,4992,pcg_ic0,1,3,1534249,142559,646091,2322899,35,35,0,0,35,true,8.258974965760394e-9,8.258974914806702e-9,NaN,18459.742857142857,129.42528044871796,116482048,usr_bin_time_v,107405312,447475712,74983560,23333.74358974359,-1,-1,1.0e-8,ic0,1.0,0.0,false,2026-07-27T18:05:30.479
2,julia,single_thread,1,1,1,openblas:libopenblas64_.so,1,1,1,1001,laplacian_2d_spd,laplacian_2d_spd/m032_n00001024,1024,4992,pcg_ic0,2,3,1597508,141677,690490,2429675,35,35,0,0,35,true,8.258974965760394e-9,8.258974914806702e-9,NaN,19728.285714285714,138.31931089743588,116482048,usr_bin_time_v,107405312,447475712,78257288,23333.74358974359,-1,-1,1.0e-8,ic0,1.0,0.0,false,2026-07-27T18:05:30.481
2,julia,single_thread,1,1,1,openblas:libopenblas64_.so,1,1,1,1001,laplacian_2d_spd,laplacian_2d_spd/m032_n00001024,1024,4992,pcg_ic0,3,3,1572836,148042,665589,2386467,35,35,0,0,35,true,8.258974965760394e-9,8.258974914806702e-9,NaN,19016.82857142857,133.33112980769232,116482048,usr_bin_time_v,107438080,447475712,81526872,23333.74358974359,-1,-1,1.0e-8,ic0,1.0,0.0,false,2026-07-27T18:05:30.484
2,julia,single_thread,1,1,1,openblas:libopenblas64_.so,1,1,1,1001,laplacian_2d_spd,laplacian_2d_spd/m032_n00001024,1024,4992,pcg_ic0,4,3,1541366,140880,654208,2336454,35,35,0,0,35,true,8.258974965760394e-9,8.258974914806702e-9,NaN,18691.657142857144,131.05128205128204,116482048,usr_bin_time_v,107454464,447475712,84796456,23333.74358974359,-1,-1,1.0e-8,ic0,1.0,0.0,false,2026-07-27T18:05:30.486
2,julia,single_thread,1,1,1,openblas:libopenblas64_.so,1,1,1,1001,laplacian_2d_spd,laplacian_2d_spd/m032_n00001024,1024,4992,pcg_ic0,5,3,1553762,152040,675029,2380831,35,35,0,0,35,true,8.258974965760394e-9,8.258974914806702e-9,NaN,19286.542857142857,135.22215544871796,116482048,usr_bin_time_v,107458560,447475712,88066136,23333.74358974359,-1,-1,1.0e-8,ic0,1.0,0.0,false,2026-07-27T18:05:30.489
2,julia,single_thread,1,1,1,openblas:libopenblas64_.so,1,1,1,1001,laplacian_2d_spd,laplacian_2d_spd/m032_n00001024,1024,4992,pcg_ic0,6,3,1536113,138834,642569,2317516,35,35,0,0,35,true,8.258974965760394e-9,8.258974914806702e-9,NaN,18359.114285714284,128.71975160256412,116482048,usr_bin_time_v,107474944,447475712,91335720,23333.74358974359,-1,-1,1.0e-8,ic0,1.0,0.0,false,2026-07-27T18:05:30.491
2,julia,single_thread,1,1,1,openblas:libopenblas64_.so,1,1,1,1001,laplacian_2d_spd,laplacian_2d_spd/m032_n00001024,1024,4992,pcg_ic0,7,3,1556829,143595,658691,2359115,35,35,0,0,35,true,8.258974965760394e-9,8.258974914806702e-9,NaN,18819.742857142857,131.9493189102564,116482048,usr_bin_time_v,107479040,447475712,94605304,23333.74358974359,-1,-1,1.0e-8,ic0,1.0,0.0,false,2026-07-27T18:05:30.493
2,julia,single_thread,1,1,1,openblas:libopenblas64_.so,1,1,1,1001,laplacian_2d_spd,laplacian_2d_spd/m032_n00001024,1024,4992,pcg_ic0,8,3,1541937,145026,655608,2342571,35,35,0,0,35,true,8.258974965760394e-9,8.258974914806702e-9,NaN,18731.657142857144,131.33173076923077,116482048,usr_bin_time_v,107479040,447475712,97874888,23333.74358974359,-1,-1,1.0e-8,ic0,1.0,0.0,false,2026-07-27T18:05:30.496
2,julia,single_thread,1,1,1,openblas:libopenblas64_.so,1,1,1,1001,laplacian_2d_spd,laplacian_2d_spd/m032_n00001024,1024,4992,pcg_ic0,9,3,1536111,141310,658584,2336005,35,35,0,0,35,true,8.258974965760394e-9,8.258974914806702e-9,NaN,18816.685714285715,131.9278846153846,116482048,usr_bin_time_v,107479040,447475712,101144472,23333.74358974359,-1,-1,1.0e-8,ic0,1.0,0.0,false,2026-07-27T18:05:30.498
2,julia,single_thread,1,1,1,openblas:libopenblas64_.so,1,1,1,1001,laplacian_2d_spd,laplacian_2d_spd/m032_n00001024,1024,4992,pcg_ic0,10,3,1537036,139634,654811,2331481,35,35,0,0,35,true,8.258974965760394e-9,8.258974914806702e-9,NaN,18708.885714285716,131.17207532051282,116482048,usr_bin_time_v,107479040,447475712,104414056,23333.74358974359,-1,-1,1.0e-8,ic0,1.0,0.0,false,2026-07-27T18:05:30.501
2,julia,single_thread,1,1,1,openblas:libopenblas64_.so,1,1,1,1002,laplacian_2d_spd,laplacian_2d_spd/m096_n00009216,9216,45696,pcg_ic0,1,3,14451253,1291403,21220871,36963527,96,96,0,0,96,true,8.829405761357256e-9,8.8294059695546e-9,NaN,221050.73958333334,464.3923100490196,114380800,usr_bin_time_v,98033664,447475712,83991456,2503.081232492997,-1,-1,1.0e-8,ic0,1.0,0.0,false,2026-07-27T18:05:43.164
2,julia,single_thread,1,1,1,openblas:libopenblas64_.so,1,1,1,1002,laplacian_2d_spd,laplacian_2d_spd/m096_n00009216,9216,45696,pcg_ic0,2,3,19974051,1367319,20278115,41619485,96,96,0,0,96,true,8.829405761357256e-9,8.8294059695546e-9,NaN,211230.36458333334,443.76127013305324,114380800,usr_bin_time_v,98033664,447475712,37352152,2503.081232492997,-1,-1,1.0e-8,ic0,1.0,0.0,false,2026-07-27T18:05:43.205
2,julia,single_thread,1,1,1,openblas:libopenblas64_.so,1,1,1,1002,laplacian_2d_spd,laplacian_2d_spd/m096_n00009216,9216,45696,pcg_ic0,3,3,15231513,1317141,21056488,37605142,96,96,0,0,96,true,8.829405761357256e-9,8.8294059695546e-9,NaN,219338.41666666666,460.7949929971989,114380800,usr_bin_time_v,98033664,447475712,71388216,2503.081232492997,-1,-1,1.0e-8,ic0,1.0,0.0,false,2026-07-27T18:05:43.243
2,julia,single_thread,1,1,1,openblas:libopenblas64_.so,1,1,1,1002,laplacian_2d_spd,laplacian_2d_spd/m096_n00009216,9216,45696,pcg_ic0,4,3,26965517,2211769,24808812,53986098,96,96,0,0,96,true,8.829405761357256e-9,8.8294059695546e-9,NaN,258425.125,542.9099264705883,114380800,usr_bin_time_v,98033664,447475712,39751200,2503.081232492997,-1,-1,1.0e-8,ic0,1.0,0.0,false,2026-07-27T18:05:43.298
2,julia,single_thread,1,1,1,openblas:libopenblas64_.so,1,1,1,1002,laplacian_2d_spd,laplacian_2d_spd/m096_n00009216,9216,45696,pcg_ic0,5,3,14705753,1338157,26517792,42561702,96,96,0,0,96,true,8.829405761357256e-9,8.8294059695546e-9,NaN,276227.0,580.3088235294117,114380800,usr_bin_time_v,98033664,447475712,18571952,2503.081232492997,-1,-1,1.0e-8,ic0,1.0,0.0,false,2026-07-27T18:05:43.340
2,julia,single_thread,1,1,1,openblas:libopenblas64_.so,1,1,1,1002,laplacian_2d_spd,laplacian_2d_spd/m096_n00009216,9216,45696,pcg_ic0,6,3,14522292,1253442,20583395,36359129,96,96,0,0,96,true,8.829405761357256e-9,8.8294059695546e-9,NaN,214410.36458333334,450.4419424019608,114380800,usr_bin_time_v,98033664,447475712,54089656,2503.081232492997,-1,-1,1.0e-8,ic0,1.0,0.0,false,2026-07-27T18:05:43.402
2,julia,single_thread,1,1,1,openblas:libopenblas64_.so,1,1,1,1002,laplacian_2d_spd,laplacian_2d_spd/m096_n00009216,9216,45696,pcg_ic0,7,3,18862232,1438895,20763875,41065002,96,96,0,0,96,true,8.829405761357256e-9,8.8294059695546e-9,NaN,216290.36458333334,454.39152223389357,114380800,usr_bin_time_v,98033664,447475712,39595752,2503.081232492997,-1,-1,1.0e-8,ic0,1.0,0.0,false,2026-07-27T18:05:43.444
2,julia,single_thread,1,1,1,openblas:libopenblas64_.so,1,1,1,1002,laplacian_2d_spd,laplacian_2d_spd/m096_n00009216,9216,45696,pcg_ic0,8,3,18947881,1313238,24383157,44644276,96,96,0,0,96,true,8.829405761357256e-9,8.8294059695546e-9,NaN,253991.21875,533.5949973739496,114380800,usr_bin_time_v,98033664,447475712,32066352,2503.081232492997,-1,-1,1.0e-8,ic0,1.0,0.0,false,2026-07-27T18:05:43.488
2,julia,single_thread,1,1,1,openblas:libopenblas64_.so,1,1,1,1002,laplacian_2d_spd,laplacian_2d_spd/m096_n00009216,9216,45696,pcg_ic0,9,3,22535024,8167148,30068485,60770657,96,96,0,0,96,true,8.829405761357256e-9,8.8294059695546e-9,NaN,313213.3854166667,658.0113139005603,114380800,usr_bin_time_v,98033664,447475712,26178456,2503.081232492997,-1,-1,1.0e-8,ic0,1.0,0.0,false,2026-07-27T18:05:43.549
2,julia,single_thread,1,1,1,openblas:libopenblas64_.so,1,1,1,1002,laplacian_2d_spd,laplacian_2d_spd/m096_n00009216,9216,45696,pcg_ic0,10,3,21307162,7017977,32058455,60383594,96,96,0,0,96,true,8.829405761357256e-9,8.8294059695546e-9,NaN,333942.2395833333,701.5593268557423,114380800,usr_bin_time_v,98033664,447475712,22998064,2503.081232492997,-1,-1,1.0e-8,ic0,1.0,0.0,false,2026-07-27T18:05:43.610
2,julia,single_thread,1,1,1,openblas:libopenblas64_.so,1,1,1,1001,laplacian_2d_spd,laplacian_2d_spd/m064_n00004096,4096,20224,pcg_jacobi,1,3,6502362,50493,5218330,11771185,196,196,0,0,196,true,9.35506152477016e-9,9.355061382862508e-9,NaN,26624.132653061224,258.026602056962,112263168,usr_bin_time_v,95842304,447475712,53642760,5550.987341772152,-1,-1,1.0e-8,jacobi,NaN,NaN,false,2026-07-27T18:05:50.708
2,julia,single_thread,1,1,1,openblas:libopenblas64_.so,1,1,1,1001,laplacian_2d_spd,laplacian_2d_spd/m064_n00004096,4096,20224,pcg_jacobi,2,3,6490784,40490,6861375,13392649,196,196,0,0,196,true,9.35506152477016e-9,9.355061382862508e-9,NaN,35007.01530612245,339.2689378955696,112263168,usr_bin_time_v,95842304,447475712,76196648,5550.987341772152,-1,-1,1.0e-8,jacobi,NaN,NaN,false,2026-07-27T18:05:50.721
2,julia,single_thread,1,1,1,openblas:libopenblas64_.so,1,1,1,1001,laplacian_2d_spd,laplacian_2d_spd/m064_n00004096,4096,20224,pcg_jacobi,3,3,11203491,57856,5361729,16623076,196,196,0,0,196,true,9.35506152477016e-9,9.355061382862508e-9,NaN,27355.76020408163,265.1171380537975,112263168,usr_bin_time_v,95842304,447475712,32123624,5550.987341772152,-1,-1,1.0e-8,jacobi,NaN,NaN,false,2026-07-27T18:05:50.738
2,julia,single_thread,1,1,1,openblas:libopenblas64_.so,1,1,1,1001,laplacian_2d_spd,laplacian_2d_spd/m064_n00004096,4096,20224,pcg_jacobi,4,3,6488809,48028,5058430,11595267,196,196,0,0,196,true,9.35506152477016e-9,9.355061382862508e-9,NaN,25808.316326530614,250.1201542721519,112263168,usr_bin_time_v,95842304,447475712,54673368,5550.987341772152,-1,-1,1.0e-8,jacobi,NaN,NaN,false,2026-07-27T18:05:50.750
2,julia,single_thread,1,1,1,openblas:libopenblas64_.so,1,1,1,1001,laplacian_2d_spd,laplacian_2d_spd/m064_n00004096,4096,20224,pcg_jacobi,5,3,10756182,42210,5367367,16165759,196,196,0,0,196,true,9.35506152477016e-9,9.355061382862508e-9,NaN,27384.525510204083,265.3959157436709,112263168,usr_bin_time_v,95842304,447475712,24601360,5550.987341772152,-1,-1,1.0e-8,jacobi,NaN,NaN,false,2026-07-27T18:05:50.792
2,julia,single_thread,1,1,1,openblas:libopenblas64_.so,1,1,1,1001,laplacian_2d_spd,laplacian_2d_spd/m064_n00004096,4096,20224,pcg_jacobi,6,3,6467861,64610,5062096,11594567,196,196,0,0,196,true,9.35506152477016e-9,9.355061382862508e-9,NaN,25827.020408163266,250.3014240506329,112263168,usr_bin_time_v,95842304,447475712,47151104,5550.987341772152,-1,-1,1.0e-8,jacobi,NaN,NaN,false,2026-07-27T18:05:50.804
2,julia,single_thread,1,1,1,openblas:libopenblas64_.so,1,1,1,1001,laplacian_2d_spd,laplacian_2d_spd/m064_n00004096,4096,20224,pcg_jacobi,7,3,9751424,44799,5287737,15083960,196,196,0,0,196,true,9.35506152477016e-9,9.355061382862508e-9,NaN,26978.25,261.45851463607596,112263168,usr_bin_time_v,95842304,447475712,26531384,5550.987341772152,-1,-1,1.0e-8,jacobi,NaN,NaN,false,2026-07-27T18:05:50.819
2,julia,single_thread,1,1,1,openblas:libopenblas64_.so,1,1,1,1001,laplacian_2d_spd,laplacian_2d_spd/m064_n00004096,4096,20224,pcg_jacobi,8,3,6461399,56501,7273979,13791879,196,196,0,0,196,true,9.35506152477016e-9,9.355061382862508e-9,NaN,37112.13775510204,359.6706388449367,112263168,usr_bin_time_v,95842304,447475712,15401200,5550.987341772152,-1,-1,1.0e-8,jacobi,NaN,NaN,false,2026-07-27T18:05:50.833
2,julia,single_thread,1,1,1,openblas:libopenblas64_.so,1,1,1,1001,laplacian_2d_spd,laplacian_2d_spd/m064_n00004096,4096,20224,pcg_jacobi,9,3,6513260,61862,6727948,13303070,196,196,0,0,196,true,9.35506152477016e-9,9.355061382862508e-9,NaN,34326.26530612245,332.67147943037975,112263168,usr_bin_time_v,95842304,447475712,11334256,5550.987341772152,-1,-1,1.0e-8,jacobi,NaN,NaN,false,2026-07-27T18:05:50.847
2,julia,single_thread,1,1,1,openblas:libopenblas64_.so,1,1,1,1001,laplacian_2d_spd,laplacian_2d_spd/m064_n00004096,4096,20224,pcg_jacobi,10,3,6515504,63448,7192573,13771525,196,196,0,0,196,true,9.35506152477016e-9,9.355061382862508e-9,NaN,36696.801020408166,355.64542128164555,112263168,usr_bin_time_v,95842304,447475712,11176744,5550.987341772152,-1,-1,1.0e-8,jacobi,NaN,NaN,false,2026-07-27T18:05:50.860
2,julia,single_thread,1,1,1,openblas:libopenblas64_.so,1,1,1,1000,laplacian_2d_spd,laplacian_2d_spd/m096_n00009216,9216,45696,cg,1,3,14633201,10809,21034887,35678897,295,0,0,0,295,true,9.784927503254676e-9,9.784927609252096e-9,NaN,71304.70169491526,460.3222820378151,151785472,usr_bin_time_v,134295552,447475712,32284256,3321.635854341737,-1,-1,1.0e-8,none,NaN,NaN,false,2026-07-27T18:05:58.173
2,julia,single_thread,1,1,1,openblas:libopenblas64_.so,1,1,1,1000,laplacian_2d_spd,laplacian_2d_spd/m096_n00009216,9216,45696,cg,2,3,14539383,23257,23599336,38161976,295,0,0,0,295,true,9.784927503254676e-9,9.784927609252096e-9,NaN,79997.74915254237,516.4420518207282,151785472,usr_bin_time_v,134295552,447475712,44386344,3321.635854341737,-1,-1,1.0e-8,none,NaN,NaN,false,2026-07-27T18:05:58.211
2,julia,single_thread,1,1,1,openblas:libopenblas64_.so,1,1,1,1000,laplacian_2d_spd,laplacian_2d_spd/m096_n00009216,9216,45696,cg,3,3,16084588,8482,21616548,37709618,295,0,0,0,295,true,9.784927503254676e-9,9.784927609252096e-9,NaN,73276.43389830508,473.05120798319325,151785472,usr_bin_time_v,134295552,447475712,36339872,3321.635854341737,-1,-1,1.0e-8,none,NaN,NaN,false,2026-07-27T18:05:58.249
2,julia,single_thread,1,1,1,openblas:libopenblas64_.so,1,1,1,1000,laplacian_2d_spd,laplacian_2d_spd/m096_n00009216,9216,45696,cg,4,3,16548991,8145,21368437,37925573,295,0,0,0,295,true,9.784927503254676e-9,9.784927609252096e-9,NaN,72435.37966101695,467.62160801820727,151785472,usr_bin_time_v,134295552,447475712,33091056,3321.635854341737,-1,-1,1.0e-8,none,NaN,NaN,false,2026-07-27T18:05:58.287
2,julia,single_thread,1,1,1,openblas:libopenblas64_.so,1,1,1,1000,laplacian_2d_spd,laplacian_2d_spd/m096_n00009216,9216,45696,cg,5,3,14473266,4700,22742867,37220833,295,0,0,0,295,true,9.784927503254676e-9,9.784927609252096e-9,NaN,77094.46440677966,497.69929534313724,151785472,usr_bin_time_v,134295552,447475712,39804264,3321.635854341737,-1,-1,1.0e-8,none,NaN,NaN,false,2026-07-27T18:05:58.325
2,julia,single_thread,1,1,1,openblas:libopenblas64_.so,1,1,1,1000,laplacian_2d_spd,laplacian_2d_spd/m096_n00009216,9216,45696,cg,6,3,16232430,9245,22047125,38288800,295,0,0,0,295,true,9.784927503254676e-9,9.784927609252096e-9,NaN,74736.01694915254,482.47384891456585,151785472,usr_bin_time_v,134295552,447475712,36407208,3321.635854341737,-1,-1,1.0e-8,none,NaN,NaN,false,2026-07-27T18:05:58.363
2,julia,single_thread,1,1,1,openblas:libopenblas64_.so,1,1,1,1000,laplacian_2d_spd,laplacian_2d_spd/m096_n00009216,9216,45696,cg,7,3,14818851,5177,22806863,37630891,295,0,0,0,295,true,9.784927503254676e-9,9.784927609252096e-9,NaN,77311.4,499.09976803221286,151785472,usr_bin_time_v,134295552,447475712,42384448,3321.635854341737,-1,-1,1.0e-8,none,NaN,NaN,false,2026-07-27T18:05:58.401
2,julia,single_thread,1,1,1,openblas:libopenblas64_.so,1,1,1,1000,laplacian_2d_spd,laplacian_2d_spd/m096_n00009216,9216,45696,cg,8,3,16574122,6568,138676914,155257604,295,0,0,0,295,true,9.784927503254676e-9,9.784927609252096e-9,NaN,470091.2338983051,3034.7714023109243,151785472,usr_bin_time_v,134295552,447475712,31344440,3321.635854341737,-1,-1,1.0e-8,none,NaN,NaN,false,2026-07-27T18:05:58.557
2,julia,single_thread,1,1,1,openblas:libopenblas64_.so,1,1,1,1000,laplacian_2d_spd,laplacian_2d_spd/m096_n00009216,9216,45696,cg,9,3,14533115,5806,25737484,40276405,295,0,0,0,295,true,9.784927503254676e-9,9.784927609252096e-9,NaN,87245.70847457627,563.2327556022409,151785472,usr_bin_time_v,134295552,447475712,95948120,3321.635854341737,-1,-1,1.0e-8,none,NaN,NaN,false,2026-07-27T18:05:58.597
2,julia,single_thread,1,1,1,openblas:libopenblas64_.so,1,1,1,1000,laplacian_2d_spd,laplacian_2d_spd/m096_n00009216,9216,45696,cg,10,3,15473638,18133,21037923,36529694,295,0,0,0,295,true,9.784927503254676e-9,9.784927609252096e-9,NaN,71314.99322033898,460.3887211134454,151785472,usr_bin_time_v,143122432,447475712,51349472,3321.635854341737,-1,-1,1.0e-8,none,NaN,NaN,false,2026-07-27T18:05:58.634
2,python,single_thread,1,1,1,scipy-openblas:0.3.31.188.0,1,1,1,1000,laplacian_2d_spd,laplacian_2d_spd/m064_n00004096,4096,20224,pcg_ic0,1,3,8226480,9939559,287104115,305270154,65,65,0,0,65,true,8.53805550801166e-09,8.538055519103642e-09,NaN,4416986.384615385,14196.208217958861,4628480,usr_bin_time_v,3489792,49422336,NaN,228.86075949367088,-1,-1,1e-08,ic0,1.0,0.0,false,2026-07-27T18:06:04.411334+00:00
2,python,single_thread,1,1,1,scipy-openblas:0.3.31.188.0,1,1,1,1000,laplacian_2d_spd,laplacian_2d_spd/m064_n00004096,4096,20224,pcg_ic0,2,3,8198494,10499977,294372734,313071205,65,65,0,0,65,true,8.53805550801166e-09,8.538055519103642e-09,NaN,4528811.292307693,14555.613825158227,4628480,usr_bin_time_v,3555328,49422336,NaN,228.86075949367088,-1,-1,1e-08,ic0,1.0,0.0,false,2026-07-27T18:06:04.411334+00:00
2,python,single_thread,1,1,1,scipy-openblas:0.3.31.188.0,1,1,1,1000,laplacian_2d_spd,laplacian_2d_spd/m064_n00004096,4096,20224,pcg_ic0,3,3,8349286,9867764,291605529,309822579,65,65,0,0,65,true,8.53805550801166e-09,8.538055519103642e-09,NaN,4486238.907692308,14418.786046281646,4628480,usr_bin_time_v,3563520,49422336,NaN,228.86075949367088,-1,-1,1e-08,ic0,1.0,0.0,false,2026-07-27T18:06:04.411334+00:00
2,python,single_thread,1,1,1,scipy-openblas:0.3.31.188.0,1,1,1,1000,laplacian_2d_spd,laplacian_2d_spd/m064_n00004096,4096,20224,pcg_ic0,4,3,8164606,9750951,289542509,307458066,65,65,0,0,65,true,8.53805550801166e-09,8.538055519103642e-09,NaN,4454500.138461539,14316.77754153481,4628480,usr_bin_time_v,3563520,49422336,NaN,228.86075949367088,-1,-1,1e-08,ic0,1.0,0.0,false,2026-07-27T18:06:04.411334+00:00
2,python,single_thread,1,1,1,scipy-openblas:0.3.31.188.0,1,1,1,1000,laplacian_2d_spd,laplacian_2d_spd/m064_n00004096,4096,20224,pcg_ic0,5,3,8352538,9734379,292766230,310853147,65,65,0,0,65,true,8.53805550801166e-09,8.538055519103642e-09,NaN,4504095.846153846,14476.178303006329,4628480,usr_bin_time_v,3588096,49422336,NaN,228.86075949367088,-1,-1,1e-08,ic0,1.0,0.0,false,2026-07-27T18:06:04.411334+00:00
2,python,single_thread,1,1,1,scipy-openblas:0.3.31.188.0,1,1,1,1000,laplacian_2d_spd,laplacian_2d_spd/m064_n00004096,4096,20224,pcg_ic0,6,3,8381831,9788940,293886183,312056954,65,65,0,0,65,true,8.53805550801166e-09,8.538055519103642e-09,NaN,4521325.892307692,14531.555725870254,4628480,usr_bin_time_v,3588096,49422336,NaN,228.86075949367088,-1,-1,1e-08,ic0,1.0,0.0,false,2026-07-27T18:06:04.411334+00:00
2,python,single_thread,1,1,1,scipy-openblas:0.3.31.188.0,1,1,1,1000,laplacian_2d_spd,laplacian_2d_spd/m064_n00004096,4096,20224,pcg_ic0,7,3,8229039,9828822,294945366,313003227,65,65,0,0,65,true,8.53805550801166e-09,8.538055519103642e-09,NaN,4537621.015384615,14583.928303006329,4628480,usr_bin_time_v,3588096,49422336,NaN,228.86075949367088,-1,-1,1e-08,ic0,1.0,0.0,false,2026-07-27T18:06:04.411334+00:00
2,python,single_thread,1,1,1,scipy-openblas:0.3.31.188.0,1,1,1,1000,laplacian_2d_spd,laplacian_2d_spd/m064_n00004096,4096,20224,pcg_ic0,8,3,8473549,10048028,291945277,310466854,65,65,0,0,65,true,8.53805550801166e-09,8.538055519103642e-09,NaN,4491465.8,14435.585294699367,4628480,usr_bin_time_v,3588096,49422336,NaN,228.86075949367088,-1,-1,1e-08,ic0,1.0,0.0,false,2026-07-27T18:06:04.411334+00:00
2,python,single_thread,1,1,1,scipy-openblas:0.3.31.188.0,1,1,1,1000,laplacian_2d_spd,laplacian_2d_spd/m064_n00004096,4096,20224,pcg_ic0,9,3,7617259,9812313,321218556,338648128,65,65,0,0,65,true,8.53805550801166e-09,8.538055519103642e-09,NaN,4941823.938461538,15883.037776898735,4628480,usr_bin_time_v,3588096,49422336,NaN,228.86075949367088,-1,-1,1e-08,ic0,1.0,0.0,false,2026-07-27T18:06:04.411334+00:00
2,python,single_thread,1,1,1,scipy-openblas:0.3.31.188.0,1,1,1,1000,laplacian_2d_spd,laplacian_2d_spd/m064_n00004096,4096,20224,pcg_ic0,10,3,8447569,10092502,290466065,309006136,65,65,0,0,65,true,8.53805550801166e-09,8.538055519103642e-09,NaN,4468708.692307692,14362.443878560127,4628480,usr_bin_time_v,3588096,49422336,NaN,228.86075949367088,-1,-1,1e-08,ic0,1.0,0.0,false,2026-07-27T18:06:04.411334+00:00
2,julia,single_thread,1,1,1,openblas:libopenblas64_.so,1,1,1,1000,laplacian_2d_spd,laplacian_2d_spd/m096_n00009216,9216,45696,pcg_jacobi,1,3,14395344,107095,21108804,35611243,295,295,0,0,295,true,9.784927503254676e-9,9.784927609252096e-9,NaN,71555.26779661018,461.93986344537814,149168128,usr_bin_time_v,134000640,447475712,35001736,3264.358543417367,-1,-1,1.0e-8,jacobi,NaN,NaN,false,2026-07-27T18:06:15.753
2,julia,single_thread,1,1,1,openblas:libopenblas64_.so,1,1,1,1000,laplacian_2d_spd,laplacian_2d_spd/m096_n00009216,9216,45696,pcg_jacobi,2,3,14426573,118869,24109047,38654489,295,295,0,0,295,true,9.784927503254676e-9,9.784927609252096e-9,NaN,81725.58305084746,527.5964417016806,149168128,usr_bin_time_v,134000640,447475712,29607584,3264.358543417367,-1,-1,1.0e-8,jacobi,NaN,NaN,false,2026-07-27T18:06:15.792
2,julia,single_thread,1,1,1,openblas:libopenblas64_.so,1,1,1,1000,laplacian_2d_spd,laplacian_2d_spd/m096_n00009216,9216,45696,pcg_jacobi,3,3,14339306,98227,22121861,36559394,295,295,0,0,295,true,9.784927503254676e-9,9.784927609252096e-9,NaN,74989.3593220339,484.1093531162465,149168128,usr_bin_time_v,134000640,447475712,39340392,3264.358543417367,-1,-1,1.0e-8,jacobi,NaN,NaN,false,2026-07-27T18:06:15.829
2,julia,single_thread,1,1,1,openblas:libopenblas64_.so,1,1,1,1000,laplacian_2d_spd,laplacian_2d_spd/m096_n00009216,9216,45696,pcg_jacobi,4,3,15105988,114724,22608451,37829163,295,295,0,0,295,true,9.784927503254676e-9,9.784927609252096e-9,NaN,76638.81694915255,494.757768732493,149168128,usr_bin_time_v,134000640,447475712,37708256,3264.358543417367,-1,-1,1.0e-8,jacobi,NaN,NaN,false,2026-07-27T18:06:15.867
2,julia,single_thread,1,1,1,openblas:libopenblas64_.so,1,1,1,1000,laplacian_2d_spd,laplacian_2d_spd/m096_n00009216,9216,45696,pcg_jacobi,5,3,17219100,94872,20169304,37483276,295,295,0,0,295,true,9.784927503254676e-9,9.784927609252096e-9,NaN,68370.5220338983,441.38007703081234,149168128,usr_bin_time_v,134000640,447475712,35630552,3264.358543417367,-1,-1,1.0e-8,jacobi,NaN,NaN,false,2026-07-27T18:06:15.905
2,julia,single_thread,1,1,1,openblas:libopenblas64_.so,1,1,1,1000,laplacian_2d_spd,laplacian_2d_spd/m096_n00009216,9216,45696,pcg_jacobi,6,3,14700272,103265,23228328,38031865,295,295,0,0,295,true,9.784927503254676e-9,9.784927609252096e-9,NaN,78740.09491525423,508.32300420168065,149168128,usr_bin_time_v,134000640,447475712,42261792,3264.358543417367,-1,-1,1.0e-8,jacobi,NaN,NaN,false,2026-07-27T18:06:15.943
2,julia,single_thread,1,1,1,openblas:libopenblas64_.so,1,1,1,1000,laplacian_2d_spd,laplacian_2d_spd/m096_n00009216,9216,45696,pcg_jacobi,7,3,17068322,109513,141005365,158183200,295,295,0,0,295,true,9.784927503254676e-9,9.784927609252096e-9,NaN,477984.28813559323,3085.726650035014,149168128,usr_bin_time_v,134000640,447475712,22553864,3264.358543417367,-1,-1,1.0e-8,jacobi,NaN,NaN,false,2026-07-27T18:06:16.101
2,julia,single_thread,1,1,1,openblas:libopenblas64_.so,1,1,1,1000,laplacian_2d_spd,laplacian_2d_spd/m096_n00009216,9216,45696,pcg_jacobi,8,3,14401837,104613,24398815,38905265,295,295,0,0,295,true,9.784927503254676e-9,9.784927609252096e-9,NaN,82707.84745762713,533.9376531862745,149168128,usr_bin_time_v,134000640,447475712,87635296,3264.358543417367,-1,-1,1.0e-8,jacobi,NaN,NaN,false,2026-07-27T18:06:16.140
2,julia,single_thread,1,1,1,openblas:libopenblas64_.so,1,1,1,1000,laplacian_2d_spd,laplacian_2d_spd/m096_n00009216,9216,45696,pcg_jacobi,9,3,15468425,191383,24075106,39734914,295,295,0,0,295,true,9.784927503254676e-9,9.784927609252096e-9,NaN,81610.52881355933,526.8536852240896,149168128,usr_bin_time_v,141008896,447475712,45361800,3264.358543417367,-1,-1,1.0e-8,jacobi,NaN,NaN,false,2026-07-27T18:06:16.206
2,julia,single_thread,1,1,1,openblas:libopenblas64_.so,1,1,1,1000,laplacian_2d_spd,laplacian_2d_spd/m096_n00009216,9216,45696,pcg_jacobi,10,3,14515174,116692,20974076,35605942,295,295,0,0,295,true,9.784927503254676e-9,9.784927609252096e-9,NaN,71098.5627118644,458.9915091036415,149168128,usr_bin_time_v,139776000,447475712,43892488,3264.358543417367,-1,-1,1.0e-8,jacobi,NaN,NaN,false,2026-07-27T18:06:16.242
2,julia,single_thread,1,1,1,openblas:libopenblas64_.so,1,1,1,1001,laplacian_2d_spd,laplacian_2d_spd/m096_n00009216,9216,45696,pcg_ic0,1,3,14943107,1308450,25645846,41897403,96,96,0,0,96,true,8.662926443984182e-9,8.662926434806499e-9,NaN,267144.2291666667,561.2273721988796,111161344,usr_bin_time_v,94715904,447475712,88124544,2432.627450980392,-1,-1,1.0e-8,ic0,1.0,0.0,false,2026-07-27T18:06:23.472
2,julia,single_thread,1,1,1,openblas:libopenblas64_.so,1,1,1,1001,laplacian_2d_spd,laplacian_2d_spd/m096_n00009216,9216,45696,pcg_ic0,2,3,20239112,1302477,20855731,42397320,96,96,0,0,96,true,8.662926443984182e-9,8.662926434806499e-9,NaN,217247.19791666666,456.4016762955182,111161344,usr_bin_time_v,94715904,447475712,40953952,2432.627450980392,-1,-1,1.0e-8,ic0,1.0,0.0,false,2026-07-27T18:06:23.515
2,julia,single_thread,1,1,1,openblas:libopenblas64_.so,1,1,1,1001,laplacian_2d_spd,laplacian_2d_spd/m096_n00009216,9216,45696,pcg_ic0,3,3,14995167,1347769,22657509,39000445,96,96,0,0,96,true,8.662926443984182e-9,8.662926434806499e-9,NaN,236015.71875,495.8313419117647,111161344,usr_bin_time_v,94715904,447475712,74990016,2432.627450980392,-1,-1,1.0e-8,ic0,1.0,0.0,false,2026-07-27T18:06:23.554
2,julia,single_thread,1,1,1,openblas:libopenblas64_.so,1,1,1,1001,laplacian_2d_spd,laplacian_2d_spd/m096_n00009216,9216,45696,pcg_ic0,4,3,26108616,1259257,21045889,48413762,96,96,0,0,96,true,8.662926443984182e-9,8.662926434806499e-9,NaN,219228.01041666666,460.56304709383755,111161344,usr_bin_time_v,94715904,447475712,43492384,2432.627450980392,-1,-1,1.0e-8,ic0,1.0,0.0,false,2026-07-27T18:06:23.603
2,julia,single_thread,1,1,1,openblas:libopenblas64_.so,1,1,1,1001,laplacian_2d_spd,laplacian_2d_spd/m096_n00009216,9216,45696,pcg_ic0,5,3,14906453,5256261,28306580,48469294,96,96,0,0,96,true,8.662926443984182e-9,8.662926434806499e-9,NaN,294860.2083333333,619.4542191876751,111161344,usr_bin_time_v,94715904,447475712,24686712,2432.627450980392,-1,-1,1.0e-8,ic0,1.0,0.0,false,2026-07-27T18:06:23.652
2,julia,single_thread,1,1,1,openblas:libopenblas64_.so,1,1,1,1001,laplacian_2d_spd,laplacian_2d_spd/m096_n00009216,9216,45696,pcg_ic0,6,3,19969499,2196342,27133495,49299336,96,96,0,0,96,true,8.662926443984182e-9,8.662926434806499e-9,NaN,282640.5729166667,593.7827162114846,111161344,usr_bin_time_v,94715904,447475712,58722776,2432.627450980392,-1,-1,1.0e-8,ic0,1.0,0.0,false,2026-07-27T18:06:23.701
2,julia,single_thread,1,1,1,openblas:libopenblas64_.so,1,1,1,1001,laplacian_2d_spd,laplacian_2d_spd/m096_n00009216,9216,45696,pcg_ic0,7,3,25546793,2236482,24312289,52095564,96,96,0,0,96,true,8.662926443984182e-9,8.662926434806499e-9,NaN,253253.01041666666,532.0441395308123,111161344,usr_bin_time_v,94715904,447475712,41971664,2432.627450980392,-1,-1,1.0e-8,ic0,1.0,0.0,false,2026-07-27T18:06:23.753
2,julia,single_thread,1,1,1,openblas:libopenblas64_.so,1,1,1,1001,laplacian_2d_spd,laplacian_2d_spd/m096_n00009216,9216,45696,pcg_ic0,8,3,18633764,1432343,20846990,40913097,96,96,0,0,96,true,8.662926443984182e-9,8.662926434806499e-9,NaN,217156.14583333334,456.21039040616245,111161344,usr_bin_time_v,94715904,447475712,35117784,2432.627450980392,-1,-1,1.0e-8,ic0,1.0,0.0,false,2026-07-27T18:06:23.795
2,julia,single_thread,1,1,1,openblas:libopenblas64_.so,1,1,1,1001,laplacian_2d_spd,laplacian_2d_spd/m096_n00009216,9216,45696,pcg_ic0,9,3,18070895,1324294,21101224,40496413,96,96,0,0,96,true,8.662926443984182e-9,8.662926434806499e-9,NaN,219804.41666666666,461.77398459383755,111161344,usr_bin_time_v,94715904,447475712,34728192,2432.627450980392,-1,-1,1.0e-8,ic0,1.0,0.0,false,2026-07-27T18:06:23.835
2,julia,single_thread,1,1,1,openblas:libopenblas64_.so,1,1,1,1001,laplacian_2d_spd,laplacian_2d_spd/m096_n00009216,9216,45696,pcg_ic0,10,3,18415976,1283372,23753139,43452487,96,96,0,0,96,true,8.662926443984182e-9,8.662926434806499e-9,NaN,247428.53125,519.8078387605042,111161344,usr_bin_time_v,94715904,447475712,16228656,2432.627450980392,-1,-1,1.0e-8,ic0,1.0,0.0,false,2026-07-27T18:06:23.879
2,julia,single_thread,1,1,1,openblas:libopenblas64_.so,1,1,1,1001,laplacian_2d_spd,laplacian_2d_spd/m064_n00004096,4096,20224,cg,1,3,6543055,2385,5006416,11551856,196,0,0,0,196,true,9.35506152477016e-9,9.355061382862508e-9,NaN,25542.938775510203,247.54825949367088,112340992,usr_bin_time_v,96636928,447475712,49316504,5554.835443037975,-1,-1,1.0e-8,none,NaN,NaN,false,2026-07-27T18:06:31.071
2,julia,single_thread,1,1,1,openblas:libopenblas64_.so,1,1,1,1001,laplacian_2d_spd,laplacian_2d_spd/m064_n00004096,4096,20224,cg,2,3,6495642,2703,6924381,13422726,196,0,0,0,196,true,9.35506152477016e-9,9.355061382862508e-9,NaN,35328.47448979592,342.3843453322785,112340992,usr_bin_time_v,96636928,447475712,71649616,5554.835443037975,-1,-1,1.0e-8,none,NaN,NaN,false,2026-07-27T18:06:31.084
2,julia,single_thread,1,1,1,openblas:libopenblas64_.so,1,1,1,1001,laplacian_2d_spd,laplacian_2d_spd/m064_n00004096,4096,20224,cg,3,3,11106094,2084,4960510,16068688,196,0,0,0,196,true,9.35506152477016e-9,9.355061382862508e-9,NaN,25308.724489795917,245.27838212025316,112340992,usr_bin_time_v,96636928,447475712,27061136,5554.835443037975,-1,-1,1.0e-8,none,NaN,NaN,false,2026-07-27T18:06:31.101
2,julia,single_thread,1,1,1,openblas:libopenblas64_.so,1,1,1,1001,laplacian_2d_spd,laplacian_2d_spd/m064_n00004096,4096,20224,cg,4,3,6322237,2859,4829492,11154588,196,0,0,0,196,true,9.35506152477016e-9,9.355061382862508e-9,NaN,24640.26530612245,238.80003955696202,112340992,usr_bin_time_v,96636928,447475712,49390104,5554.835443037975,-1,-1,1.0e-8,none,NaN,NaN,false,2026-07-27T18:06:31.112
2,julia,single_thread,1,1,1,openblas:libopenblas64_.so,1,1,1,1001,laplacian_2d_spd,laplacian_2d_spd/m064_n00004096,4096,20224,cg,5,3,6279817,2521,9233114,15515452,196,0,0,0,196,true,9.35506152477016e-9,9.355061382862508e-9,NaN,47107.72448979592,456.5424248417722,112340992,usr_bin_time_v,96636928,447475712,18172480,5554.835443037975,-1,-1,1.0e-8,none,NaN,NaN,false,2026-07-27T18:06:31.128
2,julia,single_thread,1,1,1,openblas:libopenblas64_.so,1,1,1,1001,laplacian_2d_spd,laplacian_2d_spd/m064_n00004096,4096,20224,cg,6,3,6265880,4749,5140538,11411167,196,0,0,0,196,true,9.35506152477016e-9,9.355061382862508e-9,NaN,26227.23469387755,254.18008306962025,112340992,usr_bin_time_v,96636928,447475712,40501448,5554.835443037975,-1,-1,1.0e-8,none,NaN,NaN,false,2026-07-27T18:06:31.139
2,julia,single_thread,1,1,1,openblas:libopenblas64_.so,1,1,1,1001,laplacian_2d_spd,laplacian_2d_spd/m064_n00004096,4096,20224,cg,7,3,6360886,7253,7717060,14085199,196,0,0,0,196,true,9.35506152477016e-9,9.355061382862508e-9,NaN,39372.755102040814,381.57931170886076,112340992,usr_bin_time_v,96636928,447475712,18937528,5554.835443037975,-1,-1,1.0e-8,none,NaN,NaN,false,2026-07-27T18:06:31.153
2,julia,single_thread,1,1,1,openblas:libopenblas64_.so,1,1,1,1001,laplacian_2d_spd,laplacian_2d_spd/m064_n00004096,4096,20224,cg,8,3,6324039,2092,4965879,11292010,196,0,0,0,196,true,9.35506152477016e-9,9.355061382862508e-9,NaN,25336.117346938776,245.54385878164558,112340992,usr_bin_time_v,96636928,447475712,41266496,5554.835443037975,-1,-1,1.0e-8,none,NaN,NaN,false,2026-07-27T18:06:31.165
2,julia,single_thread,1,1,1,openblas:libopenblas64_.so,1,1,1,1001,laplacian_2d_spd,laplacian_2d_spd/m064_n00004096,4096,20224,cg,9,3,8219866,2547,5242603,13465016,196,0,0,0,196,true,9.35506152477016e-9,9.355061382862508e-9,NaN,26747.974489795917,259.2268097310127,112340992,usr_bin_time_v,96636928,447475712,31013696,5554.835443037975,-1,-1,1.0e-8,none,NaN,NaN,false,2026-07-27T18:06:31.178
2,julia,single_thread,1,1,1,openblas:libopenblas64_.so,1,1,1,1001,laplacian_2d_spd,laplacian_2d_spd/m064_n00004096,4096,20224,cg,10,3,6424950,2366,7596953,14024269,196,0,0,0,196,true,9.35506152477016e-9,9.355061382862508e-9,NaN,38759.96428571428,375.6404766613924,112340992,usr_bin_time_v,96636928,447475712,21772072,5554.835443037975,-1,-1,1.0e-8,none,NaN,NaN,false,2026-07-27T18:06:31.193
2,julia,single_thread,1,1,1,openblas:libopenblas64_.so,1,1,1,1002,laplacian_2d_spd,laplacian_2d_spd/m064_n00004096,4096,20224,cg,1,3,6364717,2295,4781238,11148250,192,0,0,0,192,true,9.410455392306075e-9,9.410455296332803e-9,NaN,24902.28125,236.4140625,113127424,usr_bin_time_v,97792000,447475712,47544040,5593.721518987341,-1,-1,1.0e-8,none,NaN,NaN,false,2026-07-27T18:06:38.331
2,julia,single_thread,1,1,1,openblas:libopenblas64_.so,1,1,1,1002,laplacian_2d_spd,laplacian_2d_spd/m064_n00004096,4096,20224,cg,2,3,6546912,3035,6210199,12760146,192,0,0,0,192,true,9.410455392306075e-9,9.410455296332803e-9,NaN,32344.786458333332,307.0707575158228,113127424,usr_bin_time_v,97792000,447475712,69614432,5593.721518987341,-1,-1,1.0e-8,none,NaN,NaN,false,2026-07-27T18:06:38.344
2,julia,single_thread,1,1,1,openblas:libopenblas64_.so,1,1,1,1002,laplacian_2d_spd,laplacian_2d_spd/m064_n00004096,4096,20224,cg,3,3,11115466,3431,5136001,16254898,192,0,0,0,192,true,9.410455392306075e-9,9.410455296332803e-9,NaN,26750.005208333332,253.95574564873417,113127424,usr_bin_time_v,97792000,447475712,24823680,5593.721518987341,-1,-1,1.0e-8,none,NaN,NaN,false,2026-07-27T18:06:38.360
2,julia,single_thread,1,1,1,openblas:libopenblas64_.so,1,1,1,1002,laplacian_2d_spd,laplacian_2d_spd/m064_n00004096,4096,20224,cg,4,3,6432618,2304,5006515,11441437,192,0,0,0,192,true,9.410455392306075e-9,9.410455296332803e-9,NaN,26075.598958333332,247.55315466772151,113127424,usr_bin_time_v,97792000,447475712,48371568,5593.721518987341,-1,-1,1.0e-8,none,NaN,NaN,false,2026-07-27T18:06:38.398
2,julia,single_thread,1,1,1,openblas:libopenblas64_.so,1,1,1,1002,laplacian_2d_spd,laplacian_2d_spd/m064_n00004096,4096,20224,cg,5,3,6406075,11684,8993910,15411669,192,0,0,0,192,true,9.410455392306075e-9,9.410455296332803e-9,NaN,46843.28125,444.7146954113924,113127424,usr_bin_time_v,97792000,447475712,16862912,5593.721518987341,-1,-1,1.0e-8,none,NaN,NaN,false,2026-07-27T18:06:38.413
2,julia,single_thread,1,1,1,openblas:libopenblas64_.so,1,1,1,1002,laplacian_2d_spd,laplacian_2d_spd/m064_n00004096,4096,20224,cg,6,3,6395394,2550,5196182,11594126,192,0,0,0,192,true,9.410455392306075e-9,9.410455296332803e-9,NaN,27063.447916666668,256.93146756329116,113127424,usr_bin_time_v,97792000,447475712,38929160,5593.721518987341,-1,-1,1.0e-8,none,NaN,NaN,false,2026-07-27T18:06:38.425
2,julia,single_thread,1,1,1,openblas:libopenblas64_.so,1,1,1,1002,laplacian_2d_spd,laplacian_2d_spd/m064_n00004096,4096,20224,cg,7,3,6393126,2445,8895936,15291507,192,0,0,0,192,true,9.410455392306075e-9,9.410455296332803e-9,NaN,46333.0,439.87025316455697,113127424,usr_bin_time_v,97792000,447475712,16906232,5593.721518987341,-1,-1,1.0e-8,none,NaN,NaN,false,2026-07-27T18:06:38.440
2,julia,single_thread,1,1,1,openblas:libopenblas64_.so,1,1,1,1002,laplacian_2d_spd,laplacian_2d_spd/m064_n00004096,4096,20224,cg,8,3,6363999,2763,5184624,11551386,192,0,0,0,192,true,9.410455392306075e-9,9.410455296332803e-9,NaN,27003.25,256.3599683544304,113127424,usr_bin_time_v,97792000,447475712,38972544,5593.721518987341,-1,-1,1.0e-8,none,NaN,NaN,false,2026-07-27T18:06:38.452
2,julia,single_thread,1,1,1,openblas:libopenblas64_.so,1,1,1,1002,laplacian_2d_spd,laplacian_2d_spd/m064_n00004096,4096,20224,cg,9,3,6383745,2352,7461417,13847514,192,0,0,0,192,true,9.410455392306075e-9,9.410455296332803e-9,NaN,38861.546875,368.9387361550633,113127424,usr_bin_time_v,97792000,447475712,22497832,5593.721518987341,-1,-1,1.0e-8,none,NaN,NaN,false,2026-07-27T18:06:38.466
2,julia,single_thread,1,1,1,openblas:libopenblas64_.so,1,1,1,1002,laplacian_2d_spd,laplacian_2d_spd/m064_n00004096,4096,20224,cg,10,3,6341143,2664,7075507,13419314,192,0,0,0,192,true,9.410455392306075e-9,9.410455296332803e-9,NaN,36851.598958333336,349.85695213607596,113127424,usr_bin_time_v,97792000,447475712,17674560,5593.721518987341,-1,-1,1.0e-8,none,NaN,NaN,false,2026-07-27T18:06:38.480
2,julia,single_thread,1,1,1,openblas:libopenblas64_.so,1,1,1,1000,laplacian_2d_spd,laplacian_2d_spd/m032_n00001024,1024,4992,pcg_ic0,1,3,1570999,142345,661892,2375236,35,35,0,0,35,true,9.645333431732463e-9,9.645333454842255e-9,NaN,18911.2,132.59054487179486,119345152,usr_bin_time_v,110747648,447475712,71136200,23907.28205128205,-1,-1,1.0e-8,ic0,1.0,0.0,false,2026-07-27T18:06:51.150
2,julia,single_thread,1,1,1,openblas:libopenblas64_.so,1,1,1,1000,laplacian_2d_spd,laplacian_2d_spd/m032_n00001024,1024,4992,pcg_ic0,2,3,1608146,142725,679315,2430186,35,35,0,0,35,true,9.645333431732463e-9,9.645333454842255e-9,NaN,19409.0,136.08072916666666,119345152,usr_bin_time_v,110751744,447475712,75891568,23907.28205128205,-1,-1,1.0e-8,ic0,1.0,0.0,false,2026-07-27T18:06:51.178
2,julia,single_thread,1,1,1,openblas:libopenblas64_.so,1,1,1,1000,laplacian_2d_spd,laplacian_2d_spd/m032_n00001024,1024,4992,pcg_ic0,3,3,1506110,136372,650437,2292919,35,35,0,0,35,true,9.645333431732463e-9,9.645333454842255e-9,NaN,18583.914285714287,130.29587339743588,119345152,usr_bin_time_v,110755840,447475712,79161152,23907.28205128205,-1,-1,1.0e-8,ic0,1.0,0.0,false,2026-07-27T18:06:51.180
2,julia,single_thread,1,1,1,openblas:libopenblas64_.so,1,1,1,1000,laplacian_2d_spd,laplacian_2d_spd/m032_n00001024,1024,4992,pcg_ic0,4,3,1557441,150967,648844,2357252,35,35,0,0,35,true,9.645333431732463e-9,9.645333454842255e-9,NaN,18538.4,129.97676282051282,119345152,usr_bin_time_v,110768128,447475712,82430800,23907.28205128205,-1,-1,1.0e-8,ic0,1.0,0.0,false,2026-07-27T18:06:51.183
2,julia,single_thread,1,1,1,openblas:libopenblas64_.so,1,1,1,1000,laplacian_2d_spd,laplacian_2d_spd/m032_n00001024,1024,4992,pcg_ic0,5,3,1506117,131412,633187,2270716,35,35,0,0,35,true,9.645333431732463e-9,9.645333454842255e-9,NaN,18091.057142857142,126.84034455128206,119345152,usr_bin_time_v,110809088,447475712,85700480,23907.28205128205,-1,-1,1.0e-8,ic0,1.0,0.0,false,2026-07-27T18:06:51.185
2,julia,single_thread,1,1,1,openblas:libopenblas64_.so,1,1,1,1000,laplacian_2d_spd,laplacian_2d_spd/m032_n00001024,1024,4992,pcg_ic0,6,3,1546215,141879,665190,2353284,35,35,0,0,35,true,9.645333431732463e-9,9.645333454842255e-9,NaN,19005.428571428572,133.25120192307693,119345152,usr_bin_time_v,110817280,447475712,88970064,23907.28205128205,-1,-1,1.0e-8,ic0,1.0,0.0,false,2026-07-27T18:06:51.187
2,julia,single_thread,1,1,1,openblas:libopenblas64_.so,1,1,1,1000,laplacian_2d_spd,laplacian_2d_spd/m032_n00001024,1024,4992,pcg_ic0,7,3,1526190,141095,658402,2325687,35,35,0,0,35,true,9.645333431732463e-9,9.645333454842255e-9,NaN,18811.485714285714,131.89142628205127,119345152,usr_bin_time_v,110825472,447475712,92239648,23907.28205128205,-1,-1,1.0e-8,ic0,1.0,0.0,false,2026-07-27T18:06:51.190
2,julia,single_thread,1,1,1,openblas:libopenblas64_.so,1,1,1,1000,laplacian_2d_spd,laplacian_2d_spd/m032_n00001024,1024,4992,pcg_ic0,8,3,1536079,146363,646448,2328890,35,35,0,0,35,true,9.645333431732463e-9,9.645333454842255e-9,NaN,18469.942857142858,129.49679487179486,119345152,usr_bin_time_v,110825472,447475712,95509296,23907.28205128205,-1,-1,1.0e-8,ic0,1.0,0.0,false,2026-07-27T18:06:51.192
2,julia,single_thread,1,1,1,openblas:libopenblas64_.so,1,1,1,1000,laplacian_2d_spd,laplacian_2d_spd/m032_n00001024,1024,4992,pcg_ic0,9,3,1517026,150165,651469,2318660,35,35,0,0,35,true,9.645333431732463e-9,9.645333454842255e-9,NaN,18613.4,130.50260416666666,119345152,usr_bin_time_v,110825472,447475712,98778880,23907.28205128205,-1,-1,1.0e-8,ic0,1.0,0.0,false,2026-07-27T18:06:51.195
2,julia,single_thread,1,1,1,openblas:libopenblas64_.so,1,1,1,1000,laplacian_2d_spd,laplacian_2d_spd/m032_n00001024,1024,4992,pcg_ic0,10,3,1524044,139807,651004,2314855,35,35,0,0,35,true,9.645333431732463e-9,9.645333454842255e-9,NaN,18600.114285714284,130.40945512820514,119345152,usr_bin_time_v,110825472,447475712,102048464,23907.28205128205,-1,-1,1.0e-8,ic0,1.0,0.0,false,2026-07-27T18:06:51.197
2,julia,single_thread,1,1,1,openblas:libopenblas64_.so,1,1,1,1001,laplacian_2d_spd,laplacian_2d_spd/m032_n00001024,1024,4992,cg,1,3,1535624,799,650125,2186548,98,0,0,0,98,true,9.807146507434913e-9,9.807146619023713e-9,NaN,6633.928571428572,130.23337339743588,115990528,usr_bin_time_v,106283008,447475712,79414112,23235.28205128205,-1,-1,1.0e-8,none,NaN,NaN,false,2026-07-27T18:07:03.955
2,julia,single_thread,1,1,1,openblas:libopenblas64_.so,1,1,1,1001,laplacian_2d_spd,laplacian_2d_spd/m032_n00001024,1024,4992,cg,2,3,1532208,780,658264,2191252,98,0,0,0,98,true,9.807146507434913e-9,9.807146619023713e-9,NaN,6716.9795918367345,131.86378205128204,115990528,usr_bin_time_v,106283008,447475712,83365416,23235.28205128205,-1,-1,1.0e-8,none,NaN,NaN,false,2026-07-27T18:07:03.958
2,julia,single_thread,1,1,1,openblas:libopenblas64_.so,1,1,1,1001,laplacian_2d_spd,laplacian_2d_spd/m032_n00001024,1024,4992,cg,3,3,1522546,724,639969,2163239,98,0,0,0,98,true,9.807146507434913e-9,9.807146619023713e-9,NaN,6530.2959183673465,128.19891826923077,115990528,usr_bin_time_v,106295296,447475712,87312576,23235.28205128205,-1,-1,1.0e-8,none,NaN,NaN,false,2026-07-27T18:07:03.960
2,julia,single_thread,1,1,1,openblas:libopenblas64_.so,1,1,1,1001,laplacian_2d_spd,laplacian_2d_spd/m032_n00001024,1024,4992,cg,4,3,1543582,714,657662,2201958,98,0,0,0,98,true,9.807146507434913e-9,9.807146619023713e-9,NaN,6710.836734693878,131.74318910256412,115990528,usr_bin_time_v,106323968,447475712,92741376,23235.28205128205,-1,-1,1.0e-8,none,NaN,NaN,false,2026-07-27T18:07:03.988
2,julia,single_thread,1,1,1,openblas:libopenblas64_.so,1,1,1,1001,laplacian_2d_spd,laplacian_2d_spd/m032_n00001024,1024,4992,cg,5,3,1511719,1408,629592,2142719,98,0,0,0,98,true,9.807146507434913e-9,9.807146619023713e-9,NaN,6424.408163265306,126.1201923076923,115990528,usr_bin_time_v,106360832,447475712,96688696,23235.28205128205,-1,-1,1.0e-8,none,NaN,NaN,false,2026-07-27T18:07:03.991
2,julia,single_thread,1,1,1,openblas:libopenblas64_.so,1,1,1,1001,laplacian_2d_spd,laplacian_2d_spd/m032_n00001024,1024,4992,cg,6,3,1472318,1333,596646,2070297,98,0,0,0,98,true,9.807146507434913e-9,9.807146619023713e-9,NaN,6088.224489795918,119.5204326923077,115990528,usr_bin_time_v,106385408,447475712,100635936,23235.28205128205,-1,-1,1.0e-8,none,NaN,NaN,false,2026-07-27T18:07:03.993
2,julia,single_thread,1,1,1,openblas:libopenblas64_.so,1,1,1,1001,laplacian_2d_spd,laplacian_2d_spd/m032_n00001024,1024,4992,cg,7,3,1513722,2471,663145,2179338,98,0,0,0,98,true,9.807146507434913e-9,9.807146619023713e-9,NaN,6766.785714285715,132.84154647435898,115990528,usr_bin_time_v,106385408,447475712,104583176,23235.28205128205,-1,-1,1.0e-8,none,NaN,NaN,false,2026-07-27T18:07:03.995
2,julia,single_thread,1,1,1,openblas:libopenblas64_.so,1,1,1,1001,laplacian_2d_spd,laplacian_2d_spd/m032_n00001024,1024,4992,cg,8,3,1515623,738,654120,2170481,98,0,0,0,98,true,9.807146507434913e-9,9.807146619023713e-9,NaN,6674.693877551021,131.03365384615384,115990528,usr_bin_time_v,106385408,447475712,108530352,23235.28205128205,-1,-1,1.0e-8,none,NaN,NaN,false,2026-07-27T18:07:03.997
2,julia,single_thread,1,1,1,openblas:libopenblas64_.so,1,1,1,1001,laplacian_2d_spd,laplacian_2d_spd/m032_n00001024,1024,4992,cg,9,3,1522157,1176,637490,2160823,98,0,0,0,98,true,9.807146507434913e-9,9.807146619023713e-9,NaN,6505.0,127.70232371794872,115990528,usr_bin_time_v,106393600,447475712,112477576,23235.28205128205,-1,-1,1.0e-8,none,NaN,NaN,false,2026-07-27T18:07:04
2,julia,single_thread,1,1,1,openblas:libopenblas64_.so,1,1,1,1001,laplacian_2d_spd,laplacian_2d_spd/m032_n00001024,1024,4992,cg,10,3,1498583,940,625367,2124890,98,0,0,0,98,true,9.807146507434913e-9,9.807146619023713e-9,NaN,6381.2959183673465,125.27383814102564,115990528,usr_bin_time_v,106393600,447475712,116424688,23235.28205128205,-1,-1,1.0e-8,none,NaN,NaN,false,2026-07-27T18:07:04.002
2,python,single_thread,1,1,1,scipy-openblas:0.3.31.188.0,1,1,1,1002,laplacian_2d_spd,laplacian_2d_spd/m096_n00009216,9216,45696,pcg_ic0,1,3,18941491,22392108,1033371483,1074705082,96,96,0,0,96,true,8.82940576135726e-09,8.829405969554605e-09,NaN,10764286.28125,22614.04680934874,10584064,usr_bin_time_v,8978432,49422336,NaN,231.61904761904762,-1,-1,1e-08,ic0,1.0,0.0,false,2026-07-27T18:07:04.403682+00:00
2,python,single_thread,1,1,1,scipy-openblas:0.3.31.188.0,1,1,1,1002,laplacian_2d_spd,laplacian_2d_spd/m096_n00009216,9216,45696,pcg_ic0,2,3,19077904,22543191,1043250234,1084871329,96,96,0,0,96,true,8.82940576135726e-09,8.829405969554605e-09,NaN,10867189.9375,22830.230961134454,10584064,usr_bin_time_v,8994816,49422336,NaN,231.61904761904762,-1,-1,1e-08,ic0,1.0,0.0,false,2026-07-27T18:07:04.403682+00:00
2,python,single_thread,1,1,1,scipy-openblas:0.3.31.188.0,1,1,1,1002,laplacian_2d_spd,laplacian_2d_spd/m096_n00009216,9216,45696,pcg_ic0,3,3,18714878,22757495,1028031597,1069503970,96,96,0,0,96,true,8.82940576135726e-09,8.829405969554605e-09,NaN,10708662.46875,22497.19006039916,10584064,usr_bin_time_v,9302016,49422336,NaN,231.61904761904762,-1,-1,1e-08,ic0,1.0,0.0,false,2026-07-27T18:07:04.403682+00:00
2,python,single_thread,1,1,1,scipy-openblas:0.3.31.188.0,1,1,1,1002,laplacian_2d_spd,laplacian_2d_spd/m096_n00009216,9216,45696,pcg_ic0,4,3,18919859,22492080,1022654960,1064066899,96,96,0,0,96,true,8.82940576135726e-09,8.829405969554605e-09,NaN,10652655.833333334,22379.52906162465,10584064,usr_bin_time_v,9388032,49422336,NaN,231.61904761904762,-1,-1,1e-08,ic0,1.0,0.0,false,2026-07-27T18:07:04.403682+00:00
2,python,single_thread,1,1,1,scipy-openblas:0.3.31.188.0,1,1,1,1002,laplacian_2d_spd,laplacian_2d_spd/m096_n00009216,9216,45696,pcg_ic0,5,3,18332422,22874055,1022259109,1063465586,96,96,0,0,96,true,8.82940576135726e-09,8.829405969554605e-09,NaN,10648532.385416666,22370.866355917366,10584064,usr_bin_time_v,9388032,49422336,NaN,231.61904761904762,-1,-1,1e-08,ic0,1.0,0.0,false,2026-07-27T18:07:04.403682+00:00
2,python,single_thread,1,1,1,scipy-openblas:0.3.31.188.0,1,1,1,1002,laplacian_2d_spd,laplacian_2d_spd/m096_n00009216,9216,45696,pcg_ic0,6,3,18695706,22605282,1026715263,1068016251,96,96,0,0,96,true,8.82940576135726e-09,8.829405969554605e-09,NaN,10694950.65625,22468.383731617647,10584064,usr_bin_time_v,9388032,49422336,NaN,231.61904761904762,-1,-1,1e-08,ic0,1.0,0.0,false,2026-07-27T18:07:04.403682+00:00
2,python,single_thread,1,1,1,scipy-openblas:0.3.31.188.0,1,1,1,1002,laplacian_2d_spd,laplacian_2d_spd/m096_n00009216,9216,45696,pcg_ic0,7,3,18239514,23509532,1024609272,1066358318,96,96,0,0,96,true,8.82940576135726e-09,8.829405969554605e-09,NaN,10673013.25,22422.29674369748,10584064,usr_bin_time_v,9388032,49422336,NaN,231.61904761904762,-1,-1,1e-08,ic0,1.0,0.0,false,2026-07-27T18:07:04.403682+00:00
2,python,single_thread,1,1,1,scipy-openblas:0.3.31.188.0,1,1,1,1002,laplacian_2d_spd,laplacian_2d_spd/m096_n00009216,9216,45696,pcg_ic0,8,3,18977929,22482262,1018486544,1059946735,96,96,0,0,96,true,8.82940576135726e-09,8.829405969554605e-09,NaN,10609234.833333334,22288.308473389356,10584064,usr_bin_time_v,9388032,49422336,NaN,231.61904761904762,-1,-1,1e-08,ic0,1.0,0.0,false,2026-07-27T18:07:04.403682+00:00
2,python,single_thread,1,1,1,scipy-openblas:0.3.31.188.0,1,1,1,1002,laplacian_2d_spd,laplacian_2d_spd/m096_n00009216,9216,45696,pcg_ic0,9,3,18316015,22728608,1040157150,1081201773,96,96,0,0,96,true,8.82940576135726e-09,8.829405969554605e-09,NaN,10834970.3125,22762.542673319327,10584064,usr_bin_time_v,9392128,49422336,NaN,231.61904761904762,-1,-1,1e-08,ic0,1.0,0.0,false,2026-07-27T18:07:04.403682+00:00
2,python,single_thread,1,1,1,scipy-openblas:0.3.31.188.0,1,1,1,1002,laplacian_2d_spd,laplacian_2d_spd/m096_n00009216,9216,45696,pcg_ic0,10,3,17770971,22768046,1037790263,1078329280,96,96,0,0,96,true,8.82940576135726e-09,8.829405969554605e-09,NaN,10810315.239583334,22710.746301645657,10584064,usr_bin_time_v,9392128,49422336,NaN,231.61904761904762,-1,-1,1e-08,ic0,1.0,0.0,false,2026-07-27T18:07:04.403682+00:00
2,julia,single_thread,1,1,1,openblas:libopenblas64_.so,1,1,1,1000,laplacian_2d_spd,laplacian_2d_spd/m064_n00004096,4096,20224,cg,1,3,6596061,8014,8016582,14620657,198,0,0,0,198,true,9.714596828784372e-9,9.71459683453789e-9,NaN,40487.78787878788,396.3895371835443,139763712,usr_bin_time_v,130461696,447475712,149742312,6910.784810126583,-1,-1,1.0e-8,none,NaN,NaN,false,2026-07-27T18:07:30.661
2,julia,single_thread,1,1,1,openblas:libopenblas64_.so,1,1,1,1000,laplacian_2d_spd,laplacian_2d_spd/m064_n00004096,4096,20224,cg,2,3,23610138,2378,5223888,28836404,198,0,0,0,198,true,9.714596828784372e-9,9.71459683453789e-9,NaN,26383.272727272728,258.30142405063293,139763712,usr_bin_time_v,130674688,447475712,47180624,6910.784810126583,-1,-1,1.0e-8,none,NaN,NaN,false,2026-07-27T18:07:30.690
2,julia,single_thread,1,1,1,openblas:libopenblas64_.so,1,1,1,1000,laplacian_2d_spd,laplacian_2d_spd/m064_n00004096,4096,20224,cg,3,3,6136117,2617,5136085,11274819,198,0,0,0,198,true,9.714596828784372e-9,9.71459683453789e-9,NaN,25939.823232323233,253.95989912974684,139763712,usr_bin_time_v,130678784,447475712,71122592,6910.784810126583,-1,-1,1.0e-8,none,NaN,NaN,false,2026-07-27T18:07:30.726
2,julia,single_thread,1,1,1,openblas:libopenblas64_.so,1,1,1,1000,laplacian_2d_spd,laplacian_2d_spd/m064_n00004096,4096,20224,cg,4,3,6108750,3018,10104761,16216529,198,0,0,0,198,true,9.714596828784372e-9,9.71459683453789e-9,NaN,51034.14646464647,499.64205893987344,139763712,usr_bin_time_v,130678784,447475712,29120384,6910.784810126583,-1,-1,1.0e-8,none,NaN,NaN,false,2026-07-27T18:07:30.743
2,julia,single_thread,1,1,1,openblas:libopenblas64_.so,1,1,1,1000,laplacian_2d_spd,laplacian_2d_spd/m064_n00004096,4096,20224,cg,5,3,6152427,3016,5055939,11211382,198,0,0,0,198,true,9.714596828784372e-9,9.71459683453789e-9,NaN,25535.045454545456,249.99698378164558,139763712,usr_bin_time_v,130678784,447475712,51580808,6910.784810126583,-1,-1,1.0e-8,none,NaN,NaN,false,2026-07-27T18:07:30.754
2,julia,single_thread,1,1,1,openblas:libopenblas64_.so,1,1,1,1000,laplacian_2d_spd,laplacian_2d_spd/m064_n00004096,4096,20224,cg,6,3,6291157,3022,5214494,11508673,198,0,0,0,198,true,9.714596828784372e-9,9.71459683453789e-9,NaN,26335.828282828283,257.83692642405066,139763712,usr_bin_time_v,130678784,447475712,74041136,6910.784810126583,-1,-1,1.0e-8,none,NaN,NaN,false,2026-07-27T18:07:30.766
2,julia,single_thread,1,1,1,openblas:libopenblas64_.so,1,1,1,1000,laplacian_2d_spd,laplacian_2d_spd/m064_n00004096,4096,20224,cg,7,3,10230758,2321,5073829,15306908,198,0,0,0,198,true,9.714596828784372e-9,9.71459683453789e-9,NaN,25625.39898989899,250.88157634493672,139763712,usr_bin_time_v,130678784,447475712,42790856,6910.784810126583,-1,-1,1.0e-8,none,NaN,NaN,false,2026-07-27T18:07:30.781
2,julia,single_thread,1,1,1,openblas:libopenblas64_.so,1,1,1,1000,laplacian_2d_spd,laplacian_2d_spd/m064_n00004096,4096,20224,cg,8,3,6154909,2336,7244679,13401924,198,0,0,0,198,true,9.714596828784372e-9,9.71459683453789e-9,NaN,36589.28787878788,358.2218651107595,139763712,usr_bin_time_v,130678784,447475712,26147448,6910.784810126583,-1,-1,1.0e-8,none,NaN,NaN,false,2026-07-27T18:07:30.795
2,julia,single_thread,1,1,1,openblas:libopenblas64_.so,1,1,1,1000,laplacian_2d_spd,laplacian_2d_spd/m064_n00004096,4096,20224,cg,9,3,6100061,3695,5244341,11348097,198,0,0,0,198,true,9.714596828784372e-9,9.71459683453789e-9,NaN,26486.570707070707,259.3127472310127,139763712,usr_bin_time_v,130678784,447475712,48607776,6910.784810126583,-1,-1,1.0e-8,none,NaN,NaN,false,2026-07-27T18:07:30.806
2,julia,single_thread,1,1,1,openblas:libopenblas64_.so,1,1,1,1000,laplacian_2d_spd,laplacian_2d_spd/m064_n00004096,4096,20224,cg,10,3,6165838,2629,7691998,13860465,198,0,0,0,198,true,9.714596828784372e-9,9.71459683453789e-9,NaN,38848.47474747475,380.3400909810127,139763712,usr_bin_time_v,130678784,447475712,33777048,6910.784810126583,-1,-1,1.0e-8,none,NaN,NaN,false,2026-07-27T18:07:30.820
2,python,single_thread,1,1,1,scipy-openblas:0.3.31.188.0,1,1,1,1002,laplacian_2d_spd,laplacian_2d_spd/m096_n00009216,9216,45696,pcg_jacobi,1,3,23798230,81887,17389511,41269628,295,295,0,0,295,true,9.780805266011171e-09,9.780805244728967e-09,NaN,58947.49491525424,380.54777223389357,9326592,usr_bin_time_v,7610368,49422336,NaN,204.10084033613447,-1,-1,1e-08,jacobi,NaN,NaN,false,2026-07-27T18:07:31.238332+00:00
2,python,single_thread,1,1,1,scipy-openblas:0.3.31.188.0,1,1,1,1002,laplacian_2d_spd,laplacian_2d_spd/m096_n00009216,9216,45696,pcg_jacobi,2,3,18115575,53020,14948655,33117250,295,295,0,0,295,true,9.780805266011171e-09,9.780805244728967e-09,NaN,50673.40677966102,327.132681197479,9326592,usr_bin_time_v,7610368,49422336,NaN,204.10084033613447,-1,-1,1e-08,jacobi,NaN,NaN,false,2026-07-27T18:07:31.238332+00:00
2,python,single_thread,1,1,1,scipy-openblas:0.3.31.188.0,1,1,1,1002,laplacian_2d_spd,laplacian_2d_spd/m096_n00009216,9216,45696,pcg_jacobi,3,3,17871222,76967,14826848,32775037,295,295,0,0,295,true,9.780805266011171e-09,9.780805244728967e-09,NaN,50260.501694915256,324.4670868347339,9326592,usr_bin_time_v,7655424,49422336,NaN,204.10084033613447,-1,-1,1e-08,jacobi,NaN,NaN,false,2026-07-27T18:07:31.238332+00:00
2,python,single_thread,1,1,1,scipy-openblas:0.3.31.188.0,1,1,1,1002,laplacian_2d_spd,laplacian_2d_spd/m096_n00009216,9216,45696,pcg_jacobi,4,3,17325685,60280,15379240,32765205,295,295,0,0,295,true,9.780805266011171e-09,9.780805244728967e-09,NaN,52133.016949152545,336.55549719887955,9326592,usr_bin_time_v,7720960,49422336,NaN,204.10084033613447,-1,-1,1e-08,jacobi,NaN,NaN,false,2026-07-27T18:07:31.238332+00:00
2,python,single_thread,1,1,1,scipy-openblas:0.3.31.188.0,1,1,1,1002,laplacian_2d_spd,laplacian_2d_spd/m096_n00009216,9216,45696,pcg_jacobi,5,3,17434713,55698,15496679,32987090,295,295,0,0,295,true,9.780805266011171e-09,9.780805244728967e-09,NaN,52531.11525423729,339.12550332633054,9326592,usr_bin_time_v,7720960,49422336,NaN,204.10084033613447,-1,-1,1e-08,jacobi,NaN,NaN,false,2026-07-27T18:07:31.238332+00:00
2,python,single_thread,1,1,1,scipy-openblas:0.3.31.188.0,1,1,1,1002,laplacian_2d_spd,laplacian_2d_spd/m096_n00009216,9216,45696,pcg_jacobi,6,3,17671167,62219,15764386,33497772,295,295,0,0,295,true,9.780805266011171e-09,9.780805244728967e-09,NaN,53438.596610169494,344.98393732492997,9326592,usr_bin_time_v,7872512,49422336,NaN,204.10084033613447,-1,-1,1e-08,jacobi,NaN,NaN,false,2026-07-27T18:07:31.238332+00:00
2,python,single_thread,1,1,1,scipy-openblas:0.3.31.188.0,1,1,1,1002,laplacian_2d_spd,laplacian_2d_spd/m096_n00009216,9216,45696,pcg_jacobi,7,3,18130929,56202,15269081,33456212,295,295,0,0,295,true,9.780805266011171e-09,9.780805244728967e-09,NaN,51759.596610169494,334.1448047969188,9326592,usr_bin_time_v,8232960,49422336,NaN,204.10084033613447,-1,-1,1e-08,jacobi,NaN,NaN,false,2026-07-27T18:07:31.238332+00:00
2,python,single_thread,1,1,1,scipy-openblas:0.3.31.188.0,1,1,1,1002,laplacian_2d_spd,laplacian_2d_spd/m096_n00009216,9216,45696,pcg_jacobi,8,3,18524459,67571,15519969,34111999,295,295,0,0,295,true,9.780805266011171e-09,9.780805244728967e-09,NaN,52610.06440677966,339.63517594537814,9326592,usr_bin_time_v,8232960,49422336,NaN,204.10084033613447,-1,-1,1e-08,jacobi,NaN,NaN,false,2026-07-27T18:07:31.238332+00:00
2,python,single_thread,1,1,1,scipy-openblas:0.3.31.188.0,1,1,1,1002,laplacian_2d_spd,laplacian_2d_spd/m096_n00009216,9216,45696,pcg_jacobi,9,3,18342255,65249,15389472,33796976,295,295,0,0,295,true,9.780805266011171e-09,9.780805244728967e-09,NaN,52167.70169491525,336.77941176470586,9326592,usr_bin_time_v,8232960,49422336,NaN,204.10084033613447,-1,-1,1e-08,jacobi,NaN,NaN,false,2026-07-27T18:07:31.238332+00:00
2,python,single_thread,1,1,1,scipy-openblas:0.3.31.188.0,1,1,1,1002,laplacian_2d_spd,laplacian_2d_spd/m096_n00009216,9216,45696,pcg_jacobi,10,3,19045202,59421,15426981,34531604,295,295,0,0,295,true,9.780805266011171e-09,9.780805244728967e-09,NaN,52294.85084745763,337.6002494747899,9326592,usr_bin_time_v,8232960,49422336,NaN,204.10084033613447,-1,-1,1e-08,jacobi,NaN,NaN,false,2026-07-27T18:07:31.238332+00:00
2,python,single_thread,1,1,1,scipy-openblas:0.3.31.188.0,1,1,1,1001,laplacian_2d_spd,laplacian_2d_spd/m032_n00001024,1024,4992,pcg_ic0,1,3,2179318,2436334,37139141,41754793,35,35,0,0,35,true,8.258974965760397e-09,8.258974914806703e-09,NaN,1061118.3142857142,7439.731770833333,2007040,usr_bin_time_v,1073152,49422336,NaN,402.05128205128204,-1,-1,1e-08,ic0,1.0,0.0,false,2026-07-27T18:07:37.762865+00:00
2,python,single_thread,1,1,1,scipy-openblas:0.3.31.188.0,1,1,1,1001,laplacian_2d_spd,laplacian_2d_spd/m032_n00001024,1024,4992,pcg_ic0,2,3,2067787,2359940,36558538,40986265,35,35,0,0,35,true,8.258974965760397e-09,8.258974914806703e-09,NaN,1044529.6571428571,7323.425080128205,2007040,usr_bin_time_v,1089536,49422336,NaN,402.05128205128204,-1,-1,1e-08,ic0,1.0,0.0,false,2026-07-27T18:07:37.762865+00:00
2,python,single_thread,1,1,1,scipy-openblas:0.3.31.188.0,1,1,1,1001,laplacian_2d_spd,laplacian_2d_spd/m032_n00001024,1024,4992,pcg_ic0,3,3,1998787,2393274,36423279,40815340,35,35,0,0,35,true,8.258974965760397e-09,8.258974914806703e-09,NaN,1040665.1142857143,7296.329927884615,2007040,usr_bin_time_v,1118208,49422336,NaN,402.05128205128204,-1,-1,1e-08,ic0,1.0,0.0,false,2026-07-27T18:07:37.762865+00:00
2,python,single_thread,1,1,1,scipy-openblas:0.3.31.188.0,1,1,1,1001,laplacian_2d_spd,laplacian_2d_spd/m032_n00001024,1024,4992,pcg_ic0,4,3,1978088,2374674,37052432,41405194,35,35,0,0,35,true,8.258974965760397e-09,8.258974914806703e-09,NaN,1058640.9142857143,7422.36217948718,2007040,usr_bin_time_v,1146880,49422336,NaN,402.05128205128204,-1,-1,1e-08,ic0,1.0,0.0,false,2026-07-27T18:07:37.762865+00:00
2,python,single_thread,1,1,1,scipy-openblas:0.3.31.188.0,1,1,1,1001,laplacian_2d_spd,laplacian_2d_spd/m032_n00001024,1024,4992,pcg_ic0,5,3,1996391,2384428,37220236,41601055,35,35,0,0,35,true,8.258974965760397e-09,8.258974914806703e-09,NaN,1063435.3142857142,7455.976762820513,2007040,usr_bin_time_v,1150976,49422336,NaN,402.05128205128204,-1,-1,1e-08,ic0,1.0,0.0,false,2026-07-27T18:07:37.762865+00:00
2,python,single_thread,1,1,1,scipy-openblas:0.3.31.188.0,1,1,1,1001,laplacian_2d_spd,laplacian_2d_spd/m032_n00001024,1024,4992,pcg_ic0,6,3,2156673,2397626,36800424,41354723,35,35,0,0,35,true,8.258974965760397e-09,8.258974914806703e-09,NaN,1051440.6857142858,7371.879807692308,2007040,usr_bin_time_v,1204224,49422336,NaN,402.05128205128204,-1,-1,1e-08,ic0,1.0,0.0,false,2026-07-27T18:07:37.762865+00:00
2,python,single_thread,1,1,1,scipy-openblas:0.3.31.188.0,1,1,1,1001,laplacian_2d_spd,laplacian_2d_spd/m032_n00001024,1024,4992,pcg_ic0,7,3,2084346,2426246,37351152,41861744,35,35,0,0,35,true,8.258974965760397e-09,8.258974914806703e-09,NaN,1067175.7714285713,7482.201923076923,2007040,usr_bin_time_v,1220608,49422336,NaN,402.05128205128204,-1,-1,1e-08,ic0,1.0,0.0,false,2026-07-27T18:07:37.762865+00:00
2,python,single_thread,1,1,1,scipy-openblas:0.3.31.188.0,1,1,1,1001,laplacian_2d_spd,laplacian_2d_spd/m032_n00001024,1024,4992,pcg_ic0,8,3,2059425,2372650,37313096,41745171,35,35,0,0,35,true,8.258974965760397e-09,8.258974914806703e-09,NaN,1066088.4571428571,7474.578525641025,2007040,usr_bin_time_v,1224704,49422336,NaN,402.05128205128204,-1,-1,1e-08,ic0,1.0,0.0,false,2026-07-27T18:07:37.762865+00:00
2,python,single_thread,1,1,1,scipy-openblas:0.3.31.188.0,1,1,1,1001,laplacian_2d_spd,laplacian_2d_spd/m032_n00001024,1024,4992,pcg_ic0,9,3,2046118,2372004,36952005,41370127,35,35,0,0,35,true,8.258974965760397e-09,8.258974914806703e-09,NaN,1055771.5714285714,7402.244591346154,2007040,usr_bin_time_v,1232896,49422336,NaN,402.05128205128204,-1,-1,1e-08,ic0,1.0,0.0,false,2026-07-27T18:07:37.762865+00:00
2,python,single_thread,1,1,1,scipy-openblas:0.3.31.188.0,1,1,1,1001,laplacian_2d_spd,laplacian_2d_spd/m032_n00001024,1024,4992,pcg_ic0,10,3,1970837,2372610,37086316,41429763,35,35,0,0,35,true,8.258974965760397e-09,8.258974914806703e-09,NaN,1059609.0285714285,7429.14983974359,2007040,usr_bin_time_v,1241088,49422336,NaN,402.05128205128204,-1,-1,1e-08,ic0,1.0,0.0,false,2026-07-27T18:07:37.762865+00:00
2,julia,single_thread,1,1,1,openblas:libopenblas64_.so,1,1,1,1000,laplacian_2d_spd,laplacian_2d_spd/m064_n00004096,4096,20224,pcg_ic0,1,3,6450390,608787,5689209,12748386,65,65,0,0,65,true,8.53805550801166e-9,8.53805551910364e-9,NaN,87526.2923076923,281.30978045886076,118108160,proc_status_vmhwm,118108160,456519680,104714616,5840.0,-1,-1,1.0e-8,ic0,1.0,0.0,false,2026-07-27T18:09:59.565
2,julia,single_thread,1,1,1,openblas:libopenblas64_.so,1,1,1,1000,laplacian_2d_spd,laplacian_2d_spd/m064_n00004096,4096,20224,pcg_ic0,2,3,6443405,596714,5466630,12506749,65,65,0,0,65,true,8.53805550801166e-9,8.53805551910364e-9,NaN,84102.0,270.3040941455696,118112256,proc_status_vmhwm,118112256,456519680,118924904,5840.202531645569,-1,-1,1.0e-8,ic0,1.0,0.0,false,2026-07-27T18:09:59.578
2,julia,single_thread,1,1,1,openblas:libopenblas64_.so,1,1,1,1000,laplacian_2d_spd,laplacian_2d_spd/m064_n00004096,4096,20224,pcg_ic0,3,3,6436693,552758,5525066,12514517,65,65,0,0,65,true,8.53805550801166e-9,8.53805551910364e-9,NaN,85001.01538461538,273.19353243670884,118120448,proc_status_vmhwm,118120448,456519680,133131048,5840.607594936709,-1,-1,1.0e-8,ic0,1.0,0.0,false,2026-07-27T18:09:59.590
2,julia,single_thread,1,1,1,openblas:libopenblas64_.so,1,1,1,1000,laplacian_2d_spd,laplacian_2d_spd/m064_n00004096,4096,20224,pcg_ic0,4,3,7593437,586693,5533961,13714091,65,65,0,0,65,true,8.53805550801166e-9,8.53805551910364e-9,NaN,85137.86153846154,273.6333564082278,121798656,proc_status_vmhwm,121798656,456519680,148818832,6022.481012658228,-1,-1,1.0e-8,ic0,1.0,0.0,false,2026-07-27T18:09:59.630
2,julia,single_thread,1,1,1,openblas:libopenblas64_.so,1,1,1,1000,laplacian_2d_spd,laplacian_2d_spd/m064_n00004096,4096,20224,pcg_ic0,5,3,8325122,583888,5712887,14621897,65,65,0,0,65,true,8.53805550801166e-9,8.53805551910364e-9,NaN,87890.56923076924,282.48056764240505,127647744,proc_status_vmhwm,127647744,456519680,163025136,6311.696202531645,-1,-1,1.0e-8,ic0,1.0,0.0,false,2026-07-27T18:09:59.645
2,julia,single_thread,1,1,1,openblas:libopenblas64_.so,1,1,1,1000,laplacian_2d_spd,laplacian_2d_spd/m064_n00004096,4096,20224,pcg_ic0,6,3,35299115,679688,5941915,41920718,65,65,0,0,65,true,8.53805550801166e-9,8.53805551910364e-9,NaN,91414.07692307692,293.8051325158228,128552960,proc_status_vmhwm,128552960,456519680,38257576,6356.455696202532,-1,-1,1.0e-8,ic0,1.0,0.0,false,2026-07-27T18:09:59.687
2,julia,single_thread,1,1,1,openblas:libopenblas64_.so,1,1,1,1000,laplacian_2d_spd,laplacian_2d_spd/m064_n00004096,4096,20224,pcg_ic0,7,3,7778738,635797,6319952,14734487,65,65,0,0,65,true,8.53805550801166e-9,8.53805551910364e-9,NaN,97230.03076923077,312.4976265822785,128552960,proc_status_vmhwm,128552960,456519680,52463720,6356.455696202532,-1,-1,1.0e-8,ic0,1.0,0.0,false,2026-07-27T18:09:59.702
2,julia,single_thread,1,1,1,openblas:libopenblas64_.so,1,1,1,1000,laplacian_2d_spd,laplacian_2d_spd/m064_n00004096,4096,20224,pcg_ic0,8,3,7733205,694986,6054926,14483117,65,65,0,0,65,true,8.53805550801166e-9,8.53805551910364e-9,NaN,93152.7076923077,299.39309731012656,128561152,proc_status_vmhwm,128561152,456519680,66669864,6356.860759493671,-1,-1,1.0e-8,ic0,1.0,0.0,false,2026-07-27T18:09:59.717
2,julia,single_thread,1,1,1,openblas:libopenblas64_.so,1,1,1,1000,laplacian_2d_spd,laplacian_2d_spd/m064_n00004096,4096,20224,pcg_ic0,9,3,7838851,627907,6792641,15259399,65,65,0,0,65,true,8.53805550801166e-9,8.53805551910364e-9,NaN,104502.16923076923,335.8703026107595,128561152,proc_status_vmhwm,128561152,456519680,80876008,6356.860759493671,-1,-1,1.0e-8,ic0,1.0,0.0,false,2026-07-27T18:09:59.732
2,julia,single_thread,1,1,1,openblas:libopenblas64_.so,1,1,1,1000,laplacian_2d_spd,laplacian_2d_spd/m064_n00004096,4096,20224,pcg_ic0,10,3,7429726,631038,5934765,13995529,65,65,0,0,65,true,8.53805550801166e-9,8.53805551910364e-9,NaN,91304.07692307692,293.4515921677215,128561152,proc_status_vmhwm,128561152,456519680,95082152,6356.860759493671,-1,-1,1.0e-8,ic0,1.0,0.0,false,2026-07-27T18:09:59.747
2,julia,single_thread,1,1,1,openblas:libopenblas64_.so,1,1,1,1000,laplacian_2d_spd,laplacian_2d_spd/m032_n00001024,1024,4992,pcg_jacobi,1,3,1548799,10871,657426,2217096,101,101,0,0,101,true,8.822208925159782e-9,8.822208956579435e-9,NaN,6509.168316831683,131.69591346153845,121065472,proc_status_vmhwm,121065472,454262784,41943088,24251.897435897437,-1,-1,1.0e-8,jacobi,NaN,NaN,false,2026-07-27T18:10:06.888
2,julia,single_thread,1,1,1,openblas:libopenblas64_.so,1,1,1,1000,laplacian_2d_spd,laplacian_2d_spd/m032_n00001024,1024,4992,pcg_jacobi,2,3,1611199,10986,698164,2320349,101,101,0,0,101,true,8.822208925159782e-9,8.822208956579435e-9,NaN,6912.514851485149,139.85657051282053,121065472,proc_status_vmhwm,121065472,454262784,45986240,24251.897435897437,-1,-1,1.0e-8,jacobi,NaN,NaN,false,2026-07-27T18:10:06.891
2,julia,single_thread,1,1,1,openblas:libopenblas64_.so,1,1,1,1000,laplacian_2d_spd,laplacian_2d_spd/m032_n00001024,1024,4992,pcg_jacobi,3,3,1589643,11415,663019,2264077,101,101,0,0,101,true,8.822208925159782e-9,8.822208956579435e-9,NaN,6564.544554455446,132.8163060897436,121065472,proc_status_vmhwm,121065472,454262784,50025248,24251.897435897437,-1,-1,1.0e-8,jacobi,NaN,NaN,false,2026-07-27T18:10:06.893
2,julia,single_thread,1,1,1,openblas:libopenblas64_.so,1,1,1,1000,laplacian_2d_spd,laplacian_2d_spd/m032_n00001024,1024,4992,pcg_jacobi,4,3,1581328,10080,670925,2262333,101,101,0,0,101,true,8.822208925159782e-9,8.822208956579435e-9,NaN,6642.821782178218,134.40004006410257,121065472,proc_status_vmhwm,121065472,454262784,54064256,24251.897435897437,-1,-1,1.0e-8,jacobi,NaN,NaN,false,2026-07-27T18:10:06.896
2,julia,single_thread,1,1,1,openblas:libopenblas64_.so,1,1,1,1000,laplacian_2d_spd,laplacian_2d_spd/m032_n00001024,1024,4992,pcg_jacobi,5,3,1553701,11930,638517,2204148,101,101,0,0,101,true,8.822208925159782e-9,8.822208956579435e-9,NaN,6321.950495049505,127.90805288461539,121065472,proc_status_vmhwm,121065472,454262784,58103360,24251.897435897437,-1,-1,1.0e-8,jacobi,NaN,NaN,false,2026-07-27T18:10:06.898
2,julia,single_thread,1,1,1,openblas:libopenblas64_.so,1,1,1,1000,laplacian_2d_spd,laplacian_2d_spd/m032_n00001024,1024,4992,pcg_jacobi,6,3,1561229,12823,702951,2277003,101,101,0,0,101,true,8.822208925159782e-9,8.822208956579435e-9,NaN,6959.910891089109,140.81550480769232,121065472,proc_status_vmhwm,121065472,454262784,62142368,24251.897435897437,-1,-1,1.0e-8,jacobi,NaN,NaN,false,2026-07-27T18:10:06.900
2,julia,single_thread,1,1,1,openblas:libopenblas64_.so,1,1,1,1000,laplacian_2d_spd,laplacian_2d_spd/m032_n00001024,1024,4992,pcg_jacobi,7,3,1603596,11503,658439,2273538,101,101,0,0,101,true,8.822208925159782e-9,8.822208956579435e-9,NaN,6519.19801980198,131.89883814102564,121065472,proc_status_vmhwm,121065472,454262784,67663016,24251.897435897437,-1,-1,1.0e-8,jacobi,NaN,NaN,false,2026-07-27T18:10:06.929
2,julia,single_thread,1,1,1,openblas:libopenblas64_.so,1,1,1,1000,laplacian_2d_spd,laplacian_2d_spd/m032_n00001024,1024,4992,pcg_jacobi,8,3,1534349,20274,661119,2215742,101,101,0,0,101,true,8.822208925159782e-9,8.822208956579435e-9,NaN,6545.732673267326,132.4356971153846,121065472,proc_status_vmhwm,121065472,454262784,71702024,24251.897435897437,-1,-1,1.0e-8,jacobi,NaN,NaN,false,2026-07-27T18:10:06.932
2,julia,single_thread,1,1,1,openblas:libopenblas64_.so,1,1,1,1000,laplacian_2d_spd,laplacian_2d_spd/m032_n00001024,1024,4992,pcg_jacobi,9,3,1540609,11993,654826,2207428,101,101,0,0,101,true,8.822208925159782e-9,8.822208956579435e-9,NaN,6483.425742574257,131.17508012820514,121065472,proc_status_vmhwm,121065472,454262784,75741032,24251.897435897437,-1,-1,1.0e-8,jacobi,NaN,NaN,false,2026-07-27T18:10:06.934
2,julia,single_thread,1,1,1,openblas:libopenblas64_.so,1,1,1,1000,laplacian_2d_spd,laplacian_2d_spd/m032_n00001024,1024,4992,pcg_jacobi,10,3,1570667,9978,682823,2263468,101,101,0,0,101,true,8.822208925159782e-9,8.822208956579435e-9,NaN,6760.623762376237,136.78345352564102,121065472,proc_status_vmhwm,121065472,454262784,79780040,24251.897435897437,-1,-1,1.0e-8,jacobi,NaN,NaN,false,2026-07-27T18:10:06.936
