instance,family,n,k,language,restart_r,cycle,cycle_residual,outer_cycles,total_inner_iters,total_time_s,basis_bytes,alloc_bytes,vmhwm_bytes,converged,final_drazin_err,stagnation,seed
block-diag n=103 k=3,sparse_block_singular,103,3,julia,10,1,0.0093143273,9,90,0.00121026,8240,9231864,499236864,true,5.7614275e-07,false,0
block-diag n=103 k=3,sparse_block_singular,103,3,julia,10,2,0.0015503358,9,90,0.00121026,8240,9231864,499236864,true,5.7614275e-07,false,0
block-diag n=103 k=3,sparse_block_singular,103,3,julia,10,3,0.0002824432,9,90,0.00121026,8240,9231864,499236864,true,5.7614275e-07,false,0
block-diag n=103 k=3,sparse_block_singular,103,3,julia,10,4,5.1787037e-05,9,90,0.00121026,8240,9231864,499236864,true,5.7614275e-07,false,0
block-diag n=103 k=3,sparse_block_singular,103,3,julia,10,5,9.9633887e-06,9,90,0.00121026,8240,9231864,499236864,true,5.7614275e-07,false,0
block-diag n=103 k=3,sparse_block_singular,103,3,julia,10,6,1.9746755e-06,9,90,0.00121026,8240,9231864,499236864,true,5.7614275e-07,false,0
block-diag n=103 k=3,sparse_block_singular,103,3,julia,10,7,3.5547318e-07,9,90,0.00121026,8240,9231864,499236864,true,5.7614275e-07,false,0
block-diag n=103 k=3,sparse_block_singular,103,3,julia,10,8,6.5640303e-08,9,90,0.00121026,8240,9231864,499236864,true,5.7614275e-07,false,0
block-diag n=103 k=3,sparse_block_singular,103,3,julia,10,9,9.4433904e-09,9,90,0.00121026,8240,9231864,499236864,true,5.7614275e-07,false,0
block-diag n=103 k=3,sparse_block_singular,103,3,julia,20,1,0.00016131519,3,60,0.00133925,16480,9042624,499236864,true,7.5018505e-08,false,0
block-diag n=103 k=3,sparse_block_singular,103,3,julia,20,2,4.430498e-07,3,60,0.00133925,16480,9042624,499236864,true,7.5018505e-08,false,0
block-diag n=103 k=3,sparse_block_singular,103,3,julia,20,3,1.3511748e-09,3,60,0.00133925,16480,9042624,499236864,true,7.5018505e-08,false,0
block-diag n=103 k=3,sparse_block_singular,103,3,julia,30,1,1.2122975e-06,2,60,0.00199221,24720,11968832,499236864,true,1.4551846e-09,false,0
block-diag n=103 k=3,sparse_block_singular,103,3,julia,30,2,2.5166259e-11,2,60,0.00199221,24720,11968832,499236864,true,1.4551846e-09,false,0
block-diag n=103 k=3,sparse_block_singular,103,3,julia,50,1,6.6787495e-09,1,40,0.00186542,41200,9954256,499236864,true,3.8247286e-07,false,0
block-diag n=503 k=3,sparse_block_singular,503,3,julia,10,1,0.0088654735,10,100,0.00534081,40240,34325056,499236864,true,2.8578961e-07,false,0
block-diag n=503 k=3,sparse_block_singular,503,3,julia,10,2,0.0014270632,10,100,0.00534081,40240,34325056,499236864,true,2.8578961e-07,false,0
block-diag n=503 k=3,sparse_block_singular,503,3,julia,10,3,0.00028790106,10,100,0.00534081,40240,34325056,499236864,true,2.8578961e-07,false,0
block-diag n=503 k=3,sparse_block_singular,503,3,julia,10,4,5.8162249e-05,10,100,0.00534081,40240,34325056,499236864,true,2.8578961e-07,false,0
block-diag n=503 k=3,sparse_block_singular,503,3,julia,10,5,1.1740105e-05,10,100,0.00534081,40240,34325056,499236864,true,2.8578961e-07,false,0
block-diag n=503 k=3,sparse_block_singular,503,3,julia,10,6,2.3663843e-06,10,100,0.00534081,40240,34325056,499236864,true,2.8578961e-07,false,0
block-diag n=503 k=3,sparse_block_singular,503,3,julia,10,7,4.790995e-07,10,100,0.00534081,40240,34325056,499236864,true,2.8578961e-07,false,0
block-diag n=503 k=3,sparse_block_singular,503,3,julia,10,8,9.684504e-08,10,100,0.00534081,40240,34325056,499236864,true,2.8578961e-07,false,0
block-diag n=503 k=3,sparse_block_singular,503,3,julia,10,9,1.9444653e-08,10,100,0.00534081,40240,34325056,499236864,true,2.8578961e-07,false,0
block-diag n=503 k=3,sparse_block_singular,503,3,julia,10,10,3.9331581e-09,10,100,0.00534081,40240,34325056,499236864,true,2.8578961e-07,false,0
block-diag n=503 k=3,sparse_block_singular,503,3,julia,20,1,0.00016865629,3,60,0.0056901,80480,33843336,499236864,true,1.3662571e-07,false,0
block-diag n=503 k=3,sparse_block_singular,503,3,julia,20,2,5.7315502e-07,3,60,0.0056901,80480,33843336,499236864,true,1.3662571e-07,false,0
block-diag n=503 k=3,sparse_block_singular,503,3,julia,20,3,1.976242e-09,3,60,0.0056901,80480,33843336,499236864,true,1.3662571e-07,false,0
block-diag n=503 k=3,sparse_block_singular,503,3,julia,30,1,1.5003024e-06,2,60,0.00844335,120720,47241152,499236864,true,2.7795098e-09,false,0
block-diag n=503 k=3,sparse_block_singular,503,3,julia,30,2,4.1524293e-11,2,60,0.00844335,120720,47241152,499236864,true,2.7795098e-09,false,0
block-diag n=503 k=3,sparse_block_singular,503,3,julia,50,1,9.2154993e-09,1,40,0.00783832,201200,40508424,499236864,true,6.0973945e-07,false,0
similarity n=43 k=3,similarity_singular,43,3,julia,10,1,0.32884388,500,5000,0.0920728,3440,324248488,499236864,false,1.0720206,true,1000
similarity n=43 k=3,similarity_singular,43,3,julia,10,2,0.30915986,500,5000,0.0920728,3440,324248488,499236864,false,1.0720206,true,1000
similarity n=43 k=3,similarity_singular,43,3,julia,10,3,0.30355106,500,5000,0.0920728,3440,324248488,499236864,false,1.0720206,true,1000
similarity n=43 k=3,similarity_singular,43,3,julia,10,4,0.29096295,500,5000,0.0920728,3440,324248488,499236864,false,1.0720206,true,1000
similarity n=43 k=3,similarity_singular,43,3,julia,10,5,0.2849775,500,5000,0.0920728,3440,324248488,499236864,false,1.0720206,true,1000
similarity n=43 k=3,similarity_singular,43,3,julia,10,6,0.28190055,500,5000,0.0920728,3440,324248488,499236864,false,1.0720206,true,1000
similarity n=43 k=3,similarity_singular,43,3,julia,10,7,0.28090919,500,5000,0.0920728,3440,324248488,499236864,false,1.0720206,true,1000
similarity n=43 k=3,similarity_singular,43,3,julia,10,8,0.28057752,500,5000,0.0920728,3440,324248488,499236864,false,1.0720206,true,1000
similarity n=43 k=3,similarity_singular,43,3,julia,10,9,0.28046552,500,5000,0.0920728,3440,324248488,499236864,false,1.0720206,true,1000
similarity n=43 k=3,similarity_singular,43,3,julia,10,10,0.28042455,500,5000,0.0920728,3440,324248488,499236864,false,1.0720206,true,1000
similarity n=43 k=3,similarity_singular,43,3,julia,10,11,0.28040814,500,5000,0.0920728,3440,324248488,499236864,false,1.0720206,true,1000
similarity n=43 k=3,similarity_singular,43,3,julia,10,12,0.28040088,500,5000,0.0920728,3440,324248488,499236864,false,1.0720206,true,1000
similarity n=43 k=3,similarity_singular,43,3,julia,10,13,0.28039739,500,5000,0.0920728,3440,324248488,499236864,false,1.0720206,true,1000
similarity n=43 k=3,similarity_singular,43,3,julia,10,14,0.28039562,500,5000,0.0920728,3440,324248488,499236864,false,1.0720206,true,1000
similarity n=43 k=3,similarity_singular,43,3,julia,10,15,0.28039468,500,5000,0.0920728,3440,324248488,499236864,false,1.0720206,true,1000
similarity n=43 k=3,similarity_singular,43,3,julia,10,16,0.28039418,500,5000,0.0920728,3440,324248488,499236864,false,1.0720206,true,1000
similarity n=43 k=3,similarity_singular,43,3,julia,10,17,0.2803939,500,5000,0.0920728,3440,324248488,499236864,false,1.0720206,true,1000
similarity n=43 k=3,similarity_singular,43,3,julia,10,18,0.28039375,500,5000,0.0920728,3440,324248488,499236864,false,1.0720206,true,1000
similarity n=43 k=3,similarity_singular,43,3,julia,10,19,0.28039367,500,5000,0.0920728,3440,324248488,499236864,false,1.0720206,true,1000
similarity n=43 k=3,similarity_singular,43,3,julia,10,20,0.28039362,500,5000,0.0920728,3440,324248488,499236864,false,1.0720206,true,1000
similarity n=43 k=3,similarity_singular,43,3,julia,10,21,0.2803936,500,5000,0.0920728,3440,324248488,499236864,false,1.0720206,true,1000
similarity n=43 k=3,similarity_singular,43,3,julia,10,22,0.28039358,500,5000,0.0920728,3440,324248488,499236864,false,1.0720206,true,1000
similarity n=43 k=3,similarity_singular,43,3,julia,10,23,0.28039357,500,5000,0.0920728,3440,324248488,499236864,false,1.0720206,true,1000
similarity n=43 k=3,similarity_singular,43,3,julia,10,24,0.28039357,500,5000,0.0920728,3440,324248488,499236864,false,1.0720206,true,1000
similarity n=43 k=3,similarity_singular,43,3,julia,10,25,0.28039357,500,5000,0.0920728,3440,324248488,499236864,false,1.0720206,true,1000
similarity n=43 k=3,similarity_singular,43,3,julia,10,26,0.28039356,500,5000,0.0920728,3440,324248488,499236864,false,1.0720206,true,1000
similarity n=43 k=3,similarity_singular,43,3,julia,10,27,0.28039356,500,5000,0.0920728,3440,324248488,499236864,false,1.0720206,true,1000
similarity n=43 k=3,similarity_singular,43,3,julia,10,28,0.28039356,500,5000,0.0920728,3440,324248488,499236864,false,1.0720206,true,1000
similarity n=43 k=3,similarity_singular,43,3,julia,10,29,0.28039356,500,5000,0.0920728,3440,324248488,499236864,false,1.0720206,true,1000
similarity n=43 k=3,similarity_singular,43,3,julia,10,30,0.28039356,500,5000,0.0920728,3440,324248488,499236864,false,1.0720206,true,1000
similarity n=43 k=3,similarity_singular,43,3,julia,10,31,0.28039356,500,5000,0.0920728,3440,324248488,499236864,false,1.0720206,true,1000
similarity n=43 k=3,similarity_singular,43,3,julia,10,32,0.28039356,500,5000,0.0920728,3440,324248488,499236864,false,1.0720206,true,1000
similarity n=43 k=3,similarity_singular,43,3,julia,10,33,0.28039356,500,5000,0.0920728,3440,324248488,499236864,false,1.0720206,true,1000
similarity n=43 k=3,similarity_singular,43,3,julia,10,34,0.28039356,500,5000,0.0920728,3440,324248488,499236864,false,1.0720206,true,1000
similarity n=43 k=3,similarity_singular,43,3,julia,10,35,0.28039356,500,5000,0.0920728,3440,324248488,499236864,false,1.0720206,true,1000
similarity n=43 k=3,similarity_singular,43,3,julia,10,36,0.28039356,500,5000,0.0920728,3440,324248488,499236864,false,1.0720206,true,1000
similarity n=43 k=3,similarity_singular,43,3,julia,10,37,0.28039356,500,5000,0.0920728,3440,324248488,499236864,false,1.0720206,true,1000
similarity n=43 k=3,similarity_singular,43,3,julia,10,38,0.28039356,500,5000,0.0920728,3440,324248488,499236864,false,1.0720206,true,1000
similarity n=43 k=3,similarity_singular,43,3,julia,10,39,0.28039356,500,5000,0.0920728,3440,324248488,499236864,false,1.0720206,true,1000
similarity n=43 k=3,similarity_singular,43,3,julia,10,40,0.28039356,500,5000,0.0920728,3440,324248488,499236864,false,1.0720206,true,1000
similarity n=43 k=3,similarity_singular,43,3,julia,10,41,0.28039356,500,5000,0.0920728,3440,324248488,499236864,false,1.0720206,true,1000
similarity n=43 k=3,similarity_singular,43,3,julia,10,42,0.28039356,500,5000,0.0920728,3440,324248488,499236864,false,1.0720206,true,1000
similarity n=43 k=3,similarity_singular,43,3,julia,10,43,0.28039356,500,5000,0.0920728,3440,324248488,499236864,false,1.0720206,true,1000
similarity n=43 k=3,similarity_singular,43,3,julia,10,44,0.28039356,500,5000,0.0920728,3440,324248488,499236864,false,1.0720206,true,1000
similarity n=43 k=3,similarity_singular,43,3,julia,10,45,0.28039356,500,5000,0.0920728,3440,324248488,499236864,false,1.0720206,true,1000
similarity n=43 k=3,similarity_singular,43,3,julia,10,46,0.28039356,500,5000,0.0920728,3440,324248488,499236864,false,1.0720206,true,1000
similarity n=43 k=3,similarity_singular,43,3,julia,10,47,0.28039356,500,5000,0.0920728,3440,324248488,499236864,false,1.0720206,true,1000
similarity n=43 k=3,similarity_singular,43,3,julia,10,48,0.28039356,500,5000,0.0920728,3440,324248488,499236864,false,1.0720206,true,1000
similarity n=43 k=3,similarity_singular,43,3,julia,10,49,0.28039356,500,5000,0.0920728,3440,324248488,499236864,false,1.0720206,true,1000
similarity n=43 k=3,similarity_singular,43,3,julia,10,50,0.28039356,500,5000,0.0920728,3440,324248488,499236864,false,1.0720206,true,1000
similarity n=43 k=3,similarity_singular,43,3,julia,10,51,0.28039356,500,5000,0.0920728,3440,324248488,499236864,false,1.0720206,true,1000
similarity n=43 k=3,similarity_singular,43,3,julia,10,52,0.28039356,500,5000,0.0920728,3440,324248488,499236864,false,1.0720206,true,1000
similarity n=43 k=3,similarity_singular,43,3,julia,10,53,0.28039356,500,5000,0.0920728,3440,324248488,499236864,false,1.0720206,true,1000
similarity n=43 k=3,similarity_singular,43,3,julia,10,54,0.28039356,500,5000,0.0920728,3440,324248488,499236864,false,1.0720206,true,1000
similarity n=43 k=3,similarity_singular,43,3,julia,10,55,0.28039356,500,5000,0.0920728,3440,324248488,499236864,false,1.0720206,true,1000
similarity n=43 k=3,similarity_singular,43,3,julia,10,56,0.28039356,500,5000,0.0920728,3440,324248488,499236864,false,1.0720206,true,1000
similarity n=43 k=3,similarity_singular,43,3,julia,10,57,0.28039356,500,5000,0.0920728,3440,324248488,499236864,false,1.0720206,true,1000
similarity n=43 k=3,similarity_singular,43,3,julia,10,58,0.28039356,500,5000,0.0920728,3440,324248488,499236864,false,1.0720206,true,1000
similarity n=43 k=3,similarity_singular,43,3,julia,10,59,0.28039356,500,5000,0.0920728,3440,324248488,499236864,false,1.0720206,true,1000
similarity n=43 k=3,similarity_singular,43,3,julia,10,60,0.28039356,500,5000,0.0920728,3440,324248488,499236864,false,1.0720206,true,1000
similarity n=43 k=3,similarity_singular,43,3,julia,10,61,0.28039356,500,5000,0.0920728,3440,324248488,499236864,false,1.0720206,true,1000
similarity n=43 k=3,similarity_singular,43,3,julia,10,62,0.28039356,500,5000,0.0920728,3440,324248488,499236864,false,1.0720206,true,1000
similarity n=43 k=3,similarity_singular,43,3,julia,10,63,0.28039356,500,5000,0.0920728,3440,324248488,499236864,false,1.0720206,true,1000
similarity n=43 k=3,similarity_singular,43,3,julia,10,64,0.28039356,500,5000,0.0920728,3440,324248488,499236864,false,1.0720206,true,1000
similarity n=43 k=3,similarity_singular,43,3,julia,10,65,0.28039356,500,5000,0.0920728,3440,324248488,499236864,false,1.0720206,true,1000
similarity n=43 k=3,similarity_singular,43,3,julia,10,66,0.28039356,500,5000,0.0920728,3440,324248488,499236864,false,1.0720206,true,1000
similarity n=43 k=3,similarity_singular,43,3,julia,10,67,0.28039356,500,5000,0.0920728,3440,324248488,499236864,false,1.0720206,true,1000
similarity n=43 k=3,similarity_singular,43,3,julia,10,68,0.28039356,500,5000,0.0920728,3440,324248488,499236864,false,1.0720206,true,1000
similarity n=43 k=3,similarity_singular,43,3,julia,10,69,0.28039356,500,5000,0.0920728,3440,324248488,499236864,false,1.0720206,true,1000
similarity n=43 k=3,similarity_singular,43,3,julia,10,70,0.28039356,500,5000,0.0920728,3440,324248488,499236864,false,1.0720206,true,1000
similarity n=43 k=3,similarity_singular,43,3,julia,10,71,0.28039356,500,5000,0.0920728,3440,324248488,499236864,false,1.0720206,true,1000
similarity n=43 k=3,similarity_singular,43,3,julia,10,72,0.28039356,500,5000,0.0920728,3440,324248488,499236864,false,1.0720206,true,1000
similarity n=43 k=3,similarity_singular,43,3,julia,10,73,0.28039356,500,5000,0.0920728,3440,324248488,499236864,false,1.0720206,true,1000
similarity n=43 k=3,similarity_singular,43,3,julia,10,74,0.28039356,500,5000,0.0920728,3440,324248488,499236864,false,1.0720206,true,1000
similarity n=43 k=3,similarity_singular,43,3,julia,10,75,0.28039356,500,5000,0.0920728,3440,324248488,499236864,false,1.0720206,true,1000
similarity n=43 k=3,similarity_singular,43,3,julia,10,76,0.28039356,500,5000,0.0920728,3440,324248488,499236864,false,1.0720206,true,1000
similarity n=43 k=3,similarity_singular,43,3,julia,10,77,0.28039356,500,5000,0.0920728,3440,324248488,499236864,false,1.0720206,true,1000
similarity n=43 k=3,similarity_singular,43,3,julia,10,78,0.28039356,500,5000,0.0920728,3440,324248488,499236864,false,1.0720206,true,1000
similarity n=43 k=3,similarity_singular,43,3,julia,10,79,0.28039356,500,5000,0.0920728,3440,324248488,499236864,false,1.0720206,true,1000
similarity n=43 k=3,similarity_singular,43,3,julia,10,80,0.28039356,500,5000,0.0920728,3440,324248488,499236864,false,1.0720206,true,1000
similarity n=43 k=3,similarity_singular,43,3,julia,10,81,0.28039356,500,5000,0.0920728,3440,324248488,499236864,false,1.0720206,true,1000
similarity n=43 k=3,similarity_singular,43,3,julia,10,82,0.28039356,500,5000,0.0920728,3440,324248488,499236864,false,1.0720206,true,1000
similarity n=43 k=3,similarity_singular,43,3,julia,10,83,0.28039356,500,5000,0.0920728,3440,324248488,499236864,false,1.0720206,true,1000
similarity n=43 k=3,similarity_singular,43,3,julia,10,84,0.28039356,500,5000,0.0920728,3440,324248488,499236864,false,1.0720206,true,1000
similarity n=43 k=3,similarity_singular,43,3,julia,10,85,0.28039356,500,5000,0.0920728,3440,324248488,499236864,false,1.0720206,true,1000
similarity n=43 k=3,similarity_singular,43,3,julia,10,86,0.28039356,500,5000,0.0920728,3440,324248488,499236864,false,1.0720206,true,1000
similarity n=43 k=3,similarity_singular,43,3,julia,10,87,0.28039356,500,5000,0.0920728,3440,324248488,499236864,false,1.0720206,true,1000
similarity n=43 k=3,similarity_singular,43,3,julia,10,88,0.28039356,500,5000,0.0920728,3440,324248488,499236864,false,1.0720206,true,1000
similarity n=43 k=3,similarity_singular,43,3,julia,10,89,0.28039356,500,5000,0.0920728,3440,324248488,499236864,false,1.0720206,true,1000
similarity n=43 k=3,similarity_singular,43,3,julia,10,90,0.28039356,500,5000,0.0920728,3440,324248488,499236864,false,1.0720206,true,1000
similarity n=43 k=3,similarity_singular,43,3,julia,10,91,0.28039356,500,5000,0.0920728,3440,324248488,499236864,false,1.0720206,true,1000
similarity n=43 k=3,similarity_singular,43,3,julia,10,92,0.28039356,500,5000,0.0920728,3440,324248488,499236864,false,1.0720206,true,1000
similarity n=43 k=3,similarity_singular,43,3,julia,10,93,0.28039356,500,5000,0.0920728,3440,324248488,499236864,false,1.0720206,true,1000
similarity n=43 k=3,similarity_singular,43,3,julia,10,94,0.28039356,500,5000,0.0920728,3440,324248488,499236864,false,1.0720206,true,1000
similarity n=43 k=3,similarity_singular,43,3,julia,10,95,0.28039356,500,5000,0.0920728,3440,324248488,499236864,false,1.0720206,true,1000
similarity n=43 k=3,similarity_singular,43,3,julia,10,96,0.28039356,500,5000,0.0920728,3440,324248488,499236864,false,1.0720206,true,1000
similarity n=43 k=3,similarity_singular,43,3,julia,10,97,0.28039356,500,5000,0.0920728,3440,324248488,499236864,false,1.0720206,true,1000
similarity n=43 k=3,similarity_singular,43,3,julia,10,98,0.28039356,500,5000,0.0920728,3440,324248488,499236864,false,1.0720206,true,1000
similarity n=43 k=3,similarity_singular,43,3,julia,10,99,0.28039356,500,5000,0.0920728,3440,324248488,499236864,false,1.0720206,true,1000
similarity n=43 k=3,similarity_singular,43,3,julia,10,100,0.28039356,500,5000,0.0920728,3440,324248488,499236864,false,1.0720206,true,1000
similarity n=43 k=3,similarity_singular,43,3,julia,10,101,0.28039356,500,5000,0.0920728,3440,324248488,499236864,false,1.0720206,true,1000
similarity n=43 k=3,similarity_singular,43,3,julia,10,102,0.28039356,500,5000,0.0920728,3440,324248488,499236864,false,1.0720206,true,1000
similarity n=43 k=3,similarity_singular,43,3,julia,10,103,0.28039356,500,5000,0.0920728,3440,324248488,499236864,false,1.0720206,true,1000
similarity n=43 k=3,similarity_singular,43,3,julia,10,104,0.28039356,500,5000,0.0920728,3440,324248488,499236864,false,1.0720206,true,1000
similarity n=43 k=3,similarity_singular,43,3,julia,10,105,0.28039356,500,5000,0.0920728,3440,324248488,499236864,false,1.0720206,true,1000
similarity n=43 k=3,similarity_singular,43,3,julia,10,106,0.28039356,500,5000,0.0920728,3440,324248488,499236864,false,1.0720206,true,1000
similarity n=43 k=3,similarity_singular,43,3,julia,10,107,0.28039356,500,5000,0.0920728,3440,324248488,499236864,false,1.0720206,true,1000
similarity n=43 k=3,similarity_singular,43,3,julia,10,108,0.28039356,500,5000,0.0920728,3440,324248488,499236864,false,1.0720206,true,1000
similarity n=43 k=3,similarity_singular,43,3,julia,10,109,0.28039356,500,5000,0.0920728,3440,324248488,499236864,false,1.0720206,true,1000
similarity n=43 k=3,similarity_singular,43,3,julia,10,110,0.28039356,500,5000,0.0920728,3440,324248488,499236864,false,1.0720206,true,1000
similarity n=43 k=3,similarity_singular,43,3,julia,10,111,0.28039356,500,5000,0.0920728,3440,324248488,499236864,false,1.0720206,true,1000
similarity n=43 k=3,similarity_singular,43,3,julia,10,112,0.28039356,500,5000,0.0920728,3440,324248488,499236864,false,1.0720206,true,1000
similarity n=43 k=3,similarity_singular,43,3,julia,10,113,0.28039356,500,5000,0.0920728,3440,324248488,499236864,false,1.0720206,true,1000
similarity n=43 k=3,similarity_singular,43,3,julia,10,114,0.28039356,500,5000,0.0920728,3440,324248488,499236864,false,1.0720206,true,1000
similarity n=43 k=3,similarity_singular,43,3,julia,10,115,0.28039356,500,5000,0.0920728,3440,324248488,499236864,false,1.0720206,true,1000
similarity n=43 k=3,similarity_singular,43,3,julia,10,116,0.28039356,500,5000,0.0920728,3440,324248488,499236864,false,1.0720206,true,1000
similarity n=43 k=3,similarity_singular,43,3,julia,10,117,0.28039356,500,5000,0.0920728,3440,324248488,499236864,false,1.0720206,true,1000
similarity n=43 k=3,similarity_singular,43,3,julia,10,118,0.28039356,500,5000,0.0920728,3440,324248488,499236864,false,1.0720206,true,1000
similarity n=43 k=3,similarity_singular,43,3,julia,10,119,0.28039356,500,5000,0.0920728,3440,324248488,499236864,false,1.0720206,true,1000
similarity n=43 k=3,similarity_singular,43,3,julia,10,120,0.28039356,500,5000,0.0920728,3440,324248488,499236864,false,1.0720206,true,1000
similarity n=43 k=3,similarity_singular,43,3,julia,10,121,0.28039356,500,5000,0.0920728,3440,324248488,499236864,false,1.0720206,true,1000
similarity n=43 k=3,similarity_singular,43,3,julia,10,122,0.28039356,500,5000,0.0920728,3440,324248488,499236864,false,1.0720206,true,1000
similarity n=43 k=3,similarity_singular,43,3,julia,10,123,0.28039356,500,5000,0.0920728,3440,324248488,499236864,false,1.0720206,true,1000
similarity n=43 k=3,similarity_singular,43,3,julia,10,124,0.28039356,500,5000,0.0920728,3440,324248488,499236864,false,1.0720206,true,1000
similarity n=43 k=3,similarity_singular,43,3,julia,10,125,0.28039356,500,5000,0.0920728,3440,324248488,499236864,false,1.0720206,true,1000
similarity n=43 k=3,similarity_singular,43,3,julia,10,126,0.28039356,500,5000,0.0920728,3440,324248488,499236864,false,1.0720206,true,1000
similarity n=43 k=3,similarity_singular,43,3,julia,10,127,0.28039356,500,5000,0.0920728,3440,324248488,499236864,false,1.0720206,true,1000
similarity n=43 k=3,similarity_singular,43,3,julia,10,128,0.28039356,500,5000,0.0920728,3440,324248488,499236864,false,1.0720206,true,1000
similarity n=43 k=3,similarity_singular,43,3,julia,10,129,0.28039356,500,5000,0.0920728,3440,324248488,499236864,false,1.0720206,true,1000
similarity n=43 k=3,similarity_singular,43,3,julia,10,130,0.28039356,500,5000,0.0920728,3440,324248488,499236864,false,1.0720206,true,1000
similarity n=43 k=3,similarity_singular,43,3,julia,10,131,0.28039356,500,5000,0.0920728,3440,324248488,499236864,false,1.0720206,true,1000
similarity n=43 k=3,similarity_singular,43,3,julia,10,132,0.28039356,500,5000,0.0920728,3440,324248488,499236864,false,1.0720206,true,1000
similarity n=43 k=3,similarity_singular,43,3,julia,10,133,0.28039356,500,5000,0.0920728,3440,324248488,499236864,false,1.0720206,true,1000
similarity n=43 k=3,similarity_singular,43,3,julia,10,134,0.28039356,500,5000,0.0920728,3440,324248488,499236864,false,1.0720206,true,1000
similarity n=43 k=3,similarity_singular,43,3,julia,10,135,0.28039356,500,5000,0.0920728,3440,324248488,499236864,false,1.0720206,true,1000
similarity n=43 k=3,similarity_singular,43,3,julia,10,136,0.28039356,500,5000,0.0920728,3440,324248488,499236864,false,1.0720206,true,1000
similarity n=43 k=3,similarity_singular,43,3,julia,10,137,0.28039356,500,5000,0.0920728,3440,324248488,499236864,false,1.0720206,true,1000
similarity n=43 k=3,similarity_singular,43,3,julia,10,138,0.28039356,500,5000,0.0920728,3440,324248488,499236864,false,1.0720206,true,1000
similarity n=43 k=3,similarity_singular,43,3,julia,10,139,0.28039356,500,5000,0.0920728,3440,324248488,499236864,false,1.0720206,true,1000
similarity n=43 k=3,similarity_singular,43,3,julia,10,140,0.28039356,500,5000,0.0920728,3440,324248488,499236864,false,1.0720206,true,1000
similarity n=43 k=3,similarity_singular,43,3,julia,10,141,0.28039356,500,5000,0.0920728,3440,324248488,499236864,false,1.0720206,true,1000
similarity n=43 k=3,similarity_singular,43,3,julia,10,142,0.28039356,500,5000,0.0920728,3440,324248488,499236864,false,1.0720206,true,1000
similarity n=43 k=3,similarity_singular,43,3,julia,10,143,0.28039356,500,5000,0.0920728,3440,324248488,499236864,false,1.0720206,true,1000
similarity n=43 k=3,similarity_singular,43,3,julia,10,144,0.28039356,500,5000,0.0920728,3440,324248488,499236864,false,1.0720206,true,1000
similarity n=43 k=3,similarity_singular,43,3,julia,10,145,0.28039356,500,5000,0.0920728,3440,324248488,499236864,false,1.0720206,true,1000
similarity n=43 k=3,similarity_singular,43,3,julia,10,146,0.28039356,500,5000,0.0920728,3440,324248488,499236864,false,1.0720206,true,1000
similarity n=43 k=3,similarity_singular,43,3,julia,10,147,0.28039356,500,5000,0.0920728,3440,324248488,499236864,false,1.0720206,true,1000
similarity n=43 k=3,similarity_singular,43,3,julia,10,148,0.28039356,500,5000,0.0920728,3440,324248488,499236864,false,1.0720206,true,1000
similarity n=43 k=3,similarity_singular,43,3,julia,10,149,0.28039356,500,5000,0.0920728,3440,324248488,499236864,false,1.0720206,true,1000
similarity n=43 k=3,similarity_singular,43,3,julia,10,150,0.28039356,500,5000,0.0920728,3440,324248488,499236864,false,1.0720206,true,1000
similarity n=43 k=3,similarity_singular,43,3,julia,10,151,0.28039356,500,5000,0.0920728,3440,324248488,499236864,false,1.0720206,true,1000
similarity n=43 k=3,similarity_singular,43,3,julia,10,152,0.28039356,500,5000,0.0920728,3440,324248488,499236864,false,1.0720206,true,1000
similarity n=43 k=3,similarity_singular,43,3,julia,10,153,0.28039356,500,5000,0.0920728,3440,324248488,499236864,false,1.0720206,true,1000
similarity n=43 k=3,similarity_singular,43,3,julia,10,154,0.28039356,500,5000,0.0920728,3440,324248488,499236864,false,1.0720206,true,1000
similarity n=43 k=3,similarity_singular,43,3,julia,10,155,0.28039356,500,5000,0.0920728,3440,324248488,499236864,false,1.0720206,true,1000
similarity n=43 k=3,similarity_singular,43,3,julia,10,156,0.28039356,500,5000,0.0920728,3440,324248488,499236864,false,1.0720206,true,1000
similarity n=43 k=3,similarity_singular,43,3,julia,10,157,0.28039356,500,5000,0.0920728,3440,324248488,499236864,false,1.0720206,true,1000
similarity n=43 k=3,similarity_singular,43,3,julia,10,158,0.28039356,500,5000,0.0920728,3440,324248488,499236864,false,1.0720206,true,1000
similarity n=43 k=3,similarity_singular,43,3,julia,10,159,0.28039356,500,5000,0.0920728,3440,324248488,499236864,false,1.0720206,true,1000
similarity n=43 k=3,similarity_singular,43,3,julia,10,160,0.28039356,500,5000,0.0920728,3440,324248488,499236864,false,1.0720206,true,1000
similarity n=43 k=3,similarity_singular,43,3,julia,10,161,0.28039356,500,5000,0.0920728,3440,324248488,499236864,false,1.0720206,true,1000
similarity n=43 k=3,similarity_singular,43,3,julia,10,162,0.28039356,500,5000,0.0920728,3440,324248488,499236864,false,1.0720206,true,1000
similarity n=43 k=3,similarity_singular,43,3,julia,10,163,0.28039356,500,5000,0.0920728,3440,324248488,499236864,false,1.0720206,true,1000
similarity n=43 k=3,similarity_singular,43,3,julia,10,164,0.28039356,500,5000,0.0920728,3440,324248488,499236864,false,1.0720206,true,1000
similarity n=43 k=3,similarity_singular,43,3,julia,10,165,0.28039356,500,5000,0.0920728,3440,324248488,499236864,false,1.0720206,true,1000
similarity n=43 k=3,similarity_singular,43,3,julia,10,166,0.28039356,500,5000,0.0920728,3440,324248488,499236864,false,1.0720206,true,1000
similarity n=43 k=3,similarity_singular,43,3,julia,10,167,0.28039356,500,5000,0.0920728,3440,324248488,499236864,false,1.0720206,true,1000
similarity n=43 k=3,similarity_singular,43,3,julia,10,168,0.28039356,500,5000,0.0920728,3440,324248488,499236864,false,1.0720206,true,1000
similarity n=43 k=3,similarity_singular,43,3,julia,10,169,0.28039356,500,5000,0.0920728,3440,324248488,499236864,false,1.0720206,true,1000
similarity n=43 k=3,similarity_singular,43,3,julia,10,170,0.28039356,500,5000,0.0920728,3440,324248488,499236864,false,1.0720206,true,1000
similarity n=43 k=3,similarity_singular,43,3,julia,10,171,0.28039356,500,5000,0.0920728,3440,324248488,499236864,false,1.0720206,true,1000
similarity n=43 k=3,similarity_singular,43,3,julia,10,172,0.28039356,500,5000,0.0920728,3440,324248488,499236864,false,1.0720206,true,1000
similarity n=43 k=3,similarity_singular,43,3,julia,10,173,0.28039356,500,5000,0.0920728,3440,324248488,499236864,false,1.0720206,true,1000
similarity n=43 k=3,similarity_singular,43,3,julia,10,174,0.28039356,500,5000,0.0920728,3440,324248488,499236864,false,1.0720206,true,1000
similarity n=43 k=3,similarity_singular,43,3,julia,10,175,0.28039356,500,5000,0.0920728,3440,324248488,499236864,false,1.0720206,true,1000
similarity n=43 k=3,similarity_singular,43,3,julia,10,176,0.28039356,500,5000,0.0920728,3440,324248488,499236864,false,1.0720206,true,1000
similarity n=43 k=3,similarity_singular,43,3,julia,10,177,0.28039356,500,5000,0.0920728,3440,324248488,499236864,false,1.0720206,true,1000
similarity n=43 k=3,similarity_singular,43,3,julia,10,178,0.28039356,500,5000,0.0920728,3440,324248488,499236864,false,1.0720206,true,1000
similarity n=43 k=3,similarity_singular,43,3,julia,10,179,0.28039356,500,5000,0.0920728,3440,324248488,499236864,false,1.0720206,true,1000
similarity n=43 k=3,similarity_singular,43,3,julia,10,180,0.28039356,500,5000,0.0920728,3440,324248488,499236864,false,1.0720206,true,1000
similarity n=43 k=3,similarity_singular,43,3,julia,10,181,0.28039356,500,5000,0.0920728,3440,324248488,499236864,false,1.0720206,true,1000
similarity n=43 k=3,similarity_singular,43,3,julia,10,182,0.28039356,500,5000,0.0920728,3440,324248488,499236864,false,1.0720206,true,1000
similarity n=43 k=3,similarity_singular,43,3,julia,10,183,0.28039356,500,5000,0.0920728,3440,324248488,499236864,false,1.0720206,true,1000
similarity n=43 k=3,similarity_singular,43,3,julia,10,184,0.28039356,500,5000,0.0920728,3440,324248488,499236864,false,1.0720206,true,1000
similarity n=43 k=3,similarity_singular,43,3,julia,10,185,0.28039356,500,5000,0.0920728,3440,324248488,499236864,false,1.0720206,true,1000
similarity n=43 k=3,similarity_singular,43,3,julia,10,186,0.28039356,500,5000,0.0920728,3440,324248488,499236864,false,1.0720206,true,1000
similarity n=43 k=3,similarity_singular,43,3,julia,10,187,0.28039356,500,5000,0.0920728,3440,324248488,499236864,false,1.0720206,true,1000
similarity n=43 k=3,similarity_singular,43,3,julia,10,188,0.28039356,500,5000,0.0920728,3440,324248488,499236864,false,1.0720206,true,1000
similarity n=43 k=3,similarity_singular,43,3,julia,10,189,0.28039356,500,5000,0.0920728,3440,324248488,499236864,false,1.0720206,true,1000
similarity n=43 k=3,similarity_singular,43,3,julia,10,190,0.28039356,500,5000,0.0920728,3440,324248488,499236864,false,1.0720206,true,1000
similarity n=43 k=3,similarity_singular,43,3,julia,10,191,0.28039356,500,5000,0.0920728,3440,324248488,499236864,false,1.0720206,true,1000
similarity n=43 k=3,similarity_singular,43,3,julia,10,192,0.28039356,500,5000,0.0920728,3440,324248488,499236864,false,1.0720206,true,1000
similarity n=43 k=3,similarity_singular,43,3,julia,10,193,0.28039356,500,5000,0.0920728,3440,324248488,499236864,false,1.0720206,true,1000
similarity n=43 k=3,similarity_singular,43,3,julia,10,194,0.28039356,500,5000,0.0920728,3440,324248488,499236864,false,1.0720206,true,1000
similarity n=43 k=3,similarity_singular,43,3,julia,10,195,0.28039356,500,5000,0.0920728,3440,324248488,499236864,false,1.0720206,true,1000
similarity n=43 k=3,similarity_singular,43,3,julia,10,196,0.28039356,500,5000,0.0920728,3440,324248488,499236864,false,1.0720206,true,1000
similarity n=43 k=3,similarity_singular,43,3,julia,10,197,0.28039356,500,5000,0.0920728,3440,324248488,499236864,false,1.0720206,true,1000
similarity n=43 k=3,similarity_singular,43,3,julia,10,198,0.28039356,500,5000,0.0920728,3440,324248488,499236864,false,1.0720206,true,1000
similarity n=43 k=3,similarity_singular,43,3,julia,10,199,0.28039356,500,5000,0.0920728,3440,324248488,499236864,false,1.0720206,true,1000
similarity n=43 k=3,similarity_singular,43,3,julia,10,200,0.28039356,500,5000,0.0920728,3440,324248488,499236864,false,1.0720206,true,1000
similarity n=43 k=3,similarity_singular,43,3,julia,10,201,0.28039356,500,5000,0.0920728,3440,324248488,499236864,false,1.0720206,true,1000
similarity n=43 k=3,similarity_singular,43,3,julia,10,202,0.28039356,500,5000,0.0920728,3440,324248488,499236864,false,1.0720206,true,1000
similarity n=43 k=3,similarity_singular,43,3,julia,10,203,0.28039356,500,5000,0.0920728,3440,324248488,499236864,false,1.0720206,true,1000
similarity n=43 k=3,similarity_singular,43,3,julia,10,204,0.28039356,500,5000,0.0920728,3440,324248488,499236864,false,1.0720206,true,1000
similarity n=43 k=3,similarity_singular,43,3,julia,10,205,0.28039356,500,5000,0.0920728,3440,324248488,499236864,false,1.0720206,true,1000
similarity n=43 k=3,similarity_singular,43,3,julia,10,206,0.28039356,500,5000,0.0920728,3440,324248488,499236864,false,1.0720206,true,1000
similarity n=43 k=3,similarity_singular,43,3,julia,10,207,0.28039356,500,5000,0.0920728,3440,324248488,499236864,false,1.0720206,true,1000
similarity n=43 k=3,similarity_singular,43,3,julia,10,208,0.28039356,500,5000,0.0920728,3440,324248488,499236864,false,1.0720206,true,1000
similarity n=43 k=3,similarity_singular,43,3,julia,10,209,0.28039356,500,5000,0.0920728,3440,324248488,499236864,false,1.0720206,true,1000
similarity n=43 k=3,similarity_singular,43,3,julia,10,210,0.28039356,500,5000,0.0920728,3440,324248488,499236864,false,1.0720206,true,1000
similarity n=43 k=3,similarity_singular,43,3,julia,10,211,0.28039356,500,5000,0.0920728,3440,324248488,499236864,false,1.0720206,true,1000
similarity n=43 k=3,similarity_singular,43,3,julia,10,212,0.28039356,500,5000,0.0920728,3440,324248488,499236864,false,1.0720206,true,1000
similarity n=43 k=3,similarity_singular,43,3,julia,10,213,0.28039356,500,5000,0.0920728,3440,324248488,499236864,false,1.0720206,true,1000
similarity n=43 k=3,similarity_singular,43,3,julia,10,214,0.28039356,500,5000,0.0920728,3440,324248488,499236864,false,1.0720206,true,1000
similarity n=43 k=3,similarity_singular,43,3,julia,10,215,0.28039356,500,5000,0.0920728,3440,324248488,499236864,false,1.0720206,true,1000
similarity n=43 k=3,similarity_singular,43,3,julia,10,216,0.28039356,500,5000,0.0920728,3440,324248488,499236864,false,1.0720206,true,1000
similarity n=43 k=3,similarity_singular,43,3,julia,10,217,0.28039356,500,5000,0.0920728,3440,324248488,499236864,false,1.0720206,true,1000
similarity n=43 k=3,similarity_singular,43,3,julia,10,218,0.28039356,500,5000,0.0920728,3440,324248488,499236864,false,1.0720206,true,1000
similarity n=43 k=3,similarity_singular,43,3,julia,10,219,0.28039356,500,5000,0.0920728,3440,324248488,499236864,false,1.0720206,true,1000
similarity n=43 k=3,similarity_singular,43,3,julia,10,220,0.28039356,500,5000,0.0920728,3440,324248488,499236864,false,1.0720206,true,1000
similarity n=43 k=3,similarity_singular,43,3,julia,10,221,0.28039356,500,5000,0.0920728,3440,324248488,499236864,false,1.0720206,true,1000
similarity n=43 k=3,similarity_singular,43,3,julia,10,222,0.28039356,500,5000,0.0920728,3440,324248488,499236864,false,1.0720206,true,1000
similarity n=43 k=3,similarity_singular,43,3,julia,10,223,0.28039356,500,5000,0.0920728,3440,324248488,499236864,false,1.0720206,true,1000
similarity n=43 k=3,similarity_singular,43,3,julia,10,224,0.28039356,500,5000,0.0920728,3440,324248488,499236864,false,1.0720206,true,1000
similarity n=43 k=3,similarity_singular,43,3,julia,10,225,0.28039356,500,5000,0.0920728,3440,324248488,499236864,false,1.0720206,true,1000
similarity n=43 k=3,similarity_singular,43,3,julia,10,226,0.28039356,500,5000,0.0920728,3440,324248488,499236864,false,1.0720206,true,1000
similarity n=43 k=3,similarity_singular,43,3,julia,10,227,0.28039356,500,5000,0.0920728,3440,324248488,499236864,false,1.0720206,true,1000
similarity n=43 k=3,similarity_singular,43,3,julia,10,228,0.28039356,500,5000,0.0920728,3440,324248488,499236864,false,1.0720206,true,1000
similarity n=43 k=3,similarity_singular,43,3,julia,10,229,0.28039356,500,5000,0.0920728,3440,324248488,499236864,false,1.0720206,true,1000
similarity n=43 k=3,similarity_singular,43,3,julia,10,230,0.28039356,500,5000,0.0920728,3440,324248488,499236864,false,1.0720206,true,1000
similarity n=43 k=3,similarity_singular,43,3,julia,10,231,0.28039356,500,5000,0.0920728,3440,324248488,499236864,false,1.0720206,true,1000
similarity n=43 k=3,similarity_singular,43,3,julia,10,232,0.28039356,500,5000,0.0920728,3440,324248488,499236864,false,1.0720206,true,1000
similarity n=43 k=3,similarity_singular,43,3,julia,10,233,0.28039356,500,5000,0.0920728,3440,324248488,499236864,false,1.0720206,true,1000
similarity n=43 k=3,similarity_singular,43,3,julia,10,234,0.28039356,500,5000,0.0920728,3440,324248488,499236864,false,1.0720206,true,1000
similarity n=43 k=3,similarity_singular,43,3,julia,10,235,0.28039356,500,5000,0.0920728,3440,324248488,499236864,false,1.0720206,true,1000
similarity n=43 k=3,similarity_singular,43,3,julia,10,236,0.28039356,500,5000,0.0920728,3440,324248488,499236864,false,1.0720206,true,1000
similarity n=43 k=3,similarity_singular,43,3,julia,10,237,0.28039356,500,5000,0.0920728,3440,324248488,499236864,false,1.0720206,true,1000
similarity n=43 k=3,similarity_singular,43,3,julia,10,238,0.28039356,500,5000,0.0920728,3440,324248488,499236864,false,1.0720206,true,1000
similarity n=43 k=3,similarity_singular,43,3,julia,10,239,0.28039356,500,5000,0.0920728,3440,324248488,499236864,false,1.0720206,true,1000
similarity n=43 k=3,similarity_singular,43,3,julia,10,240,0.28039356,500,5000,0.0920728,3440,324248488,499236864,false,1.0720206,true,1000
similarity n=43 k=3,similarity_singular,43,3,julia,10,241,0.28039356,500,5000,0.0920728,3440,324248488,499236864,false,1.0720206,true,1000
similarity n=43 k=3,similarity_singular,43,3,julia,10,242,0.28039356,500,5000,0.0920728,3440,324248488,499236864,false,1.0720206,true,1000
similarity n=43 k=3,similarity_singular,43,3,julia,10,243,0.28039356,500,5000,0.0920728,3440,324248488,499236864,false,1.0720206,true,1000
similarity n=43 k=3,similarity_singular,43,3,julia,10,244,0.28039356,500,5000,0.0920728,3440,324248488,499236864,false,1.0720206,true,1000
similarity n=43 k=3,similarity_singular,43,3,julia,10,245,0.28039356,500,5000,0.0920728,3440,324248488,499236864,false,1.0720206,true,1000
similarity n=43 k=3,similarity_singular,43,3,julia,10,246,0.28039356,500,5000,0.0920728,3440,324248488,499236864,false,1.0720206,true,1000
similarity n=43 k=3,similarity_singular,43,3,julia,10,247,0.28039356,500,5000,0.0920728,3440,324248488,499236864,false,1.0720206,true,1000
similarity n=43 k=3,similarity_singular,43,3,julia,10,248,0.28039356,500,5000,0.0920728,3440,324248488,499236864,false,1.0720206,true,1000
similarity n=43 k=3,similarity_singular,43,3,julia,10,249,0.28039356,500,5000,0.0920728,3440,324248488,499236864,false,1.0720206,true,1000
similarity n=43 k=3,similarity_singular,43,3,julia,10,250,0.28039356,500,5000,0.0920728,3440,324248488,499236864,false,1.0720206,true,1000
similarity n=43 k=3,similarity_singular,43,3,julia,10,251,0.28039356,500,5000,0.0920728,3440,324248488,499236864,false,1.0720206,true,1000
similarity n=43 k=3,similarity_singular,43,3,julia,10,252,0.28039356,500,5000,0.0920728,3440,324248488,499236864,false,1.0720206,true,1000
similarity n=43 k=3,similarity_singular,43,3,julia,10,253,0.28039356,500,5000,0.0920728,3440,324248488,499236864,false,1.0720206,true,1000
similarity n=43 k=3,similarity_singular,43,3,julia,10,254,0.28039356,500,5000,0.0920728,3440,324248488,499236864,false,1.0720206,true,1000
similarity n=43 k=3,similarity_singular,43,3,julia,10,255,0.28039356,500,5000,0.0920728,3440,324248488,499236864,false,1.0720206,true,1000
similarity n=43 k=3,similarity_singular,43,3,julia,10,256,0.28039356,500,5000,0.0920728,3440,324248488,499236864,false,1.0720206,true,1000
similarity n=43 k=3,similarity_singular,43,3,julia,10,257,0.28039356,500,5000,0.0920728,3440,324248488,499236864,false,1.0720206,true,1000
similarity n=43 k=3,similarity_singular,43,3,julia,10,258,0.28039356,500,5000,0.0920728,3440,324248488,499236864,false,1.0720206,true,1000
similarity n=43 k=3,similarity_singular,43,3,julia,10,259,0.28039356,500,5000,0.0920728,3440,324248488,499236864,false,1.0720206,true,1000
similarity n=43 k=3,similarity_singular,43,3,julia,10,260,0.28039356,500,5000,0.0920728,3440,324248488,499236864,false,1.0720206,true,1000
similarity n=43 k=3,similarity_singular,43,3,julia,10,261,0.28039356,500,5000,0.0920728,3440,324248488,499236864,false,1.0720206,true,1000
similarity n=43 k=3,similarity_singular,43,3,julia,10,262,0.28039356,500,5000,0.0920728,3440,324248488,499236864,false,1.0720206,true,1000
similarity n=43 k=3,similarity_singular,43,3,julia,10,263,0.28039356,500,5000,0.0920728,3440,324248488,499236864,false,1.0720206,true,1000
similarity n=43 k=3,similarity_singular,43,3,julia,10,264,0.28039356,500,5000,0.0920728,3440,324248488,499236864,false,1.0720206,true,1000
similarity n=43 k=3,similarity_singular,43,3,julia,10,265,0.28039356,500,5000,0.0920728,3440,324248488,499236864,false,1.0720206,true,1000
similarity n=43 k=3,similarity_singular,43,3,julia,10,266,0.28039356,500,5000,0.0920728,3440,324248488,499236864,false,1.0720206,true,1000
similarity n=43 k=3,similarity_singular,43,3,julia,10,267,0.28039356,500,5000,0.0920728,3440,324248488,499236864,false,1.0720206,true,1000
similarity n=43 k=3,similarity_singular,43,3,julia,10,268,0.28039356,500,5000,0.0920728,3440,324248488,499236864,false,1.0720206,true,1000
similarity n=43 k=3,similarity_singular,43,3,julia,10,269,0.28039356,500,5000,0.0920728,3440,324248488,499236864,false,1.0720206,true,1000
similarity n=43 k=3,similarity_singular,43,3,julia,10,270,0.28039356,500,5000,0.0920728,3440,324248488,499236864,false,1.0720206,true,1000
similarity n=43 k=3,similarity_singular,43,3,julia,10,271,0.28039356,500,5000,0.0920728,3440,324248488,499236864,false,1.0720206,true,1000
similarity n=43 k=3,similarity_singular,43,3,julia,10,272,0.28039356,500,5000,0.0920728,3440,324248488,499236864,false,1.0720206,true,1000
similarity n=43 k=3,similarity_singular,43,3,julia,10,273,0.28039356,500,5000,0.0920728,3440,324248488,499236864,false,1.0720206,true,1000
similarity n=43 k=3,similarity_singular,43,3,julia,10,274,0.28039356,500,5000,0.0920728,3440,324248488,499236864,false,1.0720206,true,1000
similarity n=43 k=3,similarity_singular,43,3,julia,10,275,0.28039356,500,5000,0.0920728,3440,324248488,499236864,false,1.0720206,true,1000
similarity n=43 k=3,similarity_singular,43,3,julia,10,276,0.28039356,500,5000,0.0920728,3440,324248488,499236864,false,1.0720206,true,1000
similarity n=43 k=3,similarity_singular,43,3,julia,10,277,0.28039356,500,5000,0.0920728,3440,324248488,499236864,false,1.0720206,true,1000
similarity n=43 k=3,similarity_singular,43,3,julia,10,278,0.28039356,500,5000,0.0920728,3440,324248488,499236864,false,1.0720206,true,1000
similarity n=43 k=3,similarity_singular,43,3,julia,10,279,0.28039356,500,5000,0.0920728,3440,324248488,499236864,false,1.0720206,true,1000
similarity n=43 k=3,similarity_singular,43,3,julia,10,280,0.28039356,500,5000,0.0920728,3440,324248488,499236864,false,1.0720206,true,1000
similarity n=43 k=3,similarity_singular,43,3,julia,10,281,0.28039356,500,5000,0.0920728,3440,324248488,499236864,false,1.0720206,true,1000
similarity n=43 k=3,similarity_singular,43,3,julia,10,282,0.28039356,500,5000,0.0920728,3440,324248488,499236864,false,1.0720206,true,1000
similarity n=43 k=3,similarity_singular,43,3,julia,10,283,0.28039356,500,5000,0.0920728,3440,324248488,499236864,false,1.0720206,true,1000
similarity n=43 k=3,similarity_singular,43,3,julia,10,284,0.28039356,500,5000,0.0920728,3440,324248488,499236864,false,1.0720206,true,1000
similarity n=43 k=3,similarity_singular,43,3,julia,10,285,0.28039356,500,5000,0.0920728,3440,324248488,499236864,false,1.0720206,true,1000
similarity n=43 k=3,similarity_singular,43,3,julia,10,286,0.28039356,500,5000,0.0920728,3440,324248488,499236864,false,1.0720206,true,1000
similarity n=43 k=3,similarity_singular,43,3,julia,10,287,0.28039356,500,5000,0.0920728,3440,324248488,499236864,false,1.0720206,true,1000
similarity n=43 k=3,similarity_singular,43,3,julia,10,288,0.28039356,500,5000,0.0920728,3440,324248488,499236864,false,1.0720206,true,1000
similarity n=43 k=3,similarity_singular,43,3,julia,10,289,0.28039356,500,5000,0.0920728,3440,324248488,499236864,false,1.0720206,true,1000
similarity n=43 k=3,similarity_singular,43,3,julia,10,290,0.28039356,500,5000,0.0920728,3440,324248488,499236864,false,1.0720206,true,1000
similarity n=43 k=3,similarity_singular,43,3,julia,10,291,0.28039356,500,5000,0.0920728,3440,324248488,499236864,false,1.0720206,true,1000
similarity n=43 k=3,similarity_singular,43,3,julia,10,292,0.28039356,500,5000,0.0920728,3440,324248488,499236864,false,1.0720206,true,1000
similarity n=43 k=3,similarity_singular,43,3,julia,10,293,0.28039356,500,5000,0.0920728,3440,324248488,499236864,false,1.0720206,true,1000
similarity n=43 k=3,similarity_singular,43,3,julia,10,294,0.28039356,500,5000,0.0920728,3440,324248488,499236864,false,1.0720206,true,1000
similarity n=43 k=3,similarity_singular,43,3,julia,10,295,0.28039356,500,5000,0.0920728,3440,324248488,499236864,false,1.0720206,true,1000
similarity n=43 k=3,similarity_singular,43,3,julia,10,296,0.28039356,500,5000,0.0920728,3440,324248488,499236864,false,1.0720206,true,1000
similarity n=43 k=3,similarity_singular,43,3,julia,10,297,0.28039356,500,5000,0.0920728,3440,324248488,499236864,false,1.0720206,true,1000
similarity n=43 k=3,similarity_singular,43,3,julia,10,298,0.28039356,500,5000,0.0920728,3440,324248488,499236864,false,1.0720206,true,1000
similarity n=43 k=3,similarity_singular,43,3,julia,10,299,0.28039356,500,5000,0.0920728,3440,324248488,499236864,false,1.0720206,true,1000
similarity n=43 k=3,similarity_singular,43,3,julia,10,300,0.28039356,500,5000,0.0920728,3440,324248488,499236864,false,1.0720206,true,1000
similarity n=43 k=3,similarity_singular,43,3,julia,10,301,0.28039356,500,5000,0.0920728,3440,324248488,499236864,false,1.0720206,true,1000
similarity n=43 k=3,similarity_singular,43,3,julia,10,302,0.28039356,500,5000,0.0920728,3440,324248488,499236864,false,1.0720206,true,1000
similarity n=43 k=3,similarity_singular,43,3,julia,10,303,0.28039356,500,5000,0.0920728,3440,324248488,499236864,false,1.0720206,true,1000
similarity n=43 k=3,similarity_singular,43,3,julia,10,304,0.28039356,500,5000,0.0920728,3440,324248488,499236864,false,1.0720206,true,1000
similarity n=43 k=3,similarity_singular,43,3,julia,10,305,0.28039356,500,5000,0.0920728,3440,324248488,499236864,false,1.0720206,true,1000
similarity n=43 k=3,similarity_singular,43,3,julia,10,306,0.28039356,500,5000,0.0920728,3440,324248488,499236864,false,1.0720206,true,1000
similarity n=43 k=3,similarity_singular,43,3,julia,10,307,0.28039356,500,5000,0.0920728,3440,324248488,499236864,false,1.0720206,true,1000
similarity n=43 k=3,similarity_singular,43,3,julia,10,308,0.28039356,500,5000,0.0920728,3440,324248488,499236864,false,1.0720206,true,1000
similarity n=43 k=3,similarity_singular,43,3,julia,10,309,0.28039356,500,5000,0.0920728,3440,324248488,499236864,false,1.0720206,true,1000
similarity n=43 k=3,similarity_singular,43,3,julia,10,310,0.28039356,500,5000,0.0920728,3440,324248488,499236864,false,1.0720206,true,1000
similarity n=43 k=3,similarity_singular,43,3,julia,10,311,0.28039356,500,5000,0.0920728,3440,324248488,499236864,false,1.0720206,true,1000
similarity n=43 k=3,similarity_singular,43,3,julia,10,312,0.28039356,500,5000,0.0920728,3440,324248488,499236864,false,1.0720206,true,1000
similarity n=43 k=3,similarity_singular,43,3,julia,10,313,0.28039356,500,5000,0.0920728,3440,324248488,499236864,false,1.0720206,true,1000
similarity n=43 k=3,similarity_singular,43,3,julia,10,314,0.28039356,500,5000,0.0920728,3440,324248488,499236864,false,1.0720206,true,1000
similarity n=43 k=3,similarity_singular,43,3,julia,10,315,0.28039356,500,5000,0.0920728,3440,324248488,499236864,false,1.0720206,true,1000
similarity n=43 k=3,similarity_singular,43,3,julia,10,316,0.28039356,500,5000,0.0920728,3440,324248488,499236864,false,1.0720206,true,1000
similarity n=43 k=3,similarity_singular,43,3,julia,10,317,0.28039356,500,5000,0.0920728,3440,324248488,499236864,false,1.0720206,true,1000
similarity n=43 k=3,similarity_singular,43,3,julia,10,318,0.28039356,500,5000,0.0920728,3440,324248488,499236864,false,1.0720206,true,1000
similarity n=43 k=3,similarity_singular,43,3,julia,10,319,0.28039356,500,5000,0.0920728,3440,324248488,499236864,false,1.0720206,true,1000
similarity n=43 k=3,similarity_singular,43,3,julia,10,320,0.28039356,500,5000,0.0920728,3440,324248488,499236864,false,1.0720206,true,1000
similarity n=43 k=3,similarity_singular,43,3,julia,10,321,0.28039356,500,5000,0.0920728,3440,324248488,499236864,false,1.0720206,true,1000
similarity n=43 k=3,similarity_singular,43,3,julia,10,322,0.28039356,500,5000,0.0920728,3440,324248488,499236864,false,1.0720206,true,1000
similarity n=43 k=3,similarity_singular,43,3,julia,10,323,0.28039356,500,5000,0.0920728,3440,324248488,499236864,false,1.0720206,true,1000
similarity n=43 k=3,similarity_singular,43,3,julia,10,324,0.28039356,500,5000,0.0920728,3440,324248488,499236864,false,1.0720206,true,1000
similarity n=43 k=3,similarity_singular,43,3,julia,10,325,0.28039356,500,5000,0.0920728,3440,324248488,499236864,false,1.0720206,true,1000
similarity n=43 k=3,similarity_singular,43,3,julia,10,326,0.28039356,500,5000,0.0920728,3440,324248488,499236864,false,1.0720206,true,1000
similarity n=43 k=3,similarity_singular,43,3,julia,10,327,0.28039356,500,5000,0.0920728,3440,324248488,499236864,false,1.0720206,true,1000
similarity n=43 k=3,similarity_singular,43,3,julia,10,328,0.28039356,500,5000,0.0920728,3440,324248488,499236864,false,1.0720206,true,1000
similarity n=43 k=3,similarity_singular,43,3,julia,10,329,0.28039356,500,5000,0.0920728,3440,324248488,499236864,false,1.0720206,true,1000
similarity n=43 k=3,similarity_singular,43,3,julia,10,330,0.28039356,500,5000,0.0920728,3440,324248488,499236864,false,1.0720206,true,1000
similarity n=43 k=3,similarity_singular,43,3,julia,10,331,0.28039356,500,5000,0.0920728,3440,324248488,499236864,false,1.0720206,true,1000
similarity n=43 k=3,similarity_singular,43,3,julia,10,332,0.28039356,500,5000,0.0920728,3440,324248488,499236864,false,1.0720206,true,1000
similarity n=43 k=3,similarity_singular,43,3,julia,10,333,0.28039356,500,5000,0.0920728,3440,324248488,499236864,false,1.0720206,true,1000
similarity n=43 k=3,similarity_singular,43,3,julia,10,334,0.28039356,500,5000,0.0920728,3440,324248488,499236864,false,1.0720206,true,1000
similarity n=43 k=3,similarity_singular,43,3,julia,10,335,0.28039356,500,5000,0.0920728,3440,324248488,499236864,false,1.0720206,true,1000
similarity n=43 k=3,similarity_singular,43,3,julia,10,336,0.28039356,500,5000,0.0920728,3440,324248488,499236864,false,1.0720206,true,1000
similarity n=43 k=3,similarity_singular,43,3,julia,10,337,0.28039356,500,5000,0.0920728,3440,324248488,499236864,false,1.0720206,true,1000
similarity n=43 k=3,similarity_singular,43,3,julia,10,338,0.28039356,500,5000,0.0920728,3440,324248488,499236864,false,1.0720206,true,1000
similarity n=43 k=3,similarity_singular,43,3,julia,10,339,0.28039356,500,5000,0.0920728,3440,324248488,499236864,false,1.0720206,true,1000
similarity n=43 k=3,similarity_singular,43,3,julia,10,340,0.28039356,500,5000,0.0920728,3440,324248488,499236864,false,1.0720206,true,1000
similarity n=43 k=3,similarity_singular,43,3,julia,10,341,0.28039356,500,5000,0.0920728,3440,324248488,499236864,false,1.0720206,true,1000
similarity n=43 k=3,similarity_singular,43,3,julia,10,342,0.28039356,500,5000,0.0920728,3440,324248488,499236864,false,1.0720206,true,1000
similarity n=43 k=3,similarity_singular,43,3,julia,10,343,0.28039356,500,5000,0.0920728,3440,324248488,499236864,false,1.0720206,true,1000
similarity n=43 k=3,similarity_singular,43,3,julia,10,344,0.28039356,500,5000,0.0920728,3440,324248488,499236864,false,1.0720206,true,1000
similarity n=43 k=3,similarity_singular,43,3,julia,10,345,0.28039356,500,5000,0.0920728,3440,324248488,499236864,false,1.0720206,true,1000
similarity n=43 k=3,similarity_singular,43,3,julia,10,346,0.28039356,500,5000,0.0920728,3440,324248488,499236864,false,1.0720206,true,1000
similarity n=43 k=3,similarity_singular,43,3,julia,10,347,0.28039356,500,5000,0.0920728,3440,324248488,499236864,false,1.0720206,true,1000
similarity n=43 k=3,similarity_singular,43,3,julia,10,348,0.28039356,500,5000,0.0920728,3440,324248488,499236864,false,1.0720206,true,1000
similarity n=43 k=3,similarity_singular,43,3,julia,10,349,0.28039356,500,5000,0.0920728,3440,324248488,499236864,false,1.0720206,true,1000
similarity n=43 k=3,similarity_singular,43,3,julia,10,350,0.28039356,500,5000,0.0920728,3440,324248488,499236864,false,1.0720206,true,1000
similarity n=43 k=3,similarity_singular,43,3,julia,10,351,0.28039356,500,5000,0.0920728,3440,324248488,499236864,false,1.0720206,true,1000
similarity n=43 k=3,similarity_singular,43,3,julia,10,352,0.28039356,500,5000,0.0920728,3440,324248488,499236864,false,1.0720206,true,1000
similarity n=43 k=3,similarity_singular,43,3,julia,10,353,0.28039356,500,5000,0.0920728,3440,324248488,499236864,false,1.0720206,true,1000
similarity n=43 k=3,similarity_singular,43,3,julia,10,354,0.28039356,500,5000,0.0920728,3440,324248488,499236864,false,1.0720206,true,1000
similarity n=43 k=3,similarity_singular,43,3,julia,10,355,0.28039356,500,5000,0.0920728,3440,324248488,499236864,false,1.0720206,true,1000
similarity n=43 k=3,similarity_singular,43,3,julia,10,356,0.28039356,500,5000,0.0920728,3440,324248488,499236864,false,1.0720206,true,1000
similarity n=43 k=3,similarity_singular,43,3,julia,10,357,0.28039356,500,5000,0.0920728,3440,324248488,499236864,false,1.0720206,true,1000
similarity n=43 k=3,similarity_singular,43,3,julia,10,358,0.28039356,500,5000,0.0920728,3440,324248488,499236864,false,1.0720206,true,1000
similarity n=43 k=3,similarity_singular,43,3,julia,10,359,0.28039356,500,5000,0.0920728,3440,324248488,499236864,false,1.0720206,true,1000
similarity n=43 k=3,similarity_singular,43,3,julia,10,360,0.28039356,500,5000,0.0920728,3440,324248488,499236864,false,1.0720206,true,1000
similarity n=43 k=3,similarity_singular,43,3,julia,10,361,0.28039356,500,5000,0.0920728,3440,324248488,499236864,false,1.0720206,true,1000
similarity n=43 k=3,similarity_singular,43,3,julia,10,362,0.28039356,500,5000,0.0920728,3440,324248488,499236864,false,1.0720206,true,1000
similarity n=43 k=3,similarity_singular,43,3,julia,10,363,0.28039356,500,5000,0.0920728,3440,324248488,499236864,false,1.0720206,true,1000
similarity n=43 k=3,similarity_singular,43,3,julia,10,364,0.28039356,500,5000,0.0920728,3440,324248488,499236864,false,1.0720206,true,1000
similarity n=43 k=3,similarity_singular,43,3,julia,10,365,0.28039356,500,5000,0.0920728,3440,324248488,499236864,false,1.0720206,true,1000
similarity n=43 k=3,similarity_singular,43,3,julia,10,366,0.28039356,500,5000,0.0920728,3440,324248488,499236864,false,1.0720206,true,1000
similarity n=43 k=3,similarity_singular,43,3,julia,10,367,0.28039356,500,5000,0.0920728,3440,324248488,499236864,false,1.0720206,true,1000
similarity n=43 k=3,similarity_singular,43,3,julia,10,368,0.28039356,500,5000,0.0920728,3440,324248488,499236864,false,1.0720206,true,1000
similarity n=43 k=3,similarity_singular,43,3,julia,10,369,0.28039356,500,5000,0.0920728,3440,324248488,499236864,false,1.0720206,true,1000
similarity n=43 k=3,similarity_singular,43,3,julia,10,370,0.28039356,500,5000,0.0920728,3440,324248488,499236864,false,1.0720206,true,1000
similarity n=43 k=3,similarity_singular,43,3,julia,10,371,0.28039356,500,5000,0.0920728,3440,324248488,499236864,false,1.0720206,true,1000
similarity n=43 k=3,similarity_singular,43,3,julia,10,372,0.28039356,500,5000,0.0920728,3440,324248488,499236864,false,1.0720206,true,1000
similarity n=43 k=3,similarity_singular,43,3,julia,10,373,0.28039356,500,5000,0.0920728,3440,324248488,499236864,false,1.0720206,true,1000
similarity n=43 k=3,similarity_singular,43,3,julia,10,374,0.28039356,500,5000,0.0920728,3440,324248488,499236864,false,1.0720206,true,1000
similarity n=43 k=3,similarity_singular,43,3,julia,10,375,0.28039356,500,5000,0.0920728,3440,324248488,499236864,false,1.0720206,true,1000
similarity n=43 k=3,similarity_singular,43,3,julia,10,376,0.28039356,500,5000,0.0920728,3440,324248488,499236864,false,1.0720206,true,1000
similarity n=43 k=3,similarity_singular,43,3,julia,10,377,0.28039356,500,5000,0.0920728,3440,324248488,499236864,false,1.0720206,true,1000
similarity n=43 k=3,similarity_singular,43,3,julia,10,378,0.28039356,500,5000,0.0920728,3440,324248488,499236864,false,1.0720206,true,1000
similarity n=43 k=3,similarity_singular,43,3,julia,10,379,0.28039356,500,5000,0.0920728,3440,324248488,499236864,false,1.0720206,true,1000
similarity n=43 k=3,similarity_singular,43,3,julia,10,380,0.28039356,500,5000,0.0920728,3440,324248488,499236864,false,1.0720206,true,1000
similarity n=43 k=3,similarity_singular,43,3,julia,10,381,0.28039356,500,5000,0.0920728,3440,324248488,499236864,false,1.0720206,true,1000
similarity n=43 k=3,similarity_singular,43,3,julia,10,382,0.28039356,500,5000,0.0920728,3440,324248488,499236864,false,1.0720206,true,1000
similarity n=43 k=3,similarity_singular,43,3,julia,10,383,0.28039356,500,5000,0.0920728,3440,324248488,499236864,false,1.0720206,true,1000
similarity n=43 k=3,similarity_singular,43,3,julia,10,384,0.28039356,500,5000,0.0920728,3440,324248488,499236864,false,1.0720206,true,1000
similarity n=43 k=3,similarity_singular,43,3,julia,10,385,0.28039356,500,5000,0.0920728,3440,324248488,499236864,false,1.0720206,true,1000
similarity n=43 k=3,similarity_singular,43,3,julia,10,386,0.28039356,500,5000,0.0920728,3440,324248488,499236864,false,1.0720206,true,1000
similarity n=43 k=3,similarity_singular,43,3,julia,10,387,0.28039356,500,5000,0.0920728,3440,324248488,499236864,false,1.0720206,true,1000
similarity n=43 k=3,similarity_singular,43,3,julia,10,388,0.28039356,500,5000,0.0920728,3440,324248488,499236864,false,1.0720206,true,1000
similarity n=43 k=3,similarity_singular,43,3,julia,10,389,0.28039356,500,5000,0.0920728,3440,324248488,499236864,false,1.0720206,true,1000
similarity n=43 k=3,similarity_singular,43,3,julia,10,390,0.28039356,500,5000,0.0920728,3440,324248488,499236864,false,1.0720206,true,1000
similarity n=43 k=3,similarity_singular,43,3,julia,10,391,0.28039356,500,5000,0.0920728,3440,324248488,499236864,false,1.0720206,true,1000
similarity n=43 k=3,similarity_singular,43,3,julia,10,392,0.28039356,500,5000,0.0920728,3440,324248488,499236864,false,1.0720206,true,1000
similarity n=43 k=3,similarity_singular,43,3,julia,10,393,0.28039356,500,5000,0.0920728,3440,324248488,499236864,false,1.0720206,true,1000
similarity n=43 k=3,similarity_singular,43,3,julia,10,394,0.28039356,500,5000,0.0920728,3440,324248488,499236864,false,1.0720206,true,1000
similarity n=43 k=3,similarity_singular,43,3,julia,10,395,0.28039356,500,5000,0.0920728,3440,324248488,499236864,false,1.0720206,true,1000
similarity n=43 k=3,similarity_singular,43,3,julia,10,396,0.28039356,500,5000,0.0920728,3440,324248488,499236864,false,1.0720206,true,1000
similarity n=43 k=3,similarity_singular,43,3,julia,10,397,0.28039356,500,5000,0.0920728,3440,324248488,499236864,false,1.0720206,true,1000
similarity n=43 k=3,similarity_singular,43,3,julia,10,398,0.28039356,500,5000,0.0920728,3440,324248488,499236864,false,1.0720206,true,1000
similarity n=43 k=3,similarity_singular,43,3,julia,10,399,0.28039356,500,5000,0.0920728,3440,324248488,499236864,false,1.0720206,true,1000
similarity n=43 k=3,similarity_singular,43,3,julia,10,400,0.28039356,500,5000,0.0920728,3440,324248488,499236864,false,1.0720206,true,1000
similarity n=43 k=3,similarity_singular,43,3,julia,10,401,0.28039356,500,5000,0.0920728,3440,324248488,499236864,false,1.0720206,true,1000
similarity n=43 k=3,similarity_singular,43,3,julia,10,402,0.28039356,500,5000,0.0920728,3440,324248488,499236864,false,1.0720206,true,1000
similarity n=43 k=3,similarity_singular,43,3,julia,10,403,0.28039356,500,5000,0.0920728,3440,324248488,499236864,false,1.0720206,true,1000
similarity n=43 k=3,similarity_singular,43,3,julia,10,404,0.28039356,500,5000,0.0920728,3440,324248488,499236864,false,1.0720206,true,1000
similarity n=43 k=3,similarity_singular,43,3,julia,10,405,0.28039356,500,5000,0.0920728,3440,324248488,499236864,false,1.0720206,true,1000
similarity n=43 k=3,similarity_singular,43,3,julia,10,406,0.28039356,500,5000,0.0920728,3440,324248488,499236864,false,1.0720206,true,1000
similarity n=43 k=3,similarity_singular,43,3,julia,10,407,0.28039356,500,5000,0.0920728,3440,324248488,499236864,false,1.0720206,true,1000
similarity n=43 k=3,similarity_singular,43,3,julia,10,408,0.28039356,500,5000,0.0920728,3440,324248488,499236864,false,1.0720206,true,1000
similarity n=43 k=3,similarity_singular,43,3,julia,10,409,0.28039356,500,5000,0.0920728,3440,324248488,499236864,false,1.0720206,true,1000
similarity n=43 k=3,similarity_singular,43,3,julia,10,410,0.28039356,500,5000,0.0920728,3440,324248488,499236864,false,1.0720206,true,1000
similarity n=43 k=3,similarity_singular,43,3,julia,10,411,0.28039356,500,5000,0.0920728,3440,324248488,499236864,false,1.0720206,true,1000
similarity n=43 k=3,similarity_singular,43,3,julia,10,412,0.28039356,500,5000,0.0920728,3440,324248488,499236864,false,1.0720206,true,1000
similarity n=43 k=3,similarity_singular,43,3,julia,10,413,0.28039356,500,5000,0.0920728,3440,324248488,499236864,false,1.0720206,true,1000
similarity n=43 k=3,similarity_singular,43,3,julia,10,414,0.28039356,500,5000,0.0920728,3440,324248488,499236864,false,1.0720206,true,1000
similarity n=43 k=3,similarity_singular,43,3,julia,10,415,0.28039356,500,5000,0.0920728,3440,324248488,499236864,false,1.0720206,true,1000
similarity n=43 k=3,similarity_singular,43,3,julia,10,416,0.28039356,500,5000,0.0920728,3440,324248488,499236864,false,1.0720206,true,1000
similarity n=43 k=3,similarity_singular,43,3,julia,10,417,0.28039356,500,5000,0.0920728,3440,324248488,499236864,false,1.0720206,true,1000
similarity n=43 k=3,similarity_singular,43,3,julia,10,418,0.28039356,500,5000,0.0920728,3440,324248488,499236864,false,1.0720206,true,1000
similarity n=43 k=3,similarity_singular,43,3,julia,10,419,0.28039356,500,5000,0.0920728,3440,324248488,499236864,false,1.0720206,true,1000
similarity n=43 k=3,similarity_singular,43,3,julia,10,420,0.28039356,500,5000,0.0920728,3440,324248488,499236864,false,1.0720206,true,1000
similarity n=43 k=3,similarity_singular,43,3,julia,10,421,0.28039356,500,5000,0.0920728,3440,324248488,499236864,false,1.0720206,true,1000
similarity n=43 k=3,similarity_singular,43,3,julia,10,422,0.28039356,500,5000,0.0920728,3440,324248488,499236864,false,1.0720206,true,1000
similarity n=43 k=3,similarity_singular,43,3,julia,10,423,0.28039356,500,5000,0.0920728,3440,324248488,499236864,false,1.0720206,true,1000
similarity n=43 k=3,similarity_singular,43,3,julia,10,424,0.28039356,500,5000,0.0920728,3440,324248488,499236864,false,1.0720206,true,1000
similarity n=43 k=3,similarity_singular,43,3,julia,10,425,0.28039356,500,5000,0.0920728,3440,324248488,499236864,false,1.0720206,true,1000
similarity n=43 k=3,similarity_singular,43,3,julia,10,426,0.28039356,500,5000,0.0920728,3440,324248488,499236864,false,1.0720206,true,1000
similarity n=43 k=3,similarity_singular,43,3,julia,10,427,0.28039356,500,5000,0.0920728,3440,324248488,499236864,false,1.0720206,true,1000
similarity n=43 k=3,similarity_singular,43,3,julia,10,428,0.28039356,500,5000,0.0920728,3440,324248488,499236864,false,1.0720206,true,1000
similarity n=43 k=3,similarity_singular,43,3,julia,10,429,0.28039356,500,5000,0.0920728,3440,324248488,499236864,false,1.0720206,true,1000
similarity n=43 k=3,similarity_singular,43,3,julia,10,430,0.28039356,500,5000,0.0920728,3440,324248488,499236864,false,1.0720206,true,1000
similarity n=43 k=3,similarity_singular,43,3,julia,10,431,0.28039356,500,5000,0.0920728,3440,324248488,499236864,false,1.0720206,true,1000
similarity n=43 k=3,similarity_singular,43,3,julia,10,432,0.28039356,500,5000,0.0920728,3440,324248488,499236864,false,1.0720206,true,1000
similarity n=43 k=3,similarity_singular,43,3,julia,10,433,0.28039356,500,5000,0.0920728,3440,324248488,499236864,false,1.0720206,true,1000
similarity n=43 k=3,similarity_singular,43,3,julia,10,434,0.28039356,500,5000,0.0920728,3440,324248488,499236864,false,1.0720206,true,1000
similarity n=43 k=3,similarity_singular,43,3,julia,10,435,0.28039356,500,5000,0.0920728,3440,324248488,499236864,false,1.0720206,true,1000
similarity n=43 k=3,similarity_singular,43,3,julia,10,436,0.28039356,500,5000,0.0920728,3440,324248488,499236864,false,1.0720206,true,1000
similarity n=43 k=3,similarity_singular,43,3,julia,10,437,0.28039356,500,5000,0.0920728,3440,324248488,499236864,false,1.0720206,true,1000
similarity n=43 k=3,similarity_singular,43,3,julia,10,438,0.28039356,500,5000,0.0920728,3440,324248488,499236864,false,1.0720206,true,1000
similarity n=43 k=3,similarity_singular,43,3,julia,10,439,0.28039356,500,5000,0.0920728,3440,324248488,499236864,false,1.0720206,true,1000
similarity n=43 k=3,similarity_singular,43,3,julia,10,440,0.28039356,500,5000,0.0920728,3440,324248488,499236864,false,1.0720206,true,1000
similarity n=43 k=3,similarity_singular,43,3,julia,10,441,0.28039356,500,5000,0.0920728,3440,324248488,499236864,false,1.0720206,true,1000
similarity n=43 k=3,similarity_singular,43,3,julia,10,442,0.28039356,500,5000,0.0920728,3440,324248488,499236864,false,1.0720206,true,1000
similarity n=43 k=3,similarity_singular,43,3,julia,10,443,0.28039356,500,5000,0.0920728,3440,324248488,499236864,false,1.0720206,true,1000
similarity n=43 k=3,similarity_singular,43,3,julia,10,444,0.28039356,500,5000,0.0920728,3440,324248488,499236864,false,1.0720206,true,1000
similarity n=43 k=3,similarity_singular,43,3,julia,10,445,0.28039356,500,5000,0.0920728,3440,324248488,499236864,false,1.0720206,true,1000
similarity n=43 k=3,similarity_singular,43,3,julia,10,446,0.28039356,500,5000,0.0920728,3440,324248488,499236864,false,1.0720206,true,1000
similarity n=43 k=3,similarity_singular,43,3,julia,10,447,0.28039356,500,5000,0.0920728,3440,324248488,499236864,false,1.0720206,true,1000
similarity n=43 k=3,similarity_singular,43,3,julia,10,448,0.28039356,500,5000,0.0920728,3440,324248488,499236864,false,1.0720206,true,1000
similarity n=43 k=3,similarity_singular,43,3,julia,10,449,0.28039356,500,5000,0.0920728,3440,324248488,499236864,false,1.0720206,true,1000
similarity n=43 k=3,similarity_singular,43,3,julia,10,450,0.28039356,500,5000,0.0920728,3440,324248488,499236864,false,1.0720206,true,1000
similarity n=43 k=3,similarity_singular,43,3,julia,10,451,0.28039356,500,5000,0.0920728,3440,324248488,499236864,false,1.0720206,true,1000
similarity n=43 k=3,similarity_singular,43,3,julia,10,452,0.28039356,500,5000,0.0920728,3440,324248488,499236864,false,1.0720206,true,1000
similarity n=43 k=3,similarity_singular,43,3,julia,10,453,0.28039356,500,5000,0.0920728,3440,324248488,499236864,false,1.0720206,true,1000
similarity n=43 k=3,similarity_singular,43,3,julia,10,454,0.28039356,500,5000,0.0920728,3440,324248488,499236864,false,1.0720206,true,1000
similarity n=43 k=3,similarity_singular,43,3,julia,10,455,0.28039356,500,5000,0.0920728,3440,324248488,499236864,false,1.0720206,true,1000
similarity n=43 k=3,similarity_singular,43,3,julia,10,456,0.28039356,500,5000,0.0920728,3440,324248488,499236864,false,1.0720206,true,1000
similarity n=43 k=3,similarity_singular,43,3,julia,10,457,0.28039356,500,5000,0.0920728,3440,324248488,499236864,false,1.0720206,true,1000
similarity n=43 k=3,similarity_singular,43,3,julia,10,458,0.28039356,500,5000,0.0920728,3440,324248488,499236864,false,1.0720206,true,1000
similarity n=43 k=3,similarity_singular,43,3,julia,10,459,0.28039356,500,5000,0.0920728,3440,324248488,499236864,false,1.0720206,true,1000
similarity n=43 k=3,similarity_singular,43,3,julia,10,460,0.28039356,500,5000,0.0920728,3440,324248488,499236864,false,1.0720206,true,1000
similarity n=43 k=3,similarity_singular,43,3,julia,10,461,0.28039356,500,5000,0.0920728,3440,324248488,499236864,false,1.0720206,true,1000
similarity n=43 k=3,similarity_singular,43,3,julia,10,462,0.28039356,500,5000,0.0920728,3440,324248488,499236864,false,1.0720206,true,1000
similarity n=43 k=3,similarity_singular,43,3,julia,10,463,0.28039356,500,5000,0.0920728,3440,324248488,499236864,false,1.0720206,true,1000
similarity n=43 k=3,similarity_singular,43,3,julia,10,464,0.28039356,500,5000,0.0920728,3440,324248488,499236864,false,1.0720206,true,1000
similarity n=43 k=3,similarity_singular,43,3,julia,10,465,0.28039356,500,5000,0.0920728,3440,324248488,499236864,false,1.0720206,true,1000
similarity n=43 k=3,similarity_singular,43,3,julia,10,466,0.28039356,500,5000,0.0920728,3440,324248488,499236864,false,1.0720206,true,1000
similarity n=43 k=3,similarity_singular,43,3,julia,10,467,0.28039356,500,5000,0.0920728,3440,324248488,499236864,false,1.0720206,true,1000
similarity n=43 k=3,similarity_singular,43,3,julia,10,468,0.28039356,500,5000,0.0920728,3440,324248488,499236864,false,1.0720206,true,1000
similarity n=43 k=3,similarity_singular,43,3,julia,10,469,0.28039356,500,5000,0.0920728,3440,324248488,499236864,false,1.0720206,true,1000
similarity n=43 k=3,similarity_singular,43,3,julia,10,470,0.28039356,500,5000,0.0920728,3440,324248488,499236864,false,1.0720206,true,1000
similarity n=43 k=3,similarity_singular,43,3,julia,10,471,0.28039356,500,5000,0.0920728,3440,324248488,499236864,false,1.0720206,true,1000
similarity n=43 k=3,similarity_singular,43,3,julia,10,472,0.28039356,500,5000,0.0920728,3440,324248488,499236864,false,1.0720206,true,1000
similarity n=43 k=3,similarity_singular,43,3,julia,10,473,0.28039356,500,5000,0.0920728,3440,324248488,499236864,false,1.0720206,true,1000
similarity n=43 k=3,similarity_singular,43,3,julia,10,474,0.28039356,500,5000,0.0920728,3440,324248488,499236864,false,1.0720206,true,1000
similarity n=43 k=3,similarity_singular,43,3,julia,10,475,0.28039356,500,5000,0.0920728,3440,324248488,499236864,false,1.0720206,true,1000
similarity n=43 k=3,similarity_singular,43,3,julia,10,476,0.28039356,500,5000,0.0920728,3440,324248488,499236864,false,1.0720206,true,1000
similarity n=43 k=3,similarity_singular,43,3,julia,10,477,0.28039356,500,5000,0.0920728,3440,324248488,499236864,false,1.0720206,true,1000
similarity n=43 k=3,similarity_singular,43,3,julia,10,478,0.28039356,500,5000,0.0920728,3440,324248488,499236864,false,1.0720206,true,1000
similarity n=43 k=3,similarity_singular,43,3,julia,10,479,0.28039356,500,5000,0.0920728,3440,324248488,499236864,false,1.0720206,true,1000
similarity n=43 k=3,similarity_singular,43,3,julia,10,480,0.28039356,500,5000,0.0920728,3440,324248488,499236864,false,1.0720206,true,1000
similarity n=43 k=3,similarity_singular,43,3,julia,10,481,0.28039356,500,5000,0.0920728,3440,324248488,499236864,false,1.0720206,true,1000
similarity n=43 k=3,similarity_singular,43,3,julia,10,482,0.28039356,500,5000,0.0920728,3440,324248488,499236864,false,1.0720206,true,1000
similarity n=43 k=3,similarity_singular,43,3,julia,10,483,0.28039356,500,5000,0.0920728,3440,324248488,499236864,false,1.0720206,true,1000
similarity n=43 k=3,similarity_singular,43,3,julia,10,484,0.28039356,500,5000,0.0920728,3440,324248488,499236864,false,1.0720206,true,1000
similarity n=43 k=3,similarity_singular,43,3,julia,10,485,0.28039356,500,5000,0.0920728,3440,324248488,499236864,false,1.0720206,true,1000
similarity n=43 k=3,similarity_singular,43,3,julia,10,486,0.28039356,500,5000,0.0920728,3440,324248488,499236864,false,1.0720206,true,1000
similarity n=43 k=3,similarity_singular,43,3,julia,10,487,0.28039356,500,5000,0.0920728,3440,324248488,499236864,false,1.0720206,true,1000
similarity n=43 k=3,similarity_singular,43,3,julia,10,488,0.28039356,500,5000,0.0920728,3440,324248488,499236864,false,1.0720206,true,1000
similarity n=43 k=3,similarity_singular,43,3,julia,10,489,0.28039356,500,5000,0.0920728,3440,324248488,499236864,false,1.0720206,true,1000
similarity n=43 k=3,similarity_singular,43,3,julia,10,490,0.28039356,500,5000,0.0920728,3440,324248488,499236864,false,1.0720206,true,1000
similarity n=43 k=3,similarity_singular,43,3,julia,10,491,0.28039356,500,5000,0.0920728,3440,324248488,499236864,false,1.0720206,true,1000
similarity n=43 k=3,similarity_singular,43,3,julia,10,492,0.28039356,500,5000,0.0920728,3440,324248488,499236864,false,1.0720206,true,1000
similarity n=43 k=3,similarity_singular,43,3,julia,10,493,0.28039356,500,5000,0.0920728,3440,324248488,499236864,false,1.0720206,true,1000
similarity n=43 k=3,similarity_singular,43,3,julia,10,494,0.28039356,500,5000,0.0920728,3440,324248488,499236864,false,1.0720206,true,1000
similarity n=43 k=3,similarity_singular,43,3,julia,10,495,0.28039356,500,5000,0.0920728,3440,324248488,499236864,false,1.0720206,true,1000
similarity n=43 k=3,similarity_singular,43,3,julia,10,496,0.28039356,500,5000,0.0920728,3440,324248488,499236864,false,1.0720206,true,1000
similarity n=43 k=3,similarity_singular,43,3,julia,10,497,0.28039356,500,5000,0.0920728,3440,324248488,499236864,false,1.0720206,true,1000
similarity n=43 k=3,similarity_singular,43,3,julia,10,498,0.28039356,500,5000,0.0920728,3440,324248488,499236864,false,1.0720206,true,1000
similarity n=43 k=3,similarity_singular,43,3,julia,10,499,0.28039356,500,5000,0.0920728,3440,324248488,499236864,false,1.0720206,true,1000
similarity n=43 k=3,similarity_singular,43,3,julia,10,500,0.28039356,500,5000,0.0920728,3440,324248488,499236864,false,1.0720206,true,1000
similarity n=43 k=3,similarity_singular,43,3,julia,20,1,0.17343544,500,10000,0.308561,6880,861036488,499236864,false,1.1962437,true,1000
similarity n=43 k=3,similarity_singular,43,3,julia,20,2,0.16958898,500,10000,0.308561,6880,861036488,499236864,false,1.1962437,true,1000
similarity n=43 k=3,similarity_singular,43,3,julia,20,3,0.16896374,500,10000,0.308561,6880,861036488,499236864,false,1.1962437,true,1000
similarity n=43 k=3,similarity_singular,43,3,julia,20,4,0.16885453,500,10000,0.308561,6880,861036488,499236864,false,1.1962437,true,1000
similarity n=43 k=3,similarity_singular,43,3,julia,20,5,0.16881871,500,10000,0.308561,6880,861036488,499236864,false,1.1962437,true,1000
similarity n=43 k=3,similarity_singular,43,3,julia,20,6,0.16880176,500,10000,0.308561,6880,861036488,499236864,false,1.1962437,true,1000
similarity n=43 k=3,similarity_singular,43,3,julia,20,7,0.16879139,500,10000,0.308561,6880,861036488,499236864,false,1.1962437,true,1000
similarity n=43 k=3,similarity_singular,43,3,julia,20,8,0.16878417,500,10000,0.308561,6880,861036488,499236864,false,1.1962437,true,1000
similarity n=43 k=3,similarity_singular,43,3,julia,20,9,0.16877874,500,10000,0.308561,6880,861036488,499236864,false,1.1962437,true,1000
similarity n=43 k=3,similarity_singular,43,3,julia,20,10,0.16877451,500,10000,0.308561,6880,861036488,499236864,false,1.1962437,true,1000
similarity n=43 k=3,similarity_singular,43,3,julia,20,11,0.1687711,500,10000,0.308561,6880,861036488,499236864,false,1.1962437,true,1000
similarity n=43 k=3,similarity_singular,43,3,julia,20,12,0.16876831,500,10000,0.308561,6880,861036488,499236864,false,1.1962437,true,1000
similarity n=43 k=3,similarity_singular,43,3,julia,20,13,0.168766,500,10000,0.308561,6880,861036488,499236864,false,1.1962437,true,1000
similarity n=43 k=3,similarity_singular,43,3,julia,20,14,0.16876407,500,10000,0.308561,6880,861036488,499236864,false,1.1962437,true,1000
similarity n=43 k=3,similarity_singular,43,3,julia,20,15,0.16876244,500,10000,0.308561,6880,861036488,499236864,false,1.1962437,true,1000
similarity n=43 k=3,similarity_singular,43,3,julia,20,16,0.16876105,500,10000,0.308561,6880,861036488,499236864,false,1.1962437,true,1000
similarity n=43 k=3,similarity_singular,43,3,julia,20,17,0.16875987,500,10000,0.308561,6880,861036488,499236864,false,1.1962437,true,1000
similarity n=43 k=3,similarity_singular,43,3,julia,20,18,0.16875887,500,10000,0.308561,6880,861036488,499236864,false,1.1962437,true,1000
similarity n=43 k=3,similarity_singular,43,3,julia,20,19,0.168758,500,10000,0.308561,6880,861036488,499236864,false,1.1962437,true,1000
similarity n=43 k=3,similarity_singular,43,3,julia,20,20,0.16875726,500,10000,0.308561,6880,861036488,499236864,false,1.1962437,true,1000
similarity n=43 k=3,similarity_singular,43,3,julia,20,21,0.16875662,500,10000,0.308561,6880,861036488,499236864,false,1.1962437,true,1000
similarity n=43 k=3,similarity_singular,43,3,julia,20,22,0.16875607,500,10000,0.308561,6880,861036488,499236864,false,1.1962437,true,1000
similarity n=43 k=3,similarity_singular,43,3,julia,20,23,0.1687556,500,10000,0.308561,6880,861036488,499236864,false,1.1962437,true,1000
similarity n=43 k=3,similarity_singular,43,3,julia,20,24,0.16875519,500,10000,0.308561,6880,861036488,499236864,false,1.1962437,true,1000
similarity n=43 k=3,similarity_singular,43,3,julia,20,25,0.16875484,500,10000,0.308561,6880,861036488,499236864,false,1.1962437,true,1000
similarity n=43 k=3,similarity_singular,43,3,julia,20,26,0.16875453,500,10000,0.308561,6880,861036488,499236864,false,1.1962437,true,1000
similarity n=43 k=3,similarity_singular,43,3,julia,20,27,0.16875427,500,10000,0.308561,6880,861036488,499236864,false,1.1962437,true,1000
similarity n=43 k=3,similarity_singular,43,3,julia,20,28,0.16875404,500,10000,0.308561,6880,861036488,499236864,false,1.1962437,true,1000
similarity n=43 k=3,similarity_singular,43,3,julia,20,29,0.16875384,500,10000,0.308561,6880,861036488,499236864,false,1.1962437,true,1000
similarity n=43 k=3,similarity_singular,43,3,julia,20,30,0.16875367,500,10000,0.308561,6880,861036488,499236864,false,1.1962437,true,1000
similarity n=43 k=3,similarity_singular,43,3,julia,20,31,0.16875352,500,10000,0.308561,6880,861036488,499236864,false,1.1962437,true,1000
similarity n=43 k=3,similarity_singular,43,3,julia,20,32,0.16875339,500,10000,0.308561,6880,861036488,499236864,false,1.1962437,true,1000
similarity n=43 k=3,similarity_singular,43,3,julia,20,33,0.16875328,500,10000,0.308561,6880,861036488,499236864,false,1.1962437,true,1000
similarity n=43 k=3,similarity_singular,43,3,julia,20,34,0.16875318,500,10000,0.308561,6880,861036488,499236864,false,1.1962437,true,1000
similarity n=43 k=3,similarity_singular,43,3,julia,20,35,0.1687531,500,10000,0.308561,6880,861036488,499236864,false,1.1962437,true,1000
similarity n=43 k=3,similarity_singular,43,3,julia,20,36,0.16875303,500,10000,0.308561,6880,861036488,499236864,false,1.1962437,true,1000
similarity n=43 k=3,similarity_singular,43,3,julia,20,37,0.16875296,500,10000,0.308561,6880,861036488,499236864,false,1.1962437,true,1000
similarity n=43 k=3,similarity_singular,43,3,julia,20,38,0.16875291,500,10000,0.308561,6880,861036488,499236864,false,1.1962437,true,1000
similarity n=43 k=3,similarity_singular,43,3,julia,20,39,0.16875286,500,10000,0.308561,6880,861036488,499236864,false,1.1962437,true,1000
similarity n=43 k=3,similarity_singular,43,3,julia,20,40,0.16875282,500,10000,0.308561,6880,861036488,499236864,false,1.1962437,true,1000
similarity n=43 k=3,similarity_singular,43,3,julia,20,41,0.16875278,500,10000,0.308561,6880,861036488,499236864,false,1.1962437,true,1000
similarity n=43 k=3,similarity_singular,43,3,julia,20,42,0.16875275,500,10000,0.308561,6880,861036488,499236864,false,1.1962437,true,1000
similarity n=43 k=3,similarity_singular,43,3,julia,20,43,0.16875272,500,10000,0.308561,6880,861036488,499236864,false,1.1962437,true,1000
similarity n=43 k=3,similarity_singular,43,3,julia,20,44,0.1687527,500,10000,0.308561,6880,861036488,499236864,false,1.1962437,true,1000
similarity n=43 k=3,similarity_singular,43,3,julia,20,45,0.16875268,500,10000,0.308561,6880,861036488,499236864,false,1.1962437,true,1000
similarity n=43 k=3,similarity_singular,43,3,julia,20,46,0.16875266,500,10000,0.308561,6880,861036488,499236864,false,1.1962437,true,1000
similarity n=43 k=3,similarity_singular,43,3,julia,20,47,0.16875265,500,10000,0.308561,6880,861036488,499236864,false,1.1962437,true,1000
similarity n=43 k=3,similarity_singular,43,3,julia,20,48,0.16875263,500,10000,0.308561,6880,861036488,499236864,false,1.1962437,true,1000
similarity n=43 k=3,similarity_singular,43,3,julia,20,49,0.16875262,500,10000,0.308561,6880,861036488,499236864,false,1.1962437,true,1000
similarity n=43 k=3,similarity_singular,43,3,julia,20,50,0.16875261,500,10000,0.308561,6880,861036488,499236864,false,1.1962437,true,1000
similarity n=43 k=3,similarity_singular,43,3,julia,20,51,0.1687526,500,10000,0.308561,6880,861036488,499236864,false,1.1962437,true,1000
similarity n=43 k=3,similarity_singular,43,3,julia,20,52,0.1687526,500,10000,0.308561,6880,861036488,499236864,false,1.1962437,true,1000
similarity n=43 k=3,similarity_singular,43,3,julia,20,53,0.16875259,500,10000,0.308561,6880,861036488,499236864,false,1.1962437,true,1000
similarity n=43 k=3,similarity_singular,43,3,julia,20,54,0.16875258,500,10000,0.308561,6880,861036488,499236864,false,1.1962437,true,1000
similarity n=43 k=3,similarity_singular,43,3,julia,20,55,0.16875258,500,10000,0.308561,6880,861036488,499236864,false,1.1962437,true,1000
similarity n=43 k=3,similarity_singular,43,3,julia,20,56,0.16875258,500,10000,0.308561,6880,861036488,499236864,false,1.1962437,true,1000
similarity n=43 k=3,similarity_singular,43,3,julia,20,57,0.16875257,500,10000,0.308561,6880,861036488,499236864,false,1.1962437,true,1000
similarity n=43 k=3,similarity_singular,43,3,julia,20,58,0.16875257,500,10000,0.308561,6880,861036488,499236864,false,1.1962437,true,1000
similarity n=43 k=3,similarity_singular,43,3,julia,20,59,0.16875257,500,10000,0.308561,6880,861036488,499236864,false,1.1962437,true,1000
similarity n=43 k=3,similarity_singular,43,3,julia,20,60,0.16875256,500,10000,0.308561,6880,861036488,499236864,false,1.1962437,true,1000
similarity n=43 k=3,similarity_singular,43,3,julia,20,61,0.16875256,500,10000,0.308561,6880,861036488,499236864,false,1.1962437,true,1000
similarity n=43 k=3,similarity_singular,43,3,julia,20,62,0.16875256,500,10000,0.308561,6880,861036488,499236864,false,1.1962437,true,1000
similarity n=43 k=3,similarity_singular,43,3,julia,20,63,0.16875256,500,10000,0.308561,6880,861036488,499236864,false,1.1962437,true,1000
similarity n=43 k=3,similarity_singular,43,3,julia,20,64,0.16875256,500,10000,0.308561,6880,861036488,499236864,false,1.1962437,true,1000
similarity n=43 k=3,similarity_singular,43,3,julia,20,65,0.16875255,500,10000,0.308561,6880,861036488,499236864,false,1.1962437,true,1000
similarity n=43 k=3,similarity_singular,43,3,julia,20,66,0.16875255,500,10000,0.308561,6880,861036488,499236864,false,1.1962437,true,1000
similarity n=43 k=3,similarity_singular,43,3,julia,20,67,0.16875255,500,10000,0.308561,6880,861036488,499236864,false,1.1962437,true,1000
similarity n=43 k=3,similarity_singular,43,3,julia,20,68,0.16875255,500,10000,0.308561,6880,861036488,499236864,false,1.1962437,true,1000
similarity n=43 k=3,similarity_singular,43,3,julia,20,69,0.16875255,500,10000,0.308561,6880,861036488,499236864,false,1.1962437,true,1000
similarity n=43 k=3,similarity_singular,43,3,julia,20,70,0.16875255,500,10000,0.308561,6880,861036488,499236864,false,1.1962437,true,1000
similarity n=43 k=3,similarity_singular,43,3,julia,20,71,0.16875255,500,10000,0.308561,6880,861036488,499236864,false,1.1962437,true,1000
similarity n=43 k=3,similarity_singular,43,3,julia,20,72,0.16875255,500,10000,0.308561,6880,861036488,499236864,false,1.1962437,true,1000
similarity n=43 k=3,similarity_singular,43,3,julia,20,73,0.16875255,500,10000,0.308561,6880,861036488,499236864,false,1.1962437,true,1000
similarity n=43 k=3,similarity_singular,43,3,julia,20,74,0.16875255,500,10000,0.308561,6880,861036488,499236864,false,1.1962437,true,1000
similarity n=43 k=3,similarity_singular,43,3,julia,20,75,0.16875255,500,10000,0.308561,6880,861036488,499236864,false,1.1962437,true,1000
similarity n=43 k=3,similarity_singular,43,3,julia,20,76,0.16875255,500,10000,0.308561,6880,861036488,499236864,false,1.1962437,true,1000
similarity n=43 k=3,similarity_singular,43,3,julia,20,77,0.16875255,500,10000,0.308561,6880,861036488,499236864,false,1.1962437,true,1000
similarity n=43 k=3,similarity_singular,43,3,julia,20,78,0.16875255,500,10000,0.308561,6880,861036488,499236864,false,1.1962437,true,1000
similarity n=43 k=3,similarity_singular,43,3,julia,20,79,0.16875255,500,10000,0.308561,6880,861036488,499236864,false,1.1962437,true,1000
similarity n=43 k=3,similarity_singular,43,3,julia,20,80,0.16875255,500,10000,0.308561,6880,861036488,499236864,false,1.1962437,true,1000
similarity n=43 k=3,similarity_singular,43,3,julia,20,81,0.16875255,500,10000,0.308561,6880,861036488,499236864,false,1.1962437,true,1000
similarity n=43 k=3,similarity_singular,43,3,julia,20,82,0.16875255,500,10000,0.308561,6880,861036488,499236864,false,1.1962437,true,1000
similarity n=43 k=3,similarity_singular,43,3,julia,20,83,0.16875255,500,10000,0.308561,6880,861036488,499236864,false,1.1962437,true,1000
similarity n=43 k=3,similarity_singular,43,3,julia,20,84,0.16875255,500,10000,0.308561,6880,861036488,499236864,false,1.1962437,true,1000
similarity n=43 k=3,similarity_singular,43,3,julia,20,85,0.16875255,500,10000,0.308561,6880,861036488,499236864,false,1.1962437,true,1000
similarity n=43 k=3,similarity_singular,43,3,julia,20,86,0.16875255,500,10000,0.308561,6880,861036488,499236864,false,1.1962437,true,1000
similarity n=43 k=3,similarity_singular,43,3,julia,20,87,0.16875255,500,10000,0.308561,6880,861036488,499236864,false,1.1962437,true,1000
similarity n=43 k=3,similarity_singular,43,3,julia,20,88,0.16875255,500,10000,0.308561,6880,861036488,499236864,false,1.1962437,true,1000
similarity n=43 k=3,similarity_singular,43,3,julia,20,89,0.16875255,500,10000,0.308561,6880,861036488,499236864,false,1.1962437,true,1000
similarity n=43 k=3,similarity_singular,43,3,julia,20,90,0.16875255,500,10000,0.308561,6880,861036488,499236864,false,1.1962437,true,1000
similarity n=43 k=3,similarity_singular,43,3,julia,20,91,0.16875255,500,10000,0.308561,6880,861036488,499236864,false,1.1962437,true,1000
similarity n=43 k=3,similarity_singular,43,3,julia,20,92,0.16875255,500,10000,0.308561,6880,861036488,499236864,false,1.1962437,true,1000
similarity n=43 k=3,similarity_singular,43,3,julia,20,93,0.16875255,500,10000,0.308561,6880,861036488,499236864,false,1.1962437,true,1000
similarity n=43 k=3,similarity_singular,43,3,julia,20,94,0.16875255,500,10000,0.308561,6880,861036488,499236864,false,1.1962437,true,1000
similarity n=43 k=3,similarity_singular,43,3,julia,20,95,0.16875255,500,10000,0.308561,6880,861036488,499236864,false,1.1962437,true,1000
similarity n=43 k=3,similarity_singular,43,3,julia,20,96,0.16875255,500,10000,0.308561,6880,861036488,499236864,false,1.1962437,true,1000
similarity n=43 k=3,similarity_singular,43,3,julia,20,97,0.16875255,500,10000,0.308561,6880,861036488,499236864,false,1.1962437,true,1000
similarity n=43 k=3,similarity_singular,43,3,julia,20,98,0.16875255,500,10000,0.308561,6880,861036488,499236864,false,1.1962437,true,1000
similarity n=43 k=3,similarity_singular,43,3,julia,20,99,0.16875255,500,10000,0.308561,6880,861036488,499236864,false,1.1962437,true,1000
similarity n=43 k=3,similarity_singular,43,3,julia,20,100,0.16875255,500,10000,0.308561,6880,861036488,499236864,false,1.1962437,true,1000
similarity n=43 k=3,similarity_singular,43,3,julia,20,101,0.16875255,500,10000,0.308561,6880,861036488,499236864,false,1.1962437,true,1000
similarity n=43 k=3,similarity_singular,43,3,julia,20,102,0.16875255,500,10000,0.308561,6880,861036488,499236864,false,1.1962437,true,1000
similarity n=43 k=3,similarity_singular,43,3,julia,20,103,0.16875255,500,10000,0.308561,6880,861036488,499236864,false,1.1962437,true,1000
similarity n=43 k=3,similarity_singular,43,3,julia,20,104,0.16875255,500,10000,0.308561,6880,861036488,499236864,false,1.1962437,true,1000
similarity n=43 k=3,similarity_singular,43,3,julia,20,105,0.16875255,500,10000,0.308561,6880,861036488,499236864,false,1.1962437,true,1000
similarity n=43 k=3,similarity_singular,43,3,julia,20,106,0.16875255,500,10000,0.308561,6880,861036488,499236864,false,1.1962437,true,1000
similarity n=43 k=3,similarity_singular,43,3,julia,20,107,0.16875255,500,10000,0.308561,6880,861036488,499236864,false,1.1962437,true,1000
similarity n=43 k=3,similarity_singular,43,3,julia,20,108,0.16875255,500,10000,0.308561,6880,861036488,499236864,false,1.1962437,true,1000
similarity n=43 k=3,similarity_singular,43,3,julia,20,109,0.16875255,500,10000,0.308561,6880,861036488,499236864,false,1.1962437,true,1000
similarity n=43 k=3,similarity_singular,43,3,julia,20,110,0.16875255,500,10000,0.308561,6880,861036488,499236864,false,1.1962437,true,1000
similarity n=43 k=3,similarity_singular,43,3,julia,20,111,0.16875255,500,10000,0.308561,6880,861036488,499236864,false,1.1962437,true,1000
similarity n=43 k=3,similarity_singular,43,3,julia,20,112,0.16875255,500,10000,0.308561,6880,861036488,499236864,false,1.1962437,true,1000
similarity n=43 k=3,similarity_singular,43,3,julia,20,113,0.16875255,500,10000,0.308561,6880,861036488,499236864,false,1.1962437,true,1000
similarity n=43 k=3,similarity_singular,43,3,julia,20,114,0.16875255,500,10000,0.308561,6880,861036488,499236864,false,1.1962437,true,1000
similarity n=43 k=3,similarity_singular,43,3,julia,20,115,0.16875255,500,10000,0.308561,6880,861036488,499236864,false,1.1962437,true,1000
similarity n=43 k=3,similarity_singular,43,3,julia,20,116,0.16875255,500,10000,0.308561,6880,861036488,499236864,false,1.1962437,true,1000
similarity n=43 k=3,similarity_singular,43,3,julia,20,117,0.16875255,500,10000,0.308561,6880,861036488,499236864,false,1.1962437,true,1000
similarity n=43 k=3,similarity_singular,43,3,julia,20,118,0.16875255,500,10000,0.308561,6880,861036488,499236864,false,1.1962437,true,1000
similarity n=43 k=3,similarity_singular,43,3,julia,20,119,0.16875255,500,10000,0.308561,6880,861036488,499236864,false,1.1962437,true,1000
similarity n=43 k=3,similarity_singular,43,3,julia,20,120,0.16875255,500,10000,0.308561,6880,861036488,499236864,false,1.1962437,true,1000
similarity n=43 k=3,similarity_singular,43,3,julia,20,121,0.16875255,500,10000,0.308561,6880,861036488,499236864,false,1.1962437,true,1000
similarity n=43 k=3,similarity_singular,43,3,julia,20,122,0.16875255,500,10000,0.308561,6880,861036488,499236864,false,1.1962437,true,1000
similarity n=43 k=3,similarity_singular,43,3,julia,20,123,0.16875255,500,10000,0.308561,6880,861036488,499236864,false,1.1962437,true,1000
similarity n=43 k=3,similarity_singular,43,3,julia,20,124,0.16875255,500,10000,0.308561,6880,861036488,499236864,false,1.1962437,true,1000
similarity n=43 k=3,similarity_singular,43,3,julia,20,125,0.16875255,500,10000,0.308561,6880,861036488,499236864,false,1.1962437,true,1000
similarity n=43 k=3,similarity_singular,43,3,julia,20,126,0.16875255,500,10000,0.308561,6880,861036488,499236864,false,1.1962437,true,1000
similarity n=43 k=3,similarity_singular,43,3,julia,20,127,0.16875255,500,10000,0.308561,6880,861036488,499236864,false,1.1962437,true,1000
similarity n=43 k=3,similarity_singular,43,3,julia,20,128,0.16875255,500,10000,0.308561,6880,861036488,499236864,false,1.1962437,true,1000
similarity n=43 k=3,similarity_singular,43,3,julia,20,129,0.16875255,500,10000,0.308561,6880,861036488,499236864,false,1.1962437,true,1000
similarity n=43 k=3,similarity_singular,43,3,julia,20,130,0.16875255,500,10000,0.308561,6880,861036488,499236864,false,1.1962437,true,1000
similarity n=43 k=3,similarity_singular,43,3,julia,20,131,0.16875255,500,10000,0.308561,6880,861036488,499236864,false,1.1962437,true,1000
similarity n=43 k=3,similarity_singular,43,3,julia,20,132,0.16875255,500,10000,0.308561,6880,861036488,499236864,false,1.1962437,true,1000
similarity n=43 k=3,similarity_singular,43,3,julia,20,133,0.16875255,500,10000,0.308561,6880,861036488,499236864,false,1.1962437,true,1000
similarity n=43 k=3,similarity_singular,43,3,julia,20,134,0.16875255,500,10000,0.308561,6880,861036488,499236864,false,1.1962437,true,1000
similarity n=43 k=3,similarity_singular,43,3,julia,20,135,0.16875255,500,10000,0.308561,6880,861036488,499236864,false,1.1962437,true,1000
similarity n=43 k=3,similarity_singular,43,3,julia,20,136,0.16875255,500,10000,0.308561,6880,861036488,499236864,false,1.1962437,true,1000
similarity n=43 k=3,similarity_singular,43,3,julia,20,137,0.16875255,500,10000,0.308561,6880,861036488,499236864,false,1.1962437,true,1000
similarity n=43 k=3,similarity_singular,43,3,julia,20,138,0.16875255,500,10000,0.308561,6880,861036488,499236864,false,1.1962437,true,1000
similarity n=43 k=3,similarity_singular,43,3,julia,20,139,0.16875255,500,10000,0.308561,6880,861036488,499236864,false,1.1962437,true,1000
similarity n=43 k=3,similarity_singular,43,3,julia,20,140,0.16875255,500,10000,0.308561,6880,861036488,499236864,false,1.1962437,true,1000
similarity n=43 k=3,similarity_singular,43,3,julia,20,141,0.16875255,500,10000,0.308561,6880,861036488,499236864,false,1.1962437,true,1000
similarity n=43 k=3,similarity_singular,43,3,julia,20,142,0.16875255,500,10000,0.308561,6880,861036488,499236864,false,1.1962437,true,1000
similarity n=43 k=3,similarity_singular,43,3,julia,20,143,0.16875255,500,10000,0.308561,6880,861036488,499236864,false,1.1962437,true,1000
similarity n=43 k=3,similarity_singular,43,3,julia,20,144,0.16875255,500,10000,0.308561,6880,861036488,499236864,false,1.1962437,true,1000
similarity n=43 k=3,similarity_singular,43,3,julia,20,145,0.16875255,500,10000,0.308561,6880,861036488,499236864,false,1.1962437,true,1000
similarity n=43 k=3,similarity_singular,43,3,julia,20,146,0.16875255,500,10000,0.308561,6880,861036488,499236864,false,1.1962437,true,1000
similarity n=43 k=3,similarity_singular,43,3,julia,20,147,0.16875255,500,10000,0.308561,6880,861036488,499236864,false,1.1962437,true,1000
similarity n=43 k=3,similarity_singular,43,3,julia,20,148,0.16875255,500,10000,0.308561,6880,861036488,499236864,false,1.1962437,true,1000
similarity n=43 k=3,similarity_singular,43,3,julia,20,149,0.16875255,500,10000,0.308561,6880,861036488,499236864,false,1.1962437,true,1000
similarity n=43 k=3,similarity_singular,43,3,julia,20,150,0.16875255,500,10000,0.308561,6880,861036488,499236864,false,1.1962437,true,1000
similarity n=43 k=3,similarity_singular,43,3,julia,20,151,0.16875255,500,10000,0.308561,6880,861036488,499236864,false,1.1962437,true,1000
similarity n=43 k=3,similarity_singular,43,3,julia,20,152,0.16875255,500,10000,0.308561,6880,861036488,499236864,false,1.1962437,true,1000
similarity n=43 k=3,similarity_singular,43,3,julia,20,153,0.16875255,500,10000,0.308561,6880,861036488,499236864,false,1.1962437,true,1000
similarity n=43 k=3,similarity_singular,43,3,julia,20,154,0.16875255,500,10000,0.308561,6880,861036488,499236864,false,1.1962437,true,1000
similarity n=43 k=3,similarity_singular,43,3,julia,20,155,0.16875255,500,10000,0.308561,6880,861036488,499236864,false,1.1962437,true,1000
similarity n=43 k=3,similarity_singular,43,3,julia,20,156,0.16875255,500,10000,0.308561,6880,861036488,499236864,false,1.1962437,true,1000
similarity n=43 k=3,similarity_singular,43,3,julia,20,157,0.16875255,500,10000,0.308561,6880,861036488,499236864,false,1.1962437,true,1000
similarity n=43 k=3,similarity_singular,43,3,julia,20,158,0.16875255,500,10000,0.308561,6880,861036488,499236864,false,1.1962437,true,1000
similarity n=43 k=3,similarity_singular,43,3,julia,20,159,0.16875255,500,10000,0.308561,6880,861036488,499236864,false,1.1962437,true,1000
similarity n=43 k=3,similarity_singular,43,3,julia,20,160,0.16875255,500,10000,0.308561,6880,861036488,499236864,false,1.1962437,true,1000
similarity n=43 k=3,similarity_singular,43,3,julia,20,161,0.16875255,500,10000,0.308561,6880,861036488,499236864,false,1.1962437,true,1000
similarity n=43 k=3,similarity_singular,43,3,julia,20,162,0.16875255,500,10000,0.308561,6880,861036488,499236864,false,1.1962437,true,1000
similarity n=43 k=3,similarity_singular,43,3,julia,20,163,0.16875255,500,10000,0.308561,6880,861036488,499236864,false,1.1962437,true,1000
similarity n=43 k=3,similarity_singular,43,3,julia,20,164,0.16875255,500,10000,0.308561,6880,861036488,499236864,false,1.1962437,true,1000
similarity n=43 k=3,similarity_singular,43,3,julia,20,165,0.16875255,500,10000,0.308561,6880,861036488,499236864,false,1.1962437,true,1000
similarity n=43 k=3,similarity_singular,43,3,julia,20,166,0.16875255,500,10000,0.308561,6880,861036488,499236864,false,1.1962437,true,1000
similarity n=43 k=3,similarity_singular,43,3,julia,20,167,0.16875255,500,10000,0.308561,6880,861036488,499236864,false,1.1962437,true,1000
similarity n=43 k=3,similarity_singular,43,3,julia,20,168,0.16875255,500,10000,0.308561,6880,861036488,499236864,false,1.1962437,true,1000
similarity n=43 k=3,similarity_singular,43,3,julia,20,169,0.16875255,500,10000,0.308561,6880,861036488,499236864,false,1.1962437,true,1000
similarity n=43 k=3,similarity_singular,43,3,julia,20,170,0.16875255,500,10000,0.308561,6880,861036488,499236864,false,1.1962437,true,1000
similarity n=43 k=3,similarity_singular,43,3,julia,20,171,0.16875255,500,10000,0.308561,6880,861036488,499236864,false,1.1962437,true,1000
similarity n=43 k=3,similarity_singular,43,3,julia,20,172,0.16875255,500,10000,0.308561,6880,861036488,499236864,false,1.1962437,true,1000
similarity n=43 k=3,similarity_singular,43,3,julia,20,173,0.16875255,500,10000,0.308561,6880,861036488,499236864,false,1.1962437,true,1000
similarity n=43 k=3,similarity_singular,43,3,julia,20,174,0.16875255,500,10000,0.308561,6880,861036488,499236864,false,1.1962437,true,1000
similarity n=43 k=3,similarity_singular,43,3,julia,20,175,0.16875255,500,10000,0.308561,6880,861036488,499236864,false,1.1962437,true,1000
similarity n=43 k=3,similarity_singular,43,3,julia,20,176,0.16875255,500,10000,0.308561,6880,861036488,499236864,false,1.1962437,true,1000
similarity n=43 k=3,similarity_singular,43,3,julia,20,177,0.16875255,500,10000,0.308561,6880,861036488,499236864,false,1.1962437,true,1000
similarity n=43 k=3,similarity_singular,43,3,julia,20,178,0.16875255,500,10000,0.308561,6880,861036488,499236864,false,1.1962437,true,1000
similarity n=43 k=3,similarity_singular,43,3,julia,20,179,0.16875255,500,10000,0.308561,6880,861036488,499236864,false,1.1962437,true,1000
similarity n=43 k=3,similarity_singular,43,3,julia,20,180,0.16875255,500,10000,0.308561,6880,861036488,499236864,false,1.1962437,true,1000
similarity n=43 k=3,similarity_singular,43,3,julia,20,181,0.16875255,500,10000,0.308561,6880,861036488,499236864,false,1.1962437,true,1000
similarity n=43 k=3,similarity_singular,43,3,julia,20,182,0.16875255,500,10000,0.308561,6880,861036488,499236864,false,1.1962437,true,1000
similarity n=43 k=3,similarity_singular,43,3,julia,20,183,0.16875255,500,10000,0.308561,6880,861036488,499236864,false,1.1962437,true,1000
similarity n=43 k=3,similarity_singular,43,3,julia,20,184,0.16875255,500,10000,0.308561,6880,861036488,499236864,false,1.1962437,true,1000
similarity n=43 k=3,similarity_singular,43,3,julia,20,185,0.16875255,500,10000,0.308561,6880,861036488,499236864,false,1.1962437,true,1000
similarity n=43 k=3,similarity_singular,43,3,julia,20,186,0.16875255,500,10000,0.308561,6880,861036488,499236864,false,1.1962437,true,1000
similarity n=43 k=3,similarity_singular,43,3,julia,20,187,0.16875255,500,10000,0.308561,6880,861036488,499236864,false,1.1962437,true,1000
similarity n=43 k=3,similarity_singular,43,3,julia,20,188,0.16875255,500,10000,0.308561,6880,861036488,499236864,false,1.1962437,true,1000
similarity n=43 k=3,similarity_singular,43,3,julia,20,189,0.16875255,500,10000,0.308561,6880,861036488,499236864,false,1.1962437,true,1000
similarity n=43 k=3,similarity_singular,43,3,julia,20,190,0.16875255,500,10000,0.308561,6880,861036488,499236864,false,1.1962437,true,1000
similarity n=43 k=3,similarity_singular,43,3,julia,20,191,0.16875255,500,10000,0.308561,6880,861036488,499236864,false,1.1962437,true,1000
similarity n=43 k=3,similarity_singular,43,3,julia,20,192,0.16875255,500,10000,0.308561,6880,861036488,499236864,false,1.1962437,true,1000
similarity n=43 k=3,similarity_singular,43,3,julia,20,193,0.16875255,500,10000,0.308561,6880,861036488,499236864,false,1.1962437,true,1000
similarity n=43 k=3,similarity_singular,43,3,julia,20,194,0.16875255,500,10000,0.308561,6880,861036488,499236864,false,1.1962437,true,1000
similarity n=43 k=3,similarity_singular,43,3,julia,20,195,0.16875255,500,10000,0.308561,6880,861036488,499236864,false,1.1962437,true,1000
similarity n=43 k=3,similarity_singular,43,3,julia,20,196,0.16875255,500,10000,0.308561,6880,861036488,499236864,false,1.1962437,true,1000
similarity n=43 k=3,similarity_singular,43,3,julia,20,197,0.16875255,500,10000,0.308561,6880,861036488,499236864,false,1.1962437,true,1000
similarity n=43 k=3,similarity_singular,43,3,julia,20,198,0.16875255,500,10000,0.308561,6880,861036488,499236864,false,1.1962437,true,1000
similarity n=43 k=3,similarity_singular,43,3,julia,20,199,0.16875255,500,10000,0.308561,6880,861036488,499236864,false,1.1962437,true,1000
similarity n=43 k=3,similarity_singular,43,3,julia,20,200,0.16875255,500,10000,0.308561,6880,861036488,499236864,false,1.1962437,true,1000
similarity n=43 k=3,similarity_singular,43,3,julia,20,201,0.16875255,500,10000,0.308561,6880,861036488,499236864,false,1.1962437,true,1000
similarity n=43 k=3,similarity_singular,43,3,julia,20,202,0.16875255,500,10000,0.308561,6880,861036488,499236864,false,1.1962437,true,1000
similarity n=43 k=3,similarity_singular,43,3,julia,20,203,0.16875255,500,10000,0.308561,6880,861036488,499236864,false,1.1962437,true,1000
similarity n=43 k=3,similarity_singular,43,3,julia,20,204,0.16875255,500,10000,0.308561,6880,861036488,499236864,false,1.1962437,true,1000
similarity n=43 k=3,similarity_singular,43,3,julia,20,205,0.16875255,500,10000,0.308561,6880,861036488,499236864,false,1.1962437,true,1000
similarity n=43 k=3,similarity_singular,43,3,julia,20,206,0.16875255,500,10000,0.308561,6880,861036488,499236864,false,1.1962437,true,1000
similarity n=43 k=3,similarity_singular,43,3,julia,20,207,0.16875255,500,10000,0.308561,6880,861036488,499236864,false,1.1962437,true,1000
similarity n=43 k=3,similarity_singular,43,3,julia,20,208,0.16875255,500,10000,0.308561,6880,861036488,499236864,false,1.1962437,true,1000
similarity n=43 k=3,similarity_singular,43,3,julia,20,209,0.16875255,500,10000,0.308561,6880,861036488,499236864,false,1.1962437,true,1000
similarity n=43 k=3,similarity_singular,43,3,julia,20,210,0.16875255,500,10000,0.308561,6880,861036488,499236864,false,1.1962437,true,1000
similarity n=43 k=3,similarity_singular,43,3,julia,20,211,0.16875255,500,10000,0.308561,6880,861036488,499236864,false,1.1962437,true,1000
similarity n=43 k=3,similarity_singular,43,3,julia,20,212,0.16875255,500,10000,0.308561,6880,861036488,499236864,false,1.1962437,true,1000
similarity n=43 k=3,similarity_singular,43,3,julia,20,213,0.16875255,500,10000,0.308561,6880,861036488,499236864,false,1.1962437,true,1000
similarity n=43 k=3,similarity_singular,43,3,julia,20,214,0.16875255,500,10000,0.308561,6880,861036488,499236864,false,1.1962437,true,1000
similarity n=43 k=3,similarity_singular,43,3,julia,20,215,0.16875255,500,10000,0.308561,6880,861036488,499236864,false,1.1962437,true,1000
similarity n=43 k=3,similarity_singular,43,3,julia,20,216,0.16875255,500,10000,0.308561,6880,861036488,499236864,false,1.1962437,true,1000
similarity n=43 k=3,similarity_singular,43,3,julia,20,217,0.16875255,500,10000,0.308561,6880,861036488,499236864,false,1.1962437,true,1000
similarity n=43 k=3,similarity_singular,43,3,julia,20,218,0.16875255,500,10000,0.308561,6880,861036488,499236864,false,1.1962437,true,1000
similarity n=43 k=3,similarity_singular,43,3,julia,20,219,0.16875255,500,10000,0.308561,6880,861036488,499236864,false,1.1962437,true,1000
similarity n=43 k=3,similarity_singular,43,3,julia,20,220,0.16875255,500,10000,0.308561,6880,861036488,499236864,false,1.1962437,true,1000
similarity n=43 k=3,similarity_singular,43,3,julia,20,221,0.16875255,500,10000,0.308561,6880,861036488,499236864,false,1.1962437,true,1000
similarity n=43 k=3,similarity_singular,43,3,julia,20,222,0.16875255,500,10000,0.308561,6880,861036488,499236864,false,1.1962437,true,1000
similarity n=43 k=3,similarity_singular,43,3,julia,20,223,0.16875255,500,10000,0.308561,6880,861036488,499236864,false,1.1962437,true,1000
similarity n=43 k=3,similarity_singular,43,3,julia,20,224,0.16875255,500,10000,0.308561,6880,861036488,499236864,false,1.1962437,true,1000
similarity n=43 k=3,similarity_singular,43,3,julia,20,225,0.16875255,500,10000,0.308561,6880,861036488,499236864,false,1.1962437,true,1000
similarity n=43 k=3,similarity_singular,43,3,julia,20,226,0.16875255,500,10000,0.308561,6880,861036488,499236864,false,1.1962437,true,1000
similarity n=43 k=3,similarity_singular,43,3,julia,20,227,0.16875255,500,10000,0.308561,6880,861036488,499236864,false,1.1962437,true,1000
similarity n=43 k=3,similarity_singular,43,3,julia,20,228,0.16875255,500,10000,0.308561,6880,861036488,499236864,false,1.1962437,true,1000
similarity n=43 k=3,similarity_singular,43,3,julia,20,229,0.16875255,500,10000,0.308561,6880,861036488,499236864,false,1.1962437,true,1000
similarity n=43 k=3,similarity_singular,43,3,julia,20,230,0.16875255,500,10000,0.308561,6880,861036488,499236864,false,1.1962437,true,1000
similarity n=43 k=3,similarity_singular,43,3,julia,20,231,0.16875255,500,10000,0.308561,6880,861036488,499236864,false,1.1962437,true,1000
similarity n=43 k=3,similarity_singular,43,3,julia,20,232,0.16875255,500,10000,0.308561,6880,861036488,499236864,false,1.1962437,true,1000
similarity n=43 k=3,similarity_singular,43,3,julia,20,233,0.16875255,500,10000,0.308561,6880,861036488,499236864,false,1.1962437,true,1000
similarity n=43 k=3,similarity_singular,43,3,julia,20,234,0.16875255,500,10000,0.308561,6880,861036488,499236864,false,1.1962437,true,1000
similarity n=43 k=3,similarity_singular,43,3,julia,20,235,0.16875255,500,10000,0.308561,6880,861036488,499236864,false,1.1962437,true,1000
similarity n=43 k=3,similarity_singular,43,3,julia,20,236,0.16875255,500,10000,0.308561,6880,861036488,499236864,false,1.1962437,true,1000
similarity n=43 k=3,similarity_singular,43,3,julia,20,237,0.16875255,500,10000,0.308561,6880,861036488,499236864,false,1.1962437,true,1000
similarity n=43 k=3,similarity_singular,43,3,julia,20,238,0.16875255,500,10000,0.308561,6880,861036488,499236864,false,1.1962437,true,1000
similarity n=43 k=3,similarity_singular,43,3,julia,20,239,0.16875255,500,10000,0.308561,6880,861036488,499236864,false,1.1962437,true,1000
similarity n=43 k=3,similarity_singular,43,3,julia,20,240,0.16875255,500,10000,0.308561,6880,861036488,499236864,false,1.1962437,true,1000
similarity n=43 k=3,similarity_singular,43,3,julia,20,241,0.16875255,500,10000,0.308561,6880,861036488,499236864,false,1.1962437,true,1000
similarity n=43 k=3,similarity_singular,43,3,julia,20,242,0.16875255,500,10000,0.308561,6880,861036488,499236864,false,1.1962437,true,1000
similarity n=43 k=3,similarity_singular,43,3,julia,20,243,0.16875255,500,10000,0.308561,6880,861036488,499236864,false,1.1962437,true,1000
similarity n=43 k=3,similarity_singular,43,3,julia,20,244,0.16875255,500,10000,0.308561,6880,861036488,499236864,false,1.1962437,true,1000
similarity n=43 k=3,similarity_singular,43,3,julia,20,245,0.16875255,500,10000,0.308561,6880,861036488,499236864,false,1.1962437,true,1000
similarity n=43 k=3,similarity_singular,43,3,julia,20,246,0.16875255,500,10000,0.308561,6880,861036488,499236864,false,1.1962437,true,1000
similarity n=43 k=3,similarity_singular,43,3,julia,20,247,0.16875255,500,10000,0.308561,6880,861036488,499236864,false,1.1962437,true,1000
similarity n=43 k=3,similarity_singular,43,3,julia,20,248,0.16875255,500,10000,0.308561,6880,861036488,499236864,false,1.1962437,true,1000
similarity n=43 k=3,similarity_singular,43,3,julia,20,249,0.16875255,500,10000,0.308561,6880,861036488,499236864,false,1.1962437,true,1000
similarity n=43 k=3,similarity_singular,43,3,julia,20,250,0.16875255,500,10000,0.308561,6880,861036488,499236864,false,1.1962437,true,1000
similarity n=43 k=3,similarity_singular,43,3,julia,20,251,0.16875255,500,10000,0.308561,6880,861036488,499236864,false,1.1962437,true,1000
similarity n=43 k=3,similarity_singular,43,3,julia,20,252,0.16875255,500,10000,0.308561,6880,861036488,499236864,false,1.1962437,true,1000
similarity n=43 k=3,similarity_singular,43,3,julia,20,253,0.16875255,500,10000,0.308561,6880,861036488,499236864,false,1.1962437,true,1000
similarity n=43 k=3,similarity_singular,43,3,julia,20,254,0.16875255,500,10000,0.308561,6880,861036488,499236864,false,1.1962437,true,1000
similarity n=43 k=3,similarity_singular,43,3,julia,20,255,0.16875255,500,10000,0.308561,6880,861036488,499236864,false,1.1962437,true,1000
similarity n=43 k=3,similarity_singular,43,3,julia,20,256,0.16875255,500,10000,0.308561,6880,861036488,499236864,false,1.1962437,true,1000
similarity n=43 k=3,similarity_singular,43,3,julia,20,257,0.16875255,500,10000,0.308561,6880,861036488,499236864,false,1.1962437,true,1000
similarity n=43 k=3,similarity_singular,43,3,julia,20,258,0.16875255,500,10000,0.308561,6880,861036488,499236864,false,1.1962437,true,1000
similarity n=43 k=3,similarity_singular,43,3,julia,20,259,0.16875255,500,10000,0.308561,6880,861036488,499236864,false,1.1962437,true,1000
similarity n=43 k=3,similarity_singular,43,3,julia,20,260,0.16875255,500,10000,0.308561,6880,861036488,499236864,false,1.1962437,true,1000
similarity n=43 k=3,similarity_singular,43,3,julia,20,261,0.16875255,500,10000,0.308561,6880,861036488,499236864,false,1.1962437,true,1000
similarity n=43 k=3,similarity_singular,43,3,julia,20,262,0.16875255,500,10000,0.308561,6880,861036488,499236864,false,1.1962437,true,1000
similarity n=43 k=3,similarity_singular,43,3,julia,20,263,0.16875255,500,10000,0.308561,6880,861036488,499236864,false,1.1962437,true,1000
similarity n=43 k=3,similarity_singular,43,3,julia,20,264,0.16875255,500,10000,0.308561,6880,861036488,499236864,false,1.1962437,true,1000
similarity n=43 k=3,similarity_singular,43,3,julia,20,265,0.16875255,500,10000,0.308561,6880,861036488,499236864,false,1.1962437,true,1000
similarity n=43 k=3,similarity_singular,43,3,julia,20,266,0.16875255,500,10000,0.308561,6880,861036488,499236864,false,1.1962437,true,1000
similarity n=43 k=3,similarity_singular,43,3,julia,20,267,0.16875255,500,10000,0.308561,6880,861036488,499236864,false,1.1962437,true,1000
similarity n=43 k=3,similarity_singular,43,3,julia,20,268,0.16875255,500,10000,0.308561,6880,861036488,499236864,false,1.1962437,true,1000
similarity n=43 k=3,similarity_singular,43,3,julia,20,269,0.16875255,500,10000,0.308561,6880,861036488,499236864,false,1.1962437,true,1000
similarity n=43 k=3,similarity_singular,43,3,julia,20,270,0.16875255,500,10000,0.308561,6880,861036488,499236864,false,1.1962437,true,1000
similarity n=43 k=3,similarity_singular,43,3,julia,20,271,0.16875255,500,10000,0.308561,6880,861036488,499236864,false,1.1962437,true,1000
similarity n=43 k=3,similarity_singular,43,3,julia,20,272,0.16875255,500,10000,0.308561,6880,861036488,499236864,false,1.1962437,true,1000
similarity n=43 k=3,similarity_singular,43,3,julia,20,273,0.16875255,500,10000,0.308561,6880,861036488,499236864,false,1.1962437,true,1000
similarity n=43 k=3,similarity_singular,43,3,julia,20,274,0.16875255,500,10000,0.308561,6880,861036488,499236864,false,1.1962437,true,1000
similarity n=43 k=3,similarity_singular,43,3,julia,20,275,0.16875255,500,10000,0.308561,6880,861036488,499236864,false,1.1962437,true,1000
similarity n=43 k=3,similarity_singular,43,3,julia,20,276,0.16875255,500,10000,0.308561,6880,861036488,499236864,false,1.1962437,true,1000
similarity n=43 k=3,similarity_singular,43,3,julia,20,277,0.16875255,500,10000,0.308561,6880,861036488,499236864,false,1.1962437,true,1000
similarity n=43 k=3,similarity_singular,43,3,julia,20,278,0.16875255,500,10000,0.308561,6880,861036488,499236864,false,1.1962437,true,1000
similarity n=43 k=3,similarity_singular,43,3,julia,20,279,0.16875255,500,10000,0.308561,6880,861036488,499236864,false,1.1962437,true,1000
similarity n=43 k=3,similarity_singular,43,3,julia,20,280,0.16875255,500,10000,0.308561,6880,861036488,499236864,false,1.1962437,true,1000
similarity n=43 k=3,similarity_singular,43,3,julia,20,281,0.16875255,500,10000,0.308561,6880,861036488,499236864,false,1.1962437,true,1000
similarity n=43 k=3,similarity_singular,43,3,julia,20,282,0.16875255,500,10000,0.308561,6880,861036488,499236864,false,1.1962437,true,1000
similarity n=43 k=3,similarity_singular,43,3,julia,20,283,0.16875255,500,10000,0.308561,6880,861036488,499236864,false,1.1962437,true,1000
similarity n=43 k=3,similarity_singular,43,3,julia,20,284,0.16875255,500,10000,0.308561,6880,861036488,499236864,false,1.1962437,true,1000
similarity n=43 k=3,similarity_singular,43,3,julia,20,285,0.16875255,500,10000,0.308561,6880,861036488,499236864,false,1.1962437,true,1000
similarity n=43 k=3,similarity_singular,43,3,julia,20,286,0.16875255,500,10000,0.308561,6880,861036488,499236864,false,1.1962437,true,1000
similarity n=43 k=3,similarity_singular,43,3,julia,20,287,0.16875255,500,10000,0.308561,6880,861036488,499236864,false,1.1962437,true,1000
similarity n=43 k=3,similarity_singular,43,3,julia,20,288,0.16875255,500,10000,0.308561,6880,861036488,499236864,false,1.1962437,true,1000
similarity n=43 k=3,similarity_singular,43,3,julia,20,289,0.16875255,500,10000,0.308561,6880,861036488,499236864,false,1.1962437,true,1000
similarity n=43 k=3,similarity_singular,43,3,julia,20,290,0.16875255,500,10000,0.308561,6880,861036488,499236864,false,1.1962437,true,1000
similarity n=43 k=3,similarity_singular,43,3,julia,20,291,0.16875255,500,10000,0.308561,6880,861036488,499236864,false,1.1962437,true,1000
similarity n=43 k=3,similarity_singular,43,3,julia,20,292,0.16875255,500,10000,0.308561,6880,861036488,499236864,false,1.1962437,true,1000
similarity n=43 k=3,similarity_singular,43,3,julia,20,293,0.16875255,500,10000,0.308561,6880,861036488,499236864,false,1.1962437,true,1000
similarity n=43 k=3,similarity_singular,43,3,julia,20,294,0.16875255,500,10000,0.308561,6880,861036488,499236864,false,1.1962437,true,1000
similarity n=43 k=3,similarity_singular,43,3,julia,20,295,0.16875255,500,10000,0.308561,6880,861036488,499236864,false,1.1962437,true,1000
similarity n=43 k=3,similarity_singular,43,3,julia,20,296,0.16875255,500,10000,0.308561,6880,861036488,499236864,false,1.1962437,true,1000
similarity n=43 k=3,similarity_singular,43,3,julia,20,297,0.16875255,500,10000,0.308561,6880,861036488,499236864,false,1.1962437,true,1000
similarity n=43 k=3,similarity_singular,43,3,julia,20,298,0.16875255,500,10000,0.308561,6880,861036488,499236864,false,1.1962437,true,1000
similarity n=43 k=3,similarity_singular,43,3,julia,20,299,0.16875255,500,10000,0.308561,6880,861036488,499236864,false,1.1962437,true,1000
similarity n=43 k=3,similarity_singular,43,3,julia,20,300,0.16875255,500,10000,0.308561,6880,861036488,499236864,false,1.1962437,true,1000
similarity n=43 k=3,similarity_singular,43,3,julia,20,301,0.16875255,500,10000,0.308561,6880,861036488,499236864,false,1.1962437,true,1000
similarity n=43 k=3,similarity_singular,43,3,julia,20,302,0.16875255,500,10000,0.308561,6880,861036488,499236864,false,1.1962437,true,1000
similarity n=43 k=3,similarity_singular,43,3,julia,20,303,0.16875255,500,10000,0.308561,6880,861036488,499236864,false,1.1962437,true,1000
similarity n=43 k=3,similarity_singular,43,3,julia,20,304,0.16875255,500,10000,0.308561,6880,861036488,499236864,false,1.1962437,true,1000
similarity n=43 k=3,similarity_singular,43,3,julia,20,305,0.16875255,500,10000,0.308561,6880,861036488,499236864,false,1.1962437,true,1000
similarity n=43 k=3,similarity_singular,43,3,julia,20,306,0.16875255,500,10000,0.308561,6880,861036488,499236864,false,1.1962437,true,1000
similarity n=43 k=3,similarity_singular,43,3,julia,20,307,0.16875255,500,10000,0.308561,6880,861036488,499236864,false,1.1962437,true,1000
similarity n=43 k=3,similarity_singular,43,3,julia,20,308,0.16875255,500,10000,0.308561,6880,861036488,499236864,false,1.1962437,true,1000
similarity n=43 k=3,similarity_singular,43,3,julia,20,309,0.16875255,500,10000,0.308561,6880,861036488,499236864,false,1.1962437,true,1000
similarity n=43 k=3,similarity_singular,43,3,julia,20,310,0.16875255,500,10000,0.308561,6880,861036488,499236864,false,1.1962437,true,1000
similarity n=43 k=3,similarity_singular,43,3,julia,20,311,0.16875255,500,10000,0.308561,6880,861036488,499236864,false,1.1962437,true,1000
similarity n=43 k=3,similarity_singular,43,3,julia,20,312,0.16875255,500,10000,0.308561,6880,861036488,499236864,false,1.1962437,true,1000
similarity n=43 k=3,similarity_singular,43,3,julia,20,313,0.16875255,500,10000,0.308561,6880,861036488,499236864,false,1.1962437,true,1000
similarity n=43 k=3,similarity_singular,43,3,julia,20,314,0.16875255,500,10000,0.308561,6880,861036488,499236864,false,1.1962437,true,1000
similarity n=43 k=3,similarity_singular,43,3,julia,20,315,0.16875255,500,10000,0.308561,6880,861036488,499236864,false,1.1962437,true,1000
similarity n=43 k=3,similarity_singular,43,3,julia,20,316,0.16875255,500,10000,0.308561,6880,861036488,499236864,false,1.1962437,true,1000
similarity n=43 k=3,similarity_singular,43,3,julia,20,317,0.16875255,500,10000,0.308561,6880,861036488,499236864,false,1.1962437,true,1000
similarity n=43 k=3,similarity_singular,43,3,julia,20,318,0.16875255,500,10000,0.308561,6880,861036488,499236864,false,1.1962437,true,1000
similarity n=43 k=3,similarity_singular,43,3,julia,20,319,0.16875255,500,10000,0.308561,6880,861036488,499236864,false,1.1962437,true,1000
similarity n=43 k=3,similarity_singular,43,3,julia,20,320,0.16875255,500,10000,0.308561,6880,861036488,499236864,false,1.1962437,true,1000
similarity n=43 k=3,similarity_singular,43,3,julia,20,321,0.16875255,500,10000,0.308561,6880,861036488,499236864,false,1.1962437,true,1000
similarity n=43 k=3,similarity_singular,43,3,julia,20,322,0.16875255,500,10000,0.308561,6880,861036488,499236864,false,1.1962437,true,1000
similarity n=43 k=3,similarity_singular,43,3,julia,20,323,0.16875255,500,10000,0.308561,6880,861036488,499236864,false,1.1962437,true,1000
similarity n=43 k=3,similarity_singular,43,3,julia,20,324,0.16875255,500,10000,0.308561,6880,861036488,499236864,false,1.1962437,true,1000
similarity n=43 k=3,similarity_singular,43,3,julia,20,325,0.16875255,500,10000,0.308561,6880,861036488,499236864,false,1.1962437,true,1000
similarity n=43 k=3,similarity_singular,43,3,julia,20,326,0.16875255,500,10000,0.308561,6880,861036488,499236864,false,1.1962437,true,1000
similarity n=43 k=3,similarity_singular,43,3,julia,20,327,0.16875255,500,10000,0.308561,6880,861036488,499236864,false,1.1962437,true,1000
similarity n=43 k=3,similarity_singular,43,3,julia,20,328,0.16875255,500,10000,0.308561,6880,861036488,499236864,false,1.1962437,true,1000
similarity n=43 k=3,similarity_singular,43,3,julia,20,329,0.16875255,500,10000,0.308561,6880,861036488,499236864,false,1.1962437,true,1000
similarity n=43 k=3,similarity_singular,43,3,julia,20,330,0.16875255,500,10000,0.308561,6880,861036488,499236864,false,1.1962437,true,1000
similarity n=43 k=3,similarity_singular,43,3,julia,20,331,0.16875255,500,10000,0.308561,6880,861036488,499236864,false,1.1962437,true,1000
similarity n=43 k=3,similarity_singular,43,3,julia,20,332,0.16875255,500,10000,0.308561,6880,861036488,499236864,false,1.1962437,true,1000
similarity n=43 k=3,similarity_singular,43,3,julia,20,333,0.16875255,500,10000,0.308561,6880,861036488,499236864,false,1.1962437,true,1000
similarity n=43 k=3,similarity_singular,43,3,julia,20,334,0.16875255,500,10000,0.308561,6880,861036488,499236864,false,1.1962437,true,1000
similarity n=43 k=3,similarity_singular,43,3,julia,20,335,0.16875255,500,10000,0.308561,6880,861036488,499236864,false,1.1962437,true,1000
similarity n=43 k=3,similarity_singular,43,3,julia,20,336,0.16875255,500,10000,0.308561,6880,861036488,499236864,false,1.1962437,true,1000
similarity n=43 k=3,similarity_singular,43,3,julia,20,337,0.16875255,500,10000,0.308561,6880,861036488,499236864,false,1.1962437,true,1000
similarity n=43 k=3,similarity_singular,43,3,julia,20,338,0.16875255,500,10000,0.308561,6880,861036488,499236864,false,1.1962437,true,1000
similarity n=43 k=3,similarity_singular,43,3,julia,20,339,0.16875255,500,10000,0.308561,6880,861036488,499236864,false,1.1962437,true,1000
similarity n=43 k=3,similarity_singular,43,3,julia,20,340,0.16875255,500,10000,0.308561,6880,861036488,499236864,false,1.1962437,true,1000
similarity n=43 k=3,similarity_singular,43,3,julia,20,341,0.16875255,500,10000,0.308561,6880,861036488,499236864,false,1.1962437,true,1000
similarity n=43 k=3,similarity_singular,43,3,julia,20,342,0.16875255,500,10000,0.308561,6880,861036488,499236864,false,1.1962437,true,1000
similarity n=43 k=3,similarity_singular,43,3,julia,20,343,0.16875255,500,10000,0.308561,6880,861036488,499236864,false,1.1962437,true,1000
similarity n=43 k=3,similarity_singular,43,3,julia,20,344,0.16875255,500,10000,0.308561,6880,861036488,499236864,false,1.1962437,true,1000
similarity n=43 k=3,similarity_singular,43,3,julia,20,345,0.16875255,500,10000,0.308561,6880,861036488,499236864,false,1.1962437,true,1000
similarity n=43 k=3,similarity_singular,43,3,julia,20,346,0.16875255,500,10000,0.308561,6880,861036488,499236864,false,1.1962437,true,1000
similarity n=43 k=3,similarity_singular,43,3,julia,20,347,0.16875255,500,10000,0.308561,6880,861036488,499236864,false,1.1962437,true,1000
similarity n=43 k=3,similarity_singular,43,3,julia,20,348,0.16875255,500,10000,0.308561,6880,861036488,499236864,false,1.1962437,true,1000
similarity n=43 k=3,similarity_singular,43,3,julia,20,349,0.16875255,500,10000,0.308561,6880,861036488,499236864,false,1.1962437,true,1000
similarity n=43 k=3,similarity_singular,43,3,julia,20,350,0.16875255,500,10000,0.308561,6880,861036488,499236864,false,1.1962437,true,1000
similarity n=43 k=3,similarity_singular,43,3,julia,20,351,0.16875255,500,10000,0.308561,6880,861036488,499236864,false,1.1962437,true,1000
similarity n=43 k=3,similarity_singular,43,3,julia,20,352,0.16875255,500,10000,0.308561,6880,861036488,499236864,false,1.1962437,true,1000
similarity n=43 k=3,similarity_singular,43,3,julia,20,353,0.16875255,500,10000,0.308561,6880,861036488,499236864,false,1.1962437,true,1000
similarity n=43 k=3,similarity_singular,43,3,julia,20,354,0.16875255,500,10000,0.308561,6880,861036488,499236864,false,1.1962437,true,1000
similarity n=43 k=3,similarity_singular,43,3,julia,20,355,0.16875255,500,10000,0.308561,6880,861036488,499236864,false,1.1962437,true,1000
similarity n=43 k=3,similarity_singular,43,3,julia,20,356,0.16875255,500,10000,0.308561,6880,861036488,499236864,false,1.1962437,true,1000
similarity n=43 k=3,similarity_singular,43,3,julia,20,357,0.16875255,500,10000,0.308561,6880,861036488,499236864,false,1.1962437,true,1000
similarity n=43 k=3,similarity_singular,43,3,julia,20,358,0.16875255,500,10000,0.308561,6880,861036488,499236864,false,1.1962437,true,1000
similarity n=43 k=3,similarity_singular,43,3,julia,20,359,0.16875255,500,10000,0.308561,6880,861036488,499236864,false,1.1962437,true,1000
similarity n=43 k=3,similarity_singular,43,3,julia,20,360,0.16875255,500,10000,0.308561,6880,861036488,499236864,false,1.1962437,true,1000
similarity n=43 k=3,similarity_singular,43,3,julia,20,361,0.16875255,500,10000,0.308561,6880,861036488,499236864,false,1.1962437,true,1000
similarity n=43 k=3,similarity_singular,43,3,julia,20,362,0.16875255,500,10000,0.308561,6880,861036488,499236864,false,1.1962437,true,1000
similarity n=43 k=3,similarity_singular,43,3,julia,20,363,0.16875255,500,10000,0.308561,6880,861036488,499236864,false,1.1962437,true,1000
similarity n=43 k=3,similarity_singular,43,3,julia,20,364,0.16875255,500,10000,0.308561,6880,861036488,499236864,false,1.1962437,true,1000
similarity n=43 k=3,similarity_singular,43,3,julia,20,365,0.16875255,500,10000,0.308561,6880,861036488,499236864,false,1.1962437,true,1000
similarity n=43 k=3,similarity_singular,43,3,julia,20,366,0.16875255,500,10000,0.308561,6880,861036488,499236864,false,1.1962437,true,1000
similarity n=43 k=3,similarity_singular,43,3,julia,20,367,0.16875255,500,10000,0.308561,6880,861036488,499236864,false,1.1962437,true,1000
similarity n=43 k=3,similarity_singular,43,3,julia,20,368,0.16875255,500,10000,0.308561,6880,861036488,499236864,false,1.1962437,true,1000
similarity n=43 k=3,similarity_singular,43,3,julia,20,369,0.16875255,500,10000,0.308561,6880,861036488,499236864,false,1.1962437,true,1000
similarity n=43 k=3,similarity_singular,43,3,julia,20,370,0.16875255,500,10000,0.308561,6880,861036488,499236864,false,1.1962437,true,1000
similarity n=43 k=3,similarity_singular,43,3,julia,20,371,0.16875255,500,10000,0.308561,6880,861036488,499236864,false,1.1962437,true,1000
similarity n=43 k=3,similarity_singular,43,3,julia,20,372,0.16875255,500,10000,0.308561,6880,861036488,499236864,false,1.1962437,true,1000
similarity n=43 k=3,similarity_singular,43,3,julia,20,373,0.16875255,500,10000,0.308561,6880,861036488,499236864,false,1.1962437,true,1000
similarity n=43 k=3,similarity_singular,43,3,julia,20,374,0.16875255,500,10000,0.308561,6880,861036488,499236864,false,1.1962437,true,1000
similarity n=43 k=3,similarity_singular,43,3,julia,20,375,0.16875255,500,10000,0.308561,6880,861036488,499236864,false,1.1962437,true,1000
similarity n=43 k=3,similarity_singular,43,3,julia,20,376,0.16875255,500,10000,0.308561,6880,861036488,499236864,false,1.1962437,true,1000
similarity n=43 k=3,similarity_singular,43,3,julia,20,377,0.16875255,500,10000,0.308561,6880,861036488,499236864,false,1.1962437,true,1000
similarity n=43 k=3,similarity_singular,43,3,julia,20,378,0.16875255,500,10000,0.308561,6880,861036488,499236864,false,1.1962437,true,1000
similarity n=43 k=3,similarity_singular,43,3,julia,20,379,0.16875255,500,10000,0.308561,6880,861036488,499236864,false,1.1962437,true,1000
similarity n=43 k=3,similarity_singular,43,3,julia,20,380,0.16875255,500,10000,0.308561,6880,861036488,499236864,false,1.1962437,true,1000
similarity n=43 k=3,similarity_singular,43,3,julia,20,381,0.16875255,500,10000,0.308561,6880,861036488,499236864,false,1.1962437,true,1000
similarity n=43 k=3,similarity_singular,43,3,julia,20,382,0.16875255,500,10000,0.308561,6880,861036488,499236864,false,1.1962437,true,1000
similarity n=43 k=3,similarity_singular,43,3,julia,20,383,0.16875255,500,10000,0.308561,6880,861036488,499236864,false,1.1962437,true,1000
similarity n=43 k=3,similarity_singular,43,3,julia,20,384,0.16875255,500,10000,0.308561,6880,861036488,499236864,false,1.1962437,true,1000
similarity n=43 k=3,similarity_singular,43,3,julia,20,385,0.16875255,500,10000,0.308561,6880,861036488,499236864,false,1.1962437,true,1000
similarity n=43 k=3,similarity_singular,43,3,julia,20,386,0.16875255,500,10000,0.308561,6880,861036488,499236864,false,1.1962437,true,1000
similarity n=43 k=3,similarity_singular,43,3,julia,20,387,0.16875255,500,10000,0.308561,6880,861036488,499236864,false,1.1962437,true,1000
similarity n=43 k=3,similarity_singular,43,3,julia,20,388,0.16875255,500,10000,0.308561,6880,861036488,499236864,false,1.1962437,true,1000
similarity n=43 k=3,similarity_singular,43,3,julia,20,389,0.16875255,500,10000,0.308561,6880,861036488,499236864,false,1.1962437,true,1000
similarity n=43 k=3,similarity_singular,43,3,julia,20,390,0.16875255,500,10000,0.308561,6880,861036488,499236864,false,1.1962437,true,1000
similarity n=43 k=3,similarity_singular,43,3,julia,20,391,0.16875255,500,10000,0.308561,6880,861036488,499236864,false,1.1962437,true,1000
similarity n=43 k=3,similarity_singular,43,3,julia,20,392,0.16875255,500,10000,0.308561,6880,861036488,499236864,false,1.1962437,true,1000
similarity n=43 k=3,similarity_singular,43,3,julia,20,393,0.16875255,500,10000,0.308561,6880,861036488,499236864,false,1.1962437,true,1000
similarity n=43 k=3,similarity_singular,43,3,julia,20,394,0.16875255,500,10000,0.308561,6880,861036488,499236864,false,1.1962437,true,1000
similarity n=43 k=3,similarity_singular,43,3,julia,20,395,0.16875255,500,10000,0.308561,6880,861036488,499236864,false,1.1962437,true,1000
similarity n=43 k=3,similarity_singular,43,3,julia,20,396,0.16875255,500,10000,0.308561,6880,861036488,499236864,false,1.1962437,true,1000
similarity n=43 k=3,similarity_singular,43,3,julia,20,397,0.16875255,500,10000,0.308561,6880,861036488,499236864,false,1.1962437,true,1000
similarity n=43 k=3,similarity_singular,43,3,julia,20,398,0.16875255,500,10000,0.308561,6880,861036488,499236864,false,1.1962437,true,1000
similarity n=43 k=3,similarity_singular,43,3,julia,20,399,0.16875255,500,10000,0.308561,6880,861036488,499236864,false,1.1962437,true,1000
similarity n=43 k=3,similarity_singular,43,3,julia,20,400,0.16875255,500,10000,0.308561,6880,861036488,499236864,false,1.1962437,true,1000
similarity n=43 k=3,similarity_singular,43,3,julia,20,401,0.16875255,500,10000,0.308561,6880,861036488,499236864,false,1.1962437,true,1000
similarity n=43 k=3,similarity_singular,43,3,julia,20,402,0.16875255,500,10000,0.308561,6880,861036488,499236864,false,1.1962437,true,1000
similarity n=43 k=3,similarity_singular,43,3,julia,20,403,0.16875255,500,10000,0.308561,6880,861036488,499236864,false,1.1962437,true,1000
similarity n=43 k=3,similarity_singular,43,3,julia,20,404,0.16875255,500,10000,0.308561,6880,861036488,499236864,false,1.1962437,true,1000
similarity n=43 k=3,similarity_singular,43,3,julia,20,405,0.16875255,500,10000,0.308561,6880,861036488,499236864,false,1.1962437,true,1000
similarity n=43 k=3,similarity_singular,43,3,julia,20,406,0.16875255,500,10000,0.308561,6880,861036488,499236864,false,1.1962437,true,1000
similarity n=43 k=3,similarity_singular,43,3,julia,20,407,0.16875255,500,10000,0.308561,6880,861036488,499236864,false,1.1962437,true,1000
similarity n=43 k=3,similarity_singular,43,3,julia,20,408,0.16875255,500,10000,0.308561,6880,861036488,499236864,false,1.1962437,true,1000
similarity n=43 k=3,similarity_singular,43,3,julia,20,409,0.16875255,500,10000,0.308561,6880,861036488,499236864,false,1.1962437,true,1000
similarity n=43 k=3,similarity_singular,43,3,julia,20,410,0.16875255,500,10000,0.308561,6880,861036488,499236864,false,1.1962437,true,1000
similarity n=43 k=3,similarity_singular,43,3,julia,20,411,0.16875255,500,10000,0.308561,6880,861036488,499236864,false,1.1962437,true,1000
similarity n=43 k=3,similarity_singular,43,3,julia,20,412,0.16875255,500,10000,0.308561,6880,861036488,499236864,false,1.1962437,true,1000
similarity n=43 k=3,similarity_singular,43,3,julia,20,413,0.16875255,500,10000,0.308561,6880,861036488,499236864,false,1.1962437,true,1000
similarity n=43 k=3,similarity_singular,43,3,julia,20,414,0.16875255,500,10000,0.308561,6880,861036488,499236864,false,1.1962437,true,1000
similarity n=43 k=3,similarity_singular,43,3,julia,20,415,0.16875255,500,10000,0.308561,6880,861036488,499236864,false,1.1962437,true,1000
similarity n=43 k=3,similarity_singular,43,3,julia,20,416,0.16875255,500,10000,0.308561,6880,861036488,499236864,false,1.1962437,true,1000
similarity n=43 k=3,similarity_singular,43,3,julia,20,417,0.16875255,500,10000,0.308561,6880,861036488,499236864,false,1.1962437,true,1000
similarity n=43 k=3,similarity_singular,43,3,julia,20,418,0.16875255,500,10000,0.308561,6880,861036488,499236864,false,1.1962437,true,1000
similarity n=43 k=3,similarity_singular,43,3,julia,20,419,0.16875255,500,10000,0.308561,6880,861036488,499236864,false,1.1962437,true,1000
similarity n=43 k=3,similarity_singular,43,3,julia,20,420,0.16875255,500,10000,0.308561,6880,861036488,499236864,false,1.1962437,true,1000
similarity n=43 k=3,similarity_singular,43,3,julia,20,421,0.16875255,500,10000,0.308561,6880,861036488,499236864,false,1.1962437,true,1000
similarity n=43 k=3,similarity_singular,43,3,julia,20,422,0.16875255,500,10000,0.308561,6880,861036488,499236864,false,1.1962437,true,1000
similarity n=43 k=3,similarity_singular,43,3,julia,20,423,0.16875255,500,10000,0.308561,6880,861036488,499236864,false,1.1962437,true,1000
similarity n=43 k=3,similarity_singular,43,3,julia,20,424,0.16875255,500,10000,0.308561,6880,861036488,499236864,false,1.1962437,true,1000
similarity n=43 k=3,similarity_singular,43,3,julia,20,425,0.16875255,500,10000,0.308561,6880,861036488,499236864,false,1.1962437,true,1000
similarity n=43 k=3,similarity_singular,43,3,julia,20,426,0.16875255,500,10000,0.308561,6880,861036488,499236864,false,1.1962437,true,1000
similarity n=43 k=3,similarity_singular,43,3,julia,20,427,0.16875255,500,10000,0.308561,6880,861036488,499236864,false,1.1962437,true,1000
similarity n=43 k=3,similarity_singular,43,3,julia,20,428,0.16875255,500,10000,0.308561,6880,861036488,499236864,false,1.1962437,true,1000
similarity n=43 k=3,similarity_singular,43,3,julia,20,429,0.16875255,500,10000,0.308561,6880,861036488,499236864,false,1.1962437,true,1000
similarity n=43 k=3,similarity_singular,43,3,julia,20,430,0.16875255,500,10000,0.308561,6880,861036488,499236864,false,1.1962437,true,1000
similarity n=43 k=3,similarity_singular,43,3,julia,20,431,0.16875255,500,10000,0.308561,6880,861036488,499236864,false,1.1962437,true,1000
similarity n=43 k=3,similarity_singular,43,3,julia,20,432,0.16875255,500,10000,0.308561,6880,861036488,499236864,false,1.1962437,true,1000
similarity n=43 k=3,similarity_singular,43,3,julia,20,433,0.16875255,500,10000,0.308561,6880,861036488,499236864,false,1.1962437,true,1000
similarity n=43 k=3,similarity_singular,43,3,julia,20,434,0.16875255,500,10000,0.308561,6880,861036488,499236864,false,1.1962437,true,1000
similarity n=43 k=3,similarity_singular,43,3,julia,20,435,0.16875255,500,10000,0.308561,6880,861036488,499236864,false,1.1962437,true,1000
similarity n=43 k=3,similarity_singular,43,3,julia,20,436,0.16875255,500,10000,0.308561,6880,861036488,499236864,false,1.1962437,true,1000
similarity n=43 k=3,similarity_singular,43,3,julia,20,437,0.16875255,500,10000,0.308561,6880,861036488,499236864,false,1.1962437,true,1000
similarity n=43 k=3,similarity_singular,43,3,julia,20,438,0.16875255,500,10000,0.308561,6880,861036488,499236864,false,1.1962437,true,1000
similarity n=43 k=3,similarity_singular,43,3,julia,20,439,0.16875255,500,10000,0.308561,6880,861036488,499236864,false,1.1962437,true,1000
similarity n=43 k=3,similarity_singular,43,3,julia,20,440,0.16875255,500,10000,0.308561,6880,861036488,499236864,false,1.1962437,true,1000
similarity n=43 k=3,similarity_singular,43,3,julia,20,441,0.16875255,500,10000,0.308561,6880,861036488,499236864,false,1.1962437,true,1000
similarity n=43 k=3,similarity_singular,43,3,julia,20,442,0.16875255,500,10000,0.308561,6880,861036488,499236864,false,1.1962437,true,1000
similarity n=43 k=3,similarity_singular,43,3,julia,20,443,0.16875255,500,10000,0.308561,6880,861036488,499236864,false,1.1962437,true,1000
similarity n=43 k=3,similarity_singular,43,3,julia,20,444,0.16875255,500,10000,0.308561,6880,861036488,499236864,false,1.1962437,true,1000
similarity n=43 k=3,similarity_singular,43,3,julia,20,445,0.16875255,500,10000,0.308561,6880,861036488,499236864,false,1.1962437,true,1000
similarity n=43 k=3,similarity_singular,43,3,julia,20,446,0.16875255,500,10000,0.308561,6880,861036488,499236864,false,1.1962437,true,1000
similarity n=43 k=3,similarity_singular,43,3,julia,20,447,0.16875255,500,10000,0.308561,6880,861036488,499236864,false,1.1962437,true,1000
similarity n=43 k=3,similarity_singular,43,3,julia,20,448,0.16875255,500,10000,0.308561,6880,861036488,499236864,false,1.1962437,true,1000
similarity n=43 k=3,similarity_singular,43,3,julia,20,449,0.16875255,500,10000,0.308561,6880,861036488,499236864,false,1.1962437,true,1000
similarity n=43 k=3,similarity_singular,43,3,julia,20,450,0.16875255,500,10000,0.308561,6880,861036488,499236864,false,1.1962437,true,1000
similarity n=43 k=3,similarity_singular,43,3,julia,20,451,0.16875255,500,10000,0.308561,6880,861036488,499236864,false,1.1962437,true,1000
similarity n=43 k=3,similarity_singular,43,3,julia,20,452,0.16875255,500,10000,0.308561,6880,861036488,499236864,false,1.1962437,true,1000
similarity n=43 k=3,similarity_singular,43,3,julia,20,453,0.16875255,500,10000,0.308561,6880,861036488,499236864,false,1.1962437,true,1000
similarity n=43 k=3,similarity_singular,43,3,julia,20,454,0.16875255,500,10000,0.308561,6880,861036488,499236864,false,1.1962437,true,1000
similarity n=43 k=3,similarity_singular,43,3,julia,20,455,0.16875255,500,10000,0.308561,6880,861036488,499236864,false,1.1962437,true,1000
similarity n=43 k=3,similarity_singular,43,3,julia,20,456,0.16875255,500,10000,0.308561,6880,861036488,499236864,false,1.1962437,true,1000
similarity n=43 k=3,similarity_singular,43,3,julia,20,457,0.16875255,500,10000,0.308561,6880,861036488,499236864,false,1.1962437,true,1000
similarity n=43 k=3,similarity_singular,43,3,julia,20,458,0.16875255,500,10000,0.308561,6880,861036488,499236864,false,1.1962437,true,1000
similarity n=43 k=3,similarity_singular,43,3,julia,20,459,0.16875255,500,10000,0.308561,6880,861036488,499236864,false,1.1962437,true,1000
similarity n=43 k=3,similarity_singular,43,3,julia,20,460,0.16875255,500,10000,0.308561,6880,861036488,499236864,false,1.1962437,true,1000
similarity n=43 k=3,similarity_singular,43,3,julia,20,461,0.16875255,500,10000,0.308561,6880,861036488,499236864,false,1.1962437,true,1000
similarity n=43 k=3,similarity_singular,43,3,julia,20,462,0.16875255,500,10000,0.308561,6880,861036488,499236864,false,1.1962437,true,1000
similarity n=43 k=3,similarity_singular,43,3,julia,20,463,0.16875255,500,10000,0.308561,6880,861036488,499236864,false,1.1962437,true,1000
similarity n=43 k=3,similarity_singular,43,3,julia,20,464,0.16875255,500,10000,0.308561,6880,861036488,499236864,false,1.1962437,true,1000
similarity n=43 k=3,similarity_singular,43,3,julia,20,465,0.16875255,500,10000,0.308561,6880,861036488,499236864,false,1.1962437,true,1000
similarity n=43 k=3,similarity_singular,43,3,julia,20,466,0.16875255,500,10000,0.308561,6880,861036488,499236864,false,1.1962437,true,1000
similarity n=43 k=3,similarity_singular,43,3,julia,20,467,0.16875255,500,10000,0.308561,6880,861036488,499236864,false,1.1962437,true,1000
similarity n=43 k=3,similarity_singular,43,3,julia,20,468,0.16875255,500,10000,0.308561,6880,861036488,499236864,false,1.1962437,true,1000
similarity n=43 k=3,similarity_singular,43,3,julia,20,469,0.16875255,500,10000,0.308561,6880,861036488,499236864,false,1.1962437,true,1000
similarity n=43 k=3,similarity_singular,43,3,julia,20,470,0.16875255,500,10000,0.308561,6880,861036488,499236864,false,1.1962437,true,1000
similarity n=43 k=3,similarity_singular,43,3,julia,20,471,0.16875255,500,10000,0.308561,6880,861036488,499236864,false,1.1962437,true,1000
similarity n=43 k=3,similarity_singular,43,3,julia,20,472,0.16875255,500,10000,0.308561,6880,861036488,499236864,false,1.1962437,true,1000
similarity n=43 k=3,similarity_singular,43,3,julia,20,473,0.16875255,500,10000,0.308561,6880,861036488,499236864,false,1.1962437,true,1000
similarity n=43 k=3,similarity_singular,43,3,julia,20,474,0.16875255,500,10000,0.308561,6880,861036488,499236864,false,1.1962437,true,1000
similarity n=43 k=3,similarity_singular,43,3,julia,20,475,0.16875255,500,10000,0.308561,6880,861036488,499236864,false,1.1962437,true,1000
similarity n=43 k=3,similarity_singular,43,3,julia,20,476,0.16875255,500,10000,0.308561,6880,861036488,499236864,false,1.1962437,true,1000
similarity n=43 k=3,similarity_singular,43,3,julia,20,477,0.16875255,500,10000,0.308561,6880,861036488,499236864,false,1.1962437,true,1000
similarity n=43 k=3,similarity_singular,43,3,julia,20,478,0.16875255,500,10000,0.308561,6880,861036488,499236864,false,1.1962437,true,1000
similarity n=43 k=3,similarity_singular,43,3,julia,20,479,0.16875255,500,10000,0.308561,6880,861036488,499236864,false,1.1962437,true,1000
similarity n=43 k=3,similarity_singular,43,3,julia,20,480,0.16875255,500,10000,0.308561,6880,861036488,499236864,false,1.1962437,true,1000
similarity n=43 k=3,similarity_singular,43,3,julia,20,481,0.16875255,500,10000,0.308561,6880,861036488,499236864,false,1.1962437,true,1000
similarity n=43 k=3,similarity_singular,43,3,julia,20,482,0.16875255,500,10000,0.308561,6880,861036488,499236864,false,1.1962437,true,1000
similarity n=43 k=3,similarity_singular,43,3,julia,20,483,0.16875255,500,10000,0.308561,6880,861036488,499236864,false,1.1962437,true,1000
similarity n=43 k=3,similarity_singular,43,3,julia,20,484,0.16875255,500,10000,0.308561,6880,861036488,499236864,false,1.1962437,true,1000
similarity n=43 k=3,similarity_singular,43,3,julia,20,485,0.16875255,500,10000,0.308561,6880,861036488,499236864,false,1.1962437,true,1000
similarity n=43 k=3,similarity_singular,43,3,julia,20,486,0.16875255,500,10000,0.308561,6880,861036488,499236864,false,1.1962437,true,1000
similarity n=43 k=3,similarity_singular,43,3,julia,20,487,0.16875255,500,10000,0.308561,6880,861036488,499236864,false,1.1962437,true,1000
similarity n=43 k=3,similarity_singular,43,3,julia,20,488,0.16875255,500,10000,0.308561,6880,861036488,499236864,false,1.1962437,true,1000
similarity n=43 k=3,similarity_singular,43,3,julia,20,489,0.16875255,500,10000,0.308561,6880,861036488,499236864,false,1.1962437,true,1000
similarity n=43 k=3,similarity_singular,43,3,julia,20,490,0.16875255,500,10000,0.308561,6880,861036488,499236864,false,1.1962437,true,1000
similarity n=43 k=3,similarity_singular,43,3,julia,20,491,0.16875255,500,10000,0.308561,6880,861036488,499236864,false,1.1962437,true,1000
similarity n=43 k=3,similarity_singular,43,3,julia,20,492,0.16875255,500,10000,0.308561,6880,861036488,499236864,false,1.1962437,true,1000
similarity n=43 k=3,similarity_singular,43,3,julia,20,493,0.16875255,500,10000,0.308561,6880,861036488,499236864,false,1.1962437,true,1000
similarity n=43 k=3,similarity_singular,43,3,julia,20,494,0.16875255,500,10000,0.308561,6880,861036488,499236864,false,1.1962437,true,1000
similarity n=43 k=3,similarity_singular,43,3,julia,20,495,0.16875255,500,10000,0.308561,6880,861036488,499236864,false,1.1962437,true,1000
similarity n=43 k=3,similarity_singular,43,3,julia,20,496,0.16875255,500,10000,0.308561,6880,861036488,499236864,false,1.1962437,true,1000
similarity n=43 k=3,similarity_singular,43,3,julia,20,497,0.16875255,500,10000,0.308561,6880,861036488,499236864,false,1.1962437,true,1000
similarity n=43 k=3,similarity_singular,43,3,julia,20,498,0.16875255,500,10000,0.308561,6880,861036488,499236864,false,1.1962437,true,1000
similarity n=43 k=3,similarity_singular,43,3,julia,20,499,0.16875255,500,10000,0.308561,6880,861036488,499236864,false,1.1962437,true,1000
similarity n=43 k=3,similarity_singular,43,3,julia,20,500,0.16875255,500,10000,0.308561,6880,861036488,499236864,false,1.1962437,true,1000
similarity n=43 k=3,similarity_singular,43,3,julia,30,1,0.07471172,500,15000,0.674114,10320,1615228488,499236864,false,1.06472,true,1000
similarity n=43 k=3,similarity_singular,43,3,julia,30,2,0.060352806,500,15000,0.674114,10320,1615228488,499236864,false,1.06472,true,1000
similarity n=43 k=3,similarity_singular,43,3,julia,30,3,0.059797928,500,15000,0.674114,10320,1615228488,499236864,false,1.06472,true,1000
similarity n=43 k=3,similarity_singular,43,3,julia,30,4,0.059745722,500,15000,0.674114,10320,1615228488,499236864,false,1.06472,true,1000
similarity n=43 k=3,similarity_singular,43,3,julia,30,5,0.059729158,500,15000,0.674114,10320,1615228488,499236864,false,1.06472,true,1000
similarity n=43 k=3,similarity_singular,43,3,julia,30,6,0.059723258,500,15000,0.674114,10320,1615228488,499236864,false,1.06472,true,1000
similarity n=43 k=3,similarity_singular,43,3,julia,30,7,0.059721009,500,15000,0.674114,10320,1615228488,499236864,false,1.06472,true,1000
similarity n=43 k=3,similarity_singular,43,3,julia,30,8,0.05972015,500,15000,0.674114,10320,1615228488,499236864,false,1.06472,true,1000
similarity n=43 k=3,similarity_singular,43,3,julia,30,9,0.059719816,500,15000,0.674114,10320,1615228488,499236864,false,1.06472,true,1000
similarity n=43 k=3,similarity_singular,43,3,julia,30,10,0.059719687,500,15000,0.674114,10320,1615228488,499236864,false,1.06472,true,1000
similarity n=43 k=3,similarity_singular,43,3,julia,30,11,0.059719637,500,15000,0.674114,10320,1615228488,499236864,false,1.06472,true,1000
similarity n=43 k=3,similarity_singular,43,3,julia,30,12,0.059719618,500,15000,0.674114,10320,1615228488,499236864,false,1.06472,true,1000
similarity n=43 k=3,similarity_singular,43,3,julia,30,13,0.05971961,500,15000,0.674114,10320,1615228488,499236864,false,1.06472,true,1000
similarity n=43 k=3,similarity_singular,43,3,julia,30,14,0.059719607,500,15000,0.674114,10320,1615228488,499236864,false,1.06472,true,1000
similarity n=43 k=3,similarity_singular,43,3,julia,30,15,0.059719606,500,15000,0.674114,10320,1615228488,499236864,false,1.06472,true,1000
similarity n=43 k=3,similarity_singular,43,3,julia,30,16,0.059719606,500,15000,0.674114,10320,1615228488,499236864,false,1.06472,true,1000
similarity n=43 k=3,similarity_singular,43,3,julia,30,17,0.059719606,500,15000,0.674114,10320,1615228488,499236864,false,1.06472,true,1000
similarity n=43 k=3,similarity_singular,43,3,julia,30,18,0.059719605,500,15000,0.674114,10320,1615228488,499236864,false,1.06472,true,1000
similarity n=43 k=3,similarity_singular,43,3,julia,30,19,0.059719605,500,15000,0.674114,10320,1615228488,499236864,false,1.06472,true,1000
similarity n=43 k=3,similarity_singular,43,3,julia,30,20,0.059719605,500,15000,0.674114,10320,1615228488,499236864,false,1.06472,true,1000
similarity n=43 k=3,similarity_singular,43,3,julia,30,21,0.059719605,500,15000,0.674114,10320,1615228488,499236864,false,1.06472,true,1000
similarity n=43 k=3,similarity_singular,43,3,julia,30,22,0.059719605,500,15000,0.674114,10320,1615228488,499236864,false,1.06472,true,1000
similarity n=43 k=3,similarity_singular,43,3,julia,30,23,0.059719605,500,15000,0.674114,10320,1615228488,499236864,false,1.06472,true,1000
similarity n=43 k=3,similarity_singular,43,3,julia,30,24,0.059719605,500,15000,0.674114,10320,1615228488,499236864,false,1.06472,true,1000
similarity n=43 k=3,similarity_singular,43,3,julia,30,25,0.059719605,500,15000,0.674114,10320,1615228488,499236864,false,1.06472,true,1000
similarity n=43 k=3,similarity_singular,43,3,julia,30,26,0.059719605,500,15000,0.674114,10320,1615228488,499236864,false,1.06472,true,1000
similarity n=43 k=3,similarity_singular,43,3,julia,30,27,0.059719605,500,15000,0.674114,10320,1615228488,499236864,false,1.06472,true,1000
similarity n=43 k=3,similarity_singular,43,3,julia,30,28,0.059719605,500,15000,0.674114,10320,1615228488,499236864,false,1.06472,true,1000
similarity n=43 k=3,similarity_singular,43,3,julia,30,29,0.059719605,500,15000,0.674114,10320,1615228488,499236864,false,1.06472,true,1000
similarity n=43 k=3,similarity_singular,43,3,julia,30,30,0.059719605,500,15000,0.674114,10320,1615228488,499236864,false,1.06472,true,1000
similarity n=43 k=3,similarity_singular,43,3,julia,30,31,0.059719605,500,15000,0.674114,10320,1615228488,499236864,false,1.06472,true,1000
similarity n=43 k=3,similarity_singular,43,3,julia,30,32,0.059719605,500,15000,0.674114,10320,1615228488,499236864,false,1.06472,true,1000
similarity n=43 k=3,similarity_singular,43,3,julia,30,33,0.059719605,500,15000,0.674114,10320,1615228488,499236864,false,1.06472,true,1000
similarity n=43 k=3,similarity_singular,43,3,julia,30,34,0.059719605,500,15000,0.674114,10320,1615228488,499236864,false,1.06472,true,1000
similarity n=43 k=3,similarity_singular,43,3,julia,30,35,0.059719605,500,15000,0.674114,10320,1615228488,499236864,false,1.06472,true,1000
similarity n=43 k=3,similarity_singular,43,3,julia,30,36,0.059719605,500,15000,0.674114,10320,1615228488,499236864,false,1.06472,true,1000
similarity n=43 k=3,similarity_singular,43,3,julia,30,37,0.059719605,500,15000,0.674114,10320,1615228488,499236864,false,1.06472,true,1000
similarity n=43 k=3,similarity_singular,43,3,julia,30,38,0.059719605,500,15000,0.674114,10320,1615228488,499236864,false,1.06472,true,1000
similarity n=43 k=3,similarity_singular,43,3,julia,30,39,0.059719605,500,15000,0.674114,10320,1615228488,499236864,false,1.06472,true,1000
similarity n=43 k=3,similarity_singular,43,3,julia,30,40,0.059719605,500,15000,0.674114,10320,1615228488,499236864,false,1.06472,true,1000
similarity n=43 k=3,similarity_singular,43,3,julia,30,41,0.059719605,500,15000,0.674114,10320,1615228488,499236864,false,1.06472,true,1000
similarity n=43 k=3,similarity_singular,43,3,julia,30,42,0.059719605,500,15000,0.674114,10320,1615228488,499236864,false,1.06472,true,1000
similarity n=43 k=3,similarity_singular,43,3,julia,30,43,0.059719605,500,15000,0.674114,10320,1615228488,499236864,false,1.06472,true,1000
similarity n=43 k=3,similarity_singular,43,3,julia,30,44,0.059719605,500,15000,0.674114,10320,1615228488,499236864,false,1.06472,true,1000
similarity n=43 k=3,similarity_singular,43,3,julia,30,45,0.059719605,500,15000,0.674114,10320,1615228488,499236864,false,1.06472,true,1000
similarity n=43 k=3,similarity_singular,43,3,julia,30,46,0.059719605,500,15000,0.674114,10320,1615228488,499236864,false,1.06472,true,1000
similarity n=43 k=3,similarity_singular,43,3,julia,30,47,0.059719605,500,15000,0.674114,10320,1615228488,499236864,false,1.06472,true,1000
similarity n=43 k=3,similarity_singular,43,3,julia,30,48,0.059719605,500,15000,0.674114,10320,1615228488,499236864,false,1.06472,true,1000
similarity n=43 k=3,similarity_singular,43,3,julia,30,49,0.059719605,500,15000,0.674114,10320,1615228488,499236864,false,1.06472,true,1000
similarity n=43 k=3,similarity_singular,43,3,julia,30,50,0.059719605,500,15000,0.674114,10320,1615228488,499236864,false,1.06472,true,1000
similarity n=43 k=3,similarity_singular,43,3,julia,30,51,0.059719605,500,15000,0.674114,10320,1615228488,499236864,false,1.06472,true,1000
similarity n=43 k=3,similarity_singular,43,3,julia,30,52,0.059719605,500,15000,0.674114,10320,1615228488,499236864,false,1.06472,true,1000
similarity n=43 k=3,similarity_singular,43,3,julia,30,53,0.059719605,500,15000,0.674114,10320,1615228488,499236864,false,1.06472,true,1000
similarity n=43 k=3,similarity_singular,43,3,julia,30,54,0.059719605,500,15000,0.674114,10320,1615228488,499236864,false,1.06472,true,1000
similarity n=43 k=3,similarity_singular,43,3,julia,30,55,0.059719605,500,15000,0.674114,10320,1615228488,499236864,false,1.06472,true,1000
similarity n=43 k=3,similarity_singular,43,3,julia,30,56,0.059719605,500,15000,0.674114,10320,1615228488,499236864,false,1.06472,true,1000
similarity n=43 k=3,similarity_singular,43,3,julia,30,57,0.059719605,500,15000,0.674114,10320,1615228488,499236864,false,1.06472,true,1000
similarity n=43 k=3,similarity_singular,43,3,julia,30,58,0.059719605,500,15000,0.674114,10320,1615228488,499236864,false,1.06472,true,1000
similarity n=43 k=3,similarity_singular,43,3,julia,30,59,0.059719605,500,15000,0.674114,10320,1615228488,499236864,false,1.06472,true,1000
similarity n=43 k=3,similarity_singular,43,3,julia,30,60,0.059719605,500,15000,0.674114,10320,1615228488,499236864,false,1.06472,true,1000
similarity n=43 k=3,similarity_singular,43,3,julia,30,61,0.059719605,500,15000,0.674114,10320,1615228488,499236864,false,1.06472,true,1000
similarity n=43 k=3,similarity_singular,43,3,julia,30,62,0.059719605,500,15000,0.674114,10320,1615228488,499236864,false,1.06472,true,1000
similarity n=43 k=3,similarity_singular,43,3,julia,30,63,0.059719605,500,15000,0.674114,10320,1615228488,499236864,false,1.06472,true,1000
similarity n=43 k=3,similarity_singular,43,3,julia,30,64,0.059719605,500,15000,0.674114,10320,1615228488,499236864,false,1.06472,true,1000
similarity n=43 k=3,similarity_singular,43,3,julia,30,65,0.059719605,500,15000,0.674114,10320,1615228488,499236864,false,1.06472,true,1000
similarity n=43 k=3,similarity_singular,43,3,julia,30,66,0.059719605,500,15000,0.674114,10320,1615228488,499236864,false,1.06472,true,1000
similarity n=43 k=3,similarity_singular,43,3,julia,30,67,0.059719605,500,15000,0.674114,10320,1615228488,499236864,false,1.06472,true,1000
similarity n=43 k=3,similarity_singular,43,3,julia,30,68,0.059719605,500,15000,0.674114,10320,1615228488,499236864,false,1.06472,true,1000
similarity n=43 k=3,similarity_singular,43,3,julia,30,69,0.059719605,500,15000,0.674114,10320,1615228488,499236864,false,1.06472,true,1000
similarity n=43 k=3,similarity_singular,43,3,julia,30,70,0.059719605,500,15000,0.674114,10320,1615228488,499236864,false,1.06472,true,1000
similarity n=43 k=3,similarity_singular,43,3,julia,30,71,0.059719605,500,15000,0.674114,10320,1615228488,499236864,false,1.06472,true,1000
similarity n=43 k=3,similarity_singular,43,3,julia,30,72,0.059719605,500,15000,0.674114,10320,1615228488,499236864,false,1.06472,true,1000
similarity n=43 k=3,similarity_singular,43,3,julia,30,73,0.059719605,500,15000,0.674114,10320,1615228488,499236864,false,1.06472,true,1000
similarity n=43 k=3,similarity_singular,43,3,julia,30,74,0.059719605,500,15000,0.674114,10320,1615228488,499236864,false,1.06472,true,1000
similarity n=43 k=3,similarity_singular,43,3,julia,30,75,0.059719605,500,15000,0.674114,10320,1615228488,499236864,false,1.06472,true,1000
similarity n=43 k=3,similarity_singular,43,3,julia,30,76,0.059719605,500,15000,0.674114,10320,1615228488,499236864,false,1.06472,true,1000
similarity n=43 k=3,similarity_singular,43,3,julia,30,77,0.059719605,500,15000,0.674114,10320,1615228488,499236864,false,1.06472,true,1000
similarity n=43 k=3,similarity_singular,43,3,julia,30,78,0.059719605,500,15000,0.674114,10320,1615228488,499236864,false,1.06472,true,1000
similarity n=43 k=3,similarity_singular,43,3,julia,30,79,0.059719605,500,15000,0.674114,10320,1615228488,499236864,false,1.06472,true,1000
similarity n=43 k=3,similarity_singular,43,3,julia,30,80,0.059719605,500,15000,0.674114,10320,1615228488,499236864,false,1.06472,true,1000
similarity n=43 k=3,similarity_singular,43,3,julia,30,81,0.059719605,500,15000,0.674114,10320,1615228488,499236864,false,1.06472,true,1000
similarity n=43 k=3,similarity_singular,43,3,julia,30,82,0.059719605,500,15000,0.674114,10320,1615228488,499236864,false,1.06472,true,1000
similarity n=43 k=3,similarity_singular,43,3,julia,30,83,0.059719605,500,15000,0.674114,10320,1615228488,499236864,false,1.06472,true,1000
similarity n=43 k=3,similarity_singular,43,3,julia,30,84,0.059719605,500,15000,0.674114,10320,1615228488,499236864,false,1.06472,true,1000
similarity n=43 k=3,similarity_singular,43,3,julia,30,85,0.059719605,500,15000,0.674114,10320,1615228488,499236864,false,1.06472,true,1000
similarity n=43 k=3,similarity_singular,43,3,julia,30,86,0.059719605,500,15000,0.674114,10320,1615228488,499236864,false,1.06472,true,1000
similarity n=43 k=3,similarity_singular,43,3,julia,30,87,0.059719605,500,15000,0.674114,10320,1615228488,499236864,false,1.06472,true,1000
similarity n=43 k=3,similarity_singular,43,3,julia,30,88,0.059719605,500,15000,0.674114,10320,1615228488,499236864,false,1.06472,true,1000
similarity n=43 k=3,similarity_singular,43,3,julia,30,89,0.059719605,500,15000,0.674114,10320,1615228488,499236864,false,1.06472,true,1000
similarity n=43 k=3,similarity_singular,43,3,julia,30,90,0.059719605,500,15000,0.674114,10320,1615228488,499236864,false,1.06472,true,1000
similarity n=43 k=3,similarity_singular,43,3,julia,30,91,0.059719605,500,15000,0.674114,10320,1615228488,499236864,false,1.06472,true,1000
similarity n=43 k=3,similarity_singular,43,3,julia,30,92,0.059719605,500,15000,0.674114,10320,1615228488,499236864,false,1.06472,true,1000
similarity n=43 k=3,similarity_singular,43,3,julia,30,93,0.059719605,500,15000,0.674114,10320,1615228488,499236864,false,1.06472,true,1000
similarity n=43 k=3,similarity_singular,43,3,julia,30,94,0.059719605,500,15000,0.674114,10320,1615228488,499236864,false,1.06472,true,1000
similarity n=43 k=3,similarity_singular,43,3,julia,30,95,0.059719605,500,15000,0.674114,10320,1615228488,499236864,false,1.06472,true,1000
similarity n=43 k=3,similarity_singular,43,3,julia,30,96,0.059719605,500,15000,0.674114,10320,1615228488,499236864,false,1.06472,true,1000
similarity n=43 k=3,similarity_singular,43,3,julia,30,97,0.059719605,500,15000,0.674114,10320,1615228488,499236864,false,1.06472,true,1000
similarity n=43 k=3,similarity_singular,43,3,julia,30,98,0.059719605,500,15000,0.674114,10320,1615228488,499236864,false,1.06472,true,1000
similarity n=43 k=3,similarity_singular,43,3,julia,30,99,0.059719605,500,15000,0.674114,10320,1615228488,499236864,false,1.06472,true,1000
similarity n=43 k=3,similarity_singular,43,3,julia,30,100,0.059719605,500,15000,0.674114,10320,1615228488,499236864,false,1.06472,true,1000
similarity n=43 k=3,similarity_singular,43,3,julia,30,101,0.059719605,500,15000,0.674114,10320,1615228488,499236864,false,1.06472,true,1000
similarity n=43 k=3,similarity_singular,43,3,julia,30,102,0.059719605,500,15000,0.674114,10320,1615228488,499236864,false,1.06472,true,1000
similarity n=43 k=3,similarity_singular,43,3,julia,30,103,0.059719605,500,15000,0.674114,10320,1615228488,499236864,false,1.06472,true,1000
similarity n=43 k=3,similarity_singular,43,3,julia,30,104,0.059719605,500,15000,0.674114,10320,1615228488,499236864,false,1.06472,true,1000
similarity n=43 k=3,similarity_singular,43,3,julia,30,105,0.059719605,500,15000,0.674114,10320,1615228488,499236864,false,1.06472,true,1000
similarity n=43 k=3,similarity_singular,43,3,julia,30,106,0.059719605,500,15000,0.674114,10320,1615228488,499236864,false,1.06472,true,1000
similarity n=43 k=3,similarity_singular,43,3,julia,30,107,0.059719605,500,15000,0.674114,10320,1615228488,499236864,false,1.06472,true,1000
similarity n=43 k=3,similarity_singular,43,3,julia,30,108,0.059719605,500,15000,0.674114,10320,1615228488,499236864,false,1.06472,true,1000
similarity n=43 k=3,similarity_singular,43,3,julia,30,109,0.059719605,500,15000,0.674114,10320,1615228488,499236864,false,1.06472,true,1000
similarity n=43 k=3,similarity_singular,43,3,julia,30,110,0.059719605,500,15000,0.674114,10320,1615228488,499236864,false,1.06472,true,1000
similarity n=43 k=3,similarity_singular,43,3,julia,30,111,0.059719605,500,15000,0.674114,10320,1615228488,499236864,false,1.06472,true,1000
similarity n=43 k=3,similarity_singular,43,3,julia,30,112,0.059719605,500,15000,0.674114,10320,1615228488,499236864,false,1.06472,true,1000
similarity n=43 k=3,similarity_singular,43,3,julia,30,113,0.059719605,500,15000,0.674114,10320,1615228488,499236864,false,1.06472,true,1000
similarity n=43 k=3,similarity_singular,43,3,julia,30,114,0.059719605,500,15000,0.674114,10320,1615228488,499236864,false,1.06472,true,1000
similarity n=43 k=3,similarity_singular,43,3,julia,30,115,0.059719605,500,15000,0.674114,10320,1615228488,499236864,false,1.06472,true,1000
similarity n=43 k=3,similarity_singular,43,3,julia,30,116,0.059719605,500,15000,0.674114,10320,1615228488,499236864,false,1.06472,true,1000
similarity n=43 k=3,similarity_singular,43,3,julia,30,117,0.059719605,500,15000,0.674114,10320,1615228488,499236864,false,1.06472,true,1000
similarity n=43 k=3,similarity_singular,43,3,julia,30,118,0.059719605,500,15000,0.674114,10320,1615228488,499236864,false,1.06472,true,1000
similarity n=43 k=3,similarity_singular,43,3,julia,30,119,0.059719605,500,15000,0.674114,10320,1615228488,499236864,false,1.06472,true,1000
similarity n=43 k=3,similarity_singular,43,3,julia,30,120,0.059719605,500,15000,0.674114,10320,1615228488,499236864,false,1.06472,true,1000
similarity n=43 k=3,similarity_singular,43,3,julia,30,121,0.059719605,500,15000,0.674114,10320,1615228488,499236864,false,1.06472,true,1000
similarity n=43 k=3,similarity_singular,43,3,julia,30,122,0.059719605,500,15000,0.674114,10320,1615228488,499236864,false,1.06472,true,1000
similarity n=43 k=3,similarity_singular,43,3,julia,30,123,0.059719605,500,15000,0.674114,10320,1615228488,499236864,false,1.06472,true,1000
similarity n=43 k=3,similarity_singular,43,3,julia,30,124,0.059719605,500,15000,0.674114,10320,1615228488,499236864,false,1.06472,true,1000
similarity n=43 k=3,similarity_singular,43,3,julia,30,125,0.059719605,500,15000,0.674114,10320,1615228488,499236864,false,1.06472,true,1000
similarity n=43 k=3,similarity_singular,43,3,julia,30,126,0.059719605,500,15000,0.674114,10320,1615228488,499236864,false,1.06472,true,1000
similarity n=43 k=3,similarity_singular,43,3,julia,30,127,0.059719605,500,15000,0.674114,10320,1615228488,499236864,false,1.06472,true,1000
similarity n=43 k=3,similarity_singular,43,3,julia,30,128,0.059719605,500,15000,0.674114,10320,1615228488,499236864,false,1.06472,true,1000
similarity n=43 k=3,similarity_singular,43,3,julia,30,129,0.059719605,500,15000,0.674114,10320,1615228488,499236864,false,1.06472,true,1000
similarity n=43 k=3,similarity_singular,43,3,julia,30,130,0.059719605,500,15000,0.674114,10320,1615228488,499236864,false,1.06472,true,1000
similarity n=43 k=3,similarity_singular,43,3,julia,30,131,0.059719605,500,15000,0.674114,10320,1615228488,499236864,false,1.06472,true,1000
similarity n=43 k=3,similarity_singular,43,3,julia,30,132,0.059719605,500,15000,0.674114,10320,1615228488,499236864,false,1.06472,true,1000
similarity n=43 k=3,similarity_singular,43,3,julia,30,133,0.059719605,500,15000,0.674114,10320,1615228488,499236864,false,1.06472,true,1000
similarity n=43 k=3,similarity_singular,43,3,julia,30,134,0.059719605,500,15000,0.674114,10320,1615228488,499236864,false,1.06472,true,1000
similarity n=43 k=3,similarity_singular,43,3,julia,30,135,0.059719605,500,15000,0.674114,10320,1615228488,499236864,false,1.06472,true,1000
similarity n=43 k=3,similarity_singular,43,3,julia,30,136,0.059719605,500,15000,0.674114,10320,1615228488,499236864,false,1.06472,true,1000
similarity n=43 k=3,similarity_singular,43,3,julia,30,137,0.059719605,500,15000,0.674114,10320,1615228488,499236864,false,1.06472,true,1000
similarity n=43 k=3,similarity_singular,43,3,julia,30,138,0.059719605,500,15000,0.674114,10320,1615228488,499236864,false,1.06472,true,1000
similarity n=43 k=3,similarity_singular,43,3,julia,30,139,0.059719605,500,15000,0.674114,10320,1615228488,499236864,false,1.06472,true,1000
similarity n=43 k=3,similarity_singular,43,3,julia,30,140,0.059719605,500,15000,0.674114,10320,1615228488,499236864,false,1.06472,true,1000
similarity n=43 k=3,similarity_singular,43,3,julia,30,141,0.059719605,500,15000,0.674114,10320,1615228488,499236864,false,1.06472,true,1000
similarity n=43 k=3,similarity_singular,43,3,julia,30,142,0.059719605,500,15000,0.674114,10320,1615228488,499236864,false,1.06472,true,1000
similarity n=43 k=3,similarity_singular,43,3,julia,30,143,0.059719605,500,15000,0.674114,10320,1615228488,499236864,false,1.06472,true,1000
similarity n=43 k=3,similarity_singular,43,3,julia,30,144,0.059719605,500,15000,0.674114,10320,1615228488,499236864,false,1.06472,true,1000
similarity n=43 k=3,similarity_singular,43,3,julia,30,145,0.059719605,500,15000,0.674114,10320,1615228488,499236864,false,1.06472,true,1000
similarity n=43 k=3,similarity_singular,43,3,julia,30,146,0.059719605,500,15000,0.674114,10320,1615228488,499236864,false,1.06472,true,1000
similarity n=43 k=3,similarity_singular,43,3,julia,30,147,0.059719605,500,15000,0.674114,10320,1615228488,499236864,false,1.06472,true,1000
similarity n=43 k=3,similarity_singular,43,3,julia,30,148,0.059719605,500,15000,0.674114,10320,1615228488,499236864,false,1.06472,true,1000
similarity n=43 k=3,similarity_singular,43,3,julia,30,149,0.059719605,500,15000,0.674114,10320,1615228488,499236864,false,1.06472,true,1000
similarity n=43 k=3,similarity_singular,43,3,julia,30,150,0.059719605,500,15000,0.674114,10320,1615228488,499236864,false,1.06472,true,1000
similarity n=43 k=3,similarity_singular,43,3,julia,30,151,0.059719605,500,15000,0.674114,10320,1615228488,499236864,false,1.06472,true,1000
similarity n=43 k=3,similarity_singular,43,3,julia,30,152,0.059719605,500,15000,0.674114,10320,1615228488,499236864,false,1.06472,true,1000
similarity n=43 k=3,similarity_singular,43,3,julia,30,153,0.059719605,500,15000,0.674114,10320,1615228488,499236864,false,1.06472,true,1000
similarity n=43 k=3,similarity_singular,43,3,julia,30,154,0.059719605,500,15000,0.674114,10320,1615228488,499236864,false,1.06472,true,1000
similarity n=43 k=3,similarity_singular,43,3,julia,30,155,0.059719605,500,15000,0.674114,10320,1615228488,499236864,false,1.06472,true,1000
similarity n=43 k=3,similarity_singular,43,3,julia,30,156,0.059719605,500,15000,0.674114,10320,1615228488,499236864,false,1.06472,true,1000
similarity n=43 k=3,similarity_singular,43,3,julia,30,157,0.059719605,500,15000,0.674114,10320,1615228488,499236864,false,1.06472,true,1000
similarity n=43 k=3,similarity_singular,43,3,julia,30,158,0.059719605,500,15000,0.674114,10320,1615228488,499236864,false,1.06472,true,1000
similarity n=43 k=3,similarity_singular,43,3,julia,30,159,0.059719605,500,15000,0.674114,10320,1615228488,499236864,false,1.06472,true,1000
similarity n=43 k=3,similarity_singular,43,3,julia,30,160,0.059719605,500,15000,0.674114,10320,1615228488,499236864,false,1.06472,true,1000
similarity n=43 k=3,similarity_singular,43,3,julia,30,161,0.059719605,500,15000,0.674114,10320,1615228488,499236864,false,1.06472,true,1000
similarity n=43 k=3,similarity_singular,43,3,julia,30,162,0.059719605,500,15000,0.674114,10320,1615228488,499236864,false,1.06472,true,1000
similarity n=43 k=3,similarity_singular,43,3,julia,30,163,0.059719605,500,15000,0.674114,10320,1615228488,499236864,false,1.06472,true,1000
similarity n=43 k=3,similarity_singular,43,3,julia,30,164,0.059719605,500,15000,0.674114,10320,1615228488,499236864,false,1.06472,true,1000
similarity n=43 k=3,similarity_singular,43,3,julia,30,165,0.059719605,500,15000,0.674114,10320,1615228488,499236864,false,1.06472,true,1000
similarity n=43 k=3,similarity_singular,43,3,julia,30,166,0.059719605,500,15000,0.674114,10320,1615228488,499236864,false,1.06472,true,1000
similarity n=43 k=3,similarity_singular,43,3,julia,30,167,0.059719605,500,15000,0.674114,10320,1615228488,499236864,false,1.06472,true,1000
similarity n=43 k=3,similarity_singular,43,3,julia,30,168,0.059719605,500,15000,0.674114,10320,1615228488,499236864,false,1.06472,true,1000
similarity n=43 k=3,similarity_singular,43,3,julia,30,169,0.059719605,500,15000,0.674114,10320,1615228488,499236864,false,1.06472,true,1000
similarity n=43 k=3,similarity_singular,43,3,julia,30,170,0.059719605,500,15000,0.674114,10320,1615228488,499236864,false,1.06472,true,1000
similarity n=43 k=3,similarity_singular,43,3,julia,30,171,0.059719605,500,15000,0.674114,10320,1615228488,499236864,false,1.06472,true,1000
similarity n=43 k=3,similarity_singular,43,3,julia,30,172,0.059719605,500,15000,0.674114,10320,1615228488,499236864,false,1.06472,true,1000
similarity n=43 k=3,similarity_singular,43,3,julia,30,173,0.059719605,500,15000,0.674114,10320,1615228488,499236864,false,1.06472,true,1000
similarity n=43 k=3,similarity_singular,43,3,julia,30,174,0.059719605,500,15000,0.674114,10320,1615228488,499236864,false,1.06472,true,1000
similarity n=43 k=3,similarity_singular,43,3,julia,30,175,0.059719605,500,15000,0.674114,10320,1615228488,499236864,false,1.06472,true,1000
similarity n=43 k=3,similarity_singular,43,3,julia,30,176,0.059719605,500,15000,0.674114,10320,1615228488,499236864,false,1.06472,true,1000
similarity n=43 k=3,similarity_singular,43,3,julia,30,177,0.059719605,500,15000,0.674114,10320,1615228488,499236864,false,1.06472,true,1000
similarity n=43 k=3,similarity_singular,43,3,julia,30,178,0.059719605,500,15000,0.674114,10320,1615228488,499236864,false,1.06472,true,1000
similarity n=43 k=3,similarity_singular,43,3,julia,30,179,0.059719605,500,15000,0.674114,10320,1615228488,499236864,false,1.06472,true,1000
similarity n=43 k=3,similarity_singular,43,3,julia,30,180,0.059719605,500,15000,0.674114,10320,1615228488,499236864,false,1.06472,true,1000
similarity n=43 k=3,similarity_singular,43,3,julia,30,181,0.059719605,500,15000,0.674114,10320,1615228488,499236864,false,1.06472,true,1000
similarity n=43 k=3,similarity_singular,43,3,julia,30,182,0.059719605,500,15000,0.674114,10320,1615228488,499236864,false,1.06472,true,1000
similarity n=43 k=3,similarity_singular,43,3,julia,30,183,0.059719605,500,15000,0.674114,10320,1615228488,499236864,false,1.06472,true,1000
similarity n=43 k=3,similarity_singular,43,3,julia,30,184,0.059719605,500,15000,0.674114,10320,1615228488,499236864,false,1.06472,true,1000
similarity n=43 k=3,similarity_singular,43,3,julia,30,185,0.059719605,500,15000,0.674114,10320,1615228488,499236864,false,1.06472,true,1000
similarity n=43 k=3,similarity_singular,43,3,julia,30,186,0.059719605,500,15000,0.674114,10320,1615228488,499236864,false,1.06472,true,1000
similarity n=43 k=3,similarity_singular,43,3,julia,30,187,0.059719605,500,15000,0.674114,10320,1615228488,499236864,false,1.06472,true,1000
similarity n=43 k=3,similarity_singular,43,3,julia,30,188,0.059719605,500,15000,0.674114,10320,1615228488,499236864,false,1.06472,true,1000
similarity n=43 k=3,similarity_singular,43,3,julia,30,189,0.059719605,500,15000,0.674114,10320,1615228488,499236864,false,1.06472,true,1000
similarity n=43 k=3,similarity_singular,43,3,julia,30,190,0.059719605,500,15000,0.674114,10320,1615228488,499236864,false,1.06472,true,1000
similarity n=43 k=3,similarity_singular,43,3,julia,30,191,0.059719605,500,15000,0.674114,10320,1615228488,499236864,false,1.06472,true,1000
similarity n=43 k=3,similarity_singular,43,3,julia,30,192,0.059719605,500,15000,0.674114,10320,1615228488,499236864,false,1.06472,true,1000
similarity n=43 k=3,similarity_singular,43,3,julia,30,193,0.059719605,500,15000,0.674114,10320,1615228488,499236864,false,1.06472,true,1000
similarity n=43 k=3,similarity_singular,43,3,julia,30,194,0.059719605,500,15000,0.674114,10320,1615228488,499236864,false,1.06472,true,1000
similarity n=43 k=3,similarity_singular,43,3,julia,30,195,0.059719605,500,15000,0.674114,10320,1615228488,499236864,false,1.06472,true,1000
similarity n=43 k=3,similarity_singular,43,3,julia,30,196,0.059719605,500,15000,0.674114,10320,1615228488,499236864,false,1.06472,true,1000
similarity n=43 k=3,similarity_singular,43,3,julia,30,197,0.059719605,500,15000,0.674114,10320,1615228488,499236864,false,1.06472,true,1000
similarity n=43 k=3,similarity_singular,43,3,julia,30,198,0.059719605,500,15000,0.674114,10320,1615228488,499236864,false,1.06472,true,1000
similarity n=43 k=3,similarity_singular,43,3,julia,30,199,0.059719605,500,15000,0.674114,10320,1615228488,499236864,false,1.06472,true,1000
similarity n=43 k=3,similarity_singular,43,3,julia,30,200,0.059719605,500,15000,0.674114,10320,1615228488,499236864,false,1.06472,true,1000
similarity n=43 k=3,similarity_singular,43,3,julia,30,201,0.059719605,500,15000,0.674114,10320,1615228488,499236864,false,1.06472,true,1000
similarity n=43 k=3,similarity_singular,43,3,julia,30,202,0.059719605,500,15000,0.674114,10320,1615228488,499236864,false,1.06472,true,1000
similarity n=43 k=3,similarity_singular,43,3,julia,30,203,0.059719605,500,15000,0.674114,10320,1615228488,499236864,false,1.06472,true,1000
similarity n=43 k=3,similarity_singular,43,3,julia,30,204,0.059719605,500,15000,0.674114,10320,1615228488,499236864,false,1.06472,true,1000
similarity n=43 k=3,similarity_singular,43,3,julia,30,205,0.059719605,500,15000,0.674114,10320,1615228488,499236864,false,1.06472,true,1000
similarity n=43 k=3,similarity_singular,43,3,julia,30,206,0.059719605,500,15000,0.674114,10320,1615228488,499236864,false,1.06472,true,1000
similarity n=43 k=3,similarity_singular,43,3,julia,30,207,0.059719605,500,15000,0.674114,10320,1615228488,499236864,false,1.06472,true,1000
similarity n=43 k=3,similarity_singular,43,3,julia,30,208,0.059719605,500,15000,0.674114,10320,1615228488,499236864,false,1.06472,true,1000
similarity n=43 k=3,similarity_singular,43,3,julia,30,209,0.059719605,500,15000,0.674114,10320,1615228488,499236864,false,1.06472,true,1000
similarity n=43 k=3,similarity_singular,43,3,julia,30,210,0.059719605,500,15000,0.674114,10320,1615228488,499236864,false,1.06472,true,1000
similarity n=43 k=3,similarity_singular,43,3,julia,30,211,0.059719605,500,15000,0.674114,10320,1615228488,499236864,false,1.06472,true,1000
similarity n=43 k=3,similarity_singular,43,3,julia,30,212,0.059719605,500,15000,0.674114,10320,1615228488,499236864,false,1.06472,true,1000
similarity n=43 k=3,similarity_singular,43,3,julia,30,213,0.059719605,500,15000,0.674114,10320,1615228488,499236864,false,1.06472,true,1000
similarity n=43 k=3,similarity_singular,43,3,julia,30,214,0.059719605,500,15000,0.674114,10320,1615228488,499236864,false,1.06472,true,1000
similarity n=43 k=3,similarity_singular,43,3,julia,30,215,0.059719605,500,15000,0.674114,10320,1615228488,499236864,false,1.06472,true,1000
similarity n=43 k=3,similarity_singular,43,3,julia,30,216,0.059719605,500,15000,0.674114,10320,1615228488,499236864,false,1.06472,true,1000
similarity n=43 k=3,similarity_singular,43,3,julia,30,217,0.059719605,500,15000,0.674114,10320,1615228488,499236864,false,1.06472,true,1000
similarity n=43 k=3,similarity_singular,43,3,julia,30,218,0.059719605,500,15000,0.674114,10320,1615228488,499236864,false,1.06472,true,1000
similarity n=43 k=3,similarity_singular,43,3,julia,30,219,0.059719605,500,15000,0.674114,10320,1615228488,499236864,false,1.06472,true,1000
similarity n=43 k=3,similarity_singular,43,3,julia,30,220,0.059719605,500,15000,0.674114,10320,1615228488,499236864,false,1.06472,true,1000
similarity n=43 k=3,similarity_singular,43,3,julia,30,221,0.059719605,500,15000,0.674114,10320,1615228488,499236864,false,1.06472,true,1000
similarity n=43 k=3,similarity_singular,43,3,julia,30,222,0.059719605,500,15000,0.674114,10320,1615228488,499236864,false,1.06472,true,1000
similarity n=43 k=3,similarity_singular,43,3,julia,30,223,0.059719605,500,15000,0.674114,10320,1615228488,499236864,false,1.06472,true,1000
similarity n=43 k=3,similarity_singular,43,3,julia,30,224,0.059719605,500,15000,0.674114,10320,1615228488,499236864,false,1.06472,true,1000
similarity n=43 k=3,similarity_singular,43,3,julia,30,225,0.059719605,500,15000,0.674114,10320,1615228488,499236864,false,1.06472,true,1000
similarity n=43 k=3,similarity_singular,43,3,julia,30,226,0.059719605,500,15000,0.674114,10320,1615228488,499236864,false,1.06472,true,1000
similarity n=43 k=3,similarity_singular,43,3,julia,30,227,0.059719605,500,15000,0.674114,10320,1615228488,499236864,false,1.06472,true,1000
similarity n=43 k=3,similarity_singular,43,3,julia,30,228,0.059719605,500,15000,0.674114,10320,1615228488,499236864,false,1.06472,true,1000
similarity n=43 k=3,similarity_singular,43,3,julia,30,229,0.059719605,500,15000,0.674114,10320,1615228488,499236864,false,1.06472,true,1000
similarity n=43 k=3,similarity_singular,43,3,julia,30,230,0.059719605,500,15000,0.674114,10320,1615228488,499236864,false,1.06472,true,1000
similarity n=43 k=3,similarity_singular,43,3,julia,30,231,0.059719605,500,15000,0.674114,10320,1615228488,499236864,false,1.06472,true,1000
similarity n=43 k=3,similarity_singular,43,3,julia,30,232,0.059719605,500,15000,0.674114,10320,1615228488,499236864,false,1.06472,true,1000
similarity n=43 k=3,similarity_singular,43,3,julia,30,233,0.059719605,500,15000,0.674114,10320,1615228488,499236864,false,1.06472,true,1000
similarity n=43 k=3,similarity_singular,43,3,julia,30,234,0.059719605,500,15000,0.674114,10320,1615228488,499236864,false,1.06472,true,1000
similarity n=43 k=3,similarity_singular,43,3,julia,30,235,0.059719605,500,15000,0.674114,10320,1615228488,499236864,false,1.06472,true,1000
similarity n=43 k=3,similarity_singular,43,3,julia,30,236,0.059719605,500,15000,0.674114,10320,1615228488,499236864,false,1.06472,true,1000
similarity n=43 k=3,similarity_singular,43,3,julia,30,237,0.059719605,500,15000,0.674114,10320,1615228488,499236864,false,1.06472,true,1000
similarity n=43 k=3,similarity_singular,43,3,julia,30,238,0.059719605,500,15000,0.674114,10320,1615228488,499236864,false,1.06472,true,1000
similarity n=43 k=3,similarity_singular,43,3,julia,30,239,0.059719605,500,15000,0.674114,10320,1615228488,499236864,false,1.06472,true,1000
similarity n=43 k=3,similarity_singular,43,3,julia,30,240,0.059719605,500,15000,0.674114,10320,1615228488,499236864,false,1.06472,true,1000
similarity n=43 k=3,similarity_singular,43,3,julia,30,241,0.059719605,500,15000,0.674114,10320,1615228488,499236864,false,1.06472,true,1000
similarity n=43 k=3,similarity_singular,43,3,julia,30,242,0.059719605,500,15000,0.674114,10320,1615228488,499236864,false,1.06472,true,1000
similarity n=43 k=3,similarity_singular,43,3,julia,30,243,0.059719605,500,15000,0.674114,10320,1615228488,499236864,false,1.06472,true,1000
similarity n=43 k=3,similarity_singular,43,3,julia,30,244,0.059719605,500,15000,0.674114,10320,1615228488,499236864,false,1.06472,true,1000
similarity n=43 k=3,similarity_singular,43,3,julia,30,245,0.059719605,500,15000,0.674114,10320,1615228488,499236864,false,1.06472,true,1000
similarity n=43 k=3,similarity_singular,43,3,julia,30,246,0.059719605,500,15000,0.674114,10320,1615228488,499236864,false,1.06472,true,1000
similarity n=43 k=3,similarity_singular,43,3,julia,30,247,0.059719605,500,15000,0.674114,10320,1615228488,499236864,false,1.06472,true,1000
similarity n=43 k=3,similarity_singular,43,3,julia,30,248,0.059719605,500,15000,0.674114,10320,1615228488,499236864,false,1.06472,true,1000
similarity n=43 k=3,similarity_singular,43,3,julia,30,249,0.059719605,500,15000,0.674114,10320,1615228488,499236864,false,1.06472,true,1000
similarity n=43 k=3,similarity_singular,43,3,julia,30,250,0.059719605,500,15000,0.674114,10320,1615228488,499236864,false,1.06472,true,1000
similarity n=43 k=3,similarity_singular,43,3,julia,30,251,0.059719605,500,15000,0.674114,10320,1615228488,499236864,false,1.06472,true,1000
similarity n=43 k=3,similarity_singular,43,3,julia,30,252,0.059719605,500,15000,0.674114,10320,1615228488,499236864,false,1.06472,true,1000
similarity n=43 k=3,similarity_singular,43,3,julia,30,253,0.059719605,500,15000,0.674114,10320,1615228488,499236864,false,1.06472,true,1000
similarity n=43 k=3,similarity_singular,43,3,julia,30,254,0.059719605,500,15000,0.674114,10320,1615228488,499236864,false,1.06472,true,1000
similarity n=43 k=3,similarity_singular,43,3,julia,30,255,0.059719605,500,15000,0.674114,10320,1615228488,499236864,false,1.06472,true,1000
similarity n=43 k=3,similarity_singular,43,3,julia,30,256,0.059719605,500,15000,0.674114,10320,1615228488,499236864,false,1.06472,true,1000
similarity n=43 k=3,similarity_singular,43,3,julia,30,257,0.059719605,500,15000,0.674114,10320,1615228488,499236864,false,1.06472,true,1000
similarity n=43 k=3,similarity_singular,43,3,julia,30,258,0.059719605,500,15000,0.674114,10320,1615228488,499236864,false,1.06472,true,1000
similarity n=43 k=3,similarity_singular,43,3,julia,30,259,0.059719605,500,15000,0.674114,10320,1615228488,499236864,false,1.06472,true,1000
similarity n=43 k=3,similarity_singular,43,3,julia,30,260,0.059719605,500,15000,0.674114,10320,1615228488,499236864,false,1.06472,true,1000
similarity n=43 k=3,similarity_singular,43,3,julia,30,261,0.059719605,500,15000,0.674114,10320,1615228488,499236864,false,1.06472,true,1000
similarity n=43 k=3,similarity_singular,43,3,julia,30,262,0.059719605,500,15000,0.674114,10320,1615228488,499236864,false,1.06472,true,1000
similarity n=43 k=3,similarity_singular,43,3,julia,30,263,0.059719605,500,15000,0.674114,10320,1615228488,499236864,false,1.06472,true,1000
similarity n=43 k=3,similarity_singular,43,3,julia,30,264,0.059719605,500,15000,0.674114,10320,1615228488,499236864,false,1.06472,true,1000
similarity n=43 k=3,similarity_singular,43,3,julia,30,265,0.059719605,500,15000,0.674114,10320,1615228488,499236864,false,1.06472,true,1000
similarity n=43 k=3,similarity_singular,43,3,julia,30,266,0.059719605,500,15000,0.674114,10320,1615228488,499236864,false,1.06472,true,1000
similarity n=43 k=3,similarity_singular,43,3,julia,30,267,0.059719605,500,15000,0.674114,10320,1615228488,499236864,false,1.06472,true,1000
similarity n=43 k=3,similarity_singular,43,3,julia,30,268,0.059719605,500,15000,0.674114,10320,1615228488,499236864,false,1.06472,true,1000
similarity n=43 k=3,similarity_singular,43,3,julia,30,269,0.059719605,500,15000,0.674114,10320,1615228488,499236864,false,1.06472,true,1000
similarity n=43 k=3,similarity_singular,43,3,julia,30,270,0.059719605,500,15000,0.674114,10320,1615228488,499236864,false,1.06472,true,1000
similarity n=43 k=3,similarity_singular,43,3,julia,30,271,0.059719605,500,15000,0.674114,10320,1615228488,499236864,false,1.06472,true,1000
similarity n=43 k=3,similarity_singular,43,3,julia,30,272,0.059719605,500,15000,0.674114,10320,1615228488,499236864,false,1.06472,true,1000
similarity n=43 k=3,similarity_singular,43,3,julia,30,273,0.059719605,500,15000,0.674114,10320,1615228488,499236864,false,1.06472,true,1000
similarity n=43 k=3,similarity_singular,43,3,julia,30,274,0.059719605,500,15000,0.674114,10320,1615228488,499236864,false,1.06472,true,1000
similarity n=43 k=3,similarity_singular,43,3,julia,30,275,0.059719605,500,15000,0.674114,10320,1615228488,499236864,false,1.06472,true,1000
similarity n=43 k=3,similarity_singular,43,3,julia,30,276,0.059719605,500,15000,0.674114,10320,1615228488,499236864,false,1.06472,true,1000
similarity n=43 k=3,similarity_singular,43,3,julia,30,277,0.059719605,500,15000,0.674114,10320,1615228488,499236864,false,1.06472,true,1000
similarity n=43 k=3,similarity_singular,43,3,julia,30,278,0.059719605,500,15000,0.674114,10320,1615228488,499236864,false,1.06472,true,1000
similarity n=43 k=3,similarity_singular,43,3,julia,30,279,0.059719605,500,15000,0.674114,10320,1615228488,499236864,false,1.06472,true,1000
similarity n=43 k=3,similarity_singular,43,3,julia,30,280,0.059719605,500,15000,0.674114,10320,1615228488,499236864,false,1.06472,true,1000
similarity n=43 k=3,similarity_singular,43,3,julia,30,281,0.059719605,500,15000,0.674114,10320,1615228488,499236864,false,1.06472,true,1000
similarity n=43 k=3,similarity_singular,43,3,julia,30,282,0.059719605,500,15000,0.674114,10320,1615228488,499236864,false,1.06472,true,1000
similarity n=43 k=3,similarity_singular,43,3,julia,30,283,0.059719605,500,15000,0.674114,10320,1615228488,499236864,false,1.06472,true,1000
similarity n=43 k=3,similarity_singular,43,3,julia,30,284,0.059719605,500,15000,0.674114,10320,1615228488,499236864,false,1.06472,true,1000
similarity n=43 k=3,similarity_singular,43,3,julia,30,285,0.059719605,500,15000,0.674114,10320,1615228488,499236864,false,1.06472,true,1000
similarity n=43 k=3,similarity_singular,43,3,julia,30,286,0.059719605,500,15000,0.674114,10320,1615228488,499236864,false,1.06472,true,1000
similarity n=43 k=3,similarity_singular,43,3,julia,30,287,0.059719605,500,15000,0.674114,10320,1615228488,499236864,false,1.06472,true,1000
similarity n=43 k=3,similarity_singular,43,3,julia,30,288,0.059719605,500,15000,0.674114,10320,1615228488,499236864,false,1.06472,true,1000
similarity n=43 k=3,similarity_singular,43,3,julia,30,289,0.059719605,500,15000,0.674114,10320,1615228488,499236864,false,1.06472,true,1000
similarity n=43 k=3,similarity_singular,43,3,julia,30,290,0.059719605,500,15000,0.674114,10320,1615228488,499236864,false,1.06472,true,1000
similarity n=43 k=3,similarity_singular,43,3,julia,30,291,0.059719605,500,15000,0.674114,10320,1615228488,499236864,false,1.06472,true,1000
similarity n=43 k=3,similarity_singular,43,3,julia,30,292,0.059719605,500,15000,0.674114,10320,1615228488,499236864,false,1.06472,true,1000
similarity n=43 k=3,similarity_singular,43,3,julia,30,293,0.059719605,500,15000,0.674114,10320,1615228488,499236864,false,1.06472,true,1000
similarity n=43 k=3,similarity_singular,43,3,julia,30,294,0.059719605,500,15000,0.674114,10320,1615228488,499236864,false,1.06472,true,1000
similarity n=43 k=3,similarity_singular,43,3,julia,30,295,0.059719605,500,15000,0.674114,10320,1615228488,499236864,false,1.06472,true,1000
similarity n=43 k=3,similarity_singular,43,3,julia,30,296,0.059719605,500,15000,0.674114,10320,1615228488,499236864,false,1.06472,true,1000
similarity n=43 k=3,similarity_singular,43,3,julia,30,297,0.059719605,500,15000,0.674114,10320,1615228488,499236864,false,1.06472,true,1000
similarity n=43 k=3,similarity_singular,43,3,julia,30,298,0.059719605,500,15000,0.674114,10320,1615228488,499236864,false,1.06472,true,1000
similarity n=43 k=3,similarity_singular,43,3,julia,30,299,0.059719605,500,15000,0.674114,10320,1615228488,499236864,false,1.06472,true,1000
similarity n=43 k=3,similarity_singular,43,3,julia,30,300,0.059719605,500,15000,0.674114,10320,1615228488,499236864,false,1.06472,true,1000
similarity n=43 k=3,similarity_singular,43,3,julia,30,301,0.059719605,500,15000,0.674114,10320,1615228488,499236864,false,1.06472,true,1000
similarity n=43 k=3,similarity_singular,43,3,julia,30,302,0.059719605,500,15000,0.674114,10320,1615228488,499236864,false,1.06472,true,1000
similarity n=43 k=3,similarity_singular,43,3,julia,30,303,0.059719605,500,15000,0.674114,10320,1615228488,499236864,false,1.06472,true,1000
similarity n=43 k=3,similarity_singular,43,3,julia,30,304,0.059719605,500,15000,0.674114,10320,1615228488,499236864,false,1.06472,true,1000
similarity n=43 k=3,similarity_singular,43,3,julia,30,305,0.059719605,500,15000,0.674114,10320,1615228488,499236864,false,1.06472,true,1000
similarity n=43 k=3,similarity_singular,43,3,julia,30,306,0.059719605,500,15000,0.674114,10320,1615228488,499236864,false,1.06472,true,1000
similarity n=43 k=3,similarity_singular,43,3,julia,30,307,0.059719605,500,15000,0.674114,10320,1615228488,499236864,false,1.06472,true,1000
similarity n=43 k=3,similarity_singular,43,3,julia,30,308,0.059719605,500,15000,0.674114,10320,1615228488,499236864,false,1.06472,true,1000
similarity n=43 k=3,similarity_singular,43,3,julia,30,309,0.059719605,500,15000,0.674114,10320,1615228488,499236864,false,1.06472,true,1000
similarity n=43 k=3,similarity_singular,43,3,julia,30,310,0.059719605,500,15000,0.674114,10320,1615228488,499236864,false,1.06472,true,1000
similarity n=43 k=3,similarity_singular,43,3,julia,30,311,0.059719605,500,15000,0.674114,10320,1615228488,499236864,false,1.06472,true,1000
similarity n=43 k=3,similarity_singular,43,3,julia,30,312,0.059719605,500,15000,0.674114,10320,1615228488,499236864,false,1.06472,true,1000
similarity n=43 k=3,similarity_singular,43,3,julia,30,313,0.059719605,500,15000,0.674114,10320,1615228488,499236864,false,1.06472,true,1000
similarity n=43 k=3,similarity_singular,43,3,julia,30,314,0.059719605,500,15000,0.674114,10320,1615228488,499236864,false,1.06472,true,1000
similarity n=43 k=3,similarity_singular,43,3,julia,30,315,0.059719605,500,15000,0.674114,10320,1615228488,499236864,false,1.06472,true,1000
similarity n=43 k=3,similarity_singular,43,3,julia,30,316,0.059719605,500,15000,0.674114,10320,1615228488,499236864,false,1.06472,true,1000
similarity n=43 k=3,similarity_singular,43,3,julia,30,317,0.059719605,500,15000,0.674114,10320,1615228488,499236864,false,1.06472,true,1000
similarity n=43 k=3,similarity_singular,43,3,julia,30,318,0.059719605,500,15000,0.674114,10320,1615228488,499236864,false,1.06472,true,1000
similarity n=43 k=3,similarity_singular,43,3,julia,30,319,0.059719605,500,15000,0.674114,10320,1615228488,499236864,false,1.06472,true,1000
similarity n=43 k=3,similarity_singular,43,3,julia,30,320,0.059719605,500,15000,0.674114,10320,1615228488,499236864,false,1.06472,true,1000
similarity n=43 k=3,similarity_singular,43,3,julia,30,321,0.059719605,500,15000,0.674114,10320,1615228488,499236864,false,1.06472,true,1000
similarity n=43 k=3,similarity_singular,43,3,julia,30,322,0.059719605,500,15000,0.674114,10320,1615228488,499236864,false,1.06472,true,1000
similarity n=43 k=3,similarity_singular,43,3,julia,30,323,0.059719605,500,15000,0.674114,10320,1615228488,499236864,false,1.06472,true,1000
similarity n=43 k=3,similarity_singular,43,3,julia,30,324,0.059719605,500,15000,0.674114,10320,1615228488,499236864,false,1.06472,true,1000
similarity n=43 k=3,similarity_singular,43,3,julia,30,325,0.059719605,500,15000,0.674114,10320,1615228488,499236864,false,1.06472,true,1000
similarity n=43 k=3,similarity_singular,43,3,julia,30,326,0.059719605,500,15000,0.674114,10320,1615228488,499236864,false,1.06472,true,1000
similarity n=43 k=3,similarity_singular,43,3,julia,30,327,0.059719605,500,15000,0.674114,10320,1615228488,499236864,false,1.06472,true,1000
similarity n=43 k=3,similarity_singular,43,3,julia,30,328,0.059719605,500,15000,0.674114,10320,1615228488,499236864,false,1.06472,true,1000
similarity n=43 k=3,similarity_singular,43,3,julia,30,329,0.059719605,500,15000,0.674114,10320,1615228488,499236864,false,1.06472,true,1000
similarity n=43 k=3,similarity_singular,43,3,julia,30,330,0.059719605,500,15000,0.674114,10320,1615228488,499236864,false,1.06472,true,1000
similarity n=43 k=3,similarity_singular,43,3,julia,30,331,0.059719605,500,15000,0.674114,10320,1615228488,499236864,false,1.06472,true,1000
similarity n=43 k=3,similarity_singular,43,3,julia,30,332,0.059719605,500,15000,0.674114,10320,1615228488,499236864,false,1.06472,true,1000
similarity n=43 k=3,similarity_singular,43,3,julia,30,333,0.059719605,500,15000,0.674114,10320,1615228488,499236864,false,1.06472,true,1000
similarity n=43 k=3,similarity_singular,43,3,julia,30,334,0.059719605,500,15000,0.674114,10320,1615228488,499236864,false,1.06472,true,1000
similarity n=43 k=3,similarity_singular,43,3,julia,30,335,0.059719605,500,15000,0.674114,10320,1615228488,499236864,false,1.06472,true,1000
similarity n=43 k=3,similarity_singular,43,3,julia,30,336,0.059719605,500,15000,0.674114,10320,1615228488,499236864,false,1.06472,true,1000
similarity n=43 k=3,similarity_singular,43,3,julia,30,337,0.059719605,500,15000,0.674114,10320,1615228488,499236864,false,1.06472,true,1000
similarity n=43 k=3,similarity_singular,43,3,julia,30,338,0.059719605,500,15000,0.674114,10320,1615228488,499236864,false,1.06472,true,1000
similarity n=43 k=3,similarity_singular,43,3,julia,30,339,0.059719605,500,15000,0.674114,10320,1615228488,499236864,false,1.06472,true,1000
similarity n=43 k=3,similarity_singular,43,3,julia,30,340,0.059719605,500,15000,0.674114,10320,1615228488,499236864,false,1.06472,true,1000
similarity n=43 k=3,similarity_singular,43,3,julia,30,341,0.059719605,500,15000,0.674114,10320,1615228488,499236864,false,1.06472,true,1000
similarity n=43 k=3,similarity_singular,43,3,julia,30,342,0.059719605,500,15000,0.674114,10320,1615228488,499236864,false,1.06472,true,1000
similarity n=43 k=3,similarity_singular,43,3,julia,30,343,0.059719605,500,15000,0.674114,10320,1615228488,499236864,false,1.06472,true,1000
similarity n=43 k=3,similarity_singular,43,3,julia,30,344,0.059719605,500,15000,0.674114,10320,1615228488,499236864,false,1.06472,true,1000
similarity n=43 k=3,similarity_singular,43,3,julia,30,345,0.059719605,500,15000,0.674114,10320,1615228488,499236864,false,1.06472,true,1000
similarity n=43 k=3,similarity_singular,43,3,julia,30,346,0.059719605,500,15000,0.674114,10320,1615228488,499236864,false,1.06472,true,1000
similarity n=43 k=3,similarity_singular,43,3,julia,30,347,0.059719605,500,15000,0.674114,10320,1615228488,499236864,false,1.06472,true,1000
similarity n=43 k=3,similarity_singular,43,3,julia,30,348,0.059719605,500,15000,0.674114,10320,1615228488,499236864,false,1.06472,true,1000
similarity n=43 k=3,similarity_singular,43,3,julia,30,349,0.059719605,500,15000,0.674114,10320,1615228488,499236864,false,1.06472,true,1000
similarity n=43 k=3,similarity_singular,43,3,julia,30,350,0.059719605,500,15000,0.674114,10320,1615228488,499236864,false,1.06472,true,1000
similarity n=43 k=3,similarity_singular,43,3,julia,30,351,0.059719605,500,15000,0.674114,10320,1615228488,499236864,false,1.06472,true,1000
similarity n=43 k=3,similarity_singular,43,3,julia,30,352,0.059719605,500,15000,0.674114,10320,1615228488,499236864,false,1.06472,true,1000
similarity n=43 k=3,similarity_singular,43,3,julia,30,353,0.059719605,500,15000,0.674114,10320,1615228488,499236864,false,1.06472,true,1000
similarity n=43 k=3,similarity_singular,43,3,julia,30,354,0.059719605,500,15000,0.674114,10320,1615228488,499236864,false,1.06472,true,1000
similarity n=43 k=3,similarity_singular,43,3,julia,30,355,0.059719605,500,15000,0.674114,10320,1615228488,499236864,false,1.06472,true,1000
similarity n=43 k=3,similarity_singular,43,3,julia,30,356,0.059719605,500,15000,0.674114,10320,1615228488,499236864,false,1.06472,true,1000
similarity n=43 k=3,similarity_singular,43,3,julia,30,357,0.059719605,500,15000,0.674114,10320,1615228488,499236864,false,1.06472,true,1000
similarity n=43 k=3,similarity_singular,43,3,julia,30,358,0.059719605,500,15000,0.674114,10320,1615228488,499236864,false,1.06472,true,1000
similarity n=43 k=3,similarity_singular,43,3,julia,30,359,0.059719605,500,15000,0.674114,10320,1615228488,499236864,false,1.06472,true,1000
similarity n=43 k=3,similarity_singular,43,3,julia,30,360,0.059719605,500,15000,0.674114,10320,1615228488,499236864,false,1.06472,true,1000
similarity n=43 k=3,similarity_singular,43,3,julia,30,361,0.059719605,500,15000,0.674114,10320,1615228488,499236864,false,1.06472,true,1000
similarity n=43 k=3,similarity_singular,43,3,julia,30,362,0.059719605,500,15000,0.674114,10320,1615228488,499236864,false,1.06472,true,1000
similarity n=43 k=3,similarity_singular,43,3,julia,30,363,0.059719605,500,15000,0.674114,10320,1615228488,499236864,false,1.06472,true,1000
similarity n=43 k=3,similarity_singular,43,3,julia,30,364,0.059719605,500,15000,0.674114,10320,1615228488,499236864,false,1.06472,true,1000
similarity n=43 k=3,similarity_singular,43,3,julia,30,365,0.059719605,500,15000,0.674114,10320,1615228488,499236864,false,1.06472,true,1000
similarity n=43 k=3,similarity_singular,43,3,julia,30,366,0.059719605,500,15000,0.674114,10320,1615228488,499236864,false,1.06472,true,1000
similarity n=43 k=3,similarity_singular,43,3,julia,30,367,0.059719605,500,15000,0.674114,10320,1615228488,499236864,false,1.06472,true,1000
similarity n=43 k=3,similarity_singular,43,3,julia,30,368,0.059719605,500,15000,0.674114,10320,1615228488,499236864,false,1.06472,true,1000
similarity n=43 k=3,similarity_singular,43,3,julia,30,369,0.059719605,500,15000,0.674114,10320,1615228488,499236864,false,1.06472,true,1000
similarity n=43 k=3,similarity_singular,43,3,julia,30,370,0.059719605,500,15000,0.674114,10320,1615228488,499236864,false,1.06472,true,1000
similarity n=43 k=3,similarity_singular,43,3,julia,30,371,0.059719605,500,15000,0.674114,10320,1615228488,499236864,false,1.06472,true,1000
similarity n=43 k=3,similarity_singular,43,3,julia,30,372,0.059719605,500,15000,0.674114,10320,1615228488,499236864,false,1.06472,true,1000
similarity n=43 k=3,similarity_singular,43,3,julia,30,373,0.059719605,500,15000,0.674114,10320,1615228488,499236864,false,1.06472,true,1000
similarity n=43 k=3,similarity_singular,43,3,julia,30,374,0.059719605,500,15000,0.674114,10320,1615228488,499236864,false,1.06472,true,1000
similarity n=43 k=3,similarity_singular,43,3,julia,30,375,0.059719605,500,15000,0.674114,10320,1615228488,499236864,false,1.06472,true,1000
similarity n=43 k=3,similarity_singular,43,3,julia,30,376,0.059719605,500,15000,0.674114,10320,1615228488,499236864,false,1.06472,true,1000
similarity n=43 k=3,similarity_singular,43,3,julia,30,377,0.059719605,500,15000,0.674114,10320,1615228488,499236864,false,1.06472,true,1000
similarity n=43 k=3,similarity_singular,43,3,julia,30,378,0.059719605,500,15000,0.674114,10320,1615228488,499236864,false,1.06472,true,1000
similarity n=43 k=3,similarity_singular,43,3,julia,30,379,0.059719605,500,15000,0.674114,10320,1615228488,499236864,false,1.06472,true,1000
similarity n=43 k=3,similarity_singular,43,3,julia,30,380,0.059719605,500,15000,0.674114,10320,1615228488,499236864,false,1.06472,true,1000
similarity n=43 k=3,similarity_singular,43,3,julia,30,381,0.059719605,500,15000,0.674114,10320,1615228488,499236864,false,1.06472,true,1000
similarity n=43 k=3,similarity_singular,43,3,julia,30,382,0.059719605,500,15000,0.674114,10320,1615228488,499236864,false,1.06472,true,1000
similarity n=43 k=3,similarity_singular,43,3,julia,30,383,0.059719605,500,15000,0.674114,10320,1615228488,499236864,false,1.06472,true,1000
similarity n=43 k=3,similarity_singular,43,3,julia,30,384,0.059719605,500,15000,0.674114,10320,1615228488,499236864,false,1.06472,true,1000
similarity n=43 k=3,similarity_singular,43,3,julia,30,385,0.059719605,500,15000,0.674114,10320,1615228488,499236864,false,1.06472,true,1000
similarity n=43 k=3,similarity_singular,43,3,julia,30,386,0.059719605,500,15000,0.674114,10320,1615228488,499236864,false,1.06472,true,1000
similarity n=43 k=3,similarity_singular,43,3,julia,30,387,0.059719605,500,15000,0.674114,10320,1615228488,499236864,false,1.06472,true,1000
similarity n=43 k=3,similarity_singular,43,3,julia,30,388,0.059719605,500,15000,0.674114,10320,1615228488,499236864,false,1.06472,true,1000
similarity n=43 k=3,similarity_singular,43,3,julia,30,389,0.059719605,500,15000,0.674114,10320,1615228488,499236864,false,1.06472,true,1000
similarity n=43 k=3,similarity_singular,43,3,julia,30,390,0.059719605,500,15000,0.674114,10320,1615228488,499236864,false,1.06472,true,1000
similarity n=43 k=3,similarity_singular,43,3,julia,30,391,0.059719605,500,15000,0.674114,10320,1615228488,499236864,false,1.06472,true,1000
similarity n=43 k=3,similarity_singular,43,3,julia,30,392,0.059719605,500,15000,0.674114,10320,1615228488,499236864,false,1.06472,true,1000
similarity n=43 k=3,similarity_singular,43,3,julia,30,393,0.059719605,500,15000,0.674114,10320,1615228488,499236864,false,1.06472,true,1000
similarity n=43 k=3,similarity_singular,43,3,julia,30,394,0.059719605,500,15000,0.674114,10320,1615228488,499236864,false,1.06472,true,1000
similarity n=43 k=3,similarity_singular,43,3,julia,30,395,0.059719605,500,15000,0.674114,10320,1615228488,499236864,false,1.06472,true,1000
similarity n=43 k=3,similarity_singular,43,3,julia,30,396,0.059719605,500,15000,0.674114,10320,1615228488,499236864,false,1.06472,true,1000
similarity n=43 k=3,similarity_singular,43,3,julia,30,397,0.059719605,500,15000,0.674114,10320,1615228488,499236864,false,1.06472,true,1000
similarity n=43 k=3,similarity_singular,43,3,julia,30,398,0.059719605,500,15000,0.674114,10320,1615228488,499236864,false,1.06472,true,1000
similarity n=43 k=3,similarity_singular,43,3,julia,30,399,0.059719605,500,15000,0.674114,10320,1615228488,499236864,false,1.06472,true,1000
similarity n=43 k=3,similarity_singular,43,3,julia,30,400,0.059719605,500,15000,0.674114,10320,1615228488,499236864,false,1.06472,true,1000
similarity n=43 k=3,similarity_singular,43,3,julia,30,401,0.059719605,500,15000,0.674114,10320,1615228488,499236864,false,1.06472,true,1000
similarity n=43 k=3,similarity_singular,43,3,julia,30,402,0.059719605,500,15000,0.674114,10320,1615228488,499236864,false,1.06472,true,1000
similarity n=43 k=3,similarity_singular,43,3,julia,30,403,0.059719605,500,15000,0.674114,10320,1615228488,499236864,false,1.06472,true,1000
similarity n=43 k=3,similarity_singular,43,3,julia,30,404,0.059719605,500,15000,0.674114,10320,1615228488,499236864,false,1.06472,true,1000
similarity n=43 k=3,similarity_singular,43,3,julia,30,405,0.059719605,500,15000,0.674114,10320,1615228488,499236864,false,1.06472,true,1000
similarity n=43 k=3,similarity_singular,43,3,julia,30,406,0.059719605,500,15000,0.674114,10320,1615228488,499236864,false,1.06472,true,1000
similarity n=43 k=3,similarity_singular,43,3,julia,30,407,0.059719605,500,15000,0.674114,10320,1615228488,499236864,false,1.06472,true,1000
similarity n=43 k=3,similarity_singular,43,3,julia,30,408,0.059719605,500,15000,0.674114,10320,1615228488,499236864,false,1.06472,true,1000
similarity n=43 k=3,similarity_singular,43,3,julia,30,409,0.059719605,500,15000,0.674114,10320,1615228488,499236864,false,1.06472,true,1000
similarity n=43 k=3,similarity_singular,43,3,julia,30,410,0.059719605,500,15000,0.674114,10320,1615228488,499236864,false,1.06472,true,1000
similarity n=43 k=3,similarity_singular,43,3,julia,30,411,0.059719605,500,15000,0.674114,10320,1615228488,499236864,false,1.06472,true,1000
similarity n=43 k=3,similarity_singular,43,3,julia,30,412,0.059719605,500,15000,0.674114,10320,1615228488,499236864,false,1.06472,true,1000
similarity n=43 k=3,similarity_singular,43,3,julia,30,413,0.059719605,500,15000,0.674114,10320,1615228488,499236864,false,1.06472,true,1000
similarity n=43 k=3,similarity_singular,43,3,julia,30,414,0.059719605,500,15000,0.674114,10320,1615228488,499236864,false,1.06472,true,1000
similarity n=43 k=3,similarity_singular,43,3,julia,30,415,0.059719605,500,15000,0.674114,10320,1615228488,499236864,false,1.06472,true,1000
similarity n=43 k=3,similarity_singular,43,3,julia,30,416,0.059719605,500,15000,0.674114,10320,1615228488,499236864,false,1.06472,true,1000
similarity n=43 k=3,similarity_singular,43,3,julia,30,417,0.059719605,500,15000,0.674114,10320,1615228488,499236864,false,1.06472,true,1000
similarity n=43 k=3,similarity_singular,43,3,julia,30,418,0.059719605,500,15000,0.674114,10320,1615228488,499236864,false,1.06472,true,1000
similarity n=43 k=3,similarity_singular,43,3,julia,30,419,0.059719605,500,15000,0.674114,10320,1615228488,499236864,false,1.06472,true,1000
similarity n=43 k=3,similarity_singular,43,3,julia,30,420,0.059719605,500,15000,0.674114,10320,1615228488,499236864,false,1.06472,true,1000
similarity n=43 k=3,similarity_singular,43,3,julia,30,421,0.059719605,500,15000,0.674114,10320,1615228488,499236864,false,1.06472,true,1000
similarity n=43 k=3,similarity_singular,43,3,julia,30,422,0.059719605,500,15000,0.674114,10320,1615228488,499236864,false,1.06472,true,1000
similarity n=43 k=3,similarity_singular,43,3,julia,30,423,0.059719605,500,15000,0.674114,10320,1615228488,499236864,false,1.06472,true,1000
similarity n=43 k=3,similarity_singular,43,3,julia,30,424,0.059719605,500,15000,0.674114,10320,1615228488,499236864,false,1.06472,true,1000
similarity n=43 k=3,similarity_singular,43,3,julia,30,425,0.059719605,500,15000,0.674114,10320,1615228488,499236864,false,1.06472,true,1000
similarity n=43 k=3,similarity_singular,43,3,julia,30,426,0.059719605,500,15000,0.674114,10320,1615228488,499236864,false,1.06472,true,1000
similarity n=43 k=3,similarity_singular,43,3,julia,30,427,0.059719605,500,15000,0.674114,10320,1615228488,499236864,false,1.06472,true,1000
similarity n=43 k=3,similarity_singular,43,3,julia,30,428,0.059719605,500,15000,0.674114,10320,1615228488,499236864,false,1.06472,true,1000
similarity n=43 k=3,similarity_singular,43,3,julia,30,429,0.059719605,500,15000,0.674114,10320,1615228488,499236864,false,1.06472,true,1000
similarity n=43 k=3,similarity_singular,43,3,julia,30,430,0.059719605,500,15000,0.674114,10320,1615228488,499236864,false,1.06472,true,1000
similarity n=43 k=3,similarity_singular,43,3,julia,30,431,0.059719605,500,15000,0.674114,10320,1615228488,499236864,false,1.06472,true,1000
similarity n=43 k=3,similarity_singular,43,3,julia,30,432,0.059719605,500,15000,0.674114,10320,1615228488,499236864,false,1.06472,true,1000
similarity n=43 k=3,similarity_singular,43,3,julia,30,433,0.059719605,500,15000,0.674114,10320,1615228488,499236864,false,1.06472,true,1000
similarity n=43 k=3,similarity_singular,43,3,julia,30,434,0.059719605,500,15000,0.674114,10320,1615228488,499236864,false,1.06472,true,1000
similarity n=43 k=3,similarity_singular,43,3,julia,30,435,0.059719605,500,15000,0.674114,10320,1615228488,499236864,false,1.06472,true,1000
similarity n=43 k=3,similarity_singular,43,3,julia,30,436,0.059719605,500,15000,0.674114,10320,1615228488,499236864,false,1.06472,true,1000
similarity n=43 k=3,similarity_singular,43,3,julia,30,437,0.059719605,500,15000,0.674114,10320,1615228488,499236864,false,1.06472,true,1000
similarity n=43 k=3,similarity_singular,43,3,julia,30,438,0.059719605,500,15000,0.674114,10320,1615228488,499236864,false,1.06472,true,1000
similarity n=43 k=3,similarity_singular,43,3,julia,30,439,0.059719605,500,15000,0.674114,10320,1615228488,499236864,false,1.06472,true,1000
similarity n=43 k=3,similarity_singular,43,3,julia,30,440,0.059719605,500,15000,0.674114,10320,1615228488,499236864,false,1.06472,true,1000
similarity n=43 k=3,similarity_singular,43,3,julia,30,441,0.059719605,500,15000,0.674114,10320,1615228488,499236864,false,1.06472,true,1000
similarity n=43 k=3,similarity_singular,43,3,julia,30,442,0.059719605,500,15000,0.674114,10320,1615228488,499236864,false,1.06472,true,1000
similarity n=43 k=3,similarity_singular,43,3,julia,30,443,0.059719605,500,15000,0.674114,10320,1615228488,499236864,false,1.06472,true,1000
similarity n=43 k=3,similarity_singular,43,3,julia,30,444,0.059719605,500,15000,0.674114,10320,1615228488,499236864,false,1.06472,true,1000
similarity n=43 k=3,similarity_singular,43,3,julia,30,445,0.059719605,500,15000,0.674114,10320,1615228488,499236864,false,1.06472,true,1000
similarity n=43 k=3,similarity_singular,43,3,julia,30,446,0.059719605,500,15000,0.674114,10320,1615228488,499236864,false,1.06472,true,1000
similarity n=43 k=3,similarity_singular,43,3,julia,30,447,0.059719605,500,15000,0.674114,10320,1615228488,499236864,false,1.06472,true,1000
similarity n=43 k=3,similarity_singular,43,3,julia,30,448,0.059719605,500,15000,0.674114,10320,1615228488,499236864,false,1.06472,true,1000
similarity n=43 k=3,similarity_singular,43,3,julia,30,449,0.059719605,500,15000,0.674114,10320,1615228488,499236864,false,1.06472,true,1000
similarity n=43 k=3,similarity_singular,43,3,julia,30,450,0.059719605,500,15000,0.674114,10320,1615228488,499236864,false,1.06472,true,1000
similarity n=43 k=3,similarity_singular,43,3,julia,30,451,0.059719605,500,15000,0.674114,10320,1615228488,499236864,false,1.06472,true,1000
similarity n=43 k=3,similarity_singular,43,3,julia,30,452,0.059719605,500,15000,0.674114,10320,1615228488,499236864,false,1.06472,true,1000
similarity n=43 k=3,similarity_singular,43,3,julia,30,453,0.059719605,500,15000,0.674114,10320,1615228488,499236864,false,1.06472,true,1000
similarity n=43 k=3,similarity_singular,43,3,julia,30,454,0.059719605,500,15000,0.674114,10320,1615228488,499236864,false,1.06472,true,1000
similarity n=43 k=3,similarity_singular,43,3,julia,30,455,0.059719605,500,15000,0.674114,10320,1615228488,499236864,false,1.06472,true,1000
similarity n=43 k=3,similarity_singular,43,3,julia,30,456,0.059719605,500,15000,0.674114,10320,1615228488,499236864,false,1.06472,true,1000
similarity n=43 k=3,similarity_singular,43,3,julia,30,457,0.059719605,500,15000,0.674114,10320,1615228488,499236864,false,1.06472,true,1000
similarity n=43 k=3,similarity_singular,43,3,julia,30,458,0.059719605,500,15000,0.674114,10320,1615228488,499236864,false,1.06472,true,1000
similarity n=43 k=3,similarity_singular,43,3,julia,30,459,0.059719605,500,15000,0.674114,10320,1615228488,499236864,false,1.06472,true,1000
similarity n=43 k=3,similarity_singular,43,3,julia,30,460,0.059719605,500,15000,0.674114,10320,1615228488,499236864,false,1.06472,true,1000
similarity n=43 k=3,similarity_singular,43,3,julia,30,461,0.059719605,500,15000,0.674114,10320,1615228488,499236864,false,1.06472,true,1000
similarity n=43 k=3,similarity_singular,43,3,julia,30,462,0.059719605,500,15000,0.674114,10320,1615228488,499236864,false,1.06472,true,1000
similarity n=43 k=3,similarity_singular,43,3,julia,30,463,0.059719605,500,15000,0.674114,10320,1615228488,499236864,false,1.06472,true,1000
similarity n=43 k=3,similarity_singular,43,3,julia,30,464,0.059719605,500,15000,0.674114,10320,1615228488,499236864,false,1.06472,true,1000
similarity n=43 k=3,similarity_singular,43,3,julia,30,465,0.059719605,500,15000,0.674114,10320,1615228488,499236864,false,1.06472,true,1000
similarity n=43 k=3,similarity_singular,43,3,julia,30,466,0.059719605,500,15000,0.674114,10320,1615228488,499236864,false,1.06472,true,1000
similarity n=43 k=3,similarity_singular,43,3,julia,30,467,0.059719605,500,15000,0.674114,10320,1615228488,499236864,false,1.06472,true,1000
similarity n=43 k=3,similarity_singular,43,3,julia,30,468,0.059719605,500,15000,0.674114,10320,1615228488,499236864,false,1.06472,true,1000
similarity n=43 k=3,similarity_singular,43,3,julia,30,469,0.059719605,500,15000,0.674114,10320,1615228488,499236864,false,1.06472,true,1000
similarity n=43 k=3,similarity_singular,43,3,julia,30,470,0.059719605,500,15000,0.674114,10320,1615228488,499236864,false,1.06472,true,1000
similarity n=43 k=3,similarity_singular,43,3,julia,30,471,0.059719605,500,15000,0.674114,10320,1615228488,499236864,false,1.06472,true,1000
similarity n=43 k=3,similarity_singular,43,3,julia,30,472,0.059719605,500,15000,0.674114,10320,1615228488,499236864,false,1.06472,true,1000
similarity n=43 k=3,similarity_singular,43,3,julia,30,473,0.059719605,500,15000,0.674114,10320,1615228488,499236864,false,1.06472,true,1000
similarity n=43 k=3,similarity_singular,43,3,julia,30,474,0.059719605,500,15000,0.674114,10320,1615228488,499236864,false,1.06472,true,1000
similarity n=43 k=3,similarity_singular,43,3,julia,30,475,0.059719605,500,15000,0.674114,10320,1615228488,499236864,false,1.06472,true,1000
similarity n=43 k=3,similarity_singular,43,3,julia,30,476,0.059719605,500,15000,0.674114,10320,1615228488,499236864,false,1.06472,true,1000
similarity n=43 k=3,similarity_singular,43,3,julia,30,477,0.059719605,500,15000,0.674114,10320,1615228488,499236864,false,1.06472,true,1000
similarity n=43 k=3,similarity_singular,43,3,julia,30,478,0.059719605,500,15000,0.674114,10320,1615228488,499236864,false,1.06472,true,1000
similarity n=43 k=3,similarity_singular,43,3,julia,30,479,0.059719605,500,15000,0.674114,10320,1615228488,499236864,false,1.06472,true,1000
similarity n=43 k=3,similarity_singular,43,3,julia,30,480,0.059719605,500,15000,0.674114,10320,1615228488,499236864,false,1.06472,true,1000
similarity n=43 k=3,similarity_singular,43,3,julia,30,481,0.059719605,500,15000,0.674114,10320,1615228488,499236864,false,1.06472,true,1000
similarity n=43 k=3,similarity_singular,43,3,julia,30,482,0.059719605,500,15000,0.674114,10320,1615228488,499236864,false,1.06472,true,1000
similarity n=43 k=3,similarity_singular,43,3,julia,30,483,0.059719605,500,15000,0.674114,10320,1615228488,499236864,false,1.06472,true,1000
similarity n=43 k=3,similarity_singular,43,3,julia,30,484,0.059719605,500,15000,0.674114,10320,1615228488,499236864,false,1.06472,true,1000
similarity n=43 k=3,similarity_singular,43,3,julia,30,485,0.059719605,500,15000,0.674114,10320,1615228488,499236864,false,1.06472,true,1000
similarity n=43 k=3,similarity_singular,43,3,julia,30,486,0.059719605,500,15000,0.674114,10320,1615228488,499236864,false,1.06472,true,1000
similarity n=43 k=3,similarity_singular,43,3,julia,30,487,0.059719605,500,15000,0.674114,10320,1615228488,499236864,false,1.06472,true,1000
similarity n=43 k=3,similarity_singular,43,3,julia,30,488,0.059719605,500,15000,0.674114,10320,1615228488,499236864,false,1.06472,true,1000
similarity n=43 k=3,similarity_singular,43,3,julia,30,489,0.059719605,500,15000,0.674114,10320,1615228488,499236864,false,1.06472,true,1000
similarity n=43 k=3,similarity_singular,43,3,julia,30,490,0.059719605,500,15000,0.674114,10320,1615228488,499236864,false,1.06472,true,1000
similarity n=43 k=3,similarity_singular,43,3,julia,30,491,0.059719605,500,15000,0.674114,10320,1615228488,499236864,false,1.06472,true,1000
similarity n=43 k=3,similarity_singular,43,3,julia,30,492,0.059719605,500,15000,0.674114,10320,1615228488,499236864,false,1.06472,true,1000
similarity n=43 k=3,similarity_singular,43,3,julia,30,493,0.059719605,500,15000,0.674114,10320,1615228488,499236864,false,1.06472,true,1000
similarity n=43 k=3,similarity_singular,43,3,julia,30,494,0.059719605,500,15000,0.674114,10320,1615228488,499236864,false,1.06472,true,1000
similarity n=43 k=3,similarity_singular,43,3,julia,30,495,0.059719605,500,15000,0.674114,10320,1615228488,499236864,false,1.06472,true,1000
similarity n=43 k=3,similarity_singular,43,3,julia,30,496,0.059719605,500,15000,0.674114,10320,1615228488,499236864,false,1.06472,true,1000
similarity n=43 k=3,similarity_singular,43,3,julia,30,497,0.059719605,500,15000,0.674114,10320,1615228488,499236864,false,1.06472,true,1000
similarity n=43 k=3,similarity_singular,43,3,julia,30,498,0.059719605,500,15000,0.674114,10320,1615228488,499236864,false,1.06472,true,1000
similarity n=43 k=3,similarity_singular,43,3,julia,30,499,0.059719605,500,15000,0.674114,10320,1615228488,499236864,false,1.06472,true,1000
similarity n=43 k=3,similarity_singular,43,3,julia,30,500,0.059719605,500,15000,0.674114,10320,1615228488,499236864,false,1.06472,true,1000
similarity n=43 k=3,similarity_singular,43,3,julia,50,1,1.5484361e-15,1,40,0.0026157,17200,5187512,499236864,true,1.2044617e-14,false,1000
similarity n=44 k=4,similarity_singular,44,4,julia,10,1,0.22155838,500,5000,0.117232,3520,342561128,499236864,false,1.1410452,true,1000
similarity n=44 k=4,similarity_singular,44,4,julia,10,2,0.21885256,500,5000,0.117232,3520,342561128,499236864,false,1.1410452,true,1000
similarity n=44 k=4,similarity_singular,44,4,julia,10,3,0.21854085,500,5000,0.117232,3520,342561128,499236864,false,1.1410452,true,1000
similarity n=44 k=4,similarity_singular,44,4,julia,10,4,0.21845917,500,5000,0.117232,3520,342561128,499236864,false,1.1410452,true,1000
similarity n=44 k=4,similarity_singular,44,4,julia,10,5,0.21843552,500,5000,0.117232,3520,342561128,499236864,false,1.1410452,true,1000
similarity n=44 k=4,similarity_singular,44,4,julia,10,6,0.21842807,500,5000,0.117232,3520,342561128,499236864,false,1.1410452,true,1000
similarity n=44 k=4,similarity_singular,44,4,julia,10,7,0.21842573,500,5000,0.117232,3520,342561128,499236864,false,1.1410452,true,1000
similarity n=44 k=4,similarity_singular,44,4,julia,10,8,0.21842498,500,5000,0.117232,3520,342561128,499236864,false,1.1410452,true,1000
similarity n=44 k=4,similarity_singular,44,4,julia,10,9,0.21842475,500,5000,0.117232,3520,342561128,499236864,false,1.1410452,true,1000
similarity n=44 k=4,similarity_singular,44,4,julia,10,10,0.21842467,500,5000,0.117232,3520,342561128,499236864,false,1.1410452,true,1000
similarity n=44 k=4,similarity_singular,44,4,julia,10,11,0.21842464,500,5000,0.117232,3520,342561128,499236864,false,1.1410452,true,1000
similarity n=44 k=4,similarity_singular,44,4,julia,10,12,0.21842463,500,5000,0.117232,3520,342561128,499236864,false,1.1410452,true,1000
similarity n=44 k=4,similarity_singular,44,4,julia,10,13,0.21842463,500,5000,0.117232,3520,342561128,499236864,false,1.1410452,true,1000
similarity n=44 k=4,similarity_singular,44,4,julia,10,14,0.21842463,500,5000,0.117232,3520,342561128,499236864,false,1.1410452,true,1000
similarity n=44 k=4,similarity_singular,44,4,julia,10,15,0.21842463,500,5000,0.117232,3520,342561128,499236864,false,1.1410452,true,1000
similarity n=44 k=4,similarity_singular,44,4,julia,10,16,0.21842463,500,5000,0.117232,3520,342561128,499236864,false,1.1410452,true,1000
similarity n=44 k=4,similarity_singular,44,4,julia,10,17,0.21842463,500,5000,0.117232,3520,342561128,499236864,false,1.1410452,true,1000
similarity n=44 k=4,similarity_singular,44,4,julia,10,18,0.21842463,500,5000,0.117232,3520,342561128,499236864,false,1.1410452,true,1000
similarity n=44 k=4,similarity_singular,44,4,julia,10,19,0.21842463,500,5000,0.117232,3520,342561128,499236864,false,1.1410452,true,1000
similarity n=44 k=4,similarity_singular,44,4,julia,10,20,0.21842463,500,5000,0.117232,3520,342561128,499236864,false,1.1410452,true,1000
similarity n=44 k=4,similarity_singular,44,4,julia,10,21,0.21842463,500,5000,0.117232,3520,342561128,499236864,false,1.1410452,true,1000
similarity n=44 k=4,similarity_singular,44,4,julia,10,22,0.21842463,500,5000,0.117232,3520,342561128,499236864,false,1.1410452,true,1000
similarity n=44 k=4,similarity_singular,44,4,julia,10,23,0.21842463,500,5000,0.117232,3520,342561128,499236864,false,1.1410452,true,1000
similarity n=44 k=4,similarity_singular,44,4,julia,10,24,0.21842463,500,5000,0.117232,3520,342561128,499236864,false,1.1410452,true,1000
similarity n=44 k=4,similarity_singular,44,4,julia,10,25,0.21842463,500,5000,0.117232,3520,342561128,499236864,false,1.1410452,true,1000
similarity n=44 k=4,similarity_singular,44,4,julia,10,26,0.21842463,500,5000,0.117232,3520,342561128,499236864,false,1.1410452,true,1000
similarity n=44 k=4,similarity_singular,44,4,julia,10,27,0.21842463,500,5000,0.117232,3520,342561128,499236864,false,1.1410452,true,1000
similarity n=44 k=4,similarity_singular,44,4,julia,10,28,0.21842463,500,5000,0.117232,3520,342561128,499236864,false,1.1410452,true,1000
similarity n=44 k=4,similarity_singular,44,4,julia,10,29,0.21842463,500,5000,0.117232,3520,342561128,499236864,false,1.1410452,true,1000
similarity n=44 k=4,similarity_singular,44,4,julia,10,30,0.21842463,500,5000,0.117232,3520,342561128,499236864,false,1.1410452,true,1000
similarity n=44 k=4,similarity_singular,44,4,julia,10,31,0.21842463,500,5000,0.117232,3520,342561128,499236864,false,1.1410452,true,1000
similarity n=44 k=4,similarity_singular,44,4,julia,10,32,0.21842463,500,5000,0.117232,3520,342561128,499236864,false,1.1410452,true,1000
similarity n=44 k=4,similarity_singular,44,4,julia,10,33,0.21842463,500,5000,0.117232,3520,342561128,499236864,false,1.1410452,true,1000
similarity n=44 k=4,similarity_singular,44,4,julia,10,34,0.21842463,500,5000,0.117232,3520,342561128,499236864,false,1.1410452,true,1000
similarity n=44 k=4,similarity_singular,44,4,julia,10,35,0.21842463,500,5000,0.117232,3520,342561128,499236864,false,1.1410452,true,1000
similarity n=44 k=4,similarity_singular,44,4,julia,10,36,0.21842463,500,5000,0.117232,3520,342561128,499236864,false,1.1410452,true,1000
similarity n=44 k=4,similarity_singular,44,4,julia,10,37,0.21842463,500,5000,0.117232,3520,342561128,499236864,false,1.1410452,true,1000
similarity n=44 k=4,similarity_singular,44,4,julia,10,38,0.21842463,500,5000,0.117232,3520,342561128,499236864,false,1.1410452,true,1000
similarity n=44 k=4,similarity_singular,44,4,julia,10,39,0.21842463,500,5000,0.117232,3520,342561128,499236864,false,1.1410452,true,1000
similarity n=44 k=4,similarity_singular,44,4,julia,10,40,0.21842463,500,5000,0.117232,3520,342561128,499236864,false,1.1410452,true,1000
similarity n=44 k=4,similarity_singular,44,4,julia,10,41,0.21842463,500,5000,0.117232,3520,342561128,499236864,false,1.1410452,true,1000
similarity n=44 k=4,similarity_singular,44,4,julia,10,42,0.21842463,500,5000,0.117232,3520,342561128,499236864,false,1.1410452,true,1000
similarity n=44 k=4,similarity_singular,44,4,julia,10,43,0.21842463,500,5000,0.117232,3520,342561128,499236864,false,1.1410452,true,1000
similarity n=44 k=4,similarity_singular,44,4,julia,10,44,0.21842463,500,5000,0.117232,3520,342561128,499236864,false,1.1410452,true,1000
similarity n=44 k=4,similarity_singular,44,4,julia,10,45,0.21842463,500,5000,0.117232,3520,342561128,499236864,false,1.1410452,true,1000
similarity n=44 k=4,similarity_singular,44,4,julia,10,46,0.21842463,500,5000,0.117232,3520,342561128,499236864,false,1.1410452,true,1000
similarity n=44 k=4,similarity_singular,44,4,julia,10,47,0.21842463,500,5000,0.117232,3520,342561128,499236864,false,1.1410452,true,1000
similarity n=44 k=4,similarity_singular,44,4,julia,10,48,0.21842463,500,5000,0.117232,3520,342561128,499236864,false,1.1410452,true,1000
similarity n=44 k=4,similarity_singular,44,4,julia,10,49,0.21842463,500,5000,0.117232,3520,342561128,499236864,false,1.1410452,true,1000
similarity n=44 k=4,similarity_singular,44,4,julia,10,50,0.21842463,500,5000,0.117232,3520,342561128,499236864,false,1.1410452,true,1000
similarity n=44 k=4,similarity_singular,44,4,julia,10,51,0.21842463,500,5000,0.117232,3520,342561128,499236864,false,1.1410452,true,1000
similarity n=44 k=4,similarity_singular,44,4,julia,10,52,0.21842463,500,5000,0.117232,3520,342561128,499236864,false,1.1410452,true,1000
similarity n=44 k=4,similarity_singular,44,4,julia,10,53,0.21842463,500,5000,0.117232,3520,342561128,499236864,false,1.1410452,true,1000
similarity n=44 k=4,similarity_singular,44,4,julia,10,54,0.21842463,500,5000,0.117232,3520,342561128,499236864,false,1.1410452,true,1000
similarity n=44 k=4,similarity_singular,44,4,julia,10,55,0.21842463,500,5000,0.117232,3520,342561128,499236864,false,1.1410452,true,1000
similarity n=44 k=4,similarity_singular,44,4,julia,10,56,0.21842463,500,5000,0.117232,3520,342561128,499236864,false,1.1410452,true,1000
similarity n=44 k=4,similarity_singular,44,4,julia,10,57,0.21842463,500,5000,0.117232,3520,342561128,499236864,false,1.1410452,true,1000
similarity n=44 k=4,similarity_singular,44,4,julia,10,58,0.21842463,500,5000,0.117232,3520,342561128,499236864,false,1.1410452,true,1000
similarity n=44 k=4,similarity_singular,44,4,julia,10,59,0.21842463,500,5000,0.117232,3520,342561128,499236864,false,1.1410452,true,1000
similarity n=44 k=4,similarity_singular,44,4,julia,10,60,0.21842463,500,5000,0.117232,3520,342561128,499236864,false,1.1410452,true,1000
similarity n=44 k=4,similarity_singular,44,4,julia,10,61,0.21842463,500,5000,0.117232,3520,342561128,499236864,false,1.1410452,true,1000
similarity n=44 k=4,similarity_singular,44,4,julia,10,62,0.21842463,500,5000,0.117232,3520,342561128,499236864,false,1.1410452,true,1000
similarity n=44 k=4,similarity_singular,44,4,julia,10,63,0.21842463,500,5000,0.117232,3520,342561128,499236864,false,1.1410452,true,1000
similarity n=44 k=4,similarity_singular,44,4,julia,10,64,0.21842463,500,5000,0.117232,3520,342561128,499236864,false,1.1410452,true,1000
similarity n=44 k=4,similarity_singular,44,4,julia,10,65,0.21842463,500,5000,0.117232,3520,342561128,499236864,false,1.1410452,true,1000
similarity n=44 k=4,similarity_singular,44,4,julia,10,66,0.21842463,500,5000,0.117232,3520,342561128,499236864,false,1.1410452,true,1000
similarity n=44 k=4,similarity_singular,44,4,julia,10,67,0.21842463,500,5000,0.117232,3520,342561128,499236864,false,1.1410452,true,1000
similarity n=44 k=4,similarity_singular,44,4,julia,10,68,0.21842463,500,5000,0.117232,3520,342561128,499236864,false,1.1410452,true,1000
similarity n=44 k=4,similarity_singular,44,4,julia,10,69,0.21842463,500,5000,0.117232,3520,342561128,499236864,false,1.1410452,true,1000
similarity n=44 k=4,similarity_singular,44,4,julia,10,70,0.21842463,500,5000,0.117232,3520,342561128,499236864,false,1.1410452,true,1000
similarity n=44 k=4,similarity_singular,44,4,julia,10,71,0.21842463,500,5000,0.117232,3520,342561128,499236864,false,1.1410452,true,1000
similarity n=44 k=4,similarity_singular,44,4,julia,10,72,0.21842463,500,5000,0.117232,3520,342561128,499236864,false,1.1410452,true,1000
similarity n=44 k=4,similarity_singular,44,4,julia,10,73,0.21842463,500,5000,0.117232,3520,342561128,499236864,false,1.1410452,true,1000
similarity n=44 k=4,similarity_singular,44,4,julia,10,74,0.21842463,500,5000,0.117232,3520,342561128,499236864,false,1.1410452,true,1000
similarity n=44 k=4,similarity_singular,44,4,julia,10,75,0.21842463,500,5000,0.117232,3520,342561128,499236864,false,1.1410452,true,1000
similarity n=44 k=4,similarity_singular,44,4,julia,10,76,0.21842463,500,5000,0.117232,3520,342561128,499236864,false,1.1410452,true,1000
similarity n=44 k=4,similarity_singular,44,4,julia,10,77,0.21842463,500,5000,0.117232,3520,342561128,499236864,false,1.1410452,true,1000
similarity n=44 k=4,similarity_singular,44,4,julia,10,78,0.21842463,500,5000,0.117232,3520,342561128,499236864,false,1.1410452,true,1000
similarity n=44 k=4,similarity_singular,44,4,julia,10,79,0.21842463,500,5000,0.117232,3520,342561128,499236864,false,1.1410452,true,1000
similarity n=44 k=4,similarity_singular,44,4,julia,10,80,0.21842463,500,5000,0.117232,3520,342561128,499236864,false,1.1410452,true,1000
similarity n=44 k=4,similarity_singular,44,4,julia,10,81,0.21842463,500,5000,0.117232,3520,342561128,499236864,false,1.1410452,true,1000
similarity n=44 k=4,similarity_singular,44,4,julia,10,82,0.21842463,500,5000,0.117232,3520,342561128,499236864,false,1.1410452,true,1000
similarity n=44 k=4,similarity_singular,44,4,julia,10,83,0.21842463,500,5000,0.117232,3520,342561128,499236864,false,1.1410452,true,1000
similarity n=44 k=4,similarity_singular,44,4,julia,10,84,0.21842463,500,5000,0.117232,3520,342561128,499236864,false,1.1410452,true,1000
similarity n=44 k=4,similarity_singular,44,4,julia,10,85,0.21842463,500,5000,0.117232,3520,342561128,499236864,false,1.1410452,true,1000
similarity n=44 k=4,similarity_singular,44,4,julia,10,86,0.21842463,500,5000,0.117232,3520,342561128,499236864,false,1.1410452,true,1000
similarity n=44 k=4,similarity_singular,44,4,julia,10,87,0.21842463,500,5000,0.117232,3520,342561128,499236864,false,1.1410452,true,1000
similarity n=44 k=4,similarity_singular,44,4,julia,10,88,0.21842463,500,5000,0.117232,3520,342561128,499236864,false,1.1410452,true,1000
similarity n=44 k=4,similarity_singular,44,4,julia,10,89,0.21842463,500,5000,0.117232,3520,342561128,499236864,false,1.1410452,true,1000
similarity n=44 k=4,similarity_singular,44,4,julia,10,90,0.21842463,500,5000,0.117232,3520,342561128,499236864,false,1.1410452,true,1000
similarity n=44 k=4,similarity_singular,44,4,julia,10,91,0.21842463,500,5000,0.117232,3520,342561128,499236864,false,1.1410452,true,1000
similarity n=44 k=4,similarity_singular,44,4,julia,10,92,0.21842463,500,5000,0.117232,3520,342561128,499236864,false,1.1410452,true,1000
similarity n=44 k=4,similarity_singular,44,4,julia,10,93,0.21842463,500,5000,0.117232,3520,342561128,499236864,false,1.1410452,true,1000
similarity n=44 k=4,similarity_singular,44,4,julia,10,94,0.21842463,500,5000,0.117232,3520,342561128,499236864,false,1.1410452,true,1000
similarity n=44 k=4,similarity_singular,44,4,julia,10,95,0.21842463,500,5000,0.117232,3520,342561128,499236864,false,1.1410452,true,1000
similarity n=44 k=4,similarity_singular,44,4,julia,10,96,0.21842463,500,5000,0.117232,3520,342561128,499236864,false,1.1410452,true,1000
similarity n=44 k=4,similarity_singular,44,4,julia,10,97,0.21842463,500,5000,0.117232,3520,342561128,499236864,false,1.1410452,true,1000
similarity n=44 k=4,similarity_singular,44,4,julia,10,98,0.21842463,500,5000,0.117232,3520,342561128,499236864,false,1.1410452,true,1000
similarity n=44 k=4,similarity_singular,44,4,julia,10,99,0.21842463,500,5000,0.117232,3520,342561128,499236864,false,1.1410452,true,1000
similarity n=44 k=4,similarity_singular,44,4,julia,10,100,0.21842463,500,5000,0.117232,3520,342561128,499236864,false,1.1410452,true,1000
similarity n=44 k=4,similarity_singular,44,4,julia,10,101,0.21842463,500,5000,0.117232,3520,342561128,499236864,false,1.1410452,true,1000
similarity n=44 k=4,similarity_singular,44,4,julia,10,102,0.21842463,500,5000,0.117232,3520,342561128,499236864,false,1.1410452,true,1000
similarity n=44 k=4,similarity_singular,44,4,julia,10,103,0.21842463,500,5000,0.117232,3520,342561128,499236864,false,1.1410452,true,1000
similarity n=44 k=4,similarity_singular,44,4,julia,10,104,0.21842463,500,5000,0.117232,3520,342561128,499236864,false,1.1410452,true,1000
similarity n=44 k=4,similarity_singular,44,4,julia,10,105,0.21842463,500,5000,0.117232,3520,342561128,499236864,false,1.1410452,true,1000
similarity n=44 k=4,similarity_singular,44,4,julia,10,106,0.21842463,500,5000,0.117232,3520,342561128,499236864,false,1.1410452,true,1000
similarity n=44 k=4,similarity_singular,44,4,julia,10,107,0.21842463,500,5000,0.117232,3520,342561128,499236864,false,1.1410452,true,1000
similarity n=44 k=4,similarity_singular,44,4,julia,10,108,0.21842463,500,5000,0.117232,3520,342561128,499236864,false,1.1410452,true,1000
similarity n=44 k=4,similarity_singular,44,4,julia,10,109,0.21842463,500,5000,0.117232,3520,342561128,499236864,false,1.1410452,true,1000
similarity n=44 k=4,similarity_singular,44,4,julia,10,110,0.21842463,500,5000,0.117232,3520,342561128,499236864,false,1.1410452,true,1000
similarity n=44 k=4,similarity_singular,44,4,julia,10,111,0.21842463,500,5000,0.117232,3520,342561128,499236864,false,1.1410452,true,1000
similarity n=44 k=4,similarity_singular,44,4,julia,10,112,0.21842463,500,5000,0.117232,3520,342561128,499236864,false,1.1410452,true,1000
similarity n=44 k=4,similarity_singular,44,4,julia,10,113,0.21842463,500,5000,0.117232,3520,342561128,499236864,false,1.1410452,true,1000
similarity n=44 k=4,similarity_singular,44,4,julia,10,114,0.21842463,500,5000,0.117232,3520,342561128,499236864,false,1.1410452,true,1000
similarity n=44 k=4,similarity_singular,44,4,julia,10,115,0.21842463,500,5000,0.117232,3520,342561128,499236864,false,1.1410452,true,1000
similarity n=44 k=4,similarity_singular,44,4,julia,10,116,0.21842463,500,5000,0.117232,3520,342561128,499236864,false,1.1410452,true,1000
similarity n=44 k=4,similarity_singular,44,4,julia,10,117,0.21842463,500,5000,0.117232,3520,342561128,499236864,false,1.1410452,true,1000
similarity n=44 k=4,similarity_singular,44,4,julia,10,118,0.21842463,500,5000,0.117232,3520,342561128,499236864,false,1.1410452,true,1000
similarity n=44 k=4,similarity_singular,44,4,julia,10,119,0.21842463,500,5000,0.117232,3520,342561128,499236864,false,1.1410452,true,1000
similarity n=44 k=4,similarity_singular,44,4,julia,10,120,0.21842463,500,5000,0.117232,3520,342561128,499236864,false,1.1410452,true,1000
similarity n=44 k=4,similarity_singular,44,4,julia,10,121,0.21842463,500,5000,0.117232,3520,342561128,499236864,false,1.1410452,true,1000
similarity n=44 k=4,similarity_singular,44,4,julia,10,122,0.21842463,500,5000,0.117232,3520,342561128,499236864,false,1.1410452,true,1000
similarity n=44 k=4,similarity_singular,44,4,julia,10,123,0.21842463,500,5000,0.117232,3520,342561128,499236864,false,1.1410452,true,1000
similarity n=44 k=4,similarity_singular,44,4,julia,10,124,0.21842463,500,5000,0.117232,3520,342561128,499236864,false,1.1410452,true,1000
similarity n=44 k=4,similarity_singular,44,4,julia,10,125,0.21842463,500,5000,0.117232,3520,342561128,499236864,false,1.1410452,true,1000
similarity n=44 k=4,similarity_singular,44,4,julia,10,126,0.21842463,500,5000,0.117232,3520,342561128,499236864,false,1.1410452,true,1000
similarity n=44 k=4,similarity_singular,44,4,julia,10,127,0.21842463,500,5000,0.117232,3520,342561128,499236864,false,1.1410452,true,1000
similarity n=44 k=4,similarity_singular,44,4,julia,10,128,0.21842463,500,5000,0.117232,3520,342561128,499236864,false,1.1410452,true,1000
similarity n=44 k=4,similarity_singular,44,4,julia,10,129,0.21842463,500,5000,0.117232,3520,342561128,499236864,false,1.1410452,true,1000
similarity n=44 k=4,similarity_singular,44,4,julia,10,130,0.21842463,500,5000,0.117232,3520,342561128,499236864,false,1.1410452,true,1000
similarity n=44 k=4,similarity_singular,44,4,julia,10,131,0.21842463,500,5000,0.117232,3520,342561128,499236864,false,1.1410452,true,1000
similarity n=44 k=4,similarity_singular,44,4,julia,10,132,0.21842463,500,5000,0.117232,3520,342561128,499236864,false,1.1410452,true,1000
similarity n=44 k=4,similarity_singular,44,4,julia,10,133,0.21842463,500,5000,0.117232,3520,342561128,499236864,false,1.1410452,true,1000
similarity n=44 k=4,similarity_singular,44,4,julia,10,134,0.21842463,500,5000,0.117232,3520,342561128,499236864,false,1.1410452,true,1000
similarity n=44 k=4,similarity_singular,44,4,julia,10,135,0.21842463,500,5000,0.117232,3520,342561128,499236864,false,1.1410452,true,1000
similarity n=44 k=4,similarity_singular,44,4,julia,10,136,0.21842463,500,5000,0.117232,3520,342561128,499236864,false,1.1410452,true,1000
similarity n=44 k=4,similarity_singular,44,4,julia,10,137,0.21842463,500,5000,0.117232,3520,342561128,499236864,false,1.1410452,true,1000
similarity n=44 k=4,similarity_singular,44,4,julia,10,138,0.21842463,500,5000,0.117232,3520,342561128,499236864,false,1.1410452,true,1000
similarity n=44 k=4,similarity_singular,44,4,julia,10,139,0.21842463,500,5000,0.117232,3520,342561128,499236864,false,1.1410452,true,1000
similarity n=44 k=4,similarity_singular,44,4,julia,10,140,0.21842463,500,5000,0.117232,3520,342561128,499236864,false,1.1410452,true,1000
similarity n=44 k=4,similarity_singular,44,4,julia,10,141,0.21842463,500,5000,0.117232,3520,342561128,499236864,false,1.1410452,true,1000
similarity n=44 k=4,similarity_singular,44,4,julia,10,142,0.21842463,500,5000,0.117232,3520,342561128,499236864,false,1.1410452,true,1000
similarity n=44 k=4,similarity_singular,44,4,julia,10,143,0.21842463,500,5000,0.117232,3520,342561128,499236864,false,1.1410452,true,1000
similarity n=44 k=4,similarity_singular,44,4,julia,10,144,0.21842463,500,5000,0.117232,3520,342561128,499236864,false,1.1410452,true,1000
similarity n=44 k=4,similarity_singular,44,4,julia,10,145,0.21842463,500,5000,0.117232,3520,342561128,499236864,false,1.1410452,true,1000
similarity n=44 k=4,similarity_singular,44,4,julia,10,146,0.21842463,500,5000,0.117232,3520,342561128,499236864,false,1.1410452,true,1000
similarity n=44 k=4,similarity_singular,44,4,julia,10,147,0.21842463,500,5000,0.117232,3520,342561128,499236864,false,1.1410452,true,1000
similarity n=44 k=4,similarity_singular,44,4,julia,10,148,0.21842463,500,5000,0.117232,3520,342561128,499236864,false,1.1410452,true,1000
similarity n=44 k=4,similarity_singular,44,4,julia,10,149,0.21842463,500,5000,0.117232,3520,342561128,499236864,false,1.1410452,true,1000
similarity n=44 k=4,similarity_singular,44,4,julia,10,150,0.21842463,500,5000,0.117232,3520,342561128,499236864,false,1.1410452,true,1000
similarity n=44 k=4,similarity_singular,44,4,julia,10,151,0.21842463,500,5000,0.117232,3520,342561128,499236864,false,1.1410452,true,1000
similarity n=44 k=4,similarity_singular,44,4,julia,10,152,0.21842463,500,5000,0.117232,3520,342561128,499236864,false,1.1410452,true,1000
similarity n=44 k=4,similarity_singular,44,4,julia,10,153,0.21842463,500,5000,0.117232,3520,342561128,499236864,false,1.1410452,true,1000
similarity n=44 k=4,similarity_singular,44,4,julia,10,154,0.21842463,500,5000,0.117232,3520,342561128,499236864,false,1.1410452,true,1000
similarity n=44 k=4,similarity_singular,44,4,julia,10,155,0.21842463,500,5000,0.117232,3520,342561128,499236864,false,1.1410452,true,1000
similarity n=44 k=4,similarity_singular,44,4,julia,10,156,0.21842463,500,5000,0.117232,3520,342561128,499236864,false,1.1410452,true,1000
similarity n=44 k=4,similarity_singular,44,4,julia,10,157,0.21842463,500,5000,0.117232,3520,342561128,499236864,false,1.1410452,true,1000
similarity n=44 k=4,similarity_singular,44,4,julia,10,158,0.21842463,500,5000,0.117232,3520,342561128,499236864,false,1.1410452,true,1000
similarity n=44 k=4,similarity_singular,44,4,julia,10,159,0.21842463,500,5000,0.117232,3520,342561128,499236864,false,1.1410452,true,1000
similarity n=44 k=4,similarity_singular,44,4,julia,10,160,0.21842463,500,5000,0.117232,3520,342561128,499236864,false,1.1410452,true,1000
similarity n=44 k=4,similarity_singular,44,4,julia,10,161,0.21842463,500,5000,0.117232,3520,342561128,499236864,false,1.1410452,true,1000
similarity n=44 k=4,similarity_singular,44,4,julia,10,162,0.21842463,500,5000,0.117232,3520,342561128,499236864,false,1.1410452,true,1000
similarity n=44 k=4,similarity_singular,44,4,julia,10,163,0.21842463,500,5000,0.117232,3520,342561128,499236864,false,1.1410452,true,1000
similarity n=44 k=4,similarity_singular,44,4,julia,10,164,0.21842463,500,5000,0.117232,3520,342561128,499236864,false,1.1410452,true,1000
similarity n=44 k=4,similarity_singular,44,4,julia,10,165,0.21842463,500,5000,0.117232,3520,342561128,499236864,false,1.1410452,true,1000
similarity n=44 k=4,similarity_singular,44,4,julia,10,166,0.21842463,500,5000,0.117232,3520,342561128,499236864,false,1.1410452,true,1000
similarity n=44 k=4,similarity_singular,44,4,julia,10,167,0.21842463,500,5000,0.117232,3520,342561128,499236864,false,1.1410452,true,1000
similarity n=44 k=4,similarity_singular,44,4,julia,10,168,0.21842463,500,5000,0.117232,3520,342561128,499236864,false,1.1410452,true,1000
similarity n=44 k=4,similarity_singular,44,4,julia,10,169,0.21842463,500,5000,0.117232,3520,342561128,499236864,false,1.1410452,true,1000
similarity n=44 k=4,similarity_singular,44,4,julia,10,170,0.21842463,500,5000,0.117232,3520,342561128,499236864,false,1.1410452,true,1000
similarity n=44 k=4,similarity_singular,44,4,julia,10,171,0.21842463,500,5000,0.117232,3520,342561128,499236864,false,1.1410452,true,1000
similarity n=44 k=4,similarity_singular,44,4,julia,10,172,0.21842463,500,5000,0.117232,3520,342561128,499236864,false,1.1410452,true,1000
similarity n=44 k=4,similarity_singular,44,4,julia,10,173,0.21842463,500,5000,0.117232,3520,342561128,499236864,false,1.1410452,true,1000
similarity n=44 k=4,similarity_singular,44,4,julia,10,174,0.21842463,500,5000,0.117232,3520,342561128,499236864,false,1.1410452,true,1000
similarity n=44 k=4,similarity_singular,44,4,julia,10,175,0.21842463,500,5000,0.117232,3520,342561128,499236864,false,1.1410452,true,1000
similarity n=44 k=4,similarity_singular,44,4,julia,10,176,0.21842463,500,5000,0.117232,3520,342561128,499236864,false,1.1410452,true,1000
similarity n=44 k=4,similarity_singular,44,4,julia,10,177,0.21842463,500,5000,0.117232,3520,342561128,499236864,false,1.1410452,true,1000
similarity n=44 k=4,similarity_singular,44,4,julia,10,178,0.21842463,500,5000,0.117232,3520,342561128,499236864,false,1.1410452,true,1000
similarity n=44 k=4,similarity_singular,44,4,julia,10,179,0.21842463,500,5000,0.117232,3520,342561128,499236864,false,1.1410452,true,1000
similarity n=44 k=4,similarity_singular,44,4,julia,10,180,0.21842463,500,5000,0.117232,3520,342561128,499236864,false,1.1410452,true,1000
similarity n=44 k=4,similarity_singular,44,4,julia,10,181,0.21842463,500,5000,0.117232,3520,342561128,499236864,false,1.1410452,true,1000
similarity n=44 k=4,similarity_singular,44,4,julia,10,182,0.21842463,500,5000,0.117232,3520,342561128,499236864,false,1.1410452,true,1000
similarity n=44 k=4,similarity_singular,44,4,julia,10,183,0.21842463,500,5000,0.117232,3520,342561128,499236864,false,1.1410452,true,1000
similarity n=44 k=4,similarity_singular,44,4,julia,10,184,0.21842463,500,5000,0.117232,3520,342561128,499236864,false,1.1410452,true,1000
similarity n=44 k=4,similarity_singular,44,4,julia,10,185,0.21842463,500,5000,0.117232,3520,342561128,499236864,false,1.1410452,true,1000
similarity n=44 k=4,similarity_singular,44,4,julia,10,186,0.21842463,500,5000,0.117232,3520,342561128,499236864,false,1.1410452,true,1000
similarity n=44 k=4,similarity_singular,44,4,julia,10,187,0.21842463,500,5000,0.117232,3520,342561128,499236864,false,1.1410452,true,1000
similarity n=44 k=4,similarity_singular,44,4,julia,10,188,0.21842463,500,5000,0.117232,3520,342561128,499236864,false,1.1410452,true,1000
similarity n=44 k=4,similarity_singular,44,4,julia,10,189,0.21842463,500,5000,0.117232,3520,342561128,499236864,false,1.1410452,true,1000
similarity n=44 k=4,similarity_singular,44,4,julia,10,190,0.21842463,500,5000,0.117232,3520,342561128,499236864,false,1.1410452,true,1000
similarity n=44 k=4,similarity_singular,44,4,julia,10,191,0.21842463,500,5000,0.117232,3520,342561128,499236864,false,1.1410452,true,1000
similarity n=44 k=4,similarity_singular,44,4,julia,10,192,0.21842463,500,5000,0.117232,3520,342561128,499236864,false,1.1410452,true,1000
similarity n=44 k=4,similarity_singular,44,4,julia,10,193,0.21842463,500,5000,0.117232,3520,342561128,499236864,false,1.1410452,true,1000
similarity n=44 k=4,similarity_singular,44,4,julia,10,194,0.21842463,500,5000,0.117232,3520,342561128,499236864,false,1.1410452,true,1000
similarity n=44 k=4,similarity_singular,44,4,julia,10,195,0.21842463,500,5000,0.117232,3520,342561128,499236864,false,1.1410452,true,1000
similarity n=44 k=4,similarity_singular,44,4,julia,10,196,0.21842463,500,5000,0.117232,3520,342561128,499236864,false,1.1410452,true,1000
similarity n=44 k=4,similarity_singular,44,4,julia,10,197,0.21842463,500,5000,0.117232,3520,342561128,499236864,false,1.1410452,true,1000
similarity n=44 k=4,similarity_singular,44,4,julia,10,198,0.21842463,500,5000,0.117232,3520,342561128,499236864,false,1.1410452,true,1000
similarity n=44 k=4,similarity_singular,44,4,julia,10,199,0.21842463,500,5000,0.117232,3520,342561128,499236864,false,1.1410452,true,1000
similarity n=44 k=4,similarity_singular,44,4,julia,10,200,0.21842463,500,5000,0.117232,3520,342561128,499236864,false,1.1410452,true,1000
similarity n=44 k=4,similarity_singular,44,4,julia,10,201,0.21842463,500,5000,0.117232,3520,342561128,499236864,false,1.1410452,true,1000
similarity n=44 k=4,similarity_singular,44,4,julia,10,202,0.21842463,500,5000,0.117232,3520,342561128,499236864,false,1.1410452,true,1000
similarity n=44 k=4,similarity_singular,44,4,julia,10,203,0.21842463,500,5000,0.117232,3520,342561128,499236864,false,1.1410452,true,1000
similarity n=44 k=4,similarity_singular,44,4,julia,10,204,0.21842463,500,5000,0.117232,3520,342561128,499236864,false,1.1410452,true,1000
similarity n=44 k=4,similarity_singular,44,4,julia,10,205,0.21842463,500,5000,0.117232,3520,342561128,499236864,false,1.1410452,true,1000
similarity n=44 k=4,similarity_singular,44,4,julia,10,206,0.21842463,500,5000,0.117232,3520,342561128,499236864,false,1.1410452,true,1000
similarity n=44 k=4,similarity_singular,44,4,julia,10,207,0.21842463,500,5000,0.117232,3520,342561128,499236864,false,1.1410452,true,1000
similarity n=44 k=4,similarity_singular,44,4,julia,10,208,0.21842463,500,5000,0.117232,3520,342561128,499236864,false,1.1410452,true,1000
similarity n=44 k=4,similarity_singular,44,4,julia,10,209,0.21842463,500,5000,0.117232,3520,342561128,499236864,false,1.1410452,true,1000
similarity n=44 k=4,similarity_singular,44,4,julia,10,210,0.21842463,500,5000,0.117232,3520,342561128,499236864,false,1.1410452,true,1000
similarity n=44 k=4,similarity_singular,44,4,julia,10,211,0.21842463,500,5000,0.117232,3520,342561128,499236864,false,1.1410452,true,1000
similarity n=44 k=4,similarity_singular,44,4,julia,10,212,0.21842463,500,5000,0.117232,3520,342561128,499236864,false,1.1410452,true,1000
similarity n=44 k=4,similarity_singular,44,4,julia,10,213,0.21842463,500,5000,0.117232,3520,342561128,499236864,false,1.1410452,true,1000
similarity n=44 k=4,similarity_singular,44,4,julia,10,214,0.21842463,500,5000,0.117232,3520,342561128,499236864,false,1.1410452,true,1000
similarity n=44 k=4,similarity_singular,44,4,julia,10,215,0.21842463,500,5000,0.117232,3520,342561128,499236864,false,1.1410452,true,1000
similarity n=44 k=4,similarity_singular,44,4,julia,10,216,0.21842463,500,5000,0.117232,3520,342561128,499236864,false,1.1410452,true,1000
similarity n=44 k=4,similarity_singular,44,4,julia,10,217,0.21842463,500,5000,0.117232,3520,342561128,499236864,false,1.1410452,true,1000
similarity n=44 k=4,similarity_singular,44,4,julia,10,218,0.21842463,500,5000,0.117232,3520,342561128,499236864,false,1.1410452,true,1000
similarity n=44 k=4,similarity_singular,44,4,julia,10,219,0.21842463,500,5000,0.117232,3520,342561128,499236864,false,1.1410452,true,1000
similarity n=44 k=4,similarity_singular,44,4,julia,10,220,0.21842463,500,5000,0.117232,3520,342561128,499236864,false,1.1410452,true,1000
similarity n=44 k=4,similarity_singular,44,4,julia,10,221,0.21842463,500,5000,0.117232,3520,342561128,499236864,false,1.1410452,true,1000
similarity n=44 k=4,similarity_singular,44,4,julia,10,222,0.21842463,500,5000,0.117232,3520,342561128,499236864,false,1.1410452,true,1000
similarity n=44 k=4,similarity_singular,44,4,julia,10,223,0.21842463,500,5000,0.117232,3520,342561128,499236864,false,1.1410452,true,1000
similarity n=44 k=4,similarity_singular,44,4,julia,10,224,0.21842463,500,5000,0.117232,3520,342561128,499236864,false,1.1410452,true,1000
similarity n=44 k=4,similarity_singular,44,4,julia,10,225,0.21842463,500,5000,0.117232,3520,342561128,499236864,false,1.1410452,true,1000
similarity n=44 k=4,similarity_singular,44,4,julia,10,226,0.21842463,500,5000,0.117232,3520,342561128,499236864,false,1.1410452,true,1000
similarity n=44 k=4,similarity_singular,44,4,julia,10,227,0.21842463,500,5000,0.117232,3520,342561128,499236864,false,1.1410452,true,1000
similarity n=44 k=4,similarity_singular,44,4,julia,10,228,0.21842463,500,5000,0.117232,3520,342561128,499236864,false,1.1410452,true,1000
similarity n=44 k=4,similarity_singular,44,4,julia,10,229,0.21842463,500,5000,0.117232,3520,342561128,499236864,false,1.1410452,true,1000
similarity n=44 k=4,similarity_singular,44,4,julia,10,230,0.21842463,500,5000,0.117232,3520,342561128,499236864,false,1.1410452,true,1000
similarity n=44 k=4,similarity_singular,44,4,julia,10,231,0.21842463,500,5000,0.117232,3520,342561128,499236864,false,1.1410452,true,1000
similarity n=44 k=4,similarity_singular,44,4,julia,10,232,0.21842463,500,5000,0.117232,3520,342561128,499236864,false,1.1410452,true,1000
similarity n=44 k=4,similarity_singular,44,4,julia,10,233,0.21842463,500,5000,0.117232,3520,342561128,499236864,false,1.1410452,true,1000
similarity n=44 k=4,similarity_singular,44,4,julia,10,234,0.21842463,500,5000,0.117232,3520,342561128,499236864,false,1.1410452,true,1000
similarity n=44 k=4,similarity_singular,44,4,julia,10,235,0.21842463,500,5000,0.117232,3520,342561128,499236864,false,1.1410452,true,1000
similarity n=44 k=4,similarity_singular,44,4,julia,10,236,0.21842463,500,5000,0.117232,3520,342561128,499236864,false,1.1410452,true,1000
similarity n=44 k=4,similarity_singular,44,4,julia,10,237,0.21842463,500,5000,0.117232,3520,342561128,499236864,false,1.1410452,true,1000
similarity n=44 k=4,similarity_singular,44,4,julia,10,238,0.21842463,500,5000,0.117232,3520,342561128,499236864,false,1.1410452,true,1000
similarity n=44 k=4,similarity_singular,44,4,julia,10,239,0.21842463,500,5000,0.117232,3520,342561128,499236864,false,1.1410452,true,1000
similarity n=44 k=4,similarity_singular,44,4,julia,10,240,0.21842463,500,5000,0.117232,3520,342561128,499236864,false,1.1410452,true,1000
similarity n=44 k=4,similarity_singular,44,4,julia,10,241,0.21842463,500,5000,0.117232,3520,342561128,499236864,false,1.1410452,true,1000
similarity n=44 k=4,similarity_singular,44,4,julia,10,242,0.21842463,500,5000,0.117232,3520,342561128,499236864,false,1.1410452,true,1000
similarity n=44 k=4,similarity_singular,44,4,julia,10,243,0.21842463,500,5000,0.117232,3520,342561128,499236864,false,1.1410452,true,1000
similarity n=44 k=4,similarity_singular,44,4,julia,10,244,0.21842463,500,5000,0.117232,3520,342561128,499236864,false,1.1410452,true,1000
similarity n=44 k=4,similarity_singular,44,4,julia,10,245,0.21842463,500,5000,0.117232,3520,342561128,499236864,false,1.1410452,true,1000
similarity n=44 k=4,similarity_singular,44,4,julia,10,246,0.21842463,500,5000,0.117232,3520,342561128,499236864,false,1.1410452,true,1000
similarity n=44 k=4,similarity_singular,44,4,julia,10,247,0.21842463,500,5000,0.117232,3520,342561128,499236864,false,1.1410452,true,1000
similarity n=44 k=4,similarity_singular,44,4,julia,10,248,0.21842463,500,5000,0.117232,3520,342561128,499236864,false,1.1410452,true,1000
similarity n=44 k=4,similarity_singular,44,4,julia,10,249,0.21842463,500,5000,0.117232,3520,342561128,499236864,false,1.1410452,true,1000
similarity n=44 k=4,similarity_singular,44,4,julia,10,250,0.21842463,500,5000,0.117232,3520,342561128,499236864,false,1.1410452,true,1000
similarity n=44 k=4,similarity_singular,44,4,julia,10,251,0.21842463,500,5000,0.117232,3520,342561128,499236864,false,1.1410452,true,1000
similarity n=44 k=4,similarity_singular,44,4,julia,10,252,0.21842463,500,5000,0.117232,3520,342561128,499236864,false,1.1410452,true,1000
similarity n=44 k=4,similarity_singular,44,4,julia,10,253,0.21842463,500,5000,0.117232,3520,342561128,499236864,false,1.1410452,true,1000
similarity n=44 k=4,similarity_singular,44,4,julia,10,254,0.21842463,500,5000,0.117232,3520,342561128,499236864,false,1.1410452,true,1000
similarity n=44 k=4,similarity_singular,44,4,julia,10,255,0.21842463,500,5000,0.117232,3520,342561128,499236864,false,1.1410452,true,1000
similarity n=44 k=4,similarity_singular,44,4,julia,10,256,0.21842463,500,5000,0.117232,3520,342561128,499236864,false,1.1410452,true,1000
similarity n=44 k=4,similarity_singular,44,4,julia,10,257,0.21842463,500,5000,0.117232,3520,342561128,499236864,false,1.1410452,true,1000
similarity n=44 k=4,similarity_singular,44,4,julia,10,258,0.21842463,500,5000,0.117232,3520,342561128,499236864,false,1.1410452,true,1000
similarity n=44 k=4,similarity_singular,44,4,julia,10,259,0.21842463,500,5000,0.117232,3520,342561128,499236864,false,1.1410452,true,1000
similarity n=44 k=4,similarity_singular,44,4,julia,10,260,0.21842463,500,5000,0.117232,3520,342561128,499236864,false,1.1410452,true,1000
similarity n=44 k=4,similarity_singular,44,4,julia,10,261,0.21842463,500,5000,0.117232,3520,342561128,499236864,false,1.1410452,true,1000
similarity n=44 k=4,similarity_singular,44,4,julia,10,262,0.21842463,500,5000,0.117232,3520,342561128,499236864,false,1.1410452,true,1000
similarity n=44 k=4,similarity_singular,44,4,julia,10,263,0.21842463,500,5000,0.117232,3520,342561128,499236864,false,1.1410452,true,1000
similarity n=44 k=4,similarity_singular,44,4,julia,10,264,0.21842463,500,5000,0.117232,3520,342561128,499236864,false,1.1410452,true,1000
similarity n=44 k=4,similarity_singular,44,4,julia,10,265,0.21842463,500,5000,0.117232,3520,342561128,499236864,false,1.1410452,true,1000
similarity n=44 k=4,similarity_singular,44,4,julia,10,266,0.21842463,500,5000,0.117232,3520,342561128,499236864,false,1.1410452,true,1000
similarity n=44 k=4,similarity_singular,44,4,julia,10,267,0.21842463,500,5000,0.117232,3520,342561128,499236864,false,1.1410452,true,1000
similarity n=44 k=4,similarity_singular,44,4,julia,10,268,0.21842463,500,5000,0.117232,3520,342561128,499236864,false,1.1410452,true,1000
similarity n=44 k=4,similarity_singular,44,4,julia,10,269,0.21842463,500,5000,0.117232,3520,342561128,499236864,false,1.1410452,true,1000
similarity n=44 k=4,similarity_singular,44,4,julia,10,270,0.21842463,500,5000,0.117232,3520,342561128,499236864,false,1.1410452,true,1000
similarity n=44 k=4,similarity_singular,44,4,julia,10,271,0.21842463,500,5000,0.117232,3520,342561128,499236864,false,1.1410452,true,1000
similarity n=44 k=4,similarity_singular,44,4,julia,10,272,0.21842463,500,5000,0.117232,3520,342561128,499236864,false,1.1410452,true,1000
similarity n=44 k=4,similarity_singular,44,4,julia,10,273,0.21842463,500,5000,0.117232,3520,342561128,499236864,false,1.1410452,true,1000
similarity n=44 k=4,similarity_singular,44,4,julia,10,274,0.21842463,500,5000,0.117232,3520,342561128,499236864,false,1.1410452,true,1000
similarity n=44 k=4,similarity_singular,44,4,julia,10,275,0.21842463,500,5000,0.117232,3520,342561128,499236864,false,1.1410452,true,1000
similarity n=44 k=4,similarity_singular,44,4,julia,10,276,0.21842463,500,5000,0.117232,3520,342561128,499236864,false,1.1410452,true,1000
similarity n=44 k=4,similarity_singular,44,4,julia,10,277,0.21842463,500,5000,0.117232,3520,342561128,499236864,false,1.1410452,true,1000
similarity n=44 k=4,similarity_singular,44,4,julia,10,278,0.21842463,500,5000,0.117232,3520,342561128,499236864,false,1.1410452,true,1000
similarity n=44 k=4,similarity_singular,44,4,julia,10,279,0.21842463,500,5000,0.117232,3520,342561128,499236864,false,1.1410452,true,1000
similarity n=44 k=4,similarity_singular,44,4,julia,10,280,0.21842463,500,5000,0.117232,3520,342561128,499236864,false,1.1410452,true,1000
similarity n=44 k=4,similarity_singular,44,4,julia,10,281,0.21842463,500,5000,0.117232,3520,342561128,499236864,false,1.1410452,true,1000
similarity n=44 k=4,similarity_singular,44,4,julia,10,282,0.21842463,500,5000,0.117232,3520,342561128,499236864,false,1.1410452,true,1000
similarity n=44 k=4,similarity_singular,44,4,julia,10,283,0.21842463,500,5000,0.117232,3520,342561128,499236864,false,1.1410452,true,1000
similarity n=44 k=4,similarity_singular,44,4,julia,10,284,0.21842463,500,5000,0.117232,3520,342561128,499236864,false,1.1410452,true,1000
similarity n=44 k=4,similarity_singular,44,4,julia,10,285,0.21842463,500,5000,0.117232,3520,342561128,499236864,false,1.1410452,true,1000
similarity n=44 k=4,similarity_singular,44,4,julia,10,286,0.21842463,500,5000,0.117232,3520,342561128,499236864,false,1.1410452,true,1000
similarity n=44 k=4,similarity_singular,44,4,julia,10,287,0.21842463,500,5000,0.117232,3520,342561128,499236864,false,1.1410452,true,1000
similarity n=44 k=4,similarity_singular,44,4,julia,10,288,0.21842463,500,5000,0.117232,3520,342561128,499236864,false,1.1410452,true,1000
similarity n=44 k=4,similarity_singular,44,4,julia,10,289,0.21842463,500,5000,0.117232,3520,342561128,499236864,false,1.1410452,true,1000
similarity n=44 k=4,similarity_singular,44,4,julia,10,290,0.21842463,500,5000,0.117232,3520,342561128,499236864,false,1.1410452,true,1000
similarity n=44 k=4,similarity_singular,44,4,julia,10,291,0.21842463,500,5000,0.117232,3520,342561128,499236864,false,1.1410452,true,1000
similarity n=44 k=4,similarity_singular,44,4,julia,10,292,0.21842463,500,5000,0.117232,3520,342561128,499236864,false,1.1410452,true,1000
similarity n=44 k=4,similarity_singular,44,4,julia,10,293,0.21842463,500,5000,0.117232,3520,342561128,499236864,false,1.1410452,true,1000
similarity n=44 k=4,similarity_singular,44,4,julia,10,294,0.21842463,500,5000,0.117232,3520,342561128,499236864,false,1.1410452,true,1000
similarity n=44 k=4,similarity_singular,44,4,julia,10,295,0.21842463,500,5000,0.117232,3520,342561128,499236864,false,1.1410452,true,1000
similarity n=44 k=4,similarity_singular,44,4,julia,10,296,0.21842463,500,5000,0.117232,3520,342561128,499236864,false,1.1410452,true,1000
similarity n=44 k=4,similarity_singular,44,4,julia,10,297,0.21842463,500,5000,0.117232,3520,342561128,499236864,false,1.1410452,true,1000
similarity n=44 k=4,similarity_singular,44,4,julia,10,298,0.21842463,500,5000,0.117232,3520,342561128,499236864,false,1.1410452,true,1000
similarity n=44 k=4,similarity_singular,44,4,julia,10,299,0.21842463,500,5000,0.117232,3520,342561128,499236864,false,1.1410452,true,1000
similarity n=44 k=4,similarity_singular,44,4,julia,10,300,0.21842463,500,5000,0.117232,3520,342561128,499236864,false,1.1410452,true,1000
similarity n=44 k=4,similarity_singular,44,4,julia,10,301,0.21842463,500,5000,0.117232,3520,342561128,499236864,false,1.1410452,true,1000
similarity n=44 k=4,similarity_singular,44,4,julia,10,302,0.21842463,500,5000,0.117232,3520,342561128,499236864,false,1.1410452,true,1000
similarity n=44 k=4,similarity_singular,44,4,julia,10,303,0.21842463,500,5000,0.117232,3520,342561128,499236864,false,1.1410452,true,1000
similarity n=44 k=4,similarity_singular,44,4,julia,10,304,0.21842463,500,5000,0.117232,3520,342561128,499236864,false,1.1410452,true,1000
similarity n=44 k=4,similarity_singular,44,4,julia,10,305,0.21842463,500,5000,0.117232,3520,342561128,499236864,false,1.1410452,true,1000
similarity n=44 k=4,similarity_singular,44,4,julia,10,306,0.21842463,500,5000,0.117232,3520,342561128,499236864,false,1.1410452,true,1000
similarity n=44 k=4,similarity_singular,44,4,julia,10,307,0.21842463,500,5000,0.117232,3520,342561128,499236864,false,1.1410452,true,1000
similarity n=44 k=4,similarity_singular,44,4,julia,10,308,0.21842463,500,5000,0.117232,3520,342561128,499236864,false,1.1410452,true,1000
similarity n=44 k=4,similarity_singular,44,4,julia,10,309,0.21842463,500,5000,0.117232,3520,342561128,499236864,false,1.1410452,true,1000
similarity n=44 k=4,similarity_singular,44,4,julia,10,310,0.21842463,500,5000,0.117232,3520,342561128,499236864,false,1.1410452,true,1000
similarity n=44 k=4,similarity_singular,44,4,julia,10,311,0.21842463,500,5000,0.117232,3520,342561128,499236864,false,1.1410452,true,1000
similarity n=44 k=4,similarity_singular,44,4,julia,10,312,0.21842463,500,5000,0.117232,3520,342561128,499236864,false,1.1410452,true,1000
similarity n=44 k=4,similarity_singular,44,4,julia,10,313,0.21842463,500,5000,0.117232,3520,342561128,499236864,false,1.1410452,true,1000
similarity n=44 k=4,similarity_singular,44,4,julia,10,314,0.21842463,500,5000,0.117232,3520,342561128,499236864,false,1.1410452,true,1000
similarity n=44 k=4,similarity_singular,44,4,julia,10,315,0.21842463,500,5000,0.117232,3520,342561128,499236864,false,1.1410452,true,1000
similarity n=44 k=4,similarity_singular,44,4,julia,10,316,0.21842463,500,5000,0.117232,3520,342561128,499236864,false,1.1410452,true,1000
similarity n=44 k=4,similarity_singular,44,4,julia,10,317,0.21842463,500,5000,0.117232,3520,342561128,499236864,false,1.1410452,true,1000
similarity n=44 k=4,similarity_singular,44,4,julia,10,318,0.21842463,500,5000,0.117232,3520,342561128,499236864,false,1.1410452,true,1000
similarity n=44 k=4,similarity_singular,44,4,julia,10,319,0.21842463,500,5000,0.117232,3520,342561128,499236864,false,1.1410452,true,1000
similarity n=44 k=4,similarity_singular,44,4,julia,10,320,0.21842463,500,5000,0.117232,3520,342561128,499236864,false,1.1410452,true,1000
similarity n=44 k=4,similarity_singular,44,4,julia,10,321,0.21842463,500,5000,0.117232,3520,342561128,499236864,false,1.1410452,true,1000
similarity n=44 k=4,similarity_singular,44,4,julia,10,322,0.21842463,500,5000,0.117232,3520,342561128,499236864,false,1.1410452,true,1000
similarity n=44 k=4,similarity_singular,44,4,julia,10,323,0.21842463,500,5000,0.117232,3520,342561128,499236864,false,1.1410452,true,1000
similarity n=44 k=4,similarity_singular,44,4,julia,10,324,0.21842463,500,5000,0.117232,3520,342561128,499236864,false,1.1410452,true,1000
similarity n=44 k=4,similarity_singular,44,4,julia,10,325,0.21842463,500,5000,0.117232,3520,342561128,499236864,false,1.1410452,true,1000
similarity n=44 k=4,similarity_singular,44,4,julia,10,326,0.21842463,500,5000,0.117232,3520,342561128,499236864,false,1.1410452,true,1000
similarity n=44 k=4,similarity_singular,44,4,julia,10,327,0.21842463,500,5000,0.117232,3520,342561128,499236864,false,1.1410452,true,1000
similarity n=44 k=4,similarity_singular,44,4,julia,10,328,0.21842463,500,5000,0.117232,3520,342561128,499236864,false,1.1410452,true,1000
similarity n=44 k=4,similarity_singular,44,4,julia,10,329,0.21842463,500,5000,0.117232,3520,342561128,499236864,false,1.1410452,true,1000
similarity n=44 k=4,similarity_singular,44,4,julia,10,330,0.21842463,500,5000,0.117232,3520,342561128,499236864,false,1.1410452,true,1000
similarity n=44 k=4,similarity_singular,44,4,julia,10,331,0.21842463,500,5000,0.117232,3520,342561128,499236864,false,1.1410452,true,1000
similarity n=44 k=4,similarity_singular,44,4,julia,10,332,0.21842463,500,5000,0.117232,3520,342561128,499236864,false,1.1410452,true,1000
similarity n=44 k=4,similarity_singular,44,4,julia,10,333,0.21842463,500,5000,0.117232,3520,342561128,499236864,false,1.1410452,true,1000
similarity n=44 k=4,similarity_singular,44,4,julia,10,334,0.21842463,500,5000,0.117232,3520,342561128,499236864,false,1.1410452,true,1000
similarity n=44 k=4,similarity_singular,44,4,julia,10,335,0.21842463,500,5000,0.117232,3520,342561128,499236864,false,1.1410452,true,1000
similarity n=44 k=4,similarity_singular,44,4,julia,10,336,0.21842463,500,5000,0.117232,3520,342561128,499236864,false,1.1410452,true,1000
similarity n=44 k=4,similarity_singular,44,4,julia,10,337,0.21842463,500,5000,0.117232,3520,342561128,499236864,false,1.1410452,true,1000
similarity n=44 k=4,similarity_singular,44,4,julia,10,338,0.21842463,500,5000,0.117232,3520,342561128,499236864,false,1.1410452,true,1000
similarity n=44 k=4,similarity_singular,44,4,julia,10,339,0.21842463,500,5000,0.117232,3520,342561128,499236864,false,1.1410452,true,1000
similarity n=44 k=4,similarity_singular,44,4,julia,10,340,0.21842463,500,5000,0.117232,3520,342561128,499236864,false,1.1410452,true,1000
similarity n=44 k=4,similarity_singular,44,4,julia,10,341,0.21842463,500,5000,0.117232,3520,342561128,499236864,false,1.1410452,true,1000
similarity n=44 k=4,similarity_singular,44,4,julia,10,342,0.21842463,500,5000,0.117232,3520,342561128,499236864,false,1.1410452,true,1000
similarity n=44 k=4,similarity_singular,44,4,julia,10,343,0.21842463,500,5000,0.117232,3520,342561128,499236864,false,1.1410452,true,1000
similarity n=44 k=4,similarity_singular,44,4,julia,10,344,0.21842463,500,5000,0.117232,3520,342561128,499236864,false,1.1410452,true,1000
similarity n=44 k=4,similarity_singular,44,4,julia,10,345,0.21842463,500,5000,0.117232,3520,342561128,499236864,false,1.1410452,true,1000
similarity n=44 k=4,similarity_singular,44,4,julia,10,346,0.21842463,500,5000,0.117232,3520,342561128,499236864,false,1.1410452,true,1000
similarity n=44 k=4,similarity_singular,44,4,julia,10,347,0.21842463,500,5000,0.117232,3520,342561128,499236864,false,1.1410452,true,1000
similarity n=44 k=4,similarity_singular,44,4,julia,10,348,0.21842463,500,5000,0.117232,3520,342561128,499236864,false,1.1410452,true,1000
similarity n=44 k=4,similarity_singular,44,4,julia,10,349,0.21842463,500,5000,0.117232,3520,342561128,499236864,false,1.1410452,true,1000
similarity n=44 k=4,similarity_singular,44,4,julia,10,350,0.21842463,500,5000,0.117232,3520,342561128,499236864,false,1.1410452,true,1000
similarity n=44 k=4,similarity_singular,44,4,julia,10,351,0.21842463,500,5000,0.117232,3520,342561128,499236864,false,1.1410452,true,1000
similarity n=44 k=4,similarity_singular,44,4,julia,10,352,0.21842463,500,5000,0.117232,3520,342561128,499236864,false,1.1410452,true,1000
similarity n=44 k=4,similarity_singular,44,4,julia,10,353,0.21842463,500,5000,0.117232,3520,342561128,499236864,false,1.1410452,true,1000
similarity n=44 k=4,similarity_singular,44,4,julia,10,354,0.21842463,500,5000,0.117232,3520,342561128,499236864,false,1.1410452,true,1000
similarity n=44 k=4,similarity_singular,44,4,julia,10,355,0.21842463,500,5000,0.117232,3520,342561128,499236864,false,1.1410452,true,1000
similarity n=44 k=4,similarity_singular,44,4,julia,10,356,0.21842463,500,5000,0.117232,3520,342561128,499236864,false,1.1410452,true,1000
similarity n=44 k=4,similarity_singular,44,4,julia,10,357,0.21842463,500,5000,0.117232,3520,342561128,499236864,false,1.1410452,true,1000
similarity n=44 k=4,similarity_singular,44,4,julia,10,358,0.21842463,500,5000,0.117232,3520,342561128,499236864,false,1.1410452,true,1000
similarity n=44 k=4,similarity_singular,44,4,julia,10,359,0.21842463,500,5000,0.117232,3520,342561128,499236864,false,1.1410452,true,1000
similarity n=44 k=4,similarity_singular,44,4,julia,10,360,0.21842463,500,5000,0.117232,3520,342561128,499236864,false,1.1410452,true,1000
similarity n=44 k=4,similarity_singular,44,4,julia,10,361,0.21842463,500,5000,0.117232,3520,342561128,499236864,false,1.1410452,true,1000
similarity n=44 k=4,similarity_singular,44,4,julia,10,362,0.21842463,500,5000,0.117232,3520,342561128,499236864,false,1.1410452,true,1000
similarity n=44 k=4,similarity_singular,44,4,julia,10,363,0.21842463,500,5000,0.117232,3520,342561128,499236864,false,1.1410452,true,1000
similarity n=44 k=4,similarity_singular,44,4,julia,10,364,0.21842463,500,5000,0.117232,3520,342561128,499236864,false,1.1410452,true,1000
similarity n=44 k=4,similarity_singular,44,4,julia,10,365,0.21842463,500,5000,0.117232,3520,342561128,499236864,false,1.1410452,true,1000
similarity n=44 k=4,similarity_singular,44,4,julia,10,366,0.21842463,500,5000,0.117232,3520,342561128,499236864,false,1.1410452,true,1000
similarity n=44 k=4,similarity_singular,44,4,julia,10,367,0.21842463,500,5000,0.117232,3520,342561128,499236864,false,1.1410452,true,1000
similarity n=44 k=4,similarity_singular,44,4,julia,10,368,0.21842463,500,5000,0.117232,3520,342561128,499236864,false,1.1410452,true,1000
similarity n=44 k=4,similarity_singular,44,4,julia,10,369,0.21842463,500,5000,0.117232,3520,342561128,499236864,false,1.1410452,true,1000
similarity n=44 k=4,similarity_singular,44,4,julia,10,370,0.21842463,500,5000,0.117232,3520,342561128,499236864,false,1.1410452,true,1000
similarity n=44 k=4,similarity_singular,44,4,julia,10,371,0.21842463,500,5000,0.117232,3520,342561128,499236864,false,1.1410452,true,1000
similarity n=44 k=4,similarity_singular,44,4,julia,10,372,0.21842463,500,5000,0.117232,3520,342561128,499236864,false,1.1410452,true,1000
similarity n=44 k=4,similarity_singular,44,4,julia,10,373,0.21842463,500,5000,0.117232,3520,342561128,499236864,false,1.1410452,true,1000
similarity n=44 k=4,similarity_singular,44,4,julia,10,374,0.21842463,500,5000,0.117232,3520,342561128,499236864,false,1.1410452,true,1000
similarity n=44 k=4,similarity_singular,44,4,julia,10,375,0.21842463,500,5000,0.117232,3520,342561128,499236864,false,1.1410452,true,1000
similarity n=44 k=4,similarity_singular,44,4,julia,10,376,0.21842463,500,5000,0.117232,3520,342561128,499236864,false,1.1410452,true,1000
similarity n=44 k=4,similarity_singular,44,4,julia,10,377,0.21842463,500,5000,0.117232,3520,342561128,499236864,false,1.1410452,true,1000
similarity n=44 k=4,similarity_singular,44,4,julia,10,378,0.21842463,500,5000,0.117232,3520,342561128,499236864,false,1.1410452,true,1000
similarity n=44 k=4,similarity_singular,44,4,julia,10,379,0.21842463,500,5000,0.117232,3520,342561128,499236864,false,1.1410452,true,1000
similarity n=44 k=4,similarity_singular,44,4,julia,10,380,0.21842463,500,5000,0.117232,3520,342561128,499236864,false,1.1410452,true,1000
similarity n=44 k=4,similarity_singular,44,4,julia,10,381,0.21842463,500,5000,0.117232,3520,342561128,499236864,false,1.1410452,true,1000
similarity n=44 k=4,similarity_singular,44,4,julia,10,382,0.21842463,500,5000,0.117232,3520,342561128,499236864,false,1.1410452,true,1000
similarity n=44 k=4,similarity_singular,44,4,julia,10,383,0.21842463,500,5000,0.117232,3520,342561128,499236864,false,1.1410452,true,1000
similarity n=44 k=4,similarity_singular,44,4,julia,10,384,0.21842463,500,5000,0.117232,3520,342561128,499236864,false,1.1410452,true,1000
similarity n=44 k=4,similarity_singular,44,4,julia,10,385,0.21842463,500,5000,0.117232,3520,342561128,499236864,false,1.1410452,true,1000
similarity n=44 k=4,similarity_singular,44,4,julia,10,386,0.21842463,500,5000,0.117232,3520,342561128,499236864,false,1.1410452,true,1000
similarity n=44 k=4,similarity_singular,44,4,julia,10,387,0.21842463,500,5000,0.117232,3520,342561128,499236864,false,1.1410452,true,1000
similarity n=44 k=4,similarity_singular,44,4,julia,10,388,0.21842463,500,5000,0.117232,3520,342561128,499236864,false,1.1410452,true,1000
similarity n=44 k=4,similarity_singular,44,4,julia,10,389,0.21842463,500,5000,0.117232,3520,342561128,499236864,false,1.1410452,true,1000
similarity n=44 k=4,similarity_singular,44,4,julia,10,390,0.21842463,500,5000,0.117232,3520,342561128,499236864,false,1.1410452,true,1000
similarity n=44 k=4,similarity_singular,44,4,julia,10,391,0.21842463,500,5000,0.117232,3520,342561128,499236864,false,1.1410452,true,1000
similarity n=44 k=4,similarity_singular,44,4,julia,10,392,0.21842463,500,5000,0.117232,3520,342561128,499236864,false,1.1410452,true,1000
similarity n=44 k=4,similarity_singular,44,4,julia,10,393,0.21842463,500,5000,0.117232,3520,342561128,499236864,false,1.1410452,true,1000
similarity n=44 k=4,similarity_singular,44,4,julia,10,394,0.21842463,500,5000,0.117232,3520,342561128,499236864,false,1.1410452,true,1000
similarity n=44 k=4,similarity_singular,44,4,julia,10,395,0.21842463,500,5000,0.117232,3520,342561128,499236864,false,1.1410452,true,1000
similarity n=44 k=4,similarity_singular,44,4,julia,10,396,0.21842463,500,5000,0.117232,3520,342561128,499236864,false,1.1410452,true,1000
similarity n=44 k=4,similarity_singular,44,4,julia,10,397,0.21842463,500,5000,0.117232,3520,342561128,499236864,false,1.1410452,true,1000
similarity n=44 k=4,similarity_singular,44,4,julia,10,398,0.21842463,500,5000,0.117232,3520,342561128,499236864,false,1.1410452,true,1000
similarity n=44 k=4,similarity_singular,44,4,julia,10,399,0.21842463,500,5000,0.117232,3520,342561128,499236864,false,1.1410452,true,1000
similarity n=44 k=4,similarity_singular,44,4,julia,10,400,0.21842463,500,5000,0.117232,3520,342561128,499236864,false,1.1410452,true,1000
similarity n=44 k=4,similarity_singular,44,4,julia,10,401,0.21842463,500,5000,0.117232,3520,342561128,499236864,false,1.1410452,true,1000
similarity n=44 k=4,similarity_singular,44,4,julia,10,402,0.21842463,500,5000,0.117232,3520,342561128,499236864,false,1.1410452,true,1000
similarity n=44 k=4,similarity_singular,44,4,julia,10,403,0.21842463,500,5000,0.117232,3520,342561128,499236864,false,1.1410452,true,1000
similarity n=44 k=4,similarity_singular,44,4,julia,10,404,0.21842463,500,5000,0.117232,3520,342561128,499236864,false,1.1410452,true,1000
similarity n=44 k=4,similarity_singular,44,4,julia,10,405,0.21842463,500,5000,0.117232,3520,342561128,499236864,false,1.1410452,true,1000
similarity n=44 k=4,similarity_singular,44,4,julia,10,406,0.21842463,500,5000,0.117232,3520,342561128,499236864,false,1.1410452,true,1000
similarity n=44 k=4,similarity_singular,44,4,julia,10,407,0.21842463,500,5000,0.117232,3520,342561128,499236864,false,1.1410452,true,1000
similarity n=44 k=4,similarity_singular,44,4,julia,10,408,0.21842463,500,5000,0.117232,3520,342561128,499236864,false,1.1410452,true,1000
similarity n=44 k=4,similarity_singular,44,4,julia,10,409,0.21842463,500,5000,0.117232,3520,342561128,499236864,false,1.1410452,true,1000
similarity n=44 k=4,similarity_singular,44,4,julia,10,410,0.21842463,500,5000,0.117232,3520,342561128,499236864,false,1.1410452,true,1000
similarity n=44 k=4,similarity_singular,44,4,julia,10,411,0.21842463,500,5000,0.117232,3520,342561128,499236864,false,1.1410452,true,1000
similarity n=44 k=4,similarity_singular,44,4,julia,10,412,0.21842463,500,5000,0.117232,3520,342561128,499236864,false,1.1410452,true,1000
similarity n=44 k=4,similarity_singular,44,4,julia,10,413,0.21842463,500,5000,0.117232,3520,342561128,499236864,false,1.1410452,true,1000
similarity n=44 k=4,similarity_singular,44,4,julia,10,414,0.21842463,500,5000,0.117232,3520,342561128,499236864,false,1.1410452,true,1000
similarity n=44 k=4,similarity_singular,44,4,julia,10,415,0.21842463,500,5000,0.117232,3520,342561128,499236864,false,1.1410452,true,1000
similarity n=44 k=4,similarity_singular,44,4,julia,10,416,0.21842463,500,5000,0.117232,3520,342561128,499236864,false,1.1410452,true,1000
similarity n=44 k=4,similarity_singular,44,4,julia,10,417,0.21842463,500,5000,0.117232,3520,342561128,499236864,false,1.1410452,true,1000
similarity n=44 k=4,similarity_singular,44,4,julia,10,418,0.21842463,500,5000,0.117232,3520,342561128,499236864,false,1.1410452,true,1000
similarity n=44 k=4,similarity_singular,44,4,julia,10,419,0.21842463,500,5000,0.117232,3520,342561128,499236864,false,1.1410452,true,1000
similarity n=44 k=4,similarity_singular,44,4,julia,10,420,0.21842463,500,5000,0.117232,3520,342561128,499236864,false,1.1410452,true,1000
similarity n=44 k=4,similarity_singular,44,4,julia,10,421,0.21842463,500,5000,0.117232,3520,342561128,499236864,false,1.1410452,true,1000
similarity n=44 k=4,similarity_singular,44,4,julia,10,422,0.21842463,500,5000,0.117232,3520,342561128,499236864,false,1.1410452,true,1000
similarity n=44 k=4,similarity_singular,44,4,julia,10,423,0.21842463,500,5000,0.117232,3520,342561128,499236864,false,1.1410452,true,1000
similarity n=44 k=4,similarity_singular,44,4,julia,10,424,0.21842463,500,5000,0.117232,3520,342561128,499236864,false,1.1410452,true,1000
similarity n=44 k=4,similarity_singular,44,4,julia,10,425,0.21842463,500,5000,0.117232,3520,342561128,499236864,false,1.1410452,true,1000
similarity n=44 k=4,similarity_singular,44,4,julia,10,426,0.21842463,500,5000,0.117232,3520,342561128,499236864,false,1.1410452,true,1000
similarity n=44 k=4,similarity_singular,44,4,julia,10,427,0.21842463,500,5000,0.117232,3520,342561128,499236864,false,1.1410452,true,1000
similarity n=44 k=4,similarity_singular,44,4,julia,10,428,0.21842463,500,5000,0.117232,3520,342561128,499236864,false,1.1410452,true,1000
similarity n=44 k=4,similarity_singular,44,4,julia,10,429,0.21842463,500,5000,0.117232,3520,342561128,499236864,false,1.1410452,true,1000
similarity n=44 k=4,similarity_singular,44,4,julia,10,430,0.21842463,500,5000,0.117232,3520,342561128,499236864,false,1.1410452,true,1000
similarity n=44 k=4,similarity_singular,44,4,julia,10,431,0.21842463,500,5000,0.117232,3520,342561128,499236864,false,1.1410452,true,1000
similarity n=44 k=4,similarity_singular,44,4,julia,10,432,0.21842463,500,5000,0.117232,3520,342561128,499236864,false,1.1410452,true,1000
similarity n=44 k=4,similarity_singular,44,4,julia,10,433,0.21842463,500,5000,0.117232,3520,342561128,499236864,false,1.1410452,true,1000
similarity n=44 k=4,similarity_singular,44,4,julia,10,434,0.21842463,500,5000,0.117232,3520,342561128,499236864,false,1.1410452,true,1000
similarity n=44 k=4,similarity_singular,44,4,julia,10,435,0.21842463,500,5000,0.117232,3520,342561128,499236864,false,1.1410452,true,1000
similarity n=44 k=4,similarity_singular,44,4,julia,10,436,0.21842463,500,5000,0.117232,3520,342561128,499236864,false,1.1410452,true,1000
similarity n=44 k=4,similarity_singular,44,4,julia,10,437,0.21842463,500,5000,0.117232,3520,342561128,499236864,false,1.1410452,true,1000
similarity n=44 k=4,similarity_singular,44,4,julia,10,438,0.21842463,500,5000,0.117232,3520,342561128,499236864,false,1.1410452,true,1000
similarity n=44 k=4,similarity_singular,44,4,julia,10,439,0.21842463,500,5000,0.117232,3520,342561128,499236864,false,1.1410452,true,1000
similarity n=44 k=4,similarity_singular,44,4,julia,10,440,0.21842463,500,5000,0.117232,3520,342561128,499236864,false,1.1410452,true,1000
similarity n=44 k=4,similarity_singular,44,4,julia,10,441,0.21842463,500,5000,0.117232,3520,342561128,499236864,false,1.1410452,true,1000
similarity n=44 k=4,similarity_singular,44,4,julia,10,442,0.21842463,500,5000,0.117232,3520,342561128,499236864,false,1.1410452,true,1000
similarity n=44 k=4,similarity_singular,44,4,julia,10,443,0.21842463,500,5000,0.117232,3520,342561128,499236864,false,1.1410452,true,1000
similarity n=44 k=4,similarity_singular,44,4,julia,10,444,0.21842463,500,5000,0.117232,3520,342561128,499236864,false,1.1410452,true,1000
similarity n=44 k=4,similarity_singular,44,4,julia,10,445,0.21842463,500,5000,0.117232,3520,342561128,499236864,false,1.1410452,true,1000
similarity n=44 k=4,similarity_singular,44,4,julia,10,446,0.21842463,500,5000,0.117232,3520,342561128,499236864,false,1.1410452,true,1000
similarity n=44 k=4,similarity_singular,44,4,julia,10,447,0.21842463,500,5000,0.117232,3520,342561128,499236864,false,1.1410452,true,1000
similarity n=44 k=4,similarity_singular,44,4,julia,10,448,0.21842463,500,5000,0.117232,3520,342561128,499236864,false,1.1410452,true,1000
similarity n=44 k=4,similarity_singular,44,4,julia,10,449,0.21842463,500,5000,0.117232,3520,342561128,499236864,false,1.1410452,true,1000
similarity n=44 k=4,similarity_singular,44,4,julia,10,450,0.21842463,500,5000,0.117232,3520,342561128,499236864,false,1.1410452,true,1000
similarity n=44 k=4,similarity_singular,44,4,julia,10,451,0.21842463,500,5000,0.117232,3520,342561128,499236864,false,1.1410452,true,1000
similarity n=44 k=4,similarity_singular,44,4,julia,10,452,0.21842463,500,5000,0.117232,3520,342561128,499236864,false,1.1410452,true,1000
similarity n=44 k=4,similarity_singular,44,4,julia,10,453,0.21842463,500,5000,0.117232,3520,342561128,499236864,false,1.1410452,true,1000
similarity n=44 k=4,similarity_singular,44,4,julia,10,454,0.21842463,500,5000,0.117232,3520,342561128,499236864,false,1.1410452,true,1000
similarity n=44 k=4,similarity_singular,44,4,julia,10,455,0.21842463,500,5000,0.117232,3520,342561128,499236864,false,1.1410452,true,1000
similarity n=44 k=4,similarity_singular,44,4,julia,10,456,0.21842463,500,5000,0.117232,3520,342561128,499236864,false,1.1410452,true,1000
similarity n=44 k=4,similarity_singular,44,4,julia,10,457,0.21842463,500,5000,0.117232,3520,342561128,499236864,false,1.1410452,true,1000
similarity n=44 k=4,similarity_singular,44,4,julia,10,458,0.21842463,500,5000,0.117232,3520,342561128,499236864,false,1.1410452,true,1000
similarity n=44 k=4,similarity_singular,44,4,julia,10,459,0.21842463,500,5000,0.117232,3520,342561128,499236864,false,1.1410452,true,1000
similarity n=44 k=4,similarity_singular,44,4,julia,10,460,0.21842463,500,5000,0.117232,3520,342561128,499236864,false,1.1410452,true,1000
similarity n=44 k=4,similarity_singular,44,4,julia,10,461,0.21842463,500,5000,0.117232,3520,342561128,499236864,false,1.1410452,true,1000
similarity n=44 k=4,similarity_singular,44,4,julia,10,462,0.21842463,500,5000,0.117232,3520,342561128,499236864,false,1.1410452,true,1000
similarity n=44 k=4,similarity_singular,44,4,julia,10,463,0.21842463,500,5000,0.117232,3520,342561128,499236864,false,1.1410452,true,1000
similarity n=44 k=4,similarity_singular,44,4,julia,10,464,0.21842463,500,5000,0.117232,3520,342561128,499236864,false,1.1410452,true,1000
similarity n=44 k=4,similarity_singular,44,4,julia,10,465,0.21842463,500,5000,0.117232,3520,342561128,499236864,false,1.1410452,true,1000
similarity n=44 k=4,similarity_singular,44,4,julia,10,466,0.21842463,500,5000,0.117232,3520,342561128,499236864,false,1.1410452,true,1000
similarity n=44 k=4,similarity_singular,44,4,julia,10,467,0.21842463,500,5000,0.117232,3520,342561128,499236864,false,1.1410452,true,1000
similarity n=44 k=4,similarity_singular,44,4,julia,10,468,0.21842463,500,5000,0.117232,3520,342561128,499236864,false,1.1410452,true,1000
similarity n=44 k=4,similarity_singular,44,4,julia,10,469,0.21842463,500,5000,0.117232,3520,342561128,499236864,false,1.1410452,true,1000
similarity n=44 k=4,similarity_singular,44,4,julia,10,470,0.21842463,500,5000,0.117232,3520,342561128,499236864,false,1.1410452,true,1000
similarity n=44 k=4,similarity_singular,44,4,julia,10,471,0.21842463,500,5000,0.117232,3520,342561128,499236864,false,1.1410452,true,1000
similarity n=44 k=4,similarity_singular,44,4,julia,10,472,0.21842463,500,5000,0.117232,3520,342561128,499236864,false,1.1410452,true,1000
similarity n=44 k=4,similarity_singular,44,4,julia,10,473,0.21842463,500,5000,0.117232,3520,342561128,499236864,false,1.1410452,true,1000
similarity n=44 k=4,similarity_singular,44,4,julia,10,474,0.21842463,500,5000,0.117232,3520,342561128,499236864,false,1.1410452,true,1000
similarity n=44 k=4,similarity_singular,44,4,julia,10,475,0.21842463,500,5000,0.117232,3520,342561128,499236864,false,1.1410452,true,1000
similarity n=44 k=4,similarity_singular,44,4,julia,10,476,0.21842463,500,5000,0.117232,3520,342561128,499236864,false,1.1410452,true,1000
similarity n=44 k=4,similarity_singular,44,4,julia,10,477,0.21842463,500,5000,0.117232,3520,342561128,499236864,false,1.1410452,true,1000
similarity n=44 k=4,similarity_singular,44,4,julia,10,478,0.21842463,500,5000,0.117232,3520,342561128,499236864,false,1.1410452,true,1000
similarity n=44 k=4,similarity_singular,44,4,julia,10,479,0.21842463,500,5000,0.117232,3520,342561128,499236864,false,1.1410452,true,1000
similarity n=44 k=4,similarity_singular,44,4,julia,10,480,0.21842463,500,5000,0.117232,3520,342561128,499236864,false,1.1410452,true,1000
similarity n=44 k=4,similarity_singular,44,4,julia,10,481,0.21842463,500,5000,0.117232,3520,342561128,499236864,false,1.1410452,true,1000
similarity n=44 k=4,similarity_singular,44,4,julia,10,482,0.21842463,500,5000,0.117232,3520,342561128,499236864,false,1.1410452,true,1000
similarity n=44 k=4,similarity_singular,44,4,julia,10,483,0.21842463,500,5000,0.117232,3520,342561128,499236864,false,1.1410452,true,1000
similarity n=44 k=4,similarity_singular,44,4,julia,10,484,0.21842463,500,5000,0.117232,3520,342561128,499236864,false,1.1410452,true,1000
similarity n=44 k=4,similarity_singular,44,4,julia,10,485,0.21842463,500,5000,0.117232,3520,342561128,499236864,false,1.1410452,true,1000
similarity n=44 k=4,similarity_singular,44,4,julia,10,486,0.21842463,500,5000,0.117232,3520,342561128,499236864,false,1.1410452,true,1000
similarity n=44 k=4,similarity_singular,44,4,julia,10,487,0.21842463,500,5000,0.117232,3520,342561128,499236864,false,1.1410452,true,1000
similarity n=44 k=4,similarity_singular,44,4,julia,10,488,0.21842463,500,5000,0.117232,3520,342561128,499236864,false,1.1410452,true,1000
similarity n=44 k=4,similarity_singular,44,4,julia,10,489,0.21842463,500,5000,0.117232,3520,342561128,499236864,false,1.1410452,true,1000
similarity n=44 k=4,similarity_singular,44,4,julia,10,490,0.21842463,500,5000,0.117232,3520,342561128,499236864,false,1.1410452,true,1000
similarity n=44 k=4,similarity_singular,44,4,julia,10,491,0.21842463,500,5000,0.117232,3520,342561128,499236864,false,1.1410452,true,1000
similarity n=44 k=4,similarity_singular,44,4,julia,10,492,0.21842463,500,5000,0.117232,3520,342561128,499236864,false,1.1410452,true,1000
similarity n=44 k=4,similarity_singular,44,4,julia,10,493,0.21842463,500,5000,0.117232,3520,342561128,499236864,false,1.1410452,true,1000
similarity n=44 k=4,similarity_singular,44,4,julia,10,494,0.21842463,500,5000,0.117232,3520,342561128,499236864,false,1.1410452,true,1000
similarity n=44 k=4,similarity_singular,44,4,julia,10,495,0.21842463,500,5000,0.117232,3520,342561128,499236864,false,1.1410452,true,1000
similarity n=44 k=4,similarity_singular,44,4,julia,10,496,0.21842463,500,5000,0.117232,3520,342561128,499236864,false,1.1410452,true,1000
similarity n=44 k=4,similarity_singular,44,4,julia,10,497,0.21842463,500,5000,0.117232,3520,342561128,499236864,false,1.1410452,true,1000
similarity n=44 k=4,similarity_singular,44,4,julia,10,498,0.21842463,500,5000,0.117232,3520,342561128,499236864,false,1.1410452,true,1000
similarity n=44 k=4,similarity_singular,44,4,julia,10,499,0.21842463,500,5000,0.117232,3520,342561128,499236864,false,1.1410452,true,1000
similarity n=44 k=4,similarity_singular,44,4,julia,10,500,0.21842463,500,5000,0.117232,3520,342561128,499236864,false,1.1410452,true,1000
similarity n=44 k=4,similarity_singular,44,4,julia,20,1,0.08351766,500,10000,0.401641,7040,924013128,499236864,false,1.268218,true,1000
similarity n=44 k=4,similarity_singular,44,4,julia,20,2,0.073690127,500,10000,0.401641,7040,924013128,499236864,false,1.268218,true,1000
similarity n=44 k=4,similarity_singular,44,4,julia,20,3,0.0718772,500,10000,0.401641,7040,924013128,499236864,false,1.268218,true,1000
similarity n=44 k=4,similarity_singular,44,4,julia,20,4,0.071691359,500,10000,0.401641,7040,924013128,499236864,false,1.268218,true,1000
similarity n=44 k=4,similarity_singular,44,4,julia,20,5,0.071666172,500,10000,0.401641,7040,924013128,499236864,false,1.268218,true,1000
similarity n=44 k=4,similarity_singular,44,4,julia,20,6,0.071662731,500,10000,0.401641,7040,924013128,499236864,false,1.268218,true,1000
similarity n=44 k=4,similarity_singular,44,4,julia,20,7,0.071662258,500,10000,0.401641,7040,924013128,499236864,false,1.268218,true,1000
similarity n=44 k=4,similarity_singular,44,4,julia,20,8,0.071662193,500,10000,0.401641,7040,924013128,499236864,false,1.268218,true,1000
similarity n=44 k=4,similarity_singular,44,4,julia,20,9,0.071662184,500,10000,0.401641,7040,924013128,499236864,false,1.268218,true,1000
similarity n=44 k=4,similarity_singular,44,4,julia,20,10,0.071662183,500,10000,0.401641,7040,924013128,499236864,false,1.268218,true,1000
similarity n=44 k=4,similarity_singular,44,4,julia,20,11,0.071662183,500,10000,0.401641,7040,924013128,499236864,false,1.268218,true,1000
similarity n=44 k=4,similarity_singular,44,4,julia,20,12,0.071662183,500,10000,0.401641,7040,924013128,499236864,false,1.268218,true,1000
similarity n=44 k=4,similarity_singular,44,4,julia,20,13,0.071662183,500,10000,0.401641,7040,924013128,499236864,false,1.268218,true,1000
similarity n=44 k=4,similarity_singular,44,4,julia,20,14,0.071662183,500,10000,0.401641,7040,924013128,499236864,false,1.268218,true,1000
similarity n=44 k=4,similarity_singular,44,4,julia,20,15,0.071662183,500,10000,0.401641,7040,924013128,499236864,false,1.268218,true,1000
similarity n=44 k=4,similarity_singular,44,4,julia,20,16,0.071662183,500,10000,0.401641,7040,924013128,499236864,false,1.268218,true,1000
similarity n=44 k=4,similarity_singular,44,4,julia,20,17,0.071662183,500,10000,0.401641,7040,924013128,499236864,false,1.268218,true,1000
similarity n=44 k=4,similarity_singular,44,4,julia,20,18,0.071662183,500,10000,0.401641,7040,924013128,499236864,false,1.268218,true,1000
similarity n=44 k=4,similarity_singular,44,4,julia,20,19,0.071662183,500,10000,0.401641,7040,924013128,499236864,false,1.268218,true,1000
similarity n=44 k=4,similarity_singular,44,4,julia,20,20,0.071662183,500,10000,0.401641,7040,924013128,499236864,false,1.268218,true,1000
similarity n=44 k=4,similarity_singular,44,4,julia,20,21,0.071662183,500,10000,0.401641,7040,924013128,499236864,false,1.268218,true,1000
similarity n=44 k=4,similarity_singular,44,4,julia,20,22,0.071662183,500,10000,0.401641,7040,924013128,499236864,false,1.268218,true,1000
similarity n=44 k=4,similarity_singular,44,4,julia,20,23,0.071662183,500,10000,0.401641,7040,924013128,499236864,false,1.268218,true,1000
similarity n=44 k=4,similarity_singular,44,4,julia,20,24,0.071662183,500,10000,0.401641,7040,924013128,499236864,false,1.268218,true,1000
similarity n=44 k=4,similarity_singular,44,4,julia,20,25,0.071662183,500,10000,0.401641,7040,924013128,499236864,false,1.268218,true,1000
similarity n=44 k=4,similarity_singular,44,4,julia,20,26,0.071662183,500,10000,0.401641,7040,924013128,499236864,false,1.268218,true,1000
similarity n=44 k=4,similarity_singular,44,4,julia,20,27,0.071662183,500,10000,0.401641,7040,924013128,499236864,false,1.268218,true,1000
similarity n=44 k=4,similarity_singular,44,4,julia,20,28,0.071662183,500,10000,0.401641,7040,924013128,499236864,false,1.268218,true,1000
similarity n=44 k=4,similarity_singular,44,4,julia,20,29,0.071662183,500,10000,0.401641,7040,924013128,499236864,false,1.268218,true,1000
similarity n=44 k=4,similarity_singular,44,4,julia,20,30,0.071662183,500,10000,0.401641,7040,924013128,499236864,false,1.268218,true,1000
similarity n=44 k=4,similarity_singular,44,4,julia,20,31,0.071662183,500,10000,0.401641,7040,924013128,499236864,false,1.268218,true,1000
similarity n=44 k=4,similarity_singular,44,4,julia,20,32,0.071662183,500,10000,0.401641,7040,924013128,499236864,false,1.268218,true,1000
similarity n=44 k=4,similarity_singular,44,4,julia,20,33,0.071662183,500,10000,0.401641,7040,924013128,499236864,false,1.268218,true,1000
similarity n=44 k=4,similarity_singular,44,4,julia,20,34,0.071662183,500,10000,0.401641,7040,924013128,499236864,false,1.268218,true,1000
similarity n=44 k=4,similarity_singular,44,4,julia,20,35,0.071662183,500,10000,0.401641,7040,924013128,499236864,false,1.268218,true,1000
similarity n=44 k=4,similarity_singular,44,4,julia,20,36,0.071662183,500,10000,0.401641,7040,924013128,499236864,false,1.268218,true,1000
similarity n=44 k=4,similarity_singular,44,4,julia,20,37,0.071662183,500,10000,0.401641,7040,924013128,499236864,false,1.268218,true,1000
similarity n=44 k=4,similarity_singular,44,4,julia,20,38,0.071662183,500,10000,0.401641,7040,924013128,499236864,false,1.268218,true,1000
similarity n=44 k=4,similarity_singular,44,4,julia,20,39,0.071662183,500,10000,0.401641,7040,924013128,499236864,false,1.268218,true,1000
similarity n=44 k=4,similarity_singular,44,4,julia,20,40,0.071662183,500,10000,0.401641,7040,924013128,499236864,false,1.268218,true,1000
similarity n=44 k=4,similarity_singular,44,4,julia,20,41,0.071662183,500,10000,0.401641,7040,924013128,499236864,false,1.268218,true,1000
similarity n=44 k=4,similarity_singular,44,4,julia,20,42,0.071662183,500,10000,0.401641,7040,924013128,499236864,false,1.268218,true,1000
similarity n=44 k=4,similarity_singular,44,4,julia,20,43,0.071662183,500,10000,0.401641,7040,924013128,499236864,false,1.268218,true,1000
similarity n=44 k=4,similarity_singular,44,4,julia,20,44,0.071662183,500,10000,0.401641,7040,924013128,499236864,false,1.268218,true,1000
similarity n=44 k=4,similarity_singular,44,4,julia,20,45,0.071662183,500,10000,0.401641,7040,924013128,499236864,false,1.268218,true,1000
similarity n=44 k=4,similarity_singular,44,4,julia,20,46,0.071662183,500,10000,0.401641,7040,924013128,499236864,false,1.268218,true,1000
similarity n=44 k=4,similarity_singular,44,4,julia,20,47,0.071662183,500,10000,0.401641,7040,924013128,499236864,false,1.268218,true,1000
similarity n=44 k=4,similarity_singular,44,4,julia,20,48,0.071662183,500,10000,0.401641,7040,924013128,499236864,false,1.268218,true,1000
similarity n=44 k=4,similarity_singular,44,4,julia,20,49,0.071662183,500,10000,0.401641,7040,924013128,499236864,false,1.268218,true,1000
similarity n=44 k=4,similarity_singular,44,4,julia,20,50,0.071662183,500,10000,0.401641,7040,924013128,499236864,false,1.268218,true,1000
similarity n=44 k=4,similarity_singular,44,4,julia,20,51,0.071662183,500,10000,0.401641,7040,924013128,499236864,false,1.268218,true,1000
similarity n=44 k=4,similarity_singular,44,4,julia,20,52,0.071662183,500,10000,0.401641,7040,924013128,499236864,false,1.268218,true,1000
similarity n=44 k=4,similarity_singular,44,4,julia,20,53,0.071662183,500,10000,0.401641,7040,924013128,499236864,false,1.268218,true,1000
similarity n=44 k=4,similarity_singular,44,4,julia,20,54,0.071662183,500,10000,0.401641,7040,924013128,499236864,false,1.268218,true,1000
similarity n=44 k=4,similarity_singular,44,4,julia,20,55,0.071662183,500,10000,0.401641,7040,924013128,499236864,false,1.268218,true,1000
similarity n=44 k=4,similarity_singular,44,4,julia,20,56,0.071662183,500,10000,0.401641,7040,924013128,499236864,false,1.268218,true,1000
similarity n=44 k=4,similarity_singular,44,4,julia,20,57,0.071662183,500,10000,0.401641,7040,924013128,499236864,false,1.268218,true,1000
similarity n=44 k=4,similarity_singular,44,4,julia,20,58,0.071662183,500,10000,0.401641,7040,924013128,499236864,false,1.268218,true,1000
similarity n=44 k=4,similarity_singular,44,4,julia,20,59,0.071662183,500,10000,0.401641,7040,924013128,499236864,false,1.268218,true,1000
similarity n=44 k=4,similarity_singular,44,4,julia,20,60,0.071662183,500,10000,0.401641,7040,924013128,499236864,false,1.268218,true,1000
similarity n=44 k=4,similarity_singular,44,4,julia,20,61,0.071662183,500,10000,0.401641,7040,924013128,499236864,false,1.268218,true,1000
similarity n=44 k=4,similarity_singular,44,4,julia,20,62,0.071662183,500,10000,0.401641,7040,924013128,499236864,false,1.268218,true,1000
similarity n=44 k=4,similarity_singular,44,4,julia,20,63,0.071662183,500,10000,0.401641,7040,924013128,499236864,false,1.268218,true,1000
similarity n=44 k=4,similarity_singular,44,4,julia,20,64,0.071662183,500,10000,0.401641,7040,924013128,499236864,false,1.268218,true,1000
similarity n=44 k=4,similarity_singular,44,4,julia,20,65,0.071662183,500,10000,0.401641,7040,924013128,499236864,false,1.268218,true,1000
similarity n=44 k=4,similarity_singular,44,4,julia,20,66,0.071662183,500,10000,0.401641,7040,924013128,499236864,false,1.268218,true,1000
similarity n=44 k=4,similarity_singular,44,4,julia,20,67,0.071662183,500,10000,0.401641,7040,924013128,499236864,false,1.268218,true,1000
similarity n=44 k=4,similarity_singular,44,4,julia,20,68,0.071662183,500,10000,0.401641,7040,924013128,499236864,false,1.268218,true,1000
similarity n=44 k=4,similarity_singular,44,4,julia,20,69,0.071662183,500,10000,0.401641,7040,924013128,499236864,false,1.268218,true,1000
similarity n=44 k=4,similarity_singular,44,4,julia,20,70,0.071662183,500,10000,0.401641,7040,924013128,499236864,false,1.268218,true,1000
similarity n=44 k=4,similarity_singular,44,4,julia,20,71,0.071662183,500,10000,0.401641,7040,924013128,499236864,false,1.268218,true,1000
similarity n=44 k=4,similarity_singular,44,4,julia,20,72,0.071662183,500,10000,0.401641,7040,924013128,499236864,false,1.268218,true,1000
similarity n=44 k=4,similarity_singular,44,4,julia,20,73,0.071662183,500,10000,0.401641,7040,924013128,499236864,false,1.268218,true,1000
similarity n=44 k=4,similarity_singular,44,4,julia,20,74,0.071662183,500,10000,0.401641,7040,924013128,499236864,false,1.268218,true,1000
similarity n=44 k=4,similarity_singular,44,4,julia,20,75,0.071662183,500,10000,0.401641,7040,924013128,499236864,false,1.268218,true,1000
similarity n=44 k=4,similarity_singular,44,4,julia,20,76,0.071662183,500,10000,0.401641,7040,924013128,499236864,false,1.268218,true,1000
similarity n=44 k=4,similarity_singular,44,4,julia,20,77,0.071662183,500,10000,0.401641,7040,924013128,499236864,false,1.268218,true,1000
similarity n=44 k=4,similarity_singular,44,4,julia,20,78,0.071662183,500,10000,0.401641,7040,924013128,499236864,false,1.268218,true,1000
similarity n=44 k=4,similarity_singular,44,4,julia,20,79,0.071662183,500,10000,0.401641,7040,924013128,499236864,false,1.268218,true,1000
similarity n=44 k=4,similarity_singular,44,4,julia,20,80,0.071662183,500,10000,0.401641,7040,924013128,499236864,false,1.268218,true,1000
similarity n=44 k=4,similarity_singular,44,4,julia,20,81,0.071662183,500,10000,0.401641,7040,924013128,499236864,false,1.268218,true,1000
similarity n=44 k=4,similarity_singular,44,4,julia,20,82,0.071662183,500,10000,0.401641,7040,924013128,499236864,false,1.268218,true,1000
similarity n=44 k=4,similarity_singular,44,4,julia,20,83,0.071662183,500,10000,0.401641,7040,924013128,499236864,false,1.268218,true,1000
similarity n=44 k=4,similarity_singular,44,4,julia,20,84,0.071662183,500,10000,0.401641,7040,924013128,499236864,false,1.268218,true,1000
similarity n=44 k=4,similarity_singular,44,4,julia,20,85,0.071662183,500,10000,0.401641,7040,924013128,499236864,false,1.268218,true,1000
similarity n=44 k=4,similarity_singular,44,4,julia,20,86,0.071662183,500,10000,0.401641,7040,924013128,499236864,false,1.268218,true,1000
similarity n=44 k=4,similarity_singular,44,4,julia,20,87,0.071662183,500,10000,0.401641,7040,924013128,499236864,false,1.268218,true,1000
similarity n=44 k=4,similarity_singular,44,4,julia,20,88,0.071662183,500,10000,0.401641,7040,924013128,499236864,false,1.268218,true,1000
similarity n=44 k=4,similarity_singular,44,4,julia,20,89,0.071662183,500,10000,0.401641,7040,924013128,499236864,false,1.268218,true,1000
similarity n=44 k=4,similarity_singular,44,4,julia,20,90,0.071662183,500,10000,0.401641,7040,924013128,499236864,false,1.268218,true,1000
similarity n=44 k=4,similarity_singular,44,4,julia,20,91,0.071662183,500,10000,0.401641,7040,924013128,499236864,false,1.268218,true,1000
similarity n=44 k=4,similarity_singular,44,4,julia,20,92,0.071662183,500,10000,0.401641,7040,924013128,499236864,false,1.268218,true,1000
similarity n=44 k=4,similarity_singular,44,4,julia,20,93,0.071662183,500,10000,0.401641,7040,924013128,499236864,false,1.268218,true,1000
similarity n=44 k=4,similarity_singular,44,4,julia,20,94,0.071662183,500,10000,0.401641,7040,924013128,499236864,false,1.268218,true,1000
similarity n=44 k=4,similarity_singular,44,4,julia,20,95,0.071662183,500,10000,0.401641,7040,924013128,499236864,false,1.268218,true,1000
similarity n=44 k=4,similarity_singular,44,4,julia,20,96,0.071662183,500,10000,0.401641,7040,924013128,499236864,false,1.268218,true,1000
similarity n=44 k=4,similarity_singular,44,4,julia,20,97,0.071662183,500,10000,0.401641,7040,924013128,499236864,false,1.268218,true,1000
similarity n=44 k=4,similarity_singular,44,4,julia,20,98,0.071662183,500,10000,0.401641,7040,924013128,499236864,false,1.268218,true,1000
similarity n=44 k=4,similarity_singular,44,4,julia,20,99,0.071662183,500,10000,0.401641,7040,924013128,499236864,false,1.268218,true,1000
similarity n=44 k=4,similarity_singular,44,4,julia,20,100,0.071662183,500,10000,0.401641,7040,924013128,499236864,false,1.268218,true,1000
similarity n=44 k=4,similarity_singular,44,4,julia,20,101,0.071662183,500,10000,0.401641,7040,924013128,499236864,false,1.268218,true,1000
similarity n=44 k=4,similarity_singular,44,4,julia,20,102,0.071662183,500,10000,0.401641,7040,924013128,499236864,false,1.268218,true,1000
similarity n=44 k=4,similarity_singular,44,4,julia,20,103,0.071662183,500,10000,0.401641,7040,924013128,499236864,false,1.268218,true,1000
similarity n=44 k=4,similarity_singular,44,4,julia,20,104,0.071662183,500,10000,0.401641,7040,924013128,499236864,false,1.268218,true,1000
similarity n=44 k=4,similarity_singular,44,4,julia,20,105,0.071662183,500,10000,0.401641,7040,924013128,499236864,false,1.268218,true,1000
similarity n=44 k=4,similarity_singular,44,4,julia,20,106,0.071662183,500,10000,0.401641,7040,924013128,499236864,false,1.268218,true,1000
similarity n=44 k=4,similarity_singular,44,4,julia,20,107,0.071662183,500,10000,0.401641,7040,924013128,499236864,false,1.268218,true,1000
similarity n=44 k=4,similarity_singular,44,4,julia,20,108,0.071662183,500,10000,0.401641,7040,924013128,499236864,false,1.268218,true,1000
similarity n=44 k=4,similarity_singular,44,4,julia,20,109,0.071662183,500,10000,0.401641,7040,924013128,499236864,false,1.268218,true,1000
similarity n=44 k=4,similarity_singular,44,4,julia,20,110,0.071662183,500,10000,0.401641,7040,924013128,499236864,false,1.268218,true,1000
similarity n=44 k=4,similarity_singular,44,4,julia,20,111,0.071662183,500,10000,0.401641,7040,924013128,499236864,false,1.268218,true,1000
similarity n=44 k=4,similarity_singular,44,4,julia,20,112,0.071662183,500,10000,0.401641,7040,924013128,499236864,false,1.268218,true,1000
similarity n=44 k=4,similarity_singular,44,4,julia,20,113,0.071662183,500,10000,0.401641,7040,924013128,499236864,false,1.268218,true,1000
similarity n=44 k=4,similarity_singular,44,4,julia,20,114,0.071662183,500,10000,0.401641,7040,924013128,499236864,false,1.268218,true,1000
similarity n=44 k=4,similarity_singular,44,4,julia,20,115,0.071662183,500,10000,0.401641,7040,924013128,499236864,false,1.268218,true,1000
similarity n=44 k=4,similarity_singular,44,4,julia,20,116,0.071662183,500,10000,0.401641,7040,924013128,499236864,false,1.268218,true,1000
similarity n=44 k=4,similarity_singular,44,4,julia,20,117,0.071662183,500,10000,0.401641,7040,924013128,499236864,false,1.268218,true,1000
similarity n=44 k=4,similarity_singular,44,4,julia,20,118,0.071662183,500,10000,0.401641,7040,924013128,499236864,false,1.268218,true,1000
similarity n=44 k=4,similarity_singular,44,4,julia,20,119,0.071662183,500,10000,0.401641,7040,924013128,499236864,false,1.268218,true,1000
similarity n=44 k=4,similarity_singular,44,4,julia,20,120,0.071662183,500,10000,0.401641,7040,924013128,499236864,false,1.268218,true,1000
similarity n=44 k=4,similarity_singular,44,4,julia,20,121,0.071662183,500,10000,0.401641,7040,924013128,499236864,false,1.268218,true,1000
similarity n=44 k=4,similarity_singular,44,4,julia,20,122,0.071662183,500,10000,0.401641,7040,924013128,499236864,false,1.268218,true,1000
similarity n=44 k=4,similarity_singular,44,4,julia,20,123,0.071662183,500,10000,0.401641,7040,924013128,499236864,false,1.268218,true,1000
similarity n=44 k=4,similarity_singular,44,4,julia,20,124,0.071662183,500,10000,0.401641,7040,924013128,499236864,false,1.268218,true,1000
similarity n=44 k=4,similarity_singular,44,4,julia,20,125,0.071662183,500,10000,0.401641,7040,924013128,499236864,false,1.268218,true,1000
similarity n=44 k=4,similarity_singular,44,4,julia,20,126,0.071662183,500,10000,0.401641,7040,924013128,499236864,false,1.268218,true,1000
similarity n=44 k=4,similarity_singular,44,4,julia,20,127,0.071662183,500,10000,0.401641,7040,924013128,499236864,false,1.268218,true,1000
similarity n=44 k=4,similarity_singular,44,4,julia,20,128,0.071662183,500,10000,0.401641,7040,924013128,499236864,false,1.268218,true,1000
similarity n=44 k=4,similarity_singular,44,4,julia,20,129,0.071662183,500,10000,0.401641,7040,924013128,499236864,false,1.268218,true,1000
similarity n=44 k=4,similarity_singular,44,4,julia,20,130,0.071662183,500,10000,0.401641,7040,924013128,499236864,false,1.268218,true,1000
similarity n=44 k=4,similarity_singular,44,4,julia,20,131,0.071662183,500,10000,0.401641,7040,924013128,499236864,false,1.268218,true,1000
similarity n=44 k=4,similarity_singular,44,4,julia,20,132,0.071662183,500,10000,0.401641,7040,924013128,499236864,false,1.268218,true,1000
similarity n=44 k=4,similarity_singular,44,4,julia,20,133,0.071662183,500,10000,0.401641,7040,924013128,499236864,false,1.268218,true,1000
similarity n=44 k=4,similarity_singular,44,4,julia,20,134,0.071662183,500,10000,0.401641,7040,924013128,499236864,false,1.268218,true,1000
similarity n=44 k=4,similarity_singular,44,4,julia,20,135,0.071662183,500,10000,0.401641,7040,924013128,499236864,false,1.268218,true,1000
similarity n=44 k=4,similarity_singular,44,4,julia,20,136,0.071662183,500,10000,0.401641,7040,924013128,499236864,false,1.268218,true,1000
similarity n=44 k=4,similarity_singular,44,4,julia,20,137,0.071662183,500,10000,0.401641,7040,924013128,499236864,false,1.268218,true,1000
similarity n=44 k=4,similarity_singular,44,4,julia,20,138,0.071662183,500,10000,0.401641,7040,924013128,499236864,false,1.268218,true,1000
similarity n=44 k=4,similarity_singular,44,4,julia,20,139,0.071662183,500,10000,0.401641,7040,924013128,499236864,false,1.268218,true,1000
similarity n=44 k=4,similarity_singular,44,4,julia,20,140,0.071662183,500,10000,0.401641,7040,924013128,499236864,false,1.268218,true,1000
similarity n=44 k=4,similarity_singular,44,4,julia,20,141,0.071662183,500,10000,0.401641,7040,924013128,499236864,false,1.268218,true,1000
similarity n=44 k=4,similarity_singular,44,4,julia,20,142,0.071662183,500,10000,0.401641,7040,924013128,499236864,false,1.268218,true,1000
similarity n=44 k=4,similarity_singular,44,4,julia,20,143,0.071662183,500,10000,0.401641,7040,924013128,499236864,false,1.268218,true,1000
similarity n=44 k=4,similarity_singular,44,4,julia,20,144,0.071662183,500,10000,0.401641,7040,924013128,499236864,false,1.268218,true,1000
similarity n=44 k=4,similarity_singular,44,4,julia,20,145,0.071662183,500,10000,0.401641,7040,924013128,499236864,false,1.268218,true,1000
similarity n=44 k=4,similarity_singular,44,4,julia,20,146,0.071662183,500,10000,0.401641,7040,924013128,499236864,false,1.268218,true,1000
similarity n=44 k=4,similarity_singular,44,4,julia,20,147,0.071662183,500,10000,0.401641,7040,924013128,499236864,false,1.268218,true,1000
similarity n=44 k=4,similarity_singular,44,4,julia,20,148,0.071662183,500,10000,0.401641,7040,924013128,499236864,false,1.268218,true,1000
similarity n=44 k=4,similarity_singular,44,4,julia,20,149,0.071662183,500,10000,0.401641,7040,924013128,499236864,false,1.268218,true,1000
similarity n=44 k=4,similarity_singular,44,4,julia,20,150,0.071662183,500,10000,0.401641,7040,924013128,499236864,false,1.268218,true,1000
similarity n=44 k=4,similarity_singular,44,4,julia,20,151,0.071662183,500,10000,0.401641,7040,924013128,499236864,false,1.268218,true,1000
similarity n=44 k=4,similarity_singular,44,4,julia,20,152,0.071662183,500,10000,0.401641,7040,924013128,499236864,false,1.268218,true,1000
similarity n=44 k=4,similarity_singular,44,4,julia,20,153,0.071662183,500,10000,0.401641,7040,924013128,499236864,false,1.268218,true,1000
similarity n=44 k=4,similarity_singular,44,4,julia,20,154,0.071662183,500,10000,0.401641,7040,924013128,499236864,false,1.268218,true,1000
similarity n=44 k=4,similarity_singular,44,4,julia,20,155,0.071662183,500,10000,0.401641,7040,924013128,499236864,false,1.268218,true,1000
similarity n=44 k=4,similarity_singular,44,4,julia,20,156,0.071662183,500,10000,0.401641,7040,924013128,499236864,false,1.268218,true,1000
similarity n=44 k=4,similarity_singular,44,4,julia,20,157,0.071662183,500,10000,0.401641,7040,924013128,499236864,false,1.268218,true,1000
similarity n=44 k=4,similarity_singular,44,4,julia,20,158,0.071662183,500,10000,0.401641,7040,924013128,499236864,false,1.268218,true,1000
similarity n=44 k=4,similarity_singular,44,4,julia,20,159,0.071662183,500,10000,0.401641,7040,924013128,499236864,false,1.268218,true,1000
similarity n=44 k=4,similarity_singular,44,4,julia,20,160,0.071662183,500,10000,0.401641,7040,924013128,499236864,false,1.268218,true,1000
similarity n=44 k=4,similarity_singular,44,4,julia,20,161,0.071662183,500,10000,0.401641,7040,924013128,499236864,false,1.268218,true,1000
similarity n=44 k=4,similarity_singular,44,4,julia,20,162,0.071662183,500,10000,0.401641,7040,924013128,499236864,false,1.268218,true,1000
similarity n=44 k=4,similarity_singular,44,4,julia,20,163,0.071662183,500,10000,0.401641,7040,924013128,499236864,false,1.268218,true,1000
similarity n=44 k=4,similarity_singular,44,4,julia,20,164,0.071662183,500,10000,0.401641,7040,924013128,499236864,false,1.268218,true,1000
similarity n=44 k=4,similarity_singular,44,4,julia,20,165,0.071662183,500,10000,0.401641,7040,924013128,499236864,false,1.268218,true,1000
similarity n=44 k=4,similarity_singular,44,4,julia,20,166,0.071662183,500,10000,0.401641,7040,924013128,499236864,false,1.268218,true,1000
similarity n=44 k=4,similarity_singular,44,4,julia,20,167,0.071662183,500,10000,0.401641,7040,924013128,499236864,false,1.268218,true,1000
similarity n=44 k=4,similarity_singular,44,4,julia,20,168,0.071662183,500,10000,0.401641,7040,924013128,499236864,false,1.268218,true,1000
similarity n=44 k=4,similarity_singular,44,4,julia,20,169,0.071662183,500,10000,0.401641,7040,924013128,499236864,false,1.268218,true,1000
similarity n=44 k=4,similarity_singular,44,4,julia,20,170,0.071662183,500,10000,0.401641,7040,924013128,499236864,false,1.268218,true,1000
similarity n=44 k=4,similarity_singular,44,4,julia,20,171,0.071662183,500,10000,0.401641,7040,924013128,499236864,false,1.268218,true,1000
similarity n=44 k=4,similarity_singular,44,4,julia,20,172,0.071662183,500,10000,0.401641,7040,924013128,499236864,false,1.268218,true,1000
similarity n=44 k=4,similarity_singular,44,4,julia,20,173,0.071662183,500,10000,0.401641,7040,924013128,499236864,false,1.268218,true,1000
similarity n=44 k=4,similarity_singular,44,4,julia,20,174,0.071662183,500,10000,0.401641,7040,924013128,499236864,false,1.268218,true,1000
similarity n=44 k=4,similarity_singular,44,4,julia,20,175,0.071662183,500,10000,0.401641,7040,924013128,499236864,false,1.268218,true,1000
similarity n=44 k=4,similarity_singular,44,4,julia,20,176,0.071662183,500,10000,0.401641,7040,924013128,499236864,false,1.268218,true,1000
similarity n=44 k=4,similarity_singular,44,4,julia,20,177,0.071662183,500,10000,0.401641,7040,924013128,499236864,false,1.268218,true,1000
similarity n=44 k=4,similarity_singular,44,4,julia,20,178,0.071662183,500,10000,0.401641,7040,924013128,499236864,false,1.268218,true,1000
similarity n=44 k=4,similarity_singular,44,4,julia,20,179,0.071662183,500,10000,0.401641,7040,924013128,499236864,false,1.268218,true,1000
similarity n=44 k=4,similarity_singular,44,4,julia,20,180,0.071662183,500,10000,0.401641,7040,924013128,499236864,false,1.268218,true,1000
similarity n=44 k=4,similarity_singular,44,4,julia,20,181,0.071662183,500,10000,0.401641,7040,924013128,499236864,false,1.268218,true,1000
similarity n=44 k=4,similarity_singular,44,4,julia,20,182,0.071662183,500,10000,0.401641,7040,924013128,499236864,false,1.268218,true,1000
similarity n=44 k=4,similarity_singular,44,4,julia,20,183,0.071662183,500,10000,0.401641,7040,924013128,499236864,false,1.268218,true,1000
similarity n=44 k=4,similarity_singular,44,4,julia,20,184,0.071662183,500,10000,0.401641,7040,924013128,499236864,false,1.268218,true,1000
similarity n=44 k=4,similarity_singular,44,4,julia,20,185,0.071662183,500,10000,0.401641,7040,924013128,499236864,false,1.268218,true,1000
similarity n=44 k=4,similarity_singular,44,4,julia,20,186,0.071662183,500,10000,0.401641,7040,924013128,499236864,false,1.268218,true,1000
similarity n=44 k=4,similarity_singular,44,4,julia,20,187,0.071662183,500,10000,0.401641,7040,924013128,499236864,false,1.268218,true,1000
similarity n=44 k=4,similarity_singular,44,4,julia,20,188,0.071662183,500,10000,0.401641,7040,924013128,499236864,false,1.268218,true,1000
similarity n=44 k=4,similarity_singular,44,4,julia,20,189,0.071662183,500,10000,0.401641,7040,924013128,499236864,false,1.268218,true,1000
similarity n=44 k=4,similarity_singular,44,4,julia,20,190,0.071662183,500,10000,0.401641,7040,924013128,499236864,false,1.268218,true,1000
similarity n=44 k=4,similarity_singular,44,4,julia,20,191,0.071662183,500,10000,0.401641,7040,924013128,499236864,false,1.268218,true,1000
similarity n=44 k=4,similarity_singular,44,4,julia,20,192,0.071662183,500,10000,0.401641,7040,924013128,499236864,false,1.268218,true,1000
similarity n=44 k=4,similarity_singular,44,4,julia,20,193,0.071662183,500,10000,0.401641,7040,924013128,499236864,false,1.268218,true,1000
similarity n=44 k=4,similarity_singular,44,4,julia,20,194,0.071662183,500,10000,0.401641,7040,924013128,499236864,false,1.268218,true,1000
similarity n=44 k=4,similarity_singular,44,4,julia,20,195,0.071662183,500,10000,0.401641,7040,924013128,499236864,false,1.268218,true,1000
similarity n=44 k=4,similarity_singular,44,4,julia,20,196,0.071662183,500,10000,0.401641,7040,924013128,499236864,false,1.268218,true,1000
similarity n=44 k=4,similarity_singular,44,4,julia,20,197,0.071662183,500,10000,0.401641,7040,924013128,499236864,false,1.268218,true,1000
similarity n=44 k=4,similarity_singular,44,4,julia,20,198,0.071662183,500,10000,0.401641,7040,924013128,499236864,false,1.268218,true,1000
similarity n=44 k=4,similarity_singular,44,4,julia,20,199,0.071662183,500,10000,0.401641,7040,924013128,499236864,false,1.268218,true,1000
similarity n=44 k=4,similarity_singular,44,4,julia,20,200,0.071662183,500,10000,0.401641,7040,924013128,499236864,false,1.268218,true,1000
similarity n=44 k=4,similarity_singular,44,4,julia,20,201,0.071662183,500,10000,0.401641,7040,924013128,499236864,false,1.268218,true,1000
similarity n=44 k=4,similarity_singular,44,4,julia,20,202,0.071662183,500,10000,0.401641,7040,924013128,499236864,false,1.268218,true,1000
similarity n=44 k=4,similarity_singular,44,4,julia,20,203,0.071662183,500,10000,0.401641,7040,924013128,499236864,false,1.268218,true,1000
similarity n=44 k=4,similarity_singular,44,4,julia,20,204,0.071662183,500,10000,0.401641,7040,924013128,499236864,false,1.268218,true,1000
similarity n=44 k=4,similarity_singular,44,4,julia,20,205,0.071662183,500,10000,0.401641,7040,924013128,499236864,false,1.268218,true,1000
similarity n=44 k=4,similarity_singular,44,4,julia,20,206,0.071662183,500,10000,0.401641,7040,924013128,499236864,false,1.268218,true,1000
similarity n=44 k=4,similarity_singular,44,4,julia,20,207,0.071662183,500,10000,0.401641,7040,924013128,499236864,false,1.268218,true,1000
similarity n=44 k=4,similarity_singular,44,4,julia,20,208,0.071662183,500,10000,0.401641,7040,924013128,499236864,false,1.268218,true,1000
similarity n=44 k=4,similarity_singular,44,4,julia,20,209,0.071662183,500,10000,0.401641,7040,924013128,499236864,false,1.268218,true,1000
similarity n=44 k=4,similarity_singular,44,4,julia,20,210,0.071662183,500,10000,0.401641,7040,924013128,499236864,false,1.268218,true,1000
similarity n=44 k=4,similarity_singular,44,4,julia,20,211,0.071662183,500,10000,0.401641,7040,924013128,499236864,false,1.268218,true,1000
similarity n=44 k=4,similarity_singular,44,4,julia,20,212,0.071662183,500,10000,0.401641,7040,924013128,499236864,false,1.268218,true,1000
similarity n=44 k=4,similarity_singular,44,4,julia,20,213,0.071662183,500,10000,0.401641,7040,924013128,499236864,false,1.268218,true,1000
similarity n=44 k=4,similarity_singular,44,4,julia,20,214,0.071662183,500,10000,0.401641,7040,924013128,499236864,false,1.268218,true,1000
similarity n=44 k=4,similarity_singular,44,4,julia,20,215,0.071662183,500,10000,0.401641,7040,924013128,499236864,false,1.268218,true,1000
similarity n=44 k=4,similarity_singular,44,4,julia,20,216,0.071662183,500,10000,0.401641,7040,924013128,499236864,false,1.268218,true,1000
similarity n=44 k=4,similarity_singular,44,4,julia,20,217,0.071662183,500,10000,0.401641,7040,924013128,499236864,false,1.268218,true,1000
similarity n=44 k=4,similarity_singular,44,4,julia,20,218,0.071662183,500,10000,0.401641,7040,924013128,499236864,false,1.268218,true,1000
similarity n=44 k=4,similarity_singular,44,4,julia,20,219,0.071662183,500,10000,0.401641,7040,924013128,499236864,false,1.268218,true,1000
similarity n=44 k=4,similarity_singular,44,4,julia,20,220,0.071662183,500,10000,0.401641,7040,924013128,499236864,false,1.268218,true,1000
similarity n=44 k=4,similarity_singular,44,4,julia,20,221,0.071662183,500,10000,0.401641,7040,924013128,499236864,false,1.268218,true,1000
similarity n=44 k=4,similarity_singular,44,4,julia,20,222,0.071662183,500,10000,0.401641,7040,924013128,499236864,false,1.268218,true,1000
similarity n=44 k=4,similarity_singular,44,4,julia,20,223,0.071662183,500,10000,0.401641,7040,924013128,499236864,false,1.268218,true,1000
similarity n=44 k=4,similarity_singular,44,4,julia,20,224,0.071662183,500,10000,0.401641,7040,924013128,499236864,false,1.268218,true,1000
similarity n=44 k=4,similarity_singular,44,4,julia,20,225,0.071662183,500,10000,0.401641,7040,924013128,499236864,false,1.268218,true,1000
similarity n=44 k=4,similarity_singular,44,4,julia,20,226,0.071662183,500,10000,0.401641,7040,924013128,499236864,false,1.268218,true,1000
similarity n=44 k=4,similarity_singular,44,4,julia,20,227,0.071662183,500,10000,0.401641,7040,924013128,499236864,false,1.268218,true,1000
similarity n=44 k=4,similarity_singular,44,4,julia,20,228,0.071662183,500,10000,0.401641,7040,924013128,499236864,false,1.268218,true,1000
similarity n=44 k=4,similarity_singular,44,4,julia,20,229,0.071662183,500,10000,0.401641,7040,924013128,499236864,false,1.268218,true,1000
similarity n=44 k=4,similarity_singular,44,4,julia,20,230,0.071662183,500,10000,0.401641,7040,924013128,499236864,false,1.268218,true,1000
similarity n=44 k=4,similarity_singular,44,4,julia,20,231,0.071662183,500,10000,0.401641,7040,924013128,499236864,false,1.268218,true,1000
similarity n=44 k=4,similarity_singular,44,4,julia,20,232,0.071662183,500,10000,0.401641,7040,924013128,499236864,false,1.268218,true,1000
similarity n=44 k=4,similarity_singular,44,4,julia,20,233,0.071662183,500,10000,0.401641,7040,924013128,499236864,false,1.268218,true,1000
similarity n=44 k=4,similarity_singular,44,4,julia,20,234,0.071662183,500,10000,0.401641,7040,924013128,499236864,false,1.268218,true,1000
similarity n=44 k=4,similarity_singular,44,4,julia,20,235,0.071662183,500,10000,0.401641,7040,924013128,499236864,false,1.268218,true,1000
similarity n=44 k=4,similarity_singular,44,4,julia,20,236,0.071662183,500,10000,0.401641,7040,924013128,499236864,false,1.268218,true,1000
similarity n=44 k=4,similarity_singular,44,4,julia,20,237,0.071662183,500,10000,0.401641,7040,924013128,499236864,false,1.268218,true,1000
similarity n=44 k=4,similarity_singular,44,4,julia,20,238,0.071662183,500,10000,0.401641,7040,924013128,499236864,false,1.268218,true,1000
similarity n=44 k=4,similarity_singular,44,4,julia,20,239,0.071662183,500,10000,0.401641,7040,924013128,499236864,false,1.268218,true,1000
similarity n=44 k=4,similarity_singular,44,4,julia,20,240,0.071662183,500,10000,0.401641,7040,924013128,499236864,false,1.268218,true,1000
similarity n=44 k=4,similarity_singular,44,4,julia,20,241,0.071662183,500,10000,0.401641,7040,924013128,499236864,false,1.268218,true,1000
similarity n=44 k=4,similarity_singular,44,4,julia,20,242,0.071662183,500,10000,0.401641,7040,924013128,499236864,false,1.268218,true,1000
similarity n=44 k=4,similarity_singular,44,4,julia,20,243,0.071662183,500,10000,0.401641,7040,924013128,499236864,false,1.268218,true,1000
similarity n=44 k=4,similarity_singular,44,4,julia,20,244,0.071662183,500,10000,0.401641,7040,924013128,499236864,false,1.268218,true,1000
similarity n=44 k=4,similarity_singular,44,4,julia,20,245,0.071662183,500,10000,0.401641,7040,924013128,499236864,false,1.268218,true,1000
similarity n=44 k=4,similarity_singular,44,4,julia,20,246,0.071662183,500,10000,0.401641,7040,924013128,499236864,false,1.268218,true,1000
similarity n=44 k=4,similarity_singular,44,4,julia,20,247,0.071662183,500,10000,0.401641,7040,924013128,499236864,false,1.268218,true,1000
similarity n=44 k=4,similarity_singular,44,4,julia,20,248,0.071662183,500,10000,0.401641,7040,924013128,499236864,false,1.268218,true,1000
similarity n=44 k=4,similarity_singular,44,4,julia,20,249,0.071662183,500,10000,0.401641,7040,924013128,499236864,false,1.268218,true,1000
similarity n=44 k=4,similarity_singular,44,4,julia,20,250,0.071662183,500,10000,0.401641,7040,924013128,499236864,false,1.268218,true,1000
similarity n=44 k=4,similarity_singular,44,4,julia,20,251,0.071662183,500,10000,0.401641,7040,924013128,499236864,false,1.268218,true,1000
similarity n=44 k=4,similarity_singular,44,4,julia,20,252,0.071662183,500,10000,0.401641,7040,924013128,499236864,false,1.268218,true,1000
similarity n=44 k=4,similarity_singular,44,4,julia,20,253,0.071662183,500,10000,0.401641,7040,924013128,499236864,false,1.268218,true,1000
similarity n=44 k=4,similarity_singular,44,4,julia,20,254,0.071662183,500,10000,0.401641,7040,924013128,499236864,false,1.268218,true,1000
similarity n=44 k=4,similarity_singular,44,4,julia,20,255,0.071662183,500,10000,0.401641,7040,924013128,499236864,false,1.268218,true,1000
similarity n=44 k=4,similarity_singular,44,4,julia,20,256,0.071662183,500,10000,0.401641,7040,924013128,499236864,false,1.268218,true,1000
similarity n=44 k=4,similarity_singular,44,4,julia,20,257,0.071662183,500,10000,0.401641,7040,924013128,499236864,false,1.268218,true,1000
similarity n=44 k=4,similarity_singular,44,4,julia,20,258,0.071662183,500,10000,0.401641,7040,924013128,499236864,false,1.268218,true,1000
similarity n=44 k=4,similarity_singular,44,4,julia,20,259,0.071662183,500,10000,0.401641,7040,924013128,499236864,false,1.268218,true,1000
similarity n=44 k=4,similarity_singular,44,4,julia,20,260,0.071662183,500,10000,0.401641,7040,924013128,499236864,false,1.268218,true,1000
similarity n=44 k=4,similarity_singular,44,4,julia,20,261,0.071662183,500,10000,0.401641,7040,924013128,499236864,false,1.268218,true,1000
similarity n=44 k=4,similarity_singular,44,4,julia,20,262,0.071662183,500,10000,0.401641,7040,924013128,499236864,false,1.268218,true,1000
similarity n=44 k=4,similarity_singular,44,4,julia,20,263,0.071662183,500,10000,0.401641,7040,924013128,499236864,false,1.268218,true,1000
similarity n=44 k=4,similarity_singular,44,4,julia,20,264,0.071662183,500,10000,0.401641,7040,924013128,499236864,false,1.268218,true,1000
similarity n=44 k=4,similarity_singular,44,4,julia,20,265,0.071662183,500,10000,0.401641,7040,924013128,499236864,false,1.268218,true,1000
similarity n=44 k=4,similarity_singular,44,4,julia,20,266,0.071662183,500,10000,0.401641,7040,924013128,499236864,false,1.268218,true,1000
similarity n=44 k=4,similarity_singular,44,4,julia,20,267,0.071662183,500,10000,0.401641,7040,924013128,499236864,false,1.268218,true,1000
similarity n=44 k=4,similarity_singular,44,4,julia,20,268,0.071662183,500,10000,0.401641,7040,924013128,499236864,false,1.268218,true,1000
similarity n=44 k=4,similarity_singular,44,4,julia,20,269,0.071662183,500,10000,0.401641,7040,924013128,499236864,false,1.268218,true,1000
similarity n=44 k=4,similarity_singular,44,4,julia,20,270,0.071662183,500,10000,0.401641,7040,924013128,499236864,false,1.268218,true,1000
similarity n=44 k=4,similarity_singular,44,4,julia,20,271,0.071662183,500,10000,0.401641,7040,924013128,499236864,false,1.268218,true,1000
similarity n=44 k=4,similarity_singular,44,4,julia,20,272,0.071662183,500,10000,0.401641,7040,924013128,499236864,false,1.268218,true,1000
similarity n=44 k=4,similarity_singular,44,4,julia,20,273,0.071662183,500,10000,0.401641,7040,924013128,499236864,false,1.268218,true,1000
similarity n=44 k=4,similarity_singular,44,4,julia,20,274,0.071662183,500,10000,0.401641,7040,924013128,499236864,false,1.268218,true,1000
similarity n=44 k=4,similarity_singular,44,4,julia,20,275,0.071662183,500,10000,0.401641,7040,924013128,499236864,false,1.268218,true,1000
similarity n=44 k=4,similarity_singular,44,4,julia,20,276,0.071662183,500,10000,0.401641,7040,924013128,499236864,false,1.268218,true,1000
similarity n=44 k=4,similarity_singular,44,4,julia,20,277,0.071662183,500,10000,0.401641,7040,924013128,499236864,false,1.268218,true,1000
similarity n=44 k=4,similarity_singular,44,4,julia,20,278,0.071662183,500,10000,0.401641,7040,924013128,499236864,false,1.268218,true,1000
similarity n=44 k=4,similarity_singular,44,4,julia,20,279,0.071662183,500,10000,0.401641,7040,924013128,499236864,false,1.268218,true,1000
similarity n=44 k=4,similarity_singular,44,4,julia,20,280,0.071662183,500,10000,0.401641,7040,924013128,499236864,false,1.268218,true,1000
similarity n=44 k=4,similarity_singular,44,4,julia,20,281,0.071662183,500,10000,0.401641,7040,924013128,499236864,false,1.268218,true,1000
similarity n=44 k=4,similarity_singular,44,4,julia,20,282,0.071662183,500,10000,0.401641,7040,924013128,499236864,false,1.268218,true,1000
similarity n=44 k=4,similarity_singular,44,4,julia,20,283,0.071662183,500,10000,0.401641,7040,924013128,499236864,false,1.268218,true,1000
similarity n=44 k=4,similarity_singular,44,4,julia,20,284,0.071662183,500,10000,0.401641,7040,924013128,499236864,false,1.268218,true,1000
similarity n=44 k=4,similarity_singular,44,4,julia,20,285,0.071662183,500,10000,0.401641,7040,924013128,499236864,false,1.268218,true,1000
similarity n=44 k=4,similarity_singular,44,4,julia,20,286,0.071662183,500,10000,0.401641,7040,924013128,499236864,false,1.268218,true,1000
similarity n=44 k=4,similarity_singular,44,4,julia,20,287,0.071662183,500,10000,0.401641,7040,924013128,499236864,false,1.268218,true,1000
similarity n=44 k=4,similarity_singular,44,4,julia,20,288,0.071662183,500,10000,0.401641,7040,924013128,499236864,false,1.268218,true,1000
similarity n=44 k=4,similarity_singular,44,4,julia,20,289,0.071662183,500,10000,0.401641,7040,924013128,499236864,false,1.268218,true,1000
similarity n=44 k=4,similarity_singular,44,4,julia,20,290,0.071662183,500,10000,0.401641,7040,924013128,499236864,false,1.268218,true,1000
similarity n=44 k=4,similarity_singular,44,4,julia,20,291,0.071662183,500,10000,0.401641,7040,924013128,499236864,false,1.268218,true,1000
similarity n=44 k=4,similarity_singular,44,4,julia,20,292,0.071662183,500,10000,0.401641,7040,924013128,499236864,false,1.268218,true,1000
similarity n=44 k=4,similarity_singular,44,4,julia,20,293,0.071662183,500,10000,0.401641,7040,924013128,499236864,false,1.268218,true,1000
similarity n=44 k=4,similarity_singular,44,4,julia,20,294,0.071662183,500,10000,0.401641,7040,924013128,499236864,false,1.268218,true,1000
similarity n=44 k=4,similarity_singular,44,4,julia,20,295,0.071662183,500,10000,0.401641,7040,924013128,499236864,false,1.268218,true,1000
similarity n=44 k=4,similarity_singular,44,4,julia,20,296,0.071662183,500,10000,0.401641,7040,924013128,499236864,false,1.268218,true,1000
similarity n=44 k=4,similarity_singular,44,4,julia,20,297,0.071662183,500,10000,0.401641,7040,924013128,499236864,false,1.268218,true,1000
similarity n=44 k=4,similarity_singular,44,4,julia,20,298,0.071662183,500,10000,0.401641,7040,924013128,499236864,false,1.268218,true,1000
similarity n=44 k=4,similarity_singular,44,4,julia,20,299,0.071662183,500,10000,0.401641,7040,924013128,499236864,false,1.268218,true,1000
similarity n=44 k=4,similarity_singular,44,4,julia,20,300,0.071662183,500,10000,0.401641,7040,924013128,499236864,false,1.268218,true,1000
similarity n=44 k=4,similarity_singular,44,4,julia,20,301,0.071662183,500,10000,0.401641,7040,924013128,499236864,false,1.268218,true,1000
similarity n=44 k=4,similarity_singular,44,4,julia,20,302,0.071662183,500,10000,0.401641,7040,924013128,499236864,false,1.268218,true,1000
similarity n=44 k=4,similarity_singular,44,4,julia,20,303,0.071662183,500,10000,0.401641,7040,924013128,499236864,false,1.268218,true,1000
similarity n=44 k=4,similarity_singular,44,4,julia,20,304,0.071662183,500,10000,0.401641,7040,924013128,499236864,false,1.268218,true,1000
similarity n=44 k=4,similarity_singular,44,4,julia,20,305,0.071662183,500,10000,0.401641,7040,924013128,499236864,false,1.268218,true,1000
similarity n=44 k=4,similarity_singular,44,4,julia,20,306,0.071662183,500,10000,0.401641,7040,924013128,499236864,false,1.268218,true,1000
similarity n=44 k=4,similarity_singular,44,4,julia,20,307,0.071662183,500,10000,0.401641,7040,924013128,499236864,false,1.268218,true,1000
similarity n=44 k=4,similarity_singular,44,4,julia,20,308,0.071662183,500,10000,0.401641,7040,924013128,499236864,false,1.268218,true,1000
similarity n=44 k=4,similarity_singular,44,4,julia,20,309,0.071662183,500,10000,0.401641,7040,924013128,499236864,false,1.268218,true,1000
similarity n=44 k=4,similarity_singular,44,4,julia,20,310,0.071662183,500,10000,0.401641,7040,924013128,499236864,false,1.268218,true,1000
similarity n=44 k=4,similarity_singular,44,4,julia,20,311,0.071662183,500,10000,0.401641,7040,924013128,499236864,false,1.268218,true,1000
similarity n=44 k=4,similarity_singular,44,4,julia,20,312,0.071662183,500,10000,0.401641,7040,924013128,499236864,false,1.268218,true,1000
similarity n=44 k=4,similarity_singular,44,4,julia,20,313,0.071662183,500,10000,0.401641,7040,924013128,499236864,false,1.268218,true,1000
similarity n=44 k=4,similarity_singular,44,4,julia,20,314,0.071662183,500,10000,0.401641,7040,924013128,499236864,false,1.268218,true,1000
similarity n=44 k=4,similarity_singular,44,4,julia,20,315,0.071662183,500,10000,0.401641,7040,924013128,499236864,false,1.268218,true,1000
similarity n=44 k=4,similarity_singular,44,4,julia,20,316,0.071662183,500,10000,0.401641,7040,924013128,499236864,false,1.268218,true,1000
similarity n=44 k=4,similarity_singular,44,4,julia,20,317,0.071662183,500,10000,0.401641,7040,924013128,499236864,false,1.268218,true,1000
similarity n=44 k=4,similarity_singular,44,4,julia,20,318,0.071662183,500,10000,0.401641,7040,924013128,499236864,false,1.268218,true,1000
similarity n=44 k=4,similarity_singular,44,4,julia,20,319,0.071662183,500,10000,0.401641,7040,924013128,499236864,false,1.268218,true,1000
similarity n=44 k=4,similarity_singular,44,4,julia,20,320,0.071662183,500,10000,0.401641,7040,924013128,499236864,false,1.268218,true,1000
similarity n=44 k=4,similarity_singular,44,4,julia,20,321,0.071662183,500,10000,0.401641,7040,924013128,499236864,false,1.268218,true,1000
similarity n=44 k=4,similarity_singular,44,4,julia,20,322,0.071662183,500,10000,0.401641,7040,924013128,499236864,false,1.268218,true,1000
similarity n=44 k=4,similarity_singular,44,4,julia,20,323,0.071662183,500,10000,0.401641,7040,924013128,499236864,false,1.268218,true,1000
similarity n=44 k=4,similarity_singular,44,4,julia,20,324,0.071662183,500,10000,0.401641,7040,924013128,499236864,false,1.268218,true,1000
similarity n=44 k=4,similarity_singular,44,4,julia,20,325,0.071662183,500,10000,0.401641,7040,924013128,499236864,false,1.268218,true,1000
similarity n=44 k=4,similarity_singular,44,4,julia,20,326,0.071662183,500,10000,0.401641,7040,924013128,499236864,false,1.268218,true,1000
similarity n=44 k=4,similarity_singular,44,4,julia,20,327,0.071662183,500,10000,0.401641,7040,924013128,499236864,false,1.268218,true,1000
similarity n=44 k=4,similarity_singular,44,4,julia,20,328,0.071662183,500,10000,0.401641,7040,924013128,499236864,false,1.268218,true,1000
similarity n=44 k=4,similarity_singular,44,4,julia,20,329,0.071662183,500,10000,0.401641,7040,924013128,499236864,false,1.268218,true,1000
similarity n=44 k=4,similarity_singular,44,4,julia,20,330,0.071662183,500,10000,0.401641,7040,924013128,499236864,false,1.268218,true,1000
similarity n=44 k=4,similarity_singular,44,4,julia,20,331,0.071662183,500,10000,0.401641,7040,924013128,499236864,false,1.268218,true,1000
similarity n=44 k=4,similarity_singular,44,4,julia,20,332,0.071662183,500,10000,0.401641,7040,924013128,499236864,false,1.268218,true,1000
similarity n=44 k=4,similarity_singular,44,4,julia,20,333,0.071662183,500,10000,0.401641,7040,924013128,499236864,false,1.268218,true,1000
similarity n=44 k=4,similarity_singular,44,4,julia,20,334,0.071662183,500,10000,0.401641,7040,924013128,499236864,false,1.268218,true,1000
similarity n=44 k=4,similarity_singular,44,4,julia,20,335,0.071662183,500,10000,0.401641,7040,924013128,499236864,false,1.268218,true,1000
similarity n=44 k=4,similarity_singular,44,4,julia,20,336,0.071662183,500,10000,0.401641,7040,924013128,499236864,false,1.268218,true,1000
similarity n=44 k=4,similarity_singular,44,4,julia,20,337,0.071662183,500,10000,0.401641,7040,924013128,499236864,false,1.268218,true,1000
similarity n=44 k=4,similarity_singular,44,4,julia,20,338,0.071662183,500,10000,0.401641,7040,924013128,499236864,false,1.268218,true,1000
similarity n=44 k=4,similarity_singular,44,4,julia,20,339,0.071662183,500,10000,0.401641,7040,924013128,499236864,false,1.268218,true,1000
similarity n=44 k=4,similarity_singular,44,4,julia,20,340,0.071662183,500,10000,0.401641,7040,924013128,499236864,false,1.268218,true,1000
similarity n=44 k=4,similarity_singular,44,4,julia,20,341,0.071662183,500,10000,0.401641,7040,924013128,499236864,false,1.268218,true,1000
similarity n=44 k=4,similarity_singular,44,4,julia,20,342,0.071662183,500,10000,0.401641,7040,924013128,499236864,false,1.268218,true,1000
similarity n=44 k=4,similarity_singular,44,4,julia,20,343,0.071662183,500,10000,0.401641,7040,924013128,499236864,false,1.268218,true,1000
similarity n=44 k=4,similarity_singular,44,4,julia,20,344,0.071662183,500,10000,0.401641,7040,924013128,499236864,false,1.268218,true,1000
similarity n=44 k=4,similarity_singular,44,4,julia,20,345,0.071662183,500,10000,0.401641,7040,924013128,499236864,false,1.268218,true,1000
similarity n=44 k=4,similarity_singular,44,4,julia,20,346,0.071662183,500,10000,0.401641,7040,924013128,499236864,false,1.268218,true,1000
similarity n=44 k=4,similarity_singular,44,4,julia,20,347,0.071662183,500,10000,0.401641,7040,924013128,499236864,false,1.268218,true,1000
similarity n=44 k=4,similarity_singular,44,4,julia,20,348,0.071662183,500,10000,0.401641,7040,924013128,499236864,false,1.268218,true,1000
similarity n=44 k=4,similarity_singular,44,4,julia,20,349,0.071662183,500,10000,0.401641,7040,924013128,499236864,false,1.268218,true,1000
similarity n=44 k=4,similarity_singular,44,4,julia,20,350,0.071662183,500,10000,0.401641,7040,924013128,499236864,false,1.268218,true,1000
similarity n=44 k=4,similarity_singular,44,4,julia,20,351,0.071662183,500,10000,0.401641,7040,924013128,499236864,false,1.268218,true,1000
similarity n=44 k=4,similarity_singular,44,4,julia,20,352,0.071662183,500,10000,0.401641,7040,924013128,499236864,false,1.268218,true,1000
similarity n=44 k=4,similarity_singular,44,4,julia,20,353,0.071662183,500,10000,0.401641,7040,924013128,499236864,false,1.268218,true,1000
similarity n=44 k=4,similarity_singular,44,4,julia,20,354,0.071662183,500,10000,0.401641,7040,924013128,499236864,false,1.268218,true,1000
similarity n=44 k=4,similarity_singular,44,4,julia,20,355,0.071662183,500,10000,0.401641,7040,924013128,499236864,false,1.268218,true,1000
similarity n=44 k=4,similarity_singular,44,4,julia,20,356,0.071662183,500,10000,0.401641,7040,924013128,499236864,false,1.268218,true,1000
similarity n=44 k=4,similarity_singular,44,4,julia,20,357,0.071662183,500,10000,0.401641,7040,924013128,499236864,false,1.268218,true,1000
similarity n=44 k=4,similarity_singular,44,4,julia,20,358,0.071662183,500,10000,0.401641,7040,924013128,499236864,false,1.268218,true,1000
similarity n=44 k=4,similarity_singular,44,4,julia,20,359,0.071662183,500,10000,0.401641,7040,924013128,499236864,false,1.268218,true,1000
similarity n=44 k=4,similarity_singular,44,4,julia,20,360,0.071662183,500,10000,0.401641,7040,924013128,499236864,false,1.268218,true,1000
similarity n=44 k=4,similarity_singular,44,4,julia,20,361,0.071662183,500,10000,0.401641,7040,924013128,499236864,false,1.268218,true,1000
similarity n=44 k=4,similarity_singular,44,4,julia,20,362,0.071662183,500,10000,0.401641,7040,924013128,499236864,false,1.268218,true,1000
similarity n=44 k=4,similarity_singular,44,4,julia,20,363,0.071662183,500,10000,0.401641,7040,924013128,499236864,false,1.268218,true,1000
similarity n=44 k=4,similarity_singular,44,4,julia,20,364,0.071662183,500,10000,0.401641,7040,924013128,499236864,false,1.268218,true,1000
similarity n=44 k=4,similarity_singular,44,4,julia,20,365,0.071662183,500,10000,0.401641,7040,924013128,499236864,false,1.268218,true,1000
similarity n=44 k=4,similarity_singular,44,4,julia,20,366,0.071662183,500,10000,0.401641,7040,924013128,499236864,false,1.268218,true,1000
similarity n=44 k=4,similarity_singular,44,4,julia,20,367,0.071662183,500,10000,0.401641,7040,924013128,499236864,false,1.268218,true,1000
similarity n=44 k=4,similarity_singular,44,4,julia,20,368,0.071662183,500,10000,0.401641,7040,924013128,499236864,false,1.268218,true,1000
similarity n=44 k=4,similarity_singular,44,4,julia,20,369,0.071662183,500,10000,0.401641,7040,924013128,499236864,false,1.268218,true,1000
similarity n=44 k=4,similarity_singular,44,4,julia,20,370,0.071662183,500,10000,0.401641,7040,924013128,499236864,false,1.268218,true,1000
similarity n=44 k=4,similarity_singular,44,4,julia,20,371,0.071662183,500,10000,0.401641,7040,924013128,499236864,false,1.268218,true,1000
similarity n=44 k=4,similarity_singular,44,4,julia,20,372,0.071662183,500,10000,0.401641,7040,924013128,499236864,false,1.268218,true,1000
similarity n=44 k=4,similarity_singular,44,4,julia,20,373,0.071662183,500,10000,0.401641,7040,924013128,499236864,false,1.268218,true,1000
similarity n=44 k=4,similarity_singular,44,4,julia,20,374,0.071662183,500,10000,0.401641,7040,924013128,499236864,false,1.268218,true,1000
similarity n=44 k=4,similarity_singular,44,4,julia,20,375,0.071662183,500,10000,0.401641,7040,924013128,499236864,false,1.268218,true,1000
similarity n=44 k=4,similarity_singular,44,4,julia,20,376,0.071662183,500,10000,0.401641,7040,924013128,499236864,false,1.268218,true,1000
similarity n=44 k=4,similarity_singular,44,4,julia,20,377,0.071662183,500,10000,0.401641,7040,924013128,499236864,false,1.268218,true,1000
similarity n=44 k=4,similarity_singular,44,4,julia,20,378,0.071662183,500,10000,0.401641,7040,924013128,499236864,false,1.268218,true,1000
similarity n=44 k=4,similarity_singular,44,4,julia,20,379,0.071662183,500,10000,0.401641,7040,924013128,499236864,false,1.268218,true,1000
similarity n=44 k=4,similarity_singular,44,4,julia,20,380,0.071662183,500,10000,0.401641,7040,924013128,499236864,false,1.268218,true,1000
similarity n=44 k=4,similarity_singular,44,4,julia,20,381,0.071662183,500,10000,0.401641,7040,924013128,499236864,false,1.268218,true,1000
similarity n=44 k=4,similarity_singular,44,4,julia,20,382,0.071662183,500,10000,0.401641,7040,924013128,499236864,false,1.268218,true,1000
similarity n=44 k=4,similarity_singular,44,4,julia,20,383,0.071662183,500,10000,0.401641,7040,924013128,499236864,false,1.268218,true,1000
similarity n=44 k=4,similarity_singular,44,4,julia,20,384,0.071662183,500,10000,0.401641,7040,924013128,499236864,false,1.268218,true,1000
similarity n=44 k=4,similarity_singular,44,4,julia,20,385,0.071662183,500,10000,0.401641,7040,924013128,499236864,false,1.268218,true,1000
similarity n=44 k=4,similarity_singular,44,4,julia,20,386,0.071662183,500,10000,0.401641,7040,924013128,499236864,false,1.268218,true,1000
similarity n=44 k=4,similarity_singular,44,4,julia,20,387,0.071662183,500,10000,0.401641,7040,924013128,499236864,false,1.268218,true,1000
similarity n=44 k=4,similarity_singular,44,4,julia,20,388,0.071662183,500,10000,0.401641,7040,924013128,499236864,false,1.268218,true,1000
similarity n=44 k=4,similarity_singular,44,4,julia,20,389,0.071662183,500,10000,0.401641,7040,924013128,499236864,false,1.268218,true,1000
similarity n=44 k=4,similarity_singular,44,4,julia,20,390,0.071662183,500,10000,0.401641,7040,924013128,499236864,false,1.268218,true,1000
similarity n=44 k=4,similarity_singular,44,4,julia,20,391,0.071662183,500,10000,0.401641,7040,924013128,499236864,false,1.268218,true,1000
similarity n=44 k=4,similarity_singular,44,4,julia,20,392,0.071662183,500,10000,0.401641,7040,924013128,499236864,false,1.268218,true,1000
similarity n=44 k=4,similarity_singular,44,4,julia,20,393,0.071662183,500,10000,0.401641,7040,924013128,499236864,false,1.268218,true,1000
similarity n=44 k=4,similarity_singular,44,4,julia,20,394,0.071662183,500,10000,0.401641,7040,924013128,499236864,false,1.268218,true,1000
similarity n=44 k=4,similarity_singular,44,4,julia,20,395,0.071662183,500,10000,0.401641,7040,924013128,499236864,false,1.268218,true,1000
similarity n=44 k=4,similarity_singular,44,4,julia,20,396,0.071662183,500,10000,0.401641,7040,924013128,499236864,false,1.268218,true,1000
similarity n=44 k=4,similarity_singular,44,4,julia,20,397,0.071662183,500,10000,0.401641,7040,924013128,499236864,false,1.268218,true,1000
similarity n=44 k=4,similarity_singular,44,4,julia,20,398,0.071662183,500,10000,0.401641,7040,924013128,499236864,false,1.268218,true,1000
similarity n=44 k=4,similarity_singular,44,4,julia,20,399,0.071662183,500,10000,0.401641,7040,924013128,499236864,false,1.268218,true,1000
similarity n=44 k=4,similarity_singular,44,4,julia,20,400,0.071662183,500,10000,0.401641,7040,924013128,499236864,false,1.268218,true,1000
similarity n=44 k=4,similarity_singular,44,4,julia,20,401,0.071662183,500,10000,0.401641,7040,924013128,499236864,false,1.268218,true,1000
similarity n=44 k=4,similarity_singular,44,4,julia,20,402,0.071662183,500,10000,0.401641,7040,924013128,499236864,false,1.268218,true,1000
similarity n=44 k=4,similarity_singular,44,4,julia,20,403,0.071662183,500,10000,0.401641,7040,924013128,499236864,false,1.268218,true,1000
similarity n=44 k=4,similarity_singular,44,4,julia,20,404,0.071662183,500,10000,0.401641,7040,924013128,499236864,false,1.268218,true,1000
similarity n=44 k=4,similarity_singular,44,4,julia,20,405,0.071662183,500,10000,0.401641,7040,924013128,499236864,false,1.268218,true,1000
similarity n=44 k=4,similarity_singular,44,4,julia,20,406,0.071662183,500,10000,0.401641,7040,924013128,499236864,false,1.268218,true,1000
similarity n=44 k=4,similarity_singular,44,4,julia,20,407,0.071662183,500,10000,0.401641,7040,924013128,499236864,false,1.268218,true,1000
similarity n=44 k=4,similarity_singular,44,4,julia,20,408,0.071662183,500,10000,0.401641,7040,924013128,499236864,false,1.268218,true,1000
similarity n=44 k=4,similarity_singular,44,4,julia,20,409,0.071662183,500,10000,0.401641,7040,924013128,499236864,false,1.268218,true,1000
similarity n=44 k=4,similarity_singular,44,4,julia,20,410,0.071662183,500,10000,0.401641,7040,924013128,499236864,false,1.268218,true,1000
similarity n=44 k=4,similarity_singular,44,4,julia,20,411,0.071662183,500,10000,0.401641,7040,924013128,499236864,false,1.268218,true,1000
similarity n=44 k=4,similarity_singular,44,4,julia,20,412,0.071662183,500,10000,0.401641,7040,924013128,499236864,false,1.268218,true,1000
similarity n=44 k=4,similarity_singular,44,4,julia,20,413,0.071662183,500,10000,0.401641,7040,924013128,499236864,false,1.268218,true,1000
similarity n=44 k=4,similarity_singular,44,4,julia,20,414,0.071662183,500,10000,0.401641,7040,924013128,499236864,false,1.268218,true,1000
similarity n=44 k=4,similarity_singular,44,4,julia,20,415,0.071662183,500,10000,0.401641,7040,924013128,499236864,false,1.268218,true,1000
similarity n=44 k=4,similarity_singular,44,4,julia,20,416,0.071662183,500,10000,0.401641,7040,924013128,499236864,false,1.268218,true,1000
similarity n=44 k=4,similarity_singular,44,4,julia,20,417,0.071662183,500,10000,0.401641,7040,924013128,499236864,false,1.268218,true,1000
similarity n=44 k=4,similarity_singular,44,4,julia,20,418,0.071662183,500,10000,0.401641,7040,924013128,499236864,false,1.268218,true,1000
similarity n=44 k=4,similarity_singular,44,4,julia,20,419,0.071662183,500,10000,0.401641,7040,924013128,499236864,false,1.268218,true,1000
similarity n=44 k=4,similarity_singular,44,4,julia,20,420,0.071662183,500,10000,0.401641,7040,924013128,499236864,false,1.268218,true,1000
similarity n=44 k=4,similarity_singular,44,4,julia,20,421,0.071662183,500,10000,0.401641,7040,924013128,499236864,false,1.268218,true,1000
similarity n=44 k=4,similarity_singular,44,4,julia,20,422,0.071662183,500,10000,0.401641,7040,924013128,499236864,false,1.268218,true,1000
similarity n=44 k=4,similarity_singular,44,4,julia,20,423,0.071662183,500,10000,0.401641,7040,924013128,499236864,false,1.268218,true,1000
similarity n=44 k=4,similarity_singular,44,4,julia,20,424,0.071662183,500,10000,0.401641,7040,924013128,499236864,false,1.268218,true,1000
similarity n=44 k=4,similarity_singular,44,4,julia,20,425,0.071662183,500,10000,0.401641,7040,924013128,499236864,false,1.268218,true,1000
similarity n=44 k=4,similarity_singular,44,4,julia,20,426,0.071662183,500,10000,0.401641,7040,924013128,499236864,false,1.268218,true,1000
similarity n=44 k=4,similarity_singular,44,4,julia,20,427,0.071662183,500,10000,0.401641,7040,924013128,499236864,false,1.268218,true,1000
similarity n=44 k=4,similarity_singular,44,4,julia,20,428,0.071662183,500,10000,0.401641,7040,924013128,499236864,false,1.268218,true,1000
similarity n=44 k=4,similarity_singular,44,4,julia,20,429,0.071662183,500,10000,0.401641,7040,924013128,499236864,false,1.268218,true,1000
similarity n=44 k=4,similarity_singular,44,4,julia,20,430,0.071662183,500,10000,0.401641,7040,924013128,499236864,false,1.268218,true,1000
similarity n=44 k=4,similarity_singular,44,4,julia,20,431,0.071662183,500,10000,0.401641,7040,924013128,499236864,false,1.268218,true,1000
similarity n=44 k=4,similarity_singular,44,4,julia,20,432,0.071662183,500,10000,0.401641,7040,924013128,499236864,false,1.268218,true,1000
similarity n=44 k=4,similarity_singular,44,4,julia,20,433,0.071662183,500,10000,0.401641,7040,924013128,499236864,false,1.268218,true,1000
similarity n=44 k=4,similarity_singular,44,4,julia,20,434,0.071662183,500,10000,0.401641,7040,924013128,499236864,false,1.268218,true,1000
similarity n=44 k=4,similarity_singular,44,4,julia,20,435,0.071662183,500,10000,0.401641,7040,924013128,499236864,false,1.268218,true,1000
similarity n=44 k=4,similarity_singular,44,4,julia,20,436,0.071662183,500,10000,0.401641,7040,924013128,499236864,false,1.268218,true,1000
similarity n=44 k=4,similarity_singular,44,4,julia,20,437,0.071662183,500,10000,0.401641,7040,924013128,499236864,false,1.268218,true,1000
similarity n=44 k=4,similarity_singular,44,4,julia,20,438,0.071662183,500,10000,0.401641,7040,924013128,499236864,false,1.268218,true,1000
similarity n=44 k=4,similarity_singular,44,4,julia,20,439,0.071662183,500,10000,0.401641,7040,924013128,499236864,false,1.268218,true,1000
similarity n=44 k=4,similarity_singular,44,4,julia,20,440,0.071662183,500,10000,0.401641,7040,924013128,499236864,false,1.268218,true,1000
similarity n=44 k=4,similarity_singular,44,4,julia,20,441,0.071662183,500,10000,0.401641,7040,924013128,499236864,false,1.268218,true,1000
similarity n=44 k=4,similarity_singular,44,4,julia,20,442,0.071662183,500,10000,0.401641,7040,924013128,499236864,false,1.268218,true,1000
similarity n=44 k=4,similarity_singular,44,4,julia,20,443,0.071662183,500,10000,0.401641,7040,924013128,499236864,false,1.268218,true,1000
similarity n=44 k=4,similarity_singular,44,4,julia,20,444,0.071662183,500,10000,0.401641,7040,924013128,499236864,false,1.268218,true,1000
similarity n=44 k=4,similarity_singular,44,4,julia,20,445,0.071662183,500,10000,0.401641,7040,924013128,499236864,false,1.268218,true,1000
similarity n=44 k=4,similarity_singular,44,4,julia,20,446,0.071662183,500,10000,0.401641,7040,924013128,499236864,false,1.268218,true,1000
similarity n=44 k=4,similarity_singular,44,4,julia,20,447,0.071662183,500,10000,0.401641,7040,924013128,499236864,false,1.268218,true,1000
similarity n=44 k=4,similarity_singular,44,4,julia,20,448,0.071662183,500,10000,0.401641,7040,924013128,499236864,false,1.268218,true,1000
similarity n=44 k=4,similarity_singular,44,4,julia,20,449,0.071662183,500,10000,0.401641,7040,924013128,499236864,false,1.268218,true,1000
similarity n=44 k=4,similarity_singular,44,4,julia,20,450,0.071662183,500,10000,0.401641,7040,924013128,499236864,false,1.268218,true,1000
similarity n=44 k=4,similarity_singular,44,4,julia,20,451,0.071662183,500,10000,0.401641,7040,924013128,499236864,false,1.268218,true,1000
similarity n=44 k=4,similarity_singular,44,4,julia,20,452,0.071662183,500,10000,0.401641,7040,924013128,499236864,false,1.268218,true,1000
similarity n=44 k=4,similarity_singular,44,4,julia,20,453,0.071662183,500,10000,0.401641,7040,924013128,499236864,false,1.268218,true,1000
similarity n=44 k=4,similarity_singular,44,4,julia,20,454,0.071662183,500,10000,0.401641,7040,924013128,499236864,false,1.268218,true,1000
similarity n=44 k=4,similarity_singular,44,4,julia,20,455,0.071662183,500,10000,0.401641,7040,924013128,499236864,false,1.268218,true,1000
similarity n=44 k=4,similarity_singular,44,4,julia,20,456,0.071662183,500,10000,0.401641,7040,924013128,499236864,false,1.268218,true,1000
similarity n=44 k=4,similarity_singular,44,4,julia,20,457,0.071662183,500,10000,0.401641,7040,924013128,499236864,false,1.268218,true,1000
similarity n=44 k=4,similarity_singular,44,4,julia,20,458,0.071662183,500,10000,0.401641,7040,924013128,499236864,false,1.268218,true,1000
similarity n=44 k=4,similarity_singular,44,4,julia,20,459,0.071662183,500,10000,0.401641,7040,924013128,499236864,false,1.268218,true,1000
similarity n=44 k=4,similarity_singular,44,4,julia,20,460,0.071662183,500,10000,0.401641,7040,924013128,499236864,false,1.268218,true,1000
similarity n=44 k=4,similarity_singular,44,4,julia,20,461,0.071662183,500,10000,0.401641,7040,924013128,499236864,false,1.268218,true,1000
similarity n=44 k=4,similarity_singular,44,4,julia,20,462,0.071662183,500,10000,0.401641,7040,924013128,499236864,false,1.268218,true,1000
similarity n=44 k=4,similarity_singular,44,4,julia,20,463,0.071662183,500,10000,0.401641,7040,924013128,499236864,false,1.268218,true,1000
similarity n=44 k=4,similarity_singular,44,4,julia,20,464,0.071662183,500,10000,0.401641,7040,924013128,499236864,false,1.268218,true,1000
similarity n=44 k=4,similarity_singular,44,4,julia,20,465,0.071662183,500,10000,0.401641,7040,924013128,499236864,false,1.268218,true,1000
similarity n=44 k=4,similarity_singular,44,4,julia,20,466,0.071662183,500,10000,0.401641,7040,924013128,499236864,false,1.268218,true,1000
similarity n=44 k=4,similarity_singular,44,4,julia,20,467,0.071662183,500,10000,0.401641,7040,924013128,499236864,false,1.268218,true,1000
similarity n=44 k=4,similarity_singular,44,4,julia,20,468,0.071662183,500,10000,0.401641,7040,924013128,499236864,false,1.268218,true,1000
similarity n=44 k=4,similarity_singular,44,4,julia,20,469,0.071662183,500,10000,0.401641,7040,924013128,499236864,false,1.268218,true,1000
similarity n=44 k=4,similarity_singular,44,4,julia,20,470,0.071662183,500,10000,0.401641,7040,924013128,499236864,false,1.268218,true,1000
similarity n=44 k=4,similarity_singular,44,4,julia,20,471,0.071662183,500,10000,0.401641,7040,924013128,499236864,false,1.268218,true,1000
similarity n=44 k=4,similarity_singular,44,4,julia,20,472,0.071662183,500,10000,0.401641,7040,924013128,499236864,false,1.268218,true,1000
similarity n=44 k=4,similarity_singular,44,4,julia,20,473,0.071662183,500,10000,0.401641,7040,924013128,499236864,false,1.268218,true,1000
similarity n=44 k=4,similarity_singular,44,4,julia,20,474,0.071662183,500,10000,0.401641,7040,924013128,499236864,false,1.268218,true,1000
similarity n=44 k=4,similarity_singular,44,4,julia,20,475,0.071662183,500,10000,0.401641,7040,924013128,499236864,false,1.268218,true,1000
similarity n=44 k=4,similarity_singular,44,4,julia,20,476,0.071662183,500,10000,0.401641,7040,924013128,499236864,false,1.268218,true,1000
similarity n=44 k=4,similarity_singular,44,4,julia,20,477,0.071662183,500,10000,0.401641,7040,924013128,499236864,false,1.268218,true,1000
similarity n=44 k=4,similarity_singular,44,4,julia,20,478,0.071662183,500,10000,0.401641,7040,924013128,499236864,false,1.268218,true,1000
similarity n=44 k=4,similarity_singular,44,4,julia,20,479,0.071662183,500,10000,0.401641,7040,924013128,499236864,false,1.268218,true,1000
similarity n=44 k=4,similarity_singular,44,4,julia,20,480,0.071662183,500,10000,0.401641,7040,924013128,499236864,false,1.268218,true,1000
similarity n=44 k=4,similarity_singular,44,4,julia,20,481,0.071662183,500,10000,0.401641,7040,924013128,499236864,false,1.268218,true,1000
similarity n=44 k=4,similarity_singular,44,4,julia,20,482,0.071662183,500,10000,0.401641,7040,924013128,499236864,false,1.268218,true,1000
similarity n=44 k=4,similarity_singular,44,4,julia,20,483,0.071662183,500,10000,0.401641,7040,924013128,499236864,false,1.268218,true,1000
similarity n=44 k=4,similarity_singular,44,4,julia,20,484,0.071662183,500,10000,0.401641,7040,924013128,499236864,false,1.268218,true,1000
similarity n=44 k=4,similarity_singular,44,4,julia,20,485,0.071662183,500,10000,0.401641,7040,924013128,499236864,false,1.268218,true,1000
similarity n=44 k=4,similarity_singular,44,4,julia,20,486,0.071662183,500,10000,0.401641,7040,924013128,499236864,false,1.268218,true,1000
similarity n=44 k=4,similarity_singular,44,4,julia,20,487,0.071662183,500,10000,0.401641,7040,924013128,499236864,false,1.268218,true,1000
similarity n=44 k=4,similarity_singular,44,4,julia,20,488,0.071662183,500,10000,0.401641,7040,924013128,499236864,false,1.268218,true,1000
similarity n=44 k=4,similarity_singular,44,4,julia,20,489,0.071662183,500,10000,0.401641,7040,924013128,499236864,false,1.268218,true,1000
similarity n=44 k=4,similarity_singular,44,4,julia,20,490,0.071662183,500,10000,0.401641,7040,924013128,499236864,false,1.268218,true,1000
similarity n=44 k=4,similarity_singular,44,4,julia,20,491,0.071662183,500,10000,0.401641,7040,924013128,499236864,false,1.268218,true,1000
similarity n=44 k=4,similarity_singular,44,4,julia,20,492,0.071662183,500,10000,0.401641,7040,924013128,499236864,false,1.268218,true,1000
similarity n=44 k=4,similarity_singular,44,4,julia,20,493,0.071662183,500,10000,0.401641,7040,924013128,499236864,false,1.268218,true,1000
similarity n=44 k=4,similarity_singular,44,4,julia,20,494,0.071662183,500,10000,0.401641,7040,924013128,499236864,false,1.268218,true,1000
similarity n=44 k=4,similarity_singular,44,4,julia,20,495,0.071662183,500,10000,0.401641,7040,924013128,499236864,false,1.268218,true,1000
similarity n=44 k=4,similarity_singular,44,4,julia,20,496,0.071662183,500,10000,0.401641,7040,924013128,499236864,false,1.268218,true,1000
similarity n=44 k=4,similarity_singular,44,4,julia,20,497,0.071662183,500,10000,0.401641,7040,924013128,499236864,false,1.268218,true,1000
similarity n=44 k=4,similarity_singular,44,4,julia,20,498,0.071662183,500,10000,0.401641,7040,924013128,499236864,false,1.268218,true,1000
similarity n=44 k=4,similarity_singular,44,4,julia,20,499,0.071662183,500,10000,0.401641,7040,924013128,499236864,false,1.268218,true,1000
similarity n=44 k=4,similarity_singular,44,4,julia,20,500,0.071662183,500,10000,0.401641,7040,924013128,499236864,false,1.268218,true,1000
similarity n=44 k=4,similarity_singular,44,4,julia,30,1,0.026458355,500,15000,0.877419,10560,1749589128,499236864,false,1.4333742,true,1000
similarity n=44 k=4,similarity_singular,44,4,julia,30,2,0.019514822,500,15000,0.877419,10560,1749589128,499236864,false,1.4333742,true,1000
similarity n=44 k=4,similarity_singular,44,4,julia,30,3,0.013823398,500,15000,0.877419,10560,1749589128,499236864,false,1.4333742,true,1000
similarity n=44 k=4,similarity_singular,44,4,julia,30,4,0.013218777,500,15000,0.877419,10560,1749589128,499236864,false,1.4333742,true,1000
similarity n=44 k=4,similarity_singular,44,4,julia,30,5,0.013185683,500,15000,0.877419,10560,1749589128,499236864,false,1.4333742,true,1000
similarity n=44 k=4,similarity_singular,44,4,julia,30,6,0.013184266,500,15000,0.877419,10560,1749589128,499236864,false,1.4333742,true,1000
similarity n=44 k=4,similarity_singular,44,4,julia,30,7,0.013184169,500,15000,0.877419,10560,1749589128,499236864,false,1.4333742,true,1000
similarity n=44 k=4,similarity_singular,44,4,julia,30,8,0.01318416,500,15000,0.877419,10560,1749589128,499236864,false,1.4333742,true,1000
similarity n=44 k=4,similarity_singular,44,4,julia,30,9,0.013184159,500,15000,0.877419,10560,1749589128,499236864,false,1.4333742,true,1000
similarity n=44 k=4,similarity_singular,44,4,julia,30,10,0.013184159,500,15000,0.877419,10560,1749589128,499236864,false,1.4333742,true,1000
similarity n=44 k=4,similarity_singular,44,4,julia,30,11,0.013184159,500,15000,0.877419,10560,1749589128,499236864,false,1.4333742,true,1000
similarity n=44 k=4,similarity_singular,44,4,julia,30,12,0.013184159,500,15000,0.877419,10560,1749589128,499236864,false,1.4333742,true,1000
similarity n=44 k=4,similarity_singular,44,4,julia,30,13,0.013184159,500,15000,0.877419,10560,1749589128,499236864,false,1.4333742,true,1000
similarity n=44 k=4,similarity_singular,44,4,julia,30,14,0.013184159,500,15000,0.877419,10560,1749589128,499236864,false,1.4333742,true,1000
similarity n=44 k=4,similarity_singular,44,4,julia,30,15,0.013184159,500,15000,0.877419,10560,1749589128,499236864,false,1.4333742,true,1000
similarity n=44 k=4,similarity_singular,44,4,julia,30,16,0.013184159,500,15000,0.877419,10560,1749589128,499236864,false,1.4333742,true,1000
similarity n=44 k=4,similarity_singular,44,4,julia,30,17,0.013184159,500,15000,0.877419,10560,1749589128,499236864,false,1.4333742,true,1000
similarity n=44 k=4,similarity_singular,44,4,julia,30,18,0.013184159,500,15000,0.877419,10560,1749589128,499236864,false,1.4333742,true,1000
similarity n=44 k=4,similarity_singular,44,4,julia,30,19,0.013184159,500,15000,0.877419,10560,1749589128,499236864,false,1.4333742,true,1000
similarity n=44 k=4,similarity_singular,44,4,julia,30,20,0.013184159,500,15000,0.877419,10560,1749589128,499236864,false,1.4333742,true,1000
similarity n=44 k=4,similarity_singular,44,4,julia,30,21,0.013184159,500,15000,0.877419,10560,1749589128,499236864,false,1.4333742,true,1000
similarity n=44 k=4,similarity_singular,44,4,julia,30,22,0.013184159,500,15000,0.877419,10560,1749589128,499236864,false,1.4333742,true,1000
similarity n=44 k=4,similarity_singular,44,4,julia,30,23,0.013184159,500,15000,0.877419,10560,1749589128,499236864,false,1.4333742,true,1000
similarity n=44 k=4,similarity_singular,44,4,julia,30,24,0.013184159,500,15000,0.877419,10560,1749589128,499236864,false,1.4333742,true,1000
similarity n=44 k=4,similarity_singular,44,4,julia,30,25,0.013184159,500,15000,0.877419,10560,1749589128,499236864,false,1.4333742,true,1000
similarity n=44 k=4,similarity_singular,44,4,julia,30,26,0.013184159,500,15000,0.877419,10560,1749589128,499236864,false,1.4333742,true,1000
similarity n=44 k=4,similarity_singular,44,4,julia,30,27,0.013184159,500,15000,0.877419,10560,1749589128,499236864,false,1.4333742,true,1000
similarity n=44 k=4,similarity_singular,44,4,julia,30,28,0.013184159,500,15000,0.877419,10560,1749589128,499236864,false,1.4333742,true,1000
similarity n=44 k=4,similarity_singular,44,4,julia,30,29,0.013184159,500,15000,0.877419,10560,1749589128,499236864,false,1.4333742,true,1000
similarity n=44 k=4,similarity_singular,44,4,julia,30,30,0.013184159,500,15000,0.877419,10560,1749589128,499236864,false,1.4333742,true,1000
similarity n=44 k=4,similarity_singular,44,4,julia,30,31,0.013184159,500,15000,0.877419,10560,1749589128,499236864,false,1.4333742,true,1000
similarity n=44 k=4,similarity_singular,44,4,julia,30,32,0.013184159,500,15000,0.877419,10560,1749589128,499236864,false,1.4333742,true,1000
similarity n=44 k=4,similarity_singular,44,4,julia,30,33,0.013184159,500,15000,0.877419,10560,1749589128,499236864,false,1.4333742,true,1000
similarity n=44 k=4,similarity_singular,44,4,julia,30,34,0.013184159,500,15000,0.877419,10560,1749589128,499236864,false,1.4333742,true,1000
similarity n=44 k=4,similarity_singular,44,4,julia,30,35,0.013184159,500,15000,0.877419,10560,1749589128,499236864,false,1.4333742,true,1000
similarity n=44 k=4,similarity_singular,44,4,julia,30,36,0.013184159,500,15000,0.877419,10560,1749589128,499236864,false,1.4333742,true,1000
similarity n=44 k=4,similarity_singular,44,4,julia,30,37,0.013184159,500,15000,0.877419,10560,1749589128,499236864,false,1.4333742,true,1000
similarity n=44 k=4,similarity_singular,44,4,julia,30,38,0.013184159,500,15000,0.877419,10560,1749589128,499236864,false,1.4333742,true,1000
similarity n=44 k=4,similarity_singular,44,4,julia,30,39,0.013184159,500,15000,0.877419,10560,1749589128,499236864,false,1.4333742,true,1000
similarity n=44 k=4,similarity_singular,44,4,julia,30,40,0.013184159,500,15000,0.877419,10560,1749589128,499236864,false,1.4333742,true,1000
similarity n=44 k=4,similarity_singular,44,4,julia,30,41,0.013184159,500,15000,0.877419,10560,1749589128,499236864,false,1.4333742,true,1000
similarity n=44 k=4,similarity_singular,44,4,julia,30,42,0.013184159,500,15000,0.877419,10560,1749589128,499236864,false,1.4333742,true,1000
similarity n=44 k=4,similarity_singular,44,4,julia,30,43,0.013184159,500,15000,0.877419,10560,1749589128,499236864,false,1.4333742,true,1000
similarity n=44 k=4,similarity_singular,44,4,julia,30,44,0.013184159,500,15000,0.877419,10560,1749589128,499236864,false,1.4333742,true,1000
similarity n=44 k=4,similarity_singular,44,4,julia,30,45,0.013184159,500,15000,0.877419,10560,1749589128,499236864,false,1.4333742,true,1000
similarity n=44 k=4,similarity_singular,44,4,julia,30,46,0.013184159,500,15000,0.877419,10560,1749589128,499236864,false,1.4333742,true,1000
similarity n=44 k=4,similarity_singular,44,4,julia,30,47,0.013184159,500,15000,0.877419,10560,1749589128,499236864,false,1.4333742,true,1000
similarity n=44 k=4,similarity_singular,44,4,julia,30,48,0.013184159,500,15000,0.877419,10560,1749589128,499236864,false,1.4333742,true,1000
similarity n=44 k=4,similarity_singular,44,4,julia,30,49,0.013184159,500,15000,0.877419,10560,1749589128,499236864,false,1.4333742,true,1000
similarity n=44 k=4,similarity_singular,44,4,julia,30,50,0.013184159,500,15000,0.877419,10560,1749589128,499236864,false,1.4333742,true,1000
similarity n=44 k=4,similarity_singular,44,4,julia,30,51,0.013184159,500,15000,0.877419,10560,1749589128,499236864,false,1.4333742,true,1000
similarity n=44 k=4,similarity_singular,44,4,julia,30,52,0.013184159,500,15000,0.877419,10560,1749589128,499236864,false,1.4333742,true,1000
similarity n=44 k=4,similarity_singular,44,4,julia,30,53,0.013184159,500,15000,0.877419,10560,1749589128,499236864,false,1.4333742,true,1000
similarity n=44 k=4,similarity_singular,44,4,julia,30,54,0.013184159,500,15000,0.877419,10560,1749589128,499236864,false,1.4333742,true,1000
similarity n=44 k=4,similarity_singular,44,4,julia,30,55,0.013184159,500,15000,0.877419,10560,1749589128,499236864,false,1.4333742,true,1000
similarity n=44 k=4,similarity_singular,44,4,julia,30,56,0.013184159,500,15000,0.877419,10560,1749589128,499236864,false,1.4333742,true,1000
similarity n=44 k=4,similarity_singular,44,4,julia,30,57,0.013184159,500,15000,0.877419,10560,1749589128,499236864,false,1.4333742,true,1000
similarity n=44 k=4,similarity_singular,44,4,julia,30,58,0.013184159,500,15000,0.877419,10560,1749589128,499236864,false,1.4333742,true,1000
similarity n=44 k=4,similarity_singular,44,4,julia,30,59,0.013184159,500,15000,0.877419,10560,1749589128,499236864,false,1.4333742,true,1000
similarity n=44 k=4,similarity_singular,44,4,julia,30,60,0.013184159,500,15000,0.877419,10560,1749589128,499236864,false,1.4333742,true,1000
similarity n=44 k=4,similarity_singular,44,4,julia,30,61,0.013184159,500,15000,0.877419,10560,1749589128,499236864,false,1.4333742,true,1000
similarity n=44 k=4,similarity_singular,44,4,julia,30,62,0.013184159,500,15000,0.877419,10560,1749589128,499236864,false,1.4333742,true,1000
similarity n=44 k=4,similarity_singular,44,4,julia,30,63,0.013184159,500,15000,0.877419,10560,1749589128,499236864,false,1.4333742,true,1000
similarity n=44 k=4,similarity_singular,44,4,julia,30,64,0.013184159,500,15000,0.877419,10560,1749589128,499236864,false,1.4333742,true,1000
similarity n=44 k=4,similarity_singular,44,4,julia,30,65,0.013184159,500,15000,0.877419,10560,1749589128,499236864,false,1.4333742,true,1000
similarity n=44 k=4,similarity_singular,44,4,julia,30,66,0.013184159,500,15000,0.877419,10560,1749589128,499236864,false,1.4333742,true,1000
similarity n=44 k=4,similarity_singular,44,4,julia,30,67,0.013184159,500,15000,0.877419,10560,1749589128,499236864,false,1.4333742,true,1000
similarity n=44 k=4,similarity_singular,44,4,julia,30,68,0.013184159,500,15000,0.877419,10560,1749589128,499236864,false,1.4333742,true,1000
similarity n=44 k=4,similarity_singular,44,4,julia,30,69,0.013184159,500,15000,0.877419,10560,1749589128,499236864,false,1.4333742,true,1000
similarity n=44 k=4,similarity_singular,44,4,julia,30,70,0.013184159,500,15000,0.877419,10560,1749589128,499236864,false,1.4333742,true,1000
similarity n=44 k=4,similarity_singular,44,4,julia,30,71,0.013184159,500,15000,0.877419,10560,1749589128,499236864,false,1.4333742,true,1000
similarity n=44 k=4,similarity_singular,44,4,julia,30,72,0.013184159,500,15000,0.877419,10560,1749589128,499236864,false,1.4333742,true,1000
similarity n=44 k=4,similarity_singular,44,4,julia,30,73,0.013184159,500,15000,0.877419,10560,1749589128,499236864,false,1.4333742,true,1000
similarity n=44 k=4,similarity_singular,44,4,julia,30,74,0.013184159,500,15000,0.877419,10560,1749589128,499236864,false,1.4333742,true,1000
similarity n=44 k=4,similarity_singular,44,4,julia,30,75,0.013184159,500,15000,0.877419,10560,1749589128,499236864,false,1.4333742,true,1000
similarity n=44 k=4,similarity_singular,44,4,julia,30,76,0.013184159,500,15000,0.877419,10560,1749589128,499236864,false,1.4333742,true,1000
similarity n=44 k=4,similarity_singular,44,4,julia,30,77,0.013184159,500,15000,0.877419,10560,1749589128,499236864,false,1.4333742,true,1000
similarity n=44 k=4,similarity_singular,44,4,julia,30,78,0.013184159,500,15000,0.877419,10560,1749589128,499236864,false,1.4333742,true,1000
similarity n=44 k=4,similarity_singular,44,4,julia,30,79,0.013184159,500,15000,0.877419,10560,1749589128,499236864,false,1.4333742,true,1000
similarity n=44 k=4,similarity_singular,44,4,julia,30,80,0.013184159,500,15000,0.877419,10560,1749589128,499236864,false,1.4333742,true,1000
similarity n=44 k=4,similarity_singular,44,4,julia,30,81,0.013184159,500,15000,0.877419,10560,1749589128,499236864,false,1.4333742,true,1000
similarity n=44 k=4,similarity_singular,44,4,julia,30,82,0.013184159,500,15000,0.877419,10560,1749589128,499236864,false,1.4333742,true,1000
similarity n=44 k=4,similarity_singular,44,4,julia,30,83,0.013184159,500,15000,0.877419,10560,1749589128,499236864,false,1.4333742,true,1000
similarity n=44 k=4,similarity_singular,44,4,julia,30,84,0.013184159,500,15000,0.877419,10560,1749589128,499236864,false,1.4333742,true,1000
similarity n=44 k=4,similarity_singular,44,4,julia,30,85,0.013184159,500,15000,0.877419,10560,1749589128,499236864,false,1.4333742,true,1000
similarity n=44 k=4,similarity_singular,44,4,julia,30,86,0.013184159,500,15000,0.877419,10560,1749589128,499236864,false,1.4333742,true,1000
similarity n=44 k=4,similarity_singular,44,4,julia,30,87,0.013184159,500,15000,0.877419,10560,1749589128,499236864,false,1.4333742,true,1000
similarity n=44 k=4,similarity_singular,44,4,julia,30,88,0.013184159,500,15000,0.877419,10560,1749589128,499236864,false,1.4333742,true,1000
similarity n=44 k=4,similarity_singular,44,4,julia,30,89,0.013184159,500,15000,0.877419,10560,1749589128,499236864,false,1.4333742,true,1000
similarity n=44 k=4,similarity_singular,44,4,julia,30,90,0.013184159,500,15000,0.877419,10560,1749589128,499236864,false,1.4333742,true,1000
similarity n=44 k=4,similarity_singular,44,4,julia,30,91,0.013184159,500,15000,0.877419,10560,1749589128,499236864,false,1.4333742,true,1000
similarity n=44 k=4,similarity_singular,44,4,julia,30,92,0.013184159,500,15000,0.877419,10560,1749589128,499236864,false,1.4333742,true,1000
similarity n=44 k=4,similarity_singular,44,4,julia,30,93,0.013184159,500,15000,0.877419,10560,1749589128,499236864,false,1.4333742,true,1000
similarity n=44 k=4,similarity_singular,44,4,julia,30,94,0.013184159,500,15000,0.877419,10560,1749589128,499236864,false,1.4333742,true,1000
similarity n=44 k=4,similarity_singular,44,4,julia,30,95,0.013184159,500,15000,0.877419,10560,1749589128,499236864,false,1.4333742,true,1000
similarity n=44 k=4,similarity_singular,44,4,julia,30,96,0.013184159,500,15000,0.877419,10560,1749589128,499236864,false,1.4333742,true,1000
similarity n=44 k=4,similarity_singular,44,4,julia,30,97,0.013184159,500,15000,0.877419,10560,1749589128,499236864,false,1.4333742,true,1000
similarity n=44 k=4,similarity_singular,44,4,julia,30,98,0.013184159,500,15000,0.877419,10560,1749589128,499236864,false,1.4333742,true,1000
similarity n=44 k=4,similarity_singular,44,4,julia,30,99,0.013184159,500,15000,0.877419,10560,1749589128,499236864,false,1.4333742,true,1000
similarity n=44 k=4,similarity_singular,44,4,julia,30,100,0.013184159,500,15000,0.877419,10560,1749589128,499236864,false,1.4333742,true,1000
similarity n=44 k=4,similarity_singular,44,4,julia,30,101,0.013184159,500,15000,0.877419,10560,1749589128,499236864,false,1.4333742,true,1000
similarity n=44 k=4,similarity_singular,44,4,julia,30,102,0.013184159,500,15000,0.877419,10560,1749589128,499236864,false,1.4333742,true,1000
similarity n=44 k=4,similarity_singular,44,4,julia,30,103,0.013184159,500,15000,0.877419,10560,1749589128,499236864,false,1.4333742,true,1000
similarity n=44 k=4,similarity_singular,44,4,julia,30,104,0.013184159,500,15000,0.877419,10560,1749589128,499236864,false,1.4333742,true,1000
similarity n=44 k=4,similarity_singular,44,4,julia,30,105,0.013184159,500,15000,0.877419,10560,1749589128,499236864,false,1.4333742,true,1000
similarity n=44 k=4,similarity_singular,44,4,julia,30,106,0.013184159,500,15000,0.877419,10560,1749589128,499236864,false,1.4333742,true,1000
similarity n=44 k=4,similarity_singular,44,4,julia,30,107,0.013184159,500,15000,0.877419,10560,1749589128,499236864,false,1.4333742,true,1000
similarity n=44 k=4,similarity_singular,44,4,julia,30,108,0.013184159,500,15000,0.877419,10560,1749589128,499236864,false,1.4333742,true,1000
similarity n=44 k=4,similarity_singular,44,4,julia,30,109,0.013184159,500,15000,0.877419,10560,1749589128,499236864,false,1.4333742,true,1000
similarity n=44 k=4,similarity_singular,44,4,julia,30,110,0.013184159,500,15000,0.877419,10560,1749589128,499236864,false,1.4333742,true,1000
similarity n=44 k=4,similarity_singular,44,4,julia,30,111,0.013184159,500,15000,0.877419,10560,1749589128,499236864,false,1.4333742,true,1000
similarity n=44 k=4,similarity_singular,44,4,julia,30,112,0.013184159,500,15000,0.877419,10560,1749589128,499236864,false,1.4333742,true,1000
similarity n=44 k=4,similarity_singular,44,4,julia,30,113,0.013184159,500,15000,0.877419,10560,1749589128,499236864,false,1.4333742,true,1000
similarity n=44 k=4,similarity_singular,44,4,julia,30,114,0.013184159,500,15000,0.877419,10560,1749589128,499236864,false,1.4333742,true,1000
similarity n=44 k=4,similarity_singular,44,4,julia,30,115,0.013184159,500,15000,0.877419,10560,1749589128,499236864,false,1.4333742,true,1000
similarity n=44 k=4,similarity_singular,44,4,julia,30,116,0.013184159,500,15000,0.877419,10560,1749589128,499236864,false,1.4333742,true,1000
similarity n=44 k=4,similarity_singular,44,4,julia,30,117,0.013184159,500,15000,0.877419,10560,1749589128,499236864,false,1.4333742,true,1000
similarity n=44 k=4,similarity_singular,44,4,julia,30,118,0.013184159,500,15000,0.877419,10560,1749589128,499236864,false,1.4333742,true,1000
similarity n=44 k=4,similarity_singular,44,4,julia,30,119,0.013184159,500,15000,0.877419,10560,1749589128,499236864,false,1.4333742,true,1000
similarity n=44 k=4,similarity_singular,44,4,julia,30,120,0.013184159,500,15000,0.877419,10560,1749589128,499236864,false,1.4333742,true,1000
similarity n=44 k=4,similarity_singular,44,4,julia,30,121,0.013184159,500,15000,0.877419,10560,1749589128,499236864,false,1.4333742,true,1000
similarity n=44 k=4,similarity_singular,44,4,julia,30,122,0.013184159,500,15000,0.877419,10560,1749589128,499236864,false,1.4333742,true,1000
similarity n=44 k=4,similarity_singular,44,4,julia,30,123,0.013184159,500,15000,0.877419,10560,1749589128,499236864,false,1.4333742,true,1000
similarity n=44 k=4,similarity_singular,44,4,julia,30,124,0.013184159,500,15000,0.877419,10560,1749589128,499236864,false,1.4333742,true,1000
similarity n=44 k=4,similarity_singular,44,4,julia,30,125,0.013184159,500,15000,0.877419,10560,1749589128,499236864,false,1.4333742,true,1000
similarity n=44 k=4,similarity_singular,44,4,julia,30,126,0.013184159,500,15000,0.877419,10560,1749589128,499236864,false,1.4333742,true,1000
similarity n=44 k=4,similarity_singular,44,4,julia,30,127,0.013184159,500,15000,0.877419,10560,1749589128,499236864,false,1.4333742,true,1000
similarity n=44 k=4,similarity_singular,44,4,julia,30,128,0.013184159,500,15000,0.877419,10560,1749589128,499236864,false,1.4333742,true,1000
similarity n=44 k=4,similarity_singular,44,4,julia,30,129,0.013184159,500,15000,0.877419,10560,1749589128,499236864,false,1.4333742,true,1000
similarity n=44 k=4,similarity_singular,44,4,julia,30,130,0.013184159,500,15000,0.877419,10560,1749589128,499236864,false,1.4333742,true,1000
similarity n=44 k=4,similarity_singular,44,4,julia,30,131,0.013184159,500,15000,0.877419,10560,1749589128,499236864,false,1.4333742,true,1000
similarity n=44 k=4,similarity_singular,44,4,julia,30,132,0.013184159,500,15000,0.877419,10560,1749589128,499236864,false,1.4333742,true,1000
similarity n=44 k=4,similarity_singular,44,4,julia,30,133,0.013184159,500,15000,0.877419,10560,1749589128,499236864,false,1.4333742,true,1000
similarity n=44 k=4,similarity_singular,44,4,julia,30,134,0.013184159,500,15000,0.877419,10560,1749589128,499236864,false,1.4333742,true,1000
similarity n=44 k=4,similarity_singular,44,4,julia,30,135,0.013184159,500,15000,0.877419,10560,1749589128,499236864,false,1.4333742,true,1000
similarity n=44 k=4,similarity_singular,44,4,julia,30,136,0.013184159,500,15000,0.877419,10560,1749589128,499236864,false,1.4333742,true,1000
similarity n=44 k=4,similarity_singular,44,4,julia,30,137,0.013184159,500,15000,0.877419,10560,1749589128,499236864,false,1.4333742,true,1000
similarity n=44 k=4,similarity_singular,44,4,julia,30,138,0.013184159,500,15000,0.877419,10560,1749589128,499236864,false,1.4333742,true,1000
similarity n=44 k=4,similarity_singular,44,4,julia,30,139,0.013184159,500,15000,0.877419,10560,1749589128,499236864,false,1.4333742,true,1000
similarity n=44 k=4,similarity_singular,44,4,julia,30,140,0.013184159,500,15000,0.877419,10560,1749589128,499236864,false,1.4333742,true,1000
similarity n=44 k=4,similarity_singular,44,4,julia,30,141,0.013184159,500,15000,0.877419,10560,1749589128,499236864,false,1.4333742,true,1000
similarity n=44 k=4,similarity_singular,44,4,julia,30,142,0.013184159,500,15000,0.877419,10560,1749589128,499236864,false,1.4333742,true,1000
similarity n=44 k=4,similarity_singular,44,4,julia,30,143,0.013184159,500,15000,0.877419,10560,1749589128,499236864,false,1.4333742,true,1000
similarity n=44 k=4,similarity_singular,44,4,julia,30,144,0.013184159,500,15000,0.877419,10560,1749589128,499236864,false,1.4333742,true,1000
similarity n=44 k=4,similarity_singular,44,4,julia,30,145,0.013184159,500,15000,0.877419,10560,1749589128,499236864,false,1.4333742,true,1000
similarity n=44 k=4,similarity_singular,44,4,julia,30,146,0.013184159,500,15000,0.877419,10560,1749589128,499236864,false,1.4333742,true,1000
similarity n=44 k=4,similarity_singular,44,4,julia,30,147,0.013184159,500,15000,0.877419,10560,1749589128,499236864,false,1.4333742,true,1000
similarity n=44 k=4,similarity_singular,44,4,julia,30,148,0.013184159,500,15000,0.877419,10560,1749589128,499236864,false,1.4333742,true,1000
similarity n=44 k=4,similarity_singular,44,4,julia,30,149,0.013184159,500,15000,0.877419,10560,1749589128,499236864,false,1.4333742,true,1000
similarity n=44 k=4,similarity_singular,44,4,julia,30,150,0.013184159,500,15000,0.877419,10560,1749589128,499236864,false,1.4333742,true,1000
similarity n=44 k=4,similarity_singular,44,4,julia,30,151,0.013184159,500,15000,0.877419,10560,1749589128,499236864,false,1.4333742,true,1000
similarity n=44 k=4,similarity_singular,44,4,julia,30,152,0.013184159,500,15000,0.877419,10560,1749589128,499236864,false,1.4333742,true,1000
similarity n=44 k=4,similarity_singular,44,4,julia,30,153,0.013184159,500,15000,0.877419,10560,1749589128,499236864,false,1.4333742,true,1000
similarity n=44 k=4,similarity_singular,44,4,julia,30,154,0.013184159,500,15000,0.877419,10560,1749589128,499236864,false,1.4333742,true,1000
similarity n=44 k=4,similarity_singular,44,4,julia,30,155,0.013184159,500,15000,0.877419,10560,1749589128,499236864,false,1.4333742,true,1000
similarity n=44 k=4,similarity_singular,44,4,julia,30,156,0.013184159,500,15000,0.877419,10560,1749589128,499236864,false,1.4333742,true,1000
similarity n=44 k=4,similarity_singular,44,4,julia,30,157,0.013184159,500,15000,0.877419,10560,1749589128,499236864,false,1.4333742,true,1000
similarity n=44 k=4,similarity_singular,44,4,julia,30,158,0.013184159,500,15000,0.877419,10560,1749589128,499236864,false,1.4333742,true,1000
similarity n=44 k=4,similarity_singular,44,4,julia,30,159,0.013184159,500,15000,0.877419,10560,1749589128,499236864,false,1.4333742,true,1000
similarity n=44 k=4,similarity_singular,44,4,julia,30,160,0.013184159,500,15000,0.877419,10560,1749589128,499236864,false,1.4333742,true,1000
similarity n=44 k=4,similarity_singular,44,4,julia,30,161,0.013184159,500,15000,0.877419,10560,1749589128,499236864,false,1.4333742,true,1000
similarity n=44 k=4,similarity_singular,44,4,julia,30,162,0.013184159,500,15000,0.877419,10560,1749589128,499236864,false,1.4333742,true,1000
similarity n=44 k=4,similarity_singular,44,4,julia,30,163,0.013184159,500,15000,0.877419,10560,1749589128,499236864,false,1.4333742,true,1000
similarity n=44 k=4,similarity_singular,44,4,julia,30,164,0.013184159,500,15000,0.877419,10560,1749589128,499236864,false,1.4333742,true,1000
similarity n=44 k=4,similarity_singular,44,4,julia,30,165,0.013184159,500,15000,0.877419,10560,1749589128,499236864,false,1.4333742,true,1000
similarity n=44 k=4,similarity_singular,44,4,julia,30,166,0.013184159,500,15000,0.877419,10560,1749589128,499236864,false,1.4333742,true,1000
similarity n=44 k=4,similarity_singular,44,4,julia,30,167,0.013184159,500,15000,0.877419,10560,1749589128,499236864,false,1.4333742,true,1000
similarity n=44 k=4,similarity_singular,44,4,julia,30,168,0.013184159,500,15000,0.877419,10560,1749589128,499236864,false,1.4333742,true,1000
similarity n=44 k=4,similarity_singular,44,4,julia,30,169,0.013184159,500,15000,0.877419,10560,1749589128,499236864,false,1.4333742,true,1000
similarity n=44 k=4,similarity_singular,44,4,julia,30,170,0.013184159,500,15000,0.877419,10560,1749589128,499236864,false,1.4333742,true,1000
similarity n=44 k=4,similarity_singular,44,4,julia,30,171,0.013184159,500,15000,0.877419,10560,1749589128,499236864,false,1.4333742,true,1000
similarity n=44 k=4,similarity_singular,44,4,julia,30,172,0.013184159,500,15000,0.877419,10560,1749589128,499236864,false,1.4333742,true,1000
similarity n=44 k=4,similarity_singular,44,4,julia,30,173,0.013184159,500,15000,0.877419,10560,1749589128,499236864,false,1.4333742,true,1000
similarity n=44 k=4,similarity_singular,44,4,julia,30,174,0.013184159,500,15000,0.877419,10560,1749589128,499236864,false,1.4333742,true,1000
similarity n=44 k=4,similarity_singular,44,4,julia,30,175,0.013184159,500,15000,0.877419,10560,1749589128,499236864,false,1.4333742,true,1000
similarity n=44 k=4,similarity_singular,44,4,julia,30,176,0.013184159,500,15000,0.877419,10560,1749589128,499236864,false,1.4333742,true,1000
similarity n=44 k=4,similarity_singular,44,4,julia,30,177,0.013184159,500,15000,0.877419,10560,1749589128,499236864,false,1.4333742,true,1000
similarity n=44 k=4,similarity_singular,44,4,julia,30,178,0.013184159,500,15000,0.877419,10560,1749589128,499236864,false,1.4333742,true,1000
similarity n=44 k=4,similarity_singular,44,4,julia,30,179,0.013184159,500,15000,0.877419,10560,1749589128,499236864,false,1.4333742,true,1000
similarity n=44 k=4,similarity_singular,44,4,julia,30,180,0.013184159,500,15000,0.877419,10560,1749589128,499236864,false,1.4333742,true,1000
similarity n=44 k=4,similarity_singular,44,4,julia,30,181,0.013184159,500,15000,0.877419,10560,1749589128,499236864,false,1.4333742,true,1000
similarity n=44 k=4,similarity_singular,44,4,julia,30,182,0.013184159,500,15000,0.877419,10560,1749589128,499236864,false,1.4333742,true,1000
similarity n=44 k=4,similarity_singular,44,4,julia,30,183,0.013184159,500,15000,0.877419,10560,1749589128,499236864,false,1.4333742,true,1000
similarity n=44 k=4,similarity_singular,44,4,julia,30,184,0.013184159,500,15000,0.877419,10560,1749589128,499236864,false,1.4333742,true,1000
similarity n=44 k=4,similarity_singular,44,4,julia,30,185,0.013184159,500,15000,0.877419,10560,1749589128,499236864,false,1.4333742,true,1000
similarity n=44 k=4,similarity_singular,44,4,julia,30,186,0.013184159,500,15000,0.877419,10560,1749589128,499236864,false,1.4333742,true,1000
similarity n=44 k=4,similarity_singular,44,4,julia,30,187,0.013184159,500,15000,0.877419,10560,1749589128,499236864,false,1.4333742,true,1000
similarity n=44 k=4,similarity_singular,44,4,julia,30,188,0.013184159,500,15000,0.877419,10560,1749589128,499236864,false,1.4333742,true,1000
similarity n=44 k=4,similarity_singular,44,4,julia,30,189,0.013184159,500,15000,0.877419,10560,1749589128,499236864,false,1.4333742,true,1000
similarity n=44 k=4,similarity_singular,44,4,julia,30,190,0.013184159,500,15000,0.877419,10560,1749589128,499236864,false,1.4333742,true,1000
similarity n=44 k=4,similarity_singular,44,4,julia,30,191,0.013184159,500,15000,0.877419,10560,1749589128,499236864,false,1.4333742,true,1000
similarity n=44 k=4,similarity_singular,44,4,julia,30,192,0.013184159,500,15000,0.877419,10560,1749589128,499236864,false,1.4333742,true,1000
similarity n=44 k=4,similarity_singular,44,4,julia,30,193,0.013184159,500,15000,0.877419,10560,1749589128,499236864,false,1.4333742,true,1000
similarity n=44 k=4,similarity_singular,44,4,julia,30,194,0.013184159,500,15000,0.877419,10560,1749589128,499236864,false,1.4333742,true,1000
similarity n=44 k=4,similarity_singular,44,4,julia,30,195,0.013184159,500,15000,0.877419,10560,1749589128,499236864,false,1.4333742,true,1000
similarity n=44 k=4,similarity_singular,44,4,julia,30,196,0.013184159,500,15000,0.877419,10560,1749589128,499236864,false,1.4333742,true,1000
similarity n=44 k=4,similarity_singular,44,4,julia,30,197,0.013184159,500,15000,0.877419,10560,1749589128,499236864,false,1.4333742,true,1000
similarity n=44 k=4,similarity_singular,44,4,julia,30,198,0.013184159,500,15000,0.877419,10560,1749589128,499236864,false,1.4333742,true,1000
similarity n=44 k=4,similarity_singular,44,4,julia,30,199,0.013184159,500,15000,0.877419,10560,1749589128,499236864,false,1.4333742,true,1000
similarity n=44 k=4,similarity_singular,44,4,julia,30,200,0.013184159,500,15000,0.877419,10560,1749589128,499236864,false,1.4333742,true,1000
similarity n=44 k=4,similarity_singular,44,4,julia,30,201,0.013184159,500,15000,0.877419,10560,1749589128,499236864,false,1.4333742,true,1000
similarity n=44 k=4,similarity_singular,44,4,julia,30,202,0.013184159,500,15000,0.877419,10560,1749589128,499236864,false,1.4333742,true,1000
similarity n=44 k=4,similarity_singular,44,4,julia,30,203,0.013184159,500,15000,0.877419,10560,1749589128,499236864,false,1.4333742,true,1000
similarity n=44 k=4,similarity_singular,44,4,julia,30,204,0.013184159,500,15000,0.877419,10560,1749589128,499236864,false,1.4333742,true,1000
similarity n=44 k=4,similarity_singular,44,4,julia,30,205,0.013184159,500,15000,0.877419,10560,1749589128,499236864,false,1.4333742,true,1000
similarity n=44 k=4,similarity_singular,44,4,julia,30,206,0.013184159,500,15000,0.877419,10560,1749589128,499236864,false,1.4333742,true,1000
similarity n=44 k=4,similarity_singular,44,4,julia,30,207,0.013184159,500,15000,0.877419,10560,1749589128,499236864,false,1.4333742,true,1000
similarity n=44 k=4,similarity_singular,44,4,julia,30,208,0.013184159,500,15000,0.877419,10560,1749589128,499236864,false,1.4333742,true,1000
similarity n=44 k=4,similarity_singular,44,4,julia,30,209,0.013184159,500,15000,0.877419,10560,1749589128,499236864,false,1.4333742,true,1000
similarity n=44 k=4,similarity_singular,44,4,julia,30,210,0.013184159,500,15000,0.877419,10560,1749589128,499236864,false,1.4333742,true,1000
similarity n=44 k=4,similarity_singular,44,4,julia,30,211,0.013184159,500,15000,0.877419,10560,1749589128,499236864,false,1.4333742,true,1000
similarity n=44 k=4,similarity_singular,44,4,julia,30,212,0.013184159,500,15000,0.877419,10560,1749589128,499236864,false,1.4333742,true,1000
similarity n=44 k=4,similarity_singular,44,4,julia,30,213,0.013184159,500,15000,0.877419,10560,1749589128,499236864,false,1.4333742,true,1000
similarity n=44 k=4,similarity_singular,44,4,julia,30,214,0.013184159,500,15000,0.877419,10560,1749589128,499236864,false,1.4333742,true,1000
similarity n=44 k=4,similarity_singular,44,4,julia,30,215,0.013184159,500,15000,0.877419,10560,1749589128,499236864,false,1.4333742,true,1000
similarity n=44 k=4,similarity_singular,44,4,julia,30,216,0.013184159,500,15000,0.877419,10560,1749589128,499236864,false,1.4333742,true,1000
similarity n=44 k=4,similarity_singular,44,4,julia,30,217,0.013184159,500,15000,0.877419,10560,1749589128,499236864,false,1.4333742,true,1000
similarity n=44 k=4,similarity_singular,44,4,julia,30,218,0.013184159,500,15000,0.877419,10560,1749589128,499236864,false,1.4333742,true,1000
similarity n=44 k=4,similarity_singular,44,4,julia,30,219,0.013184159,500,15000,0.877419,10560,1749589128,499236864,false,1.4333742,true,1000
similarity n=44 k=4,similarity_singular,44,4,julia,30,220,0.013184159,500,15000,0.877419,10560,1749589128,499236864,false,1.4333742,true,1000
similarity n=44 k=4,similarity_singular,44,4,julia,30,221,0.013184159,500,15000,0.877419,10560,1749589128,499236864,false,1.4333742,true,1000
similarity n=44 k=4,similarity_singular,44,4,julia,30,222,0.013184159,500,15000,0.877419,10560,1749589128,499236864,false,1.4333742,true,1000
similarity n=44 k=4,similarity_singular,44,4,julia,30,223,0.013184159,500,15000,0.877419,10560,1749589128,499236864,false,1.4333742,true,1000
similarity n=44 k=4,similarity_singular,44,4,julia,30,224,0.013184159,500,15000,0.877419,10560,1749589128,499236864,false,1.4333742,true,1000
similarity n=44 k=4,similarity_singular,44,4,julia,30,225,0.013184159,500,15000,0.877419,10560,1749589128,499236864,false,1.4333742,true,1000
similarity n=44 k=4,similarity_singular,44,4,julia,30,226,0.013184159,500,15000,0.877419,10560,1749589128,499236864,false,1.4333742,true,1000
similarity n=44 k=4,similarity_singular,44,4,julia,30,227,0.013184159,500,15000,0.877419,10560,1749589128,499236864,false,1.4333742,true,1000
similarity n=44 k=4,similarity_singular,44,4,julia,30,228,0.013184159,500,15000,0.877419,10560,1749589128,499236864,false,1.4333742,true,1000
similarity n=44 k=4,similarity_singular,44,4,julia,30,229,0.013184159,500,15000,0.877419,10560,1749589128,499236864,false,1.4333742,true,1000
similarity n=44 k=4,similarity_singular,44,4,julia,30,230,0.013184159,500,15000,0.877419,10560,1749589128,499236864,false,1.4333742,true,1000
similarity n=44 k=4,similarity_singular,44,4,julia,30,231,0.013184159,500,15000,0.877419,10560,1749589128,499236864,false,1.4333742,true,1000
similarity n=44 k=4,similarity_singular,44,4,julia,30,232,0.013184159,500,15000,0.877419,10560,1749589128,499236864,false,1.4333742,true,1000
similarity n=44 k=4,similarity_singular,44,4,julia,30,233,0.013184159,500,15000,0.877419,10560,1749589128,499236864,false,1.4333742,true,1000
similarity n=44 k=4,similarity_singular,44,4,julia,30,234,0.013184159,500,15000,0.877419,10560,1749589128,499236864,false,1.4333742,true,1000
similarity n=44 k=4,similarity_singular,44,4,julia,30,235,0.013184159,500,15000,0.877419,10560,1749589128,499236864,false,1.4333742,true,1000
similarity n=44 k=4,similarity_singular,44,4,julia,30,236,0.013184159,500,15000,0.877419,10560,1749589128,499236864,false,1.4333742,true,1000
similarity n=44 k=4,similarity_singular,44,4,julia,30,237,0.013184159,500,15000,0.877419,10560,1749589128,499236864,false,1.4333742,true,1000
similarity n=44 k=4,similarity_singular,44,4,julia,30,238,0.013184159,500,15000,0.877419,10560,1749589128,499236864,false,1.4333742,true,1000
similarity n=44 k=4,similarity_singular,44,4,julia,30,239,0.013184159,500,15000,0.877419,10560,1749589128,499236864,false,1.4333742,true,1000
similarity n=44 k=4,similarity_singular,44,4,julia,30,240,0.013184159,500,15000,0.877419,10560,1749589128,499236864,false,1.4333742,true,1000
similarity n=44 k=4,similarity_singular,44,4,julia,30,241,0.013184159,500,15000,0.877419,10560,1749589128,499236864,false,1.4333742,true,1000
similarity n=44 k=4,similarity_singular,44,4,julia,30,242,0.013184159,500,15000,0.877419,10560,1749589128,499236864,false,1.4333742,true,1000
similarity n=44 k=4,similarity_singular,44,4,julia,30,243,0.013184159,500,15000,0.877419,10560,1749589128,499236864,false,1.4333742,true,1000
similarity n=44 k=4,similarity_singular,44,4,julia,30,244,0.013184159,500,15000,0.877419,10560,1749589128,499236864,false,1.4333742,true,1000
similarity n=44 k=4,similarity_singular,44,4,julia,30,245,0.013184159,500,15000,0.877419,10560,1749589128,499236864,false,1.4333742,true,1000
similarity n=44 k=4,similarity_singular,44,4,julia,30,246,0.013184159,500,15000,0.877419,10560,1749589128,499236864,false,1.4333742,true,1000
similarity n=44 k=4,similarity_singular,44,4,julia,30,247,0.013184159,500,15000,0.877419,10560,1749589128,499236864,false,1.4333742,true,1000
similarity n=44 k=4,similarity_singular,44,4,julia,30,248,0.013184159,500,15000,0.877419,10560,1749589128,499236864,false,1.4333742,true,1000
similarity n=44 k=4,similarity_singular,44,4,julia,30,249,0.013184159,500,15000,0.877419,10560,1749589128,499236864,false,1.4333742,true,1000
similarity n=44 k=4,similarity_singular,44,4,julia,30,250,0.013184159,500,15000,0.877419,10560,1749589128,499236864,false,1.4333742,true,1000
similarity n=44 k=4,similarity_singular,44,4,julia,30,251,0.013184159,500,15000,0.877419,10560,1749589128,499236864,false,1.4333742,true,1000
similarity n=44 k=4,similarity_singular,44,4,julia,30,252,0.013184159,500,15000,0.877419,10560,1749589128,499236864,false,1.4333742,true,1000
similarity n=44 k=4,similarity_singular,44,4,julia,30,253,0.013184159,500,15000,0.877419,10560,1749589128,499236864,false,1.4333742,true,1000
similarity n=44 k=4,similarity_singular,44,4,julia,30,254,0.013184159,500,15000,0.877419,10560,1749589128,499236864,false,1.4333742,true,1000
similarity n=44 k=4,similarity_singular,44,4,julia,30,255,0.013184159,500,15000,0.877419,10560,1749589128,499236864,false,1.4333742,true,1000
similarity n=44 k=4,similarity_singular,44,4,julia,30,256,0.013184159,500,15000,0.877419,10560,1749589128,499236864,false,1.4333742,true,1000
similarity n=44 k=4,similarity_singular,44,4,julia,30,257,0.013184159,500,15000,0.877419,10560,1749589128,499236864,false,1.4333742,true,1000
similarity n=44 k=4,similarity_singular,44,4,julia,30,258,0.013184159,500,15000,0.877419,10560,1749589128,499236864,false,1.4333742,true,1000
similarity n=44 k=4,similarity_singular,44,4,julia,30,259,0.013184159,500,15000,0.877419,10560,1749589128,499236864,false,1.4333742,true,1000
similarity n=44 k=4,similarity_singular,44,4,julia,30,260,0.013184159,500,15000,0.877419,10560,1749589128,499236864,false,1.4333742,true,1000
similarity n=44 k=4,similarity_singular,44,4,julia,30,261,0.013184159,500,15000,0.877419,10560,1749589128,499236864,false,1.4333742,true,1000
similarity n=44 k=4,similarity_singular,44,4,julia,30,262,0.013184159,500,15000,0.877419,10560,1749589128,499236864,false,1.4333742,true,1000
similarity n=44 k=4,similarity_singular,44,4,julia,30,263,0.013184159,500,15000,0.877419,10560,1749589128,499236864,false,1.4333742,true,1000
similarity n=44 k=4,similarity_singular,44,4,julia,30,264,0.013184159,500,15000,0.877419,10560,1749589128,499236864,false,1.4333742,true,1000
similarity n=44 k=4,similarity_singular,44,4,julia,30,265,0.013184159,500,15000,0.877419,10560,1749589128,499236864,false,1.4333742,true,1000
similarity n=44 k=4,similarity_singular,44,4,julia,30,266,0.013184159,500,15000,0.877419,10560,1749589128,499236864,false,1.4333742,true,1000
similarity n=44 k=4,similarity_singular,44,4,julia,30,267,0.013184159,500,15000,0.877419,10560,1749589128,499236864,false,1.4333742,true,1000
similarity n=44 k=4,similarity_singular,44,4,julia,30,268,0.013184159,500,15000,0.877419,10560,1749589128,499236864,false,1.4333742,true,1000
similarity n=44 k=4,similarity_singular,44,4,julia,30,269,0.013184159,500,15000,0.877419,10560,1749589128,499236864,false,1.4333742,true,1000
similarity n=44 k=4,similarity_singular,44,4,julia,30,270,0.013184159,500,15000,0.877419,10560,1749589128,499236864,false,1.4333742,true,1000
similarity n=44 k=4,similarity_singular,44,4,julia,30,271,0.013184159,500,15000,0.877419,10560,1749589128,499236864,false,1.4333742,true,1000
similarity n=44 k=4,similarity_singular,44,4,julia,30,272,0.013184159,500,15000,0.877419,10560,1749589128,499236864,false,1.4333742,true,1000
similarity n=44 k=4,similarity_singular,44,4,julia,30,273,0.013184159,500,15000,0.877419,10560,1749589128,499236864,false,1.4333742,true,1000
similarity n=44 k=4,similarity_singular,44,4,julia,30,274,0.013184159,500,15000,0.877419,10560,1749589128,499236864,false,1.4333742,true,1000
similarity n=44 k=4,similarity_singular,44,4,julia,30,275,0.013184159,500,15000,0.877419,10560,1749589128,499236864,false,1.4333742,true,1000
similarity n=44 k=4,similarity_singular,44,4,julia,30,276,0.013184159,500,15000,0.877419,10560,1749589128,499236864,false,1.4333742,true,1000
similarity n=44 k=4,similarity_singular,44,4,julia,30,277,0.013184159,500,15000,0.877419,10560,1749589128,499236864,false,1.4333742,true,1000
similarity n=44 k=4,similarity_singular,44,4,julia,30,278,0.013184159,500,15000,0.877419,10560,1749589128,499236864,false,1.4333742,true,1000
similarity n=44 k=4,similarity_singular,44,4,julia,30,279,0.013184159,500,15000,0.877419,10560,1749589128,499236864,false,1.4333742,true,1000
similarity n=44 k=4,similarity_singular,44,4,julia,30,280,0.013184159,500,15000,0.877419,10560,1749589128,499236864,false,1.4333742,true,1000
similarity n=44 k=4,similarity_singular,44,4,julia,30,281,0.013184159,500,15000,0.877419,10560,1749589128,499236864,false,1.4333742,true,1000
similarity n=44 k=4,similarity_singular,44,4,julia,30,282,0.013184159,500,15000,0.877419,10560,1749589128,499236864,false,1.4333742,true,1000
similarity n=44 k=4,similarity_singular,44,4,julia,30,283,0.013184159,500,15000,0.877419,10560,1749589128,499236864,false,1.4333742,true,1000
similarity n=44 k=4,similarity_singular,44,4,julia,30,284,0.013184159,500,15000,0.877419,10560,1749589128,499236864,false,1.4333742,true,1000
similarity n=44 k=4,similarity_singular,44,4,julia,30,285,0.013184159,500,15000,0.877419,10560,1749589128,499236864,false,1.4333742,true,1000
similarity n=44 k=4,similarity_singular,44,4,julia,30,286,0.013184159,500,15000,0.877419,10560,1749589128,499236864,false,1.4333742,true,1000
similarity n=44 k=4,similarity_singular,44,4,julia,30,287,0.013184159,500,15000,0.877419,10560,1749589128,499236864,false,1.4333742,true,1000
similarity n=44 k=4,similarity_singular,44,4,julia,30,288,0.013184159,500,15000,0.877419,10560,1749589128,499236864,false,1.4333742,true,1000
similarity n=44 k=4,similarity_singular,44,4,julia,30,289,0.013184159,500,15000,0.877419,10560,1749589128,499236864,false,1.4333742,true,1000
similarity n=44 k=4,similarity_singular,44,4,julia,30,290,0.013184159,500,15000,0.877419,10560,1749589128,499236864,false,1.4333742,true,1000
similarity n=44 k=4,similarity_singular,44,4,julia,30,291,0.013184159,500,15000,0.877419,10560,1749589128,499236864,false,1.4333742,true,1000
similarity n=44 k=4,similarity_singular,44,4,julia,30,292,0.013184159,500,15000,0.877419,10560,1749589128,499236864,false,1.4333742,true,1000
similarity n=44 k=4,similarity_singular,44,4,julia,30,293,0.013184159,500,15000,0.877419,10560,1749589128,499236864,false,1.4333742,true,1000
similarity n=44 k=4,similarity_singular,44,4,julia,30,294,0.013184159,500,15000,0.877419,10560,1749589128,499236864,false,1.4333742,true,1000
similarity n=44 k=4,similarity_singular,44,4,julia,30,295,0.013184159,500,15000,0.877419,10560,1749589128,499236864,false,1.4333742,true,1000
similarity n=44 k=4,similarity_singular,44,4,julia,30,296,0.013184159,500,15000,0.877419,10560,1749589128,499236864,false,1.4333742,true,1000
similarity n=44 k=4,similarity_singular,44,4,julia,30,297,0.013184159,500,15000,0.877419,10560,1749589128,499236864,false,1.4333742,true,1000
similarity n=44 k=4,similarity_singular,44,4,julia,30,298,0.013184159,500,15000,0.877419,10560,1749589128,499236864,false,1.4333742,true,1000
similarity n=44 k=4,similarity_singular,44,4,julia,30,299,0.013184159,500,15000,0.877419,10560,1749589128,499236864,false,1.4333742,true,1000
similarity n=44 k=4,similarity_singular,44,4,julia,30,300,0.013184159,500,15000,0.877419,10560,1749589128,499236864,false,1.4333742,true,1000
similarity n=44 k=4,similarity_singular,44,4,julia,30,301,0.013184159,500,15000,0.877419,10560,1749589128,499236864,false,1.4333742,true,1000
similarity n=44 k=4,similarity_singular,44,4,julia,30,302,0.013184159,500,15000,0.877419,10560,1749589128,499236864,false,1.4333742,true,1000
similarity n=44 k=4,similarity_singular,44,4,julia,30,303,0.013184159,500,15000,0.877419,10560,1749589128,499236864,false,1.4333742,true,1000
similarity n=44 k=4,similarity_singular,44,4,julia,30,304,0.013184159,500,15000,0.877419,10560,1749589128,499236864,false,1.4333742,true,1000
similarity n=44 k=4,similarity_singular,44,4,julia,30,305,0.013184159,500,15000,0.877419,10560,1749589128,499236864,false,1.4333742,true,1000
similarity n=44 k=4,similarity_singular,44,4,julia,30,306,0.013184159,500,15000,0.877419,10560,1749589128,499236864,false,1.4333742,true,1000
similarity n=44 k=4,similarity_singular,44,4,julia,30,307,0.013184159,500,15000,0.877419,10560,1749589128,499236864,false,1.4333742,true,1000
similarity n=44 k=4,similarity_singular,44,4,julia,30,308,0.013184159,500,15000,0.877419,10560,1749589128,499236864,false,1.4333742,true,1000
similarity n=44 k=4,similarity_singular,44,4,julia,30,309,0.013184159,500,15000,0.877419,10560,1749589128,499236864,false,1.4333742,true,1000
similarity n=44 k=4,similarity_singular,44,4,julia,30,310,0.013184159,500,15000,0.877419,10560,1749589128,499236864,false,1.4333742,true,1000
similarity n=44 k=4,similarity_singular,44,4,julia,30,311,0.013184159,500,15000,0.877419,10560,1749589128,499236864,false,1.4333742,true,1000
similarity n=44 k=4,similarity_singular,44,4,julia,30,312,0.013184159,500,15000,0.877419,10560,1749589128,499236864,false,1.4333742,true,1000
similarity n=44 k=4,similarity_singular,44,4,julia,30,313,0.013184159,500,15000,0.877419,10560,1749589128,499236864,false,1.4333742,true,1000
similarity n=44 k=4,similarity_singular,44,4,julia,30,314,0.013184159,500,15000,0.877419,10560,1749589128,499236864,false,1.4333742,true,1000
similarity n=44 k=4,similarity_singular,44,4,julia,30,315,0.013184159,500,15000,0.877419,10560,1749589128,499236864,false,1.4333742,true,1000
similarity n=44 k=4,similarity_singular,44,4,julia,30,316,0.013184159,500,15000,0.877419,10560,1749589128,499236864,false,1.4333742,true,1000
similarity n=44 k=4,similarity_singular,44,4,julia,30,317,0.013184159,500,15000,0.877419,10560,1749589128,499236864,false,1.4333742,true,1000
similarity n=44 k=4,similarity_singular,44,4,julia,30,318,0.013184159,500,15000,0.877419,10560,1749589128,499236864,false,1.4333742,true,1000
similarity n=44 k=4,similarity_singular,44,4,julia,30,319,0.013184159,500,15000,0.877419,10560,1749589128,499236864,false,1.4333742,true,1000
similarity n=44 k=4,similarity_singular,44,4,julia,30,320,0.013184159,500,15000,0.877419,10560,1749589128,499236864,false,1.4333742,true,1000
similarity n=44 k=4,similarity_singular,44,4,julia,30,321,0.013184159,500,15000,0.877419,10560,1749589128,499236864,false,1.4333742,true,1000
similarity n=44 k=4,similarity_singular,44,4,julia,30,322,0.013184159,500,15000,0.877419,10560,1749589128,499236864,false,1.4333742,true,1000
similarity n=44 k=4,similarity_singular,44,4,julia,30,323,0.013184159,500,15000,0.877419,10560,1749589128,499236864,false,1.4333742,true,1000
similarity n=44 k=4,similarity_singular,44,4,julia,30,324,0.013184159,500,15000,0.877419,10560,1749589128,499236864,false,1.4333742,true,1000
similarity n=44 k=4,similarity_singular,44,4,julia,30,325,0.013184159,500,15000,0.877419,10560,1749589128,499236864,false,1.4333742,true,1000
similarity n=44 k=4,similarity_singular,44,4,julia,30,326,0.013184159,500,15000,0.877419,10560,1749589128,499236864,false,1.4333742,true,1000
similarity n=44 k=4,similarity_singular,44,4,julia,30,327,0.013184159,500,15000,0.877419,10560,1749589128,499236864,false,1.4333742,true,1000
similarity n=44 k=4,similarity_singular,44,4,julia,30,328,0.013184159,500,15000,0.877419,10560,1749589128,499236864,false,1.4333742,true,1000
similarity n=44 k=4,similarity_singular,44,4,julia,30,329,0.013184159,500,15000,0.877419,10560,1749589128,499236864,false,1.4333742,true,1000
similarity n=44 k=4,similarity_singular,44,4,julia,30,330,0.013184159,500,15000,0.877419,10560,1749589128,499236864,false,1.4333742,true,1000
similarity n=44 k=4,similarity_singular,44,4,julia,30,331,0.013184159,500,15000,0.877419,10560,1749589128,499236864,false,1.4333742,true,1000
similarity n=44 k=4,similarity_singular,44,4,julia,30,332,0.013184159,500,15000,0.877419,10560,1749589128,499236864,false,1.4333742,true,1000
similarity n=44 k=4,similarity_singular,44,4,julia,30,333,0.013184159,500,15000,0.877419,10560,1749589128,499236864,false,1.4333742,true,1000
similarity n=44 k=4,similarity_singular,44,4,julia,30,334,0.013184159,500,15000,0.877419,10560,1749589128,499236864,false,1.4333742,true,1000
similarity n=44 k=4,similarity_singular,44,4,julia,30,335,0.013184159,500,15000,0.877419,10560,1749589128,499236864,false,1.4333742,true,1000
similarity n=44 k=4,similarity_singular,44,4,julia,30,336,0.013184159,500,15000,0.877419,10560,1749589128,499236864,false,1.4333742,true,1000
similarity n=44 k=4,similarity_singular,44,4,julia,30,337,0.013184159,500,15000,0.877419,10560,1749589128,499236864,false,1.4333742,true,1000
similarity n=44 k=4,similarity_singular,44,4,julia,30,338,0.013184159,500,15000,0.877419,10560,1749589128,499236864,false,1.4333742,true,1000
similarity n=44 k=4,similarity_singular,44,4,julia,30,339,0.013184159,500,15000,0.877419,10560,1749589128,499236864,false,1.4333742,true,1000
similarity n=44 k=4,similarity_singular,44,4,julia,30,340,0.013184159,500,15000,0.877419,10560,1749589128,499236864,false,1.4333742,true,1000
similarity n=44 k=4,similarity_singular,44,4,julia,30,341,0.013184159,500,15000,0.877419,10560,1749589128,499236864,false,1.4333742,true,1000
similarity n=44 k=4,similarity_singular,44,4,julia,30,342,0.013184159,500,15000,0.877419,10560,1749589128,499236864,false,1.4333742,true,1000
similarity n=44 k=4,similarity_singular,44,4,julia,30,343,0.013184159,500,15000,0.877419,10560,1749589128,499236864,false,1.4333742,true,1000
similarity n=44 k=4,similarity_singular,44,4,julia,30,344,0.013184159,500,15000,0.877419,10560,1749589128,499236864,false,1.4333742,true,1000
similarity n=44 k=4,similarity_singular,44,4,julia,30,345,0.013184159,500,15000,0.877419,10560,1749589128,499236864,false,1.4333742,true,1000
similarity n=44 k=4,similarity_singular,44,4,julia,30,346,0.013184159,500,15000,0.877419,10560,1749589128,499236864,false,1.4333742,true,1000
similarity n=44 k=4,similarity_singular,44,4,julia,30,347,0.013184159,500,15000,0.877419,10560,1749589128,499236864,false,1.4333742,true,1000
similarity n=44 k=4,similarity_singular,44,4,julia,30,348,0.013184159,500,15000,0.877419,10560,1749589128,499236864,false,1.4333742,true,1000
similarity n=44 k=4,similarity_singular,44,4,julia,30,349,0.013184159,500,15000,0.877419,10560,1749589128,499236864,false,1.4333742,true,1000
similarity n=44 k=4,similarity_singular,44,4,julia,30,350,0.013184159,500,15000,0.877419,10560,1749589128,499236864,false,1.4333742,true,1000
similarity n=44 k=4,similarity_singular,44,4,julia,30,351,0.013184159,500,15000,0.877419,10560,1749589128,499236864,false,1.4333742,true,1000
similarity n=44 k=4,similarity_singular,44,4,julia,30,352,0.013184159,500,15000,0.877419,10560,1749589128,499236864,false,1.4333742,true,1000
similarity n=44 k=4,similarity_singular,44,4,julia,30,353,0.013184159,500,15000,0.877419,10560,1749589128,499236864,false,1.4333742,true,1000
similarity n=44 k=4,similarity_singular,44,4,julia,30,354,0.013184159,500,15000,0.877419,10560,1749589128,499236864,false,1.4333742,true,1000
similarity n=44 k=4,similarity_singular,44,4,julia,30,355,0.013184159,500,15000,0.877419,10560,1749589128,499236864,false,1.4333742,true,1000
similarity n=44 k=4,similarity_singular,44,4,julia,30,356,0.013184159,500,15000,0.877419,10560,1749589128,499236864,false,1.4333742,true,1000
similarity n=44 k=4,similarity_singular,44,4,julia,30,357,0.013184159,500,15000,0.877419,10560,1749589128,499236864,false,1.4333742,true,1000
similarity n=44 k=4,similarity_singular,44,4,julia,30,358,0.013184159,500,15000,0.877419,10560,1749589128,499236864,false,1.4333742,true,1000
similarity n=44 k=4,similarity_singular,44,4,julia,30,359,0.013184159,500,15000,0.877419,10560,1749589128,499236864,false,1.4333742,true,1000
similarity n=44 k=4,similarity_singular,44,4,julia,30,360,0.013184159,500,15000,0.877419,10560,1749589128,499236864,false,1.4333742,true,1000
similarity n=44 k=4,similarity_singular,44,4,julia,30,361,0.013184159,500,15000,0.877419,10560,1749589128,499236864,false,1.4333742,true,1000
similarity n=44 k=4,similarity_singular,44,4,julia,30,362,0.013184159,500,15000,0.877419,10560,1749589128,499236864,false,1.4333742,true,1000
similarity n=44 k=4,similarity_singular,44,4,julia,30,363,0.013184159,500,15000,0.877419,10560,1749589128,499236864,false,1.4333742,true,1000
similarity n=44 k=4,similarity_singular,44,4,julia,30,364,0.013184159,500,15000,0.877419,10560,1749589128,499236864,false,1.4333742,true,1000
similarity n=44 k=4,similarity_singular,44,4,julia,30,365,0.013184159,500,15000,0.877419,10560,1749589128,499236864,false,1.4333742,true,1000
similarity n=44 k=4,similarity_singular,44,4,julia,30,366,0.013184159,500,15000,0.877419,10560,1749589128,499236864,false,1.4333742,true,1000
similarity n=44 k=4,similarity_singular,44,4,julia,30,367,0.013184159,500,15000,0.877419,10560,1749589128,499236864,false,1.4333742,true,1000
similarity n=44 k=4,similarity_singular,44,4,julia,30,368,0.013184159,500,15000,0.877419,10560,1749589128,499236864,false,1.4333742,true,1000
similarity n=44 k=4,similarity_singular,44,4,julia,30,369,0.013184159,500,15000,0.877419,10560,1749589128,499236864,false,1.4333742,true,1000
similarity n=44 k=4,similarity_singular,44,4,julia,30,370,0.013184159,500,15000,0.877419,10560,1749589128,499236864,false,1.4333742,true,1000
similarity n=44 k=4,similarity_singular,44,4,julia,30,371,0.013184159,500,15000,0.877419,10560,1749589128,499236864,false,1.4333742,true,1000
similarity n=44 k=4,similarity_singular,44,4,julia,30,372,0.013184159,500,15000,0.877419,10560,1749589128,499236864,false,1.4333742,true,1000
similarity n=44 k=4,similarity_singular,44,4,julia,30,373,0.013184159,500,15000,0.877419,10560,1749589128,499236864,false,1.4333742,true,1000
similarity n=44 k=4,similarity_singular,44,4,julia,30,374,0.013184159,500,15000,0.877419,10560,1749589128,499236864,false,1.4333742,true,1000
similarity n=44 k=4,similarity_singular,44,4,julia,30,375,0.013184159,500,15000,0.877419,10560,1749589128,499236864,false,1.4333742,true,1000
similarity n=44 k=4,similarity_singular,44,4,julia,30,376,0.013184159,500,15000,0.877419,10560,1749589128,499236864,false,1.4333742,true,1000
similarity n=44 k=4,similarity_singular,44,4,julia,30,377,0.013184159,500,15000,0.877419,10560,1749589128,499236864,false,1.4333742,true,1000
similarity n=44 k=4,similarity_singular,44,4,julia,30,378,0.013184159,500,15000,0.877419,10560,1749589128,499236864,false,1.4333742,true,1000
similarity n=44 k=4,similarity_singular,44,4,julia,30,379,0.013184159,500,15000,0.877419,10560,1749589128,499236864,false,1.4333742,true,1000
similarity n=44 k=4,similarity_singular,44,4,julia,30,380,0.013184159,500,15000,0.877419,10560,1749589128,499236864,false,1.4333742,true,1000
similarity n=44 k=4,similarity_singular,44,4,julia,30,381,0.013184159,500,15000,0.877419,10560,1749589128,499236864,false,1.4333742,true,1000
similarity n=44 k=4,similarity_singular,44,4,julia,30,382,0.013184159,500,15000,0.877419,10560,1749589128,499236864,false,1.4333742,true,1000
similarity n=44 k=4,similarity_singular,44,4,julia,30,383,0.013184159,500,15000,0.877419,10560,1749589128,499236864,false,1.4333742,true,1000
similarity n=44 k=4,similarity_singular,44,4,julia,30,384,0.013184159,500,15000,0.877419,10560,1749589128,499236864,false,1.4333742,true,1000
similarity n=44 k=4,similarity_singular,44,4,julia,30,385,0.013184159,500,15000,0.877419,10560,1749589128,499236864,false,1.4333742,true,1000
similarity n=44 k=4,similarity_singular,44,4,julia,30,386,0.013184159,500,15000,0.877419,10560,1749589128,499236864,false,1.4333742,true,1000
similarity n=44 k=4,similarity_singular,44,4,julia,30,387,0.013184159,500,15000,0.877419,10560,1749589128,499236864,false,1.4333742,true,1000
similarity n=44 k=4,similarity_singular,44,4,julia,30,388,0.013184159,500,15000,0.877419,10560,1749589128,499236864,false,1.4333742,true,1000
similarity n=44 k=4,similarity_singular,44,4,julia,30,389,0.013184159,500,15000,0.877419,10560,1749589128,499236864,false,1.4333742,true,1000
similarity n=44 k=4,similarity_singular,44,4,julia,30,390,0.013184159,500,15000,0.877419,10560,1749589128,499236864,false,1.4333742,true,1000
similarity n=44 k=4,similarity_singular,44,4,julia,30,391,0.013184159,500,15000,0.877419,10560,1749589128,499236864,false,1.4333742,true,1000
similarity n=44 k=4,similarity_singular,44,4,julia,30,392,0.013184159,500,15000,0.877419,10560,1749589128,499236864,false,1.4333742,true,1000
similarity n=44 k=4,similarity_singular,44,4,julia,30,393,0.013184159,500,15000,0.877419,10560,1749589128,499236864,false,1.4333742,true,1000
similarity n=44 k=4,similarity_singular,44,4,julia,30,394,0.013184159,500,15000,0.877419,10560,1749589128,499236864,false,1.4333742,true,1000
similarity n=44 k=4,similarity_singular,44,4,julia,30,395,0.013184159,500,15000,0.877419,10560,1749589128,499236864,false,1.4333742,true,1000
similarity n=44 k=4,similarity_singular,44,4,julia,30,396,0.013184159,500,15000,0.877419,10560,1749589128,499236864,false,1.4333742,true,1000
similarity n=44 k=4,similarity_singular,44,4,julia,30,397,0.013184159,500,15000,0.877419,10560,1749589128,499236864,false,1.4333742,true,1000
similarity n=44 k=4,similarity_singular,44,4,julia,30,398,0.013184159,500,15000,0.877419,10560,1749589128,499236864,false,1.4333742,true,1000
similarity n=44 k=4,similarity_singular,44,4,julia,30,399,0.013184159,500,15000,0.877419,10560,1749589128,499236864,false,1.4333742,true,1000
similarity n=44 k=4,similarity_singular,44,4,julia,30,400,0.013184159,500,15000,0.877419,10560,1749589128,499236864,false,1.4333742,true,1000
similarity n=44 k=4,similarity_singular,44,4,julia,30,401,0.013184159,500,15000,0.877419,10560,1749589128,499236864,false,1.4333742,true,1000
similarity n=44 k=4,similarity_singular,44,4,julia,30,402,0.013184159,500,15000,0.877419,10560,1749589128,499236864,false,1.4333742,true,1000
similarity n=44 k=4,similarity_singular,44,4,julia,30,403,0.013184159,500,15000,0.877419,10560,1749589128,499236864,false,1.4333742,true,1000
similarity n=44 k=4,similarity_singular,44,4,julia,30,404,0.013184159,500,15000,0.877419,10560,1749589128,499236864,false,1.4333742,true,1000
similarity n=44 k=4,similarity_singular,44,4,julia,30,405,0.013184159,500,15000,0.877419,10560,1749589128,499236864,false,1.4333742,true,1000
similarity n=44 k=4,similarity_singular,44,4,julia,30,406,0.013184159,500,15000,0.877419,10560,1749589128,499236864,false,1.4333742,true,1000
similarity n=44 k=4,similarity_singular,44,4,julia,30,407,0.013184159,500,15000,0.877419,10560,1749589128,499236864,false,1.4333742,true,1000
similarity n=44 k=4,similarity_singular,44,4,julia,30,408,0.013184159,500,15000,0.877419,10560,1749589128,499236864,false,1.4333742,true,1000
similarity n=44 k=4,similarity_singular,44,4,julia,30,409,0.013184159,500,15000,0.877419,10560,1749589128,499236864,false,1.4333742,true,1000
similarity n=44 k=4,similarity_singular,44,4,julia,30,410,0.013184159,500,15000,0.877419,10560,1749589128,499236864,false,1.4333742,true,1000
similarity n=44 k=4,similarity_singular,44,4,julia,30,411,0.013184159,500,15000,0.877419,10560,1749589128,499236864,false,1.4333742,true,1000
similarity n=44 k=4,similarity_singular,44,4,julia,30,412,0.013184159,500,15000,0.877419,10560,1749589128,499236864,false,1.4333742,true,1000
similarity n=44 k=4,similarity_singular,44,4,julia,30,413,0.013184159,500,15000,0.877419,10560,1749589128,499236864,false,1.4333742,true,1000
similarity n=44 k=4,similarity_singular,44,4,julia,30,414,0.013184159,500,15000,0.877419,10560,1749589128,499236864,false,1.4333742,true,1000
similarity n=44 k=4,similarity_singular,44,4,julia,30,415,0.013184159,500,15000,0.877419,10560,1749589128,499236864,false,1.4333742,true,1000
similarity n=44 k=4,similarity_singular,44,4,julia,30,416,0.013184159,500,15000,0.877419,10560,1749589128,499236864,false,1.4333742,true,1000
similarity n=44 k=4,similarity_singular,44,4,julia,30,417,0.013184159,500,15000,0.877419,10560,1749589128,499236864,false,1.4333742,true,1000
similarity n=44 k=4,similarity_singular,44,4,julia,30,418,0.013184159,500,15000,0.877419,10560,1749589128,499236864,false,1.4333742,true,1000
similarity n=44 k=4,similarity_singular,44,4,julia,30,419,0.013184159,500,15000,0.877419,10560,1749589128,499236864,false,1.4333742,true,1000
similarity n=44 k=4,similarity_singular,44,4,julia,30,420,0.013184159,500,15000,0.877419,10560,1749589128,499236864,false,1.4333742,true,1000
similarity n=44 k=4,similarity_singular,44,4,julia,30,421,0.013184159,500,15000,0.877419,10560,1749589128,499236864,false,1.4333742,true,1000
similarity n=44 k=4,similarity_singular,44,4,julia,30,422,0.013184159,500,15000,0.877419,10560,1749589128,499236864,false,1.4333742,true,1000
similarity n=44 k=4,similarity_singular,44,4,julia,30,423,0.013184159,500,15000,0.877419,10560,1749589128,499236864,false,1.4333742,true,1000
similarity n=44 k=4,similarity_singular,44,4,julia,30,424,0.013184159,500,15000,0.877419,10560,1749589128,499236864,false,1.4333742,true,1000
similarity n=44 k=4,similarity_singular,44,4,julia,30,425,0.013184159,500,15000,0.877419,10560,1749589128,499236864,false,1.4333742,true,1000
similarity n=44 k=4,similarity_singular,44,4,julia,30,426,0.013184159,500,15000,0.877419,10560,1749589128,499236864,false,1.4333742,true,1000
similarity n=44 k=4,similarity_singular,44,4,julia,30,427,0.013184159,500,15000,0.877419,10560,1749589128,499236864,false,1.4333742,true,1000
similarity n=44 k=4,similarity_singular,44,4,julia,30,428,0.013184159,500,15000,0.877419,10560,1749589128,499236864,false,1.4333742,true,1000
similarity n=44 k=4,similarity_singular,44,4,julia,30,429,0.013184159,500,15000,0.877419,10560,1749589128,499236864,false,1.4333742,true,1000
similarity n=44 k=4,similarity_singular,44,4,julia,30,430,0.013184159,500,15000,0.877419,10560,1749589128,499236864,false,1.4333742,true,1000
similarity n=44 k=4,similarity_singular,44,4,julia,30,431,0.013184159,500,15000,0.877419,10560,1749589128,499236864,false,1.4333742,true,1000
similarity n=44 k=4,similarity_singular,44,4,julia,30,432,0.013184159,500,15000,0.877419,10560,1749589128,499236864,false,1.4333742,true,1000
similarity n=44 k=4,similarity_singular,44,4,julia,30,433,0.013184159,500,15000,0.877419,10560,1749589128,499236864,false,1.4333742,true,1000
similarity n=44 k=4,similarity_singular,44,4,julia,30,434,0.013184159,500,15000,0.877419,10560,1749589128,499236864,false,1.4333742,true,1000
similarity n=44 k=4,similarity_singular,44,4,julia,30,435,0.013184159,500,15000,0.877419,10560,1749589128,499236864,false,1.4333742,true,1000
similarity n=44 k=4,similarity_singular,44,4,julia,30,436,0.013184159,500,15000,0.877419,10560,1749589128,499236864,false,1.4333742,true,1000
similarity n=44 k=4,similarity_singular,44,4,julia,30,437,0.013184159,500,15000,0.877419,10560,1749589128,499236864,false,1.4333742,true,1000
similarity n=44 k=4,similarity_singular,44,4,julia,30,438,0.013184159,500,15000,0.877419,10560,1749589128,499236864,false,1.4333742,true,1000
similarity n=44 k=4,similarity_singular,44,4,julia,30,439,0.013184159,500,15000,0.877419,10560,1749589128,499236864,false,1.4333742,true,1000
similarity n=44 k=4,similarity_singular,44,4,julia,30,440,0.013184159,500,15000,0.877419,10560,1749589128,499236864,false,1.4333742,true,1000
similarity n=44 k=4,similarity_singular,44,4,julia,30,441,0.013184159,500,15000,0.877419,10560,1749589128,499236864,false,1.4333742,true,1000
similarity n=44 k=4,similarity_singular,44,4,julia,30,442,0.013184159,500,15000,0.877419,10560,1749589128,499236864,false,1.4333742,true,1000
similarity n=44 k=4,similarity_singular,44,4,julia,30,443,0.013184159,500,15000,0.877419,10560,1749589128,499236864,false,1.4333742,true,1000
similarity n=44 k=4,similarity_singular,44,4,julia,30,444,0.013184159,500,15000,0.877419,10560,1749589128,499236864,false,1.4333742,true,1000
similarity n=44 k=4,similarity_singular,44,4,julia,30,445,0.013184159,500,15000,0.877419,10560,1749589128,499236864,false,1.4333742,true,1000
similarity n=44 k=4,similarity_singular,44,4,julia,30,446,0.013184159,500,15000,0.877419,10560,1749589128,499236864,false,1.4333742,true,1000
similarity n=44 k=4,similarity_singular,44,4,julia,30,447,0.013184159,500,15000,0.877419,10560,1749589128,499236864,false,1.4333742,true,1000
similarity n=44 k=4,similarity_singular,44,4,julia,30,448,0.013184159,500,15000,0.877419,10560,1749589128,499236864,false,1.4333742,true,1000
similarity n=44 k=4,similarity_singular,44,4,julia,30,449,0.013184159,500,15000,0.877419,10560,1749589128,499236864,false,1.4333742,true,1000
similarity n=44 k=4,similarity_singular,44,4,julia,30,450,0.013184159,500,15000,0.877419,10560,1749589128,499236864,false,1.4333742,true,1000
similarity n=44 k=4,similarity_singular,44,4,julia,30,451,0.013184159,500,15000,0.877419,10560,1749589128,499236864,false,1.4333742,true,1000
similarity n=44 k=4,similarity_singular,44,4,julia,30,452,0.013184159,500,15000,0.877419,10560,1749589128,499236864,false,1.4333742,true,1000
similarity n=44 k=4,similarity_singular,44,4,julia,30,453,0.013184159,500,15000,0.877419,10560,1749589128,499236864,false,1.4333742,true,1000
similarity n=44 k=4,similarity_singular,44,4,julia,30,454,0.013184159,500,15000,0.877419,10560,1749589128,499236864,false,1.4333742,true,1000
similarity n=44 k=4,similarity_singular,44,4,julia,30,455,0.013184159,500,15000,0.877419,10560,1749589128,499236864,false,1.4333742,true,1000
similarity n=44 k=4,similarity_singular,44,4,julia,30,456,0.013184159,500,15000,0.877419,10560,1749589128,499236864,false,1.4333742,true,1000
similarity n=44 k=4,similarity_singular,44,4,julia,30,457,0.013184159,500,15000,0.877419,10560,1749589128,499236864,false,1.4333742,true,1000
similarity n=44 k=4,similarity_singular,44,4,julia,30,458,0.013184159,500,15000,0.877419,10560,1749589128,499236864,false,1.4333742,true,1000
similarity n=44 k=4,similarity_singular,44,4,julia,30,459,0.013184159,500,15000,0.877419,10560,1749589128,499236864,false,1.4333742,true,1000
similarity n=44 k=4,similarity_singular,44,4,julia,30,460,0.013184159,500,15000,0.877419,10560,1749589128,499236864,false,1.4333742,true,1000
similarity n=44 k=4,similarity_singular,44,4,julia,30,461,0.013184159,500,15000,0.877419,10560,1749589128,499236864,false,1.4333742,true,1000
similarity n=44 k=4,similarity_singular,44,4,julia,30,462,0.013184159,500,15000,0.877419,10560,1749589128,499236864,false,1.4333742,true,1000
similarity n=44 k=4,similarity_singular,44,4,julia,30,463,0.013184159,500,15000,0.877419,10560,1749589128,499236864,false,1.4333742,true,1000
similarity n=44 k=4,similarity_singular,44,4,julia,30,464,0.013184159,500,15000,0.877419,10560,1749589128,499236864,false,1.4333742,true,1000
similarity n=44 k=4,similarity_singular,44,4,julia,30,465,0.013184159,500,15000,0.877419,10560,1749589128,499236864,false,1.4333742,true,1000
similarity n=44 k=4,similarity_singular,44,4,julia,30,466,0.013184159,500,15000,0.877419,10560,1749589128,499236864,false,1.4333742,true,1000
similarity n=44 k=4,similarity_singular,44,4,julia,30,467,0.013184159,500,15000,0.877419,10560,1749589128,499236864,false,1.4333742,true,1000
similarity n=44 k=4,similarity_singular,44,4,julia,30,468,0.013184159,500,15000,0.877419,10560,1749589128,499236864,false,1.4333742,true,1000
similarity n=44 k=4,similarity_singular,44,4,julia,30,469,0.013184159,500,15000,0.877419,10560,1749589128,499236864,false,1.4333742,true,1000
similarity n=44 k=4,similarity_singular,44,4,julia,30,470,0.013184159,500,15000,0.877419,10560,1749589128,499236864,false,1.4333742,true,1000
similarity n=44 k=4,similarity_singular,44,4,julia,30,471,0.013184159,500,15000,0.877419,10560,1749589128,499236864,false,1.4333742,true,1000
similarity n=44 k=4,similarity_singular,44,4,julia,30,472,0.013184159,500,15000,0.877419,10560,1749589128,499236864,false,1.4333742,true,1000
similarity n=44 k=4,similarity_singular,44,4,julia,30,473,0.013184159,500,15000,0.877419,10560,1749589128,499236864,false,1.4333742,true,1000
similarity n=44 k=4,similarity_singular,44,4,julia,30,474,0.013184159,500,15000,0.877419,10560,1749589128,499236864,false,1.4333742,true,1000
similarity n=44 k=4,similarity_singular,44,4,julia,30,475,0.013184159,500,15000,0.877419,10560,1749589128,499236864,false,1.4333742,true,1000
similarity n=44 k=4,similarity_singular,44,4,julia,30,476,0.013184159,500,15000,0.877419,10560,1749589128,499236864,false,1.4333742,true,1000
similarity n=44 k=4,similarity_singular,44,4,julia,30,477,0.013184159,500,15000,0.877419,10560,1749589128,499236864,false,1.4333742,true,1000
similarity n=44 k=4,similarity_singular,44,4,julia,30,478,0.013184159,500,15000,0.877419,10560,1749589128,499236864,false,1.4333742,true,1000
similarity n=44 k=4,similarity_singular,44,4,julia,30,479,0.013184159,500,15000,0.877419,10560,1749589128,499236864,false,1.4333742,true,1000
similarity n=44 k=4,similarity_singular,44,4,julia,30,480,0.013184159,500,15000,0.877419,10560,1749589128,499236864,false,1.4333742,true,1000
similarity n=44 k=4,similarity_singular,44,4,julia,30,481,0.013184159,500,15000,0.877419,10560,1749589128,499236864,false,1.4333742,true,1000
similarity n=44 k=4,similarity_singular,44,4,julia,30,482,0.013184159,500,15000,0.877419,10560,1749589128,499236864,false,1.4333742,true,1000
similarity n=44 k=4,similarity_singular,44,4,julia,30,483,0.013184159,500,15000,0.877419,10560,1749589128,499236864,false,1.4333742,true,1000
similarity n=44 k=4,similarity_singular,44,4,julia,30,484,0.013184159,500,15000,0.877419,10560,1749589128,499236864,false,1.4333742,true,1000
similarity n=44 k=4,similarity_singular,44,4,julia,30,485,0.013184159,500,15000,0.877419,10560,1749589128,499236864,false,1.4333742,true,1000
similarity n=44 k=4,similarity_singular,44,4,julia,30,486,0.013184159,500,15000,0.877419,10560,1749589128,499236864,false,1.4333742,true,1000
similarity n=44 k=4,similarity_singular,44,4,julia,30,487,0.013184159,500,15000,0.877419,10560,1749589128,499236864,false,1.4333742,true,1000
similarity n=44 k=4,similarity_singular,44,4,julia,30,488,0.013184159,500,15000,0.877419,10560,1749589128,499236864,false,1.4333742,true,1000
similarity n=44 k=4,similarity_singular,44,4,julia,30,489,0.013184159,500,15000,0.877419,10560,1749589128,499236864,false,1.4333742,true,1000
similarity n=44 k=4,similarity_singular,44,4,julia,30,490,0.013184159,500,15000,0.877419,10560,1749589128,499236864,false,1.4333742,true,1000
similarity n=44 k=4,similarity_singular,44,4,julia,30,491,0.013184159,500,15000,0.877419,10560,1749589128,499236864,false,1.4333742,true,1000
similarity n=44 k=4,similarity_singular,44,4,julia,30,492,0.013184159,500,15000,0.877419,10560,1749589128,499236864,false,1.4333742,true,1000
similarity n=44 k=4,similarity_singular,44,4,julia,30,493,0.013184159,500,15000,0.877419,10560,1749589128,499236864,false,1.4333742,true,1000
similarity n=44 k=4,similarity_singular,44,4,julia,30,494,0.013184159,500,15000,0.877419,10560,1749589128,499236864,false,1.4333742,true,1000
similarity n=44 k=4,similarity_singular,44,4,julia,30,495,0.013184159,500,15000,0.877419,10560,1749589128,499236864,false,1.4333742,true,1000
similarity n=44 k=4,similarity_singular,44,4,julia,30,496,0.013184159,500,15000,0.877419,10560,1749589128,499236864,false,1.4333742,true,1000
similarity n=44 k=4,similarity_singular,44,4,julia,30,497,0.013184159,500,15000,0.877419,10560,1749589128,499236864,false,1.4333742,true,1000
similarity n=44 k=4,similarity_singular,44,4,julia,30,498,0.013184159,500,15000,0.877419,10560,1749589128,499236864,false,1.4333742,true,1000
similarity n=44 k=4,similarity_singular,44,4,julia,30,499,0.013184159,500,15000,0.877419,10560,1749589128,499236864,false,1.4333742,true,1000
similarity n=44 k=4,similarity_singular,44,4,julia,30,500,0.013184159,500,15000,0.877419,10560,1749589128,499236864,false,1.4333742,true,1000
similarity n=44 k=4,similarity_singular,44,4,julia,50,1,1.0253468e-15,1,40,0.00321085,17600,5653592,499236864,true,5.2865556e-14,false,1000
blockdiag_high_index n=45 k=5,blockdiag_high_index_singular,45,5,julia,10,1,0.29759182,500,5000,0.122077,3600,358729576,499236864,false,1.0672254,true,1000
blockdiag_high_index n=45 k=5,blockdiag_high_index_singular,45,5,julia,10,2,0.21956917,500,5000,0.122077,3600,358729576,499236864,false,1.0672254,true,1000
blockdiag_high_index n=45 k=5,blockdiag_high_index_singular,45,5,julia,10,3,0.20049869,500,5000,0.122077,3600,358729576,499236864,false,1.0672254,true,1000
blockdiag_high_index n=45 k=5,blockdiag_high_index_singular,45,5,julia,10,4,0.19282199,500,5000,0.122077,3600,358729576,499236864,false,1.0672254,true,1000
blockdiag_high_index n=45 k=5,blockdiag_high_index_singular,45,5,julia,10,5,0.19208405,500,5000,0.122077,3600,358729576,499236864,false,1.0672254,true,1000
blockdiag_high_index n=45 k=5,blockdiag_high_index_singular,45,5,julia,10,6,0.19185933,500,5000,0.122077,3600,358729576,499236864,false,1.0672254,true,1000
blockdiag_high_index n=45 k=5,blockdiag_high_index_singular,45,5,julia,10,7,0.19181987,500,5000,0.122077,3600,358729576,499236864,false,1.0672254,true,1000
blockdiag_high_index n=45 k=5,blockdiag_high_index_singular,45,5,julia,10,8,0.19181068,500,5000,0.122077,3600,358729576,499236864,false,1.0672254,true,1000
blockdiag_high_index n=45 k=5,blockdiag_high_index_singular,45,5,julia,10,9,0.19180878,500,5000,0.122077,3600,358729576,499236864,false,1.0672254,true,1000
blockdiag_high_index n=45 k=5,blockdiag_high_index_singular,45,5,julia,10,10,0.19180836,500,5000,0.122077,3600,358729576,499236864,false,1.0672254,true,1000
blockdiag_high_index n=45 k=5,blockdiag_high_index_singular,45,5,julia,10,11,0.19180827,500,5000,0.122077,3600,358729576,499236864,false,1.0672254,true,1000
blockdiag_high_index n=45 k=5,blockdiag_high_index_singular,45,5,julia,10,12,0.19180825,500,5000,0.122077,3600,358729576,499236864,false,1.0672254,true,1000
blockdiag_high_index n=45 k=5,blockdiag_high_index_singular,45,5,julia,10,13,0.19180825,500,5000,0.122077,3600,358729576,499236864,false,1.0672254,true,1000
blockdiag_high_index n=45 k=5,blockdiag_high_index_singular,45,5,julia,10,14,0.19180825,500,5000,0.122077,3600,358729576,499236864,false,1.0672254,true,1000
blockdiag_high_index n=45 k=5,blockdiag_high_index_singular,45,5,julia,10,15,0.19180825,500,5000,0.122077,3600,358729576,499236864,false,1.0672254,true,1000
blockdiag_high_index n=45 k=5,blockdiag_high_index_singular,45,5,julia,10,16,0.19180825,500,5000,0.122077,3600,358729576,499236864,false,1.0672254,true,1000
blockdiag_high_index n=45 k=5,blockdiag_high_index_singular,45,5,julia,10,17,0.19180825,500,5000,0.122077,3600,358729576,499236864,false,1.0672254,true,1000
blockdiag_high_index n=45 k=5,blockdiag_high_index_singular,45,5,julia,10,18,0.19180825,500,5000,0.122077,3600,358729576,499236864,false,1.0672254,true,1000
blockdiag_high_index n=45 k=5,blockdiag_high_index_singular,45,5,julia,10,19,0.19180825,500,5000,0.122077,3600,358729576,499236864,false,1.0672254,true,1000
blockdiag_high_index n=45 k=5,blockdiag_high_index_singular,45,5,julia,10,20,0.19180825,500,5000,0.122077,3600,358729576,499236864,false,1.0672254,true,1000
blockdiag_high_index n=45 k=5,blockdiag_high_index_singular,45,5,julia,10,21,0.19180825,500,5000,0.122077,3600,358729576,499236864,false,1.0672254,true,1000
blockdiag_high_index n=45 k=5,blockdiag_high_index_singular,45,5,julia,10,22,0.19180825,500,5000,0.122077,3600,358729576,499236864,false,1.0672254,true,1000
blockdiag_high_index n=45 k=5,blockdiag_high_index_singular,45,5,julia,10,23,0.19180825,500,5000,0.122077,3600,358729576,499236864,false,1.0672254,true,1000
blockdiag_high_index n=45 k=5,blockdiag_high_index_singular,45,5,julia,10,24,0.19180825,500,5000,0.122077,3600,358729576,499236864,false,1.0672254,true,1000
blockdiag_high_index n=45 k=5,blockdiag_high_index_singular,45,5,julia,10,25,0.19180825,500,5000,0.122077,3600,358729576,499236864,false,1.0672254,true,1000
blockdiag_high_index n=45 k=5,blockdiag_high_index_singular,45,5,julia,10,26,0.19180825,500,5000,0.122077,3600,358729576,499236864,false,1.0672254,true,1000
blockdiag_high_index n=45 k=5,blockdiag_high_index_singular,45,5,julia,10,27,0.19180825,500,5000,0.122077,3600,358729576,499236864,false,1.0672254,true,1000
blockdiag_high_index n=45 k=5,blockdiag_high_index_singular,45,5,julia,10,28,0.19180825,500,5000,0.122077,3600,358729576,499236864,false,1.0672254,true,1000
blockdiag_high_index n=45 k=5,blockdiag_high_index_singular,45,5,julia,10,29,0.19180825,500,5000,0.122077,3600,358729576,499236864,false,1.0672254,true,1000
blockdiag_high_index n=45 k=5,blockdiag_high_index_singular,45,5,julia,10,30,0.19180825,500,5000,0.122077,3600,358729576,499236864,false,1.0672254,true,1000
blockdiag_high_index n=45 k=5,blockdiag_high_index_singular,45,5,julia,10,31,0.19180825,500,5000,0.122077,3600,358729576,499236864,false,1.0672254,true,1000
blockdiag_high_index n=45 k=5,blockdiag_high_index_singular,45,5,julia,10,32,0.19180825,500,5000,0.122077,3600,358729576,499236864,false,1.0672254,true,1000
blockdiag_high_index n=45 k=5,blockdiag_high_index_singular,45,5,julia,10,33,0.19180825,500,5000,0.122077,3600,358729576,499236864,false,1.0672254,true,1000
blockdiag_high_index n=45 k=5,blockdiag_high_index_singular,45,5,julia,10,34,0.19180825,500,5000,0.122077,3600,358729576,499236864,false,1.0672254,true,1000
blockdiag_high_index n=45 k=5,blockdiag_high_index_singular,45,5,julia,10,35,0.19180825,500,5000,0.122077,3600,358729576,499236864,false,1.0672254,true,1000
blockdiag_high_index n=45 k=5,blockdiag_high_index_singular,45,5,julia,10,36,0.19180825,500,5000,0.122077,3600,358729576,499236864,false,1.0672254,true,1000
blockdiag_high_index n=45 k=5,blockdiag_high_index_singular,45,5,julia,10,37,0.19180825,500,5000,0.122077,3600,358729576,499236864,false,1.0672254,true,1000
blockdiag_high_index n=45 k=5,blockdiag_high_index_singular,45,5,julia,10,38,0.19180825,500,5000,0.122077,3600,358729576,499236864,false,1.0672254,true,1000
blockdiag_high_index n=45 k=5,blockdiag_high_index_singular,45,5,julia,10,39,0.19180825,500,5000,0.122077,3600,358729576,499236864,false,1.0672254,true,1000
blockdiag_high_index n=45 k=5,blockdiag_high_index_singular,45,5,julia,10,40,0.19180825,500,5000,0.122077,3600,358729576,499236864,false,1.0672254,true,1000
blockdiag_high_index n=45 k=5,blockdiag_high_index_singular,45,5,julia,10,41,0.19180825,500,5000,0.122077,3600,358729576,499236864,false,1.0672254,true,1000
blockdiag_high_index n=45 k=5,blockdiag_high_index_singular,45,5,julia,10,42,0.19180825,500,5000,0.122077,3600,358729576,499236864,false,1.0672254,true,1000
blockdiag_high_index n=45 k=5,blockdiag_high_index_singular,45,5,julia,10,43,0.19180825,500,5000,0.122077,3600,358729576,499236864,false,1.0672254,true,1000
blockdiag_high_index n=45 k=5,blockdiag_high_index_singular,45,5,julia,10,44,0.19180825,500,5000,0.122077,3600,358729576,499236864,false,1.0672254,true,1000
blockdiag_high_index n=45 k=5,blockdiag_high_index_singular,45,5,julia,10,45,0.19180825,500,5000,0.122077,3600,358729576,499236864,false,1.0672254,true,1000
blockdiag_high_index n=45 k=5,blockdiag_high_index_singular,45,5,julia,10,46,0.19180825,500,5000,0.122077,3600,358729576,499236864,false,1.0672254,true,1000
blockdiag_high_index n=45 k=5,blockdiag_high_index_singular,45,5,julia,10,47,0.19180825,500,5000,0.122077,3600,358729576,499236864,false,1.0672254,true,1000
blockdiag_high_index n=45 k=5,blockdiag_high_index_singular,45,5,julia,10,48,0.19180825,500,5000,0.122077,3600,358729576,499236864,false,1.0672254,true,1000
blockdiag_high_index n=45 k=5,blockdiag_high_index_singular,45,5,julia,10,49,0.19180825,500,5000,0.122077,3600,358729576,499236864,false,1.0672254,true,1000
blockdiag_high_index n=45 k=5,blockdiag_high_index_singular,45,5,julia,10,50,0.19180825,500,5000,0.122077,3600,358729576,499236864,false,1.0672254,true,1000
blockdiag_high_index n=45 k=5,blockdiag_high_index_singular,45,5,julia,10,51,0.19180825,500,5000,0.122077,3600,358729576,499236864,false,1.0672254,true,1000
blockdiag_high_index n=45 k=5,blockdiag_high_index_singular,45,5,julia,10,52,0.19180825,500,5000,0.122077,3600,358729576,499236864,false,1.0672254,true,1000
blockdiag_high_index n=45 k=5,blockdiag_high_index_singular,45,5,julia,10,53,0.19180825,500,5000,0.122077,3600,358729576,499236864,false,1.0672254,true,1000
blockdiag_high_index n=45 k=5,blockdiag_high_index_singular,45,5,julia,10,54,0.19180825,500,5000,0.122077,3600,358729576,499236864,false,1.0672254,true,1000
blockdiag_high_index n=45 k=5,blockdiag_high_index_singular,45,5,julia,10,55,0.19180825,500,5000,0.122077,3600,358729576,499236864,false,1.0672254,true,1000
blockdiag_high_index n=45 k=5,blockdiag_high_index_singular,45,5,julia,10,56,0.19180825,500,5000,0.122077,3600,358729576,499236864,false,1.0672254,true,1000
blockdiag_high_index n=45 k=5,blockdiag_high_index_singular,45,5,julia,10,57,0.19180825,500,5000,0.122077,3600,358729576,499236864,false,1.0672254,true,1000
blockdiag_high_index n=45 k=5,blockdiag_high_index_singular,45,5,julia,10,58,0.19180825,500,5000,0.122077,3600,358729576,499236864,false,1.0672254,true,1000
blockdiag_high_index n=45 k=5,blockdiag_high_index_singular,45,5,julia,10,59,0.19180825,500,5000,0.122077,3600,358729576,499236864,false,1.0672254,true,1000
blockdiag_high_index n=45 k=5,blockdiag_high_index_singular,45,5,julia,10,60,0.19180825,500,5000,0.122077,3600,358729576,499236864,false,1.0672254,true,1000
blockdiag_high_index n=45 k=5,blockdiag_high_index_singular,45,5,julia,10,61,0.19180825,500,5000,0.122077,3600,358729576,499236864,false,1.0672254,true,1000
blockdiag_high_index n=45 k=5,blockdiag_high_index_singular,45,5,julia,10,62,0.19180825,500,5000,0.122077,3600,358729576,499236864,false,1.0672254,true,1000
blockdiag_high_index n=45 k=5,blockdiag_high_index_singular,45,5,julia,10,63,0.19180825,500,5000,0.122077,3600,358729576,499236864,false,1.0672254,true,1000
blockdiag_high_index n=45 k=5,blockdiag_high_index_singular,45,5,julia,10,64,0.19180825,500,5000,0.122077,3600,358729576,499236864,false,1.0672254,true,1000
blockdiag_high_index n=45 k=5,blockdiag_high_index_singular,45,5,julia,10,65,0.19180825,500,5000,0.122077,3600,358729576,499236864,false,1.0672254,true,1000
blockdiag_high_index n=45 k=5,blockdiag_high_index_singular,45,5,julia,10,66,0.19180825,500,5000,0.122077,3600,358729576,499236864,false,1.0672254,true,1000
blockdiag_high_index n=45 k=5,blockdiag_high_index_singular,45,5,julia,10,67,0.19180825,500,5000,0.122077,3600,358729576,499236864,false,1.0672254,true,1000
blockdiag_high_index n=45 k=5,blockdiag_high_index_singular,45,5,julia,10,68,0.19180825,500,5000,0.122077,3600,358729576,499236864,false,1.0672254,true,1000
blockdiag_high_index n=45 k=5,blockdiag_high_index_singular,45,5,julia,10,69,0.19180825,500,5000,0.122077,3600,358729576,499236864,false,1.0672254,true,1000
blockdiag_high_index n=45 k=5,blockdiag_high_index_singular,45,5,julia,10,70,0.19180825,500,5000,0.122077,3600,358729576,499236864,false,1.0672254,true,1000
blockdiag_high_index n=45 k=5,blockdiag_high_index_singular,45,5,julia,10,71,0.19180825,500,5000,0.122077,3600,358729576,499236864,false,1.0672254,true,1000
blockdiag_high_index n=45 k=5,blockdiag_high_index_singular,45,5,julia,10,72,0.19180825,500,5000,0.122077,3600,358729576,499236864,false,1.0672254,true,1000
blockdiag_high_index n=45 k=5,blockdiag_high_index_singular,45,5,julia,10,73,0.19180825,500,5000,0.122077,3600,358729576,499236864,false,1.0672254,true,1000
blockdiag_high_index n=45 k=5,blockdiag_high_index_singular,45,5,julia,10,74,0.19180825,500,5000,0.122077,3600,358729576,499236864,false,1.0672254,true,1000
blockdiag_high_index n=45 k=5,blockdiag_high_index_singular,45,5,julia,10,75,0.19180825,500,5000,0.122077,3600,358729576,499236864,false,1.0672254,true,1000
blockdiag_high_index n=45 k=5,blockdiag_high_index_singular,45,5,julia,10,76,0.19180825,500,5000,0.122077,3600,358729576,499236864,false,1.0672254,true,1000
blockdiag_high_index n=45 k=5,blockdiag_high_index_singular,45,5,julia,10,77,0.19180825,500,5000,0.122077,3600,358729576,499236864,false,1.0672254,true,1000
blockdiag_high_index n=45 k=5,blockdiag_high_index_singular,45,5,julia,10,78,0.19180825,500,5000,0.122077,3600,358729576,499236864,false,1.0672254,true,1000
blockdiag_high_index n=45 k=5,blockdiag_high_index_singular,45,5,julia,10,79,0.19180825,500,5000,0.122077,3600,358729576,499236864,false,1.0672254,true,1000
blockdiag_high_index n=45 k=5,blockdiag_high_index_singular,45,5,julia,10,80,0.19180825,500,5000,0.122077,3600,358729576,499236864,false,1.0672254,true,1000
blockdiag_high_index n=45 k=5,blockdiag_high_index_singular,45,5,julia,10,81,0.19180825,500,5000,0.122077,3600,358729576,499236864,false,1.0672254,true,1000
blockdiag_high_index n=45 k=5,blockdiag_high_index_singular,45,5,julia,10,82,0.19180825,500,5000,0.122077,3600,358729576,499236864,false,1.0672254,true,1000
blockdiag_high_index n=45 k=5,blockdiag_high_index_singular,45,5,julia,10,83,0.19180825,500,5000,0.122077,3600,358729576,499236864,false,1.0672254,true,1000
blockdiag_high_index n=45 k=5,blockdiag_high_index_singular,45,5,julia,10,84,0.19180825,500,5000,0.122077,3600,358729576,499236864,false,1.0672254,true,1000
blockdiag_high_index n=45 k=5,blockdiag_high_index_singular,45,5,julia,10,85,0.19180825,500,5000,0.122077,3600,358729576,499236864,false,1.0672254,true,1000
blockdiag_high_index n=45 k=5,blockdiag_high_index_singular,45,5,julia,10,86,0.19180825,500,5000,0.122077,3600,358729576,499236864,false,1.0672254,true,1000
blockdiag_high_index n=45 k=5,blockdiag_high_index_singular,45,5,julia,10,87,0.19180825,500,5000,0.122077,3600,358729576,499236864,false,1.0672254,true,1000
blockdiag_high_index n=45 k=5,blockdiag_high_index_singular,45,5,julia,10,88,0.19180825,500,5000,0.122077,3600,358729576,499236864,false,1.0672254,true,1000
blockdiag_high_index n=45 k=5,blockdiag_high_index_singular,45,5,julia,10,89,0.19180825,500,5000,0.122077,3600,358729576,499236864,false,1.0672254,true,1000
blockdiag_high_index n=45 k=5,blockdiag_high_index_singular,45,5,julia,10,90,0.19180825,500,5000,0.122077,3600,358729576,499236864,false,1.0672254,true,1000
blockdiag_high_index n=45 k=5,blockdiag_high_index_singular,45,5,julia,10,91,0.19180825,500,5000,0.122077,3600,358729576,499236864,false,1.0672254,true,1000
blockdiag_high_index n=45 k=5,blockdiag_high_index_singular,45,5,julia,10,92,0.19180825,500,5000,0.122077,3600,358729576,499236864,false,1.0672254,true,1000
blockdiag_high_index n=45 k=5,blockdiag_high_index_singular,45,5,julia,10,93,0.19180825,500,5000,0.122077,3600,358729576,499236864,false,1.0672254,true,1000
blockdiag_high_index n=45 k=5,blockdiag_high_index_singular,45,5,julia,10,94,0.19180825,500,5000,0.122077,3600,358729576,499236864,false,1.0672254,true,1000
blockdiag_high_index n=45 k=5,blockdiag_high_index_singular,45,5,julia,10,95,0.19180825,500,5000,0.122077,3600,358729576,499236864,false,1.0672254,true,1000
blockdiag_high_index n=45 k=5,blockdiag_high_index_singular,45,5,julia,10,96,0.19180825,500,5000,0.122077,3600,358729576,499236864,false,1.0672254,true,1000
blockdiag_high_index n=45 k=5,blockdiag_high_index_singular,45,5,julia,10,97,0.19180825,500,5000,0.122077,3600,358729576,499236864,false,1.0672254,true,1000
blockdiag_high_index n=45 k=5,blockdiag_high_index_singular,45,5,julia,10,98,0.19180825,500,5000,0.122077,3600,358729576,499236864,false,1.0672254,true,1000
blockdiag_high_index n=45 k=5,blockdiag_high_index_singular,45,5,julia,10,99,0.19180825,500,5000,0.122077,3600,358729576,499236864,false,1.0672254,true,1000
blockdiag_high_index n=45 k=5,blockdiag_high_index_singular,45,5,julia,10,100,0.19180825,500,5000,0.122077,3600,358729576,499236864,false,1.0672254,true,1000
blockdiag_high_index n=45 k=5,blockdiag_high_index_singular,45,5,julia,10,101,0.19180825,500,5000,0.122077,3600,358729576,499236864,false,1.0672254,true,1000
blockdiag_high_index n=45 k=5,blockdiag_high_index_singular,45,5,julia,10,102,0.19180825,500,5000,0.122077,3600,358729576,499236864,false,1.0672254,true,1000
blockdiag_high_index n=45 k=5,blockdiag_high_index_singular,45,5,julia,10,103,0.19180825,500,5000,0.122077,3600,358729576,499236864,false,1.0672254,true,1000
blockdiag_high_index n=45 k=5,blockdiag_high_index_singular,45,5,julia,10,104,0.19180825,500,5000,0.122077,3600,358729576,499236864,false,1.0672254,true,1000
blockdiag_high_index n=45 k=5,blockdiag_high_index_singular,45,5,julia,10,105,0.19180825,500,5000,0.122077,3600,358729576,499236864,false,1.0672254,true,1000
blockdiag_high_index n=45 k=5,blockdiag_high_index_singular,45,5,julia,10,106,0.19180825,500,5000,0.122077,3600,358729576,499236864,false,1.0672254,true,1000
blockdiag_high_index n=45 k=5,blockdiag_high_index_singular,45,5,julia,10,107,0.19180825,500,5000,0.122077,3600,358729576,499236864,false,1.0672254,true,1000
blockdiag_high_index n=45 k=5,blockdiag_high_index_singular,45,5,julia,10,108,0.19180825,500,5000,0.122077,3600,358729576,499236864,false,1.0672254,true,1000
blockdiag_high_index n=45 k=5,blockdiag_high_index_singular,45,5,julia,10,109,0.19180825,500,5000,0.122077,3600,358729576,499236864,false,1.0672254,true,1000
blockdiag_high_index n=45 k=5,blockdiag_high_index_singular,45,5,julia,10,110,0.19180825,500,5000,0.122077,3600,358729576,499236864,false,1.0672254,true,1000
blockdiag_high_index n=45 k=5,blockdiag_high_index_singular,45,5,julia,10,111,0.19180825,500,5000,0.122077,3600,358729576,499236864,false,1.0672254,true,1000
blockdiag_high_index n=45 k=5,blockdiag_high_index_singular,45,5,julia,10,112,0.19180825,500,5000,0.122077,3600,358729576,499236864,false,1.0672254,true,1000
blockdiag_high_index n=45 k=5,blockdiag_high_index_singular,45,5,julia,10,113,0.19180825,500,5000,0.122077,3600,358729576,499236864,false,1.0672254,true,1000
blockdiag_high_index n=45 k=5,blockdiag_high_index_singular,45,5,julia,10,114,0.19180825,500,5000,0.122077,3600,358729576,499236864,false,1.0672254,true,1000
blockdiag_high_index n=45 k=5,blockdiag_high_index_singular,45,5,julia,10,115,0.19180825,500,5000,0.122077,3600,358729576,499236864,false,1.0672254,true,1000
blockdiag_high_index n=45 k=5,blockdiag_high_index_singular,45,5,julia,10,116,0.19180825,500,5000,0.122077,3600,358729576,499236864,false,1.0672254,true,1000
blockdiag_high_index n=45 k=5,blockdiag_high_index_singular,45,5,julia,10,117,0.19180825,500,5000,0.122077,3600,358729576,499236864,false,1.0672254,true,1000
blockdiag_high_index n=45 k=5,blockdiag_high_index_singular,45,5,julia,10,118,0.19180825,500,5000,0.122077,3600,358729576,499236864,false,1.0672254,true,1000
blockdiag_high_index n=45 k=5,blockdiag_high_index_singular,45,5,julia,10,119,0.19180825,500,5000,0.122077,3600,358729576,499236864,false,1.0672254,true,1000
blockdiag_high_index n=45 k=5,blockdiag_high_index_singular,45,5,julia,10,120,0.19180825,500,5000,0.122077,3600,358729576,499236864,false,1.0672254,true,1000
blockdiag_high_index n=45 k=5,blockdiag_high_index_singular,45,5,julia,10,121,0.19180825,500,5000,0.122077,3600,358729576,499236864,false,1.0672254,true,1000
blockdiag_high_index n=45 k=5,blockdiag_high_index_singular,45,5,julia,10,122,0.19180825,500,5000,0.122077,3600,358729576,499236864,false,1.0672254,true,1000
blockdiag_high_index n=45 k=5,blockdiag_high_index_singular,45,5,julia,10,123,0.19180825,500,5000,0.122077,3600,358729576,499236864,false,1.0672254,true,1000
blockdiag_high_index n=45 k=5,blockdiag_high_index_singular,45,5,julia,10,124,0.19180825,500,5000,0.122077,3600,358729576,499236864,false,1.0672254,true,1000
blockdiag_high_index n=45 k=5,blockdiag_high_index_singular,45,5,julia,10,125,0.19180825,500,5000,0.122077,3600,358729576,499236864,false,1.0672254,true,1000
blockdiag_high_index n=45 k=5,blockdiag_high_index_singular,45,5,julia,10,126,0.19180825,500,5000,0.122077,3600,358729576,499236864,false,1.0672254,true,1000
blockdiag_high_index n=45 k=5,blockdiag_high_index_singular,45,5,julia,10,127,0.19180825,500,5000,0.122077,3600,358729576,499236864,false,1.0672254,true,1000
blockdiag_high_index n=45 k=5,blockdiag_high_index_singular,45,5,julia,10,128,0.19180825,500,5000,0.122077,3600,358729576,499236864,false,1.0672254,true,1000
blockdiag_high_index n=45 k=5,blockdiag_high_index_singular,45,5,julia,10,129,0.19180825,500,5000,0.122077,3600,358729576,499236864,false,1.0672254,true,1000
blockdiag_high_index n=45 k=5,blockdiag_high_index_singular,45,5,julia,10,130,0.19180825,500,5000,0.122077,3600,358729576,499236864,false,1.0672254,true,1000
blockdiag_high_index n=45 k=5,blockdiag_high_index_singular,45,5,julia,10,131,0.19180825,500,5000,0.122077,3600,358729576,499236864,false,1.0672254,true,1000
blockdiag_high_index n=45 k=5,blockdiag_high_index_singular,45,5,julia,10,132,0.19180825,500,5000,0.122077,3600,358729576,499236864,false,1.0672254,true,1000
blockdiag_high_index n=45 k=5,blockdiag_high_index_singular,45,5,julia,10,133,0.19180825,500,5000,0.122077,3600,358729576,499236864,false,1.0672254,true,1000
blockdiag_high_index n=45 k=5,blockdiag_high_index_singular,45,5,julia,10,134,0.19180825,500,5000,0.122077,3600,358729576,499236864,false,1.0672254,true,1000
blockdiag_high_index n=45 k=5,blockdiag_high_index_singular,45,5,julia,10,135,0.19180825,500,5000,0.122077,3600,358729576,499236864,false,1.0672254,true,1000
blockdiag_high_index n=45 k=5,blockdiag_high_index_singular,45,5,julia,10,136,0.19180825,500,5000,0.122077,3600,358729576,499236864,false,1.0672254,true,1000
blockdiag_high_index n=45 k=5,blockdiag_high_index_singular,45,5,julia,10,137,0.19180825,500,5000,0.122077,3600,358729576,499236864,false,1.0672254,true,1000
blockdiag_high_index n=45 k=5,blockdiag_high_index_singular,45,5,julia,10,138,0.19180825,500,5000,0.122077,3600,358729576,499236864,false,1.0672254,true,1000
blockdiag_high_index n=45 k=5,blockdiag_high_index_singular,45,5,julia,10,139,0.19180825,500,5000,0.122077,3600,358729576,499236864,false,1.0672254,true,1000
blockdiag_high_index n=45 k=5,blockdiag_high_index_singular,45,5,julia,10,140,0.19180825,500,5000,0.122077,3600,358729576,499236864,false,1.0672254,true,1000
blockdiag_high_index n=45 k=5,blockdiag_high_index_singular,45,5,julia,10,141,0.19180825,500,5000,0.122077,3600,358729576,499236864,false,1.0672254,true,1000
blockdiag_high_index n=45 k=5,blockdiag_high_index_singular,45,5,julia,10,142,0.19180825,500,5000,0.122077,3600,358729576,499236864,false,1.0672254,true,1000
blockdiag_high_index n=45 k=5,blockdiag_high_index_singular,45,5,julia,10,143,0.19180825,500,5000,0.122077,3600,358729576,499236864,false,1.0672254,true,1000
blockdiag_high_index n=45 k=5,blockdiag_high_index_singular,45,5,julia,10,144,0.19180825,500,5000,0.122077,3600,358729576,499236864,false,1.0672254,true,1000
blockdiag_high_index n=45 k=5,blockdiag_high_index_singular,45,5,julia,10,145,0.19180825,500,5000,0.122077,3600,358729576,499236864,false,1.0672254,true,1000
blockdiag_high_index n=45 k=5,blockdiag_high_index_singular,45,5,julia,10,146,0.19180825,500,5000,0.122077,3600,358729576,499236864,false,1.0672254,true,1000
blockdiag_high_index n=45 k=5,blockdiag_high_index_singular,45,5,julia,10,147,0.19180825,500,5000,0.122077,3600,358729576,499236864,false,1.0672254,true,1000
blockdiag_high_index n=45 k=5,blockdiag_high_index_singular,45,5,julia,10,148,0.19180825,500,5000,0.122077,3600,358729576,499236864,false,1.0672254,true,1000
blockdiag_high_index n=45 k=5,blockdiag_high_index_singular,45,5,julia,10,149,0.19180825,500,5000,0.122077,3600,358729576,499236864,false,1.0672254,true,1000
blockdiag_high_index n=45 k=5,blockdiag_high_index_singular,45,5,julia,10,150,0.19180825,500,5000,0.122077,3600,358729576,499236864,false,1.0672254,true,1000
blockdiag_high_index n=45 k=5,blockdiag_high_index_singular,45,5,julia,10,151,0.19180825,500,5000,0.122077,3600,358729576,499236864,false,1.0672254,true,1000
blockdiag_high_index n=45 k=5,blockdiag_high_index_singular,45,5,julia,10,152,0.19180825,500,5000,0.122077,3600,358729576,499236864,false,1.0672254,true,1000
blockdiag_high_index n=45 k=5,blockdiag_high_index_singular,45,5,julia,10,153,0.19180825,500,5000,0.122077,3600,358729576,499236864,false,1.0672254,true,1000
blockdiag_high_index n=45 k=5,blockdiag_high_index_singular,45,5,julia,10,154,0.19180825,500,5000,0.122077,3600,358729576,499236864,false,1.0672254,true,1000
blockdiag_high_index n=45 k=5,blockdiag_high_index_singular,45,5,julia,10,155,0.19180825,500,5000,0.122077,3600,358729576,499236864,false,1.0672254,true,1000
blockdiag_high_index n=45 k=5,blockdiag_high_index_singular,45,5,julia,10,156,0.19180825,500,5000,0.122077,3600,358729576,499236864,false,1.0672254,true,1000
blockdiag_high_index n=45 k=5,blockdiag_high_index_singular,45,5,julia,10,157,0.19180825,500,5000,0.122077,3600,358729576,499236864,false,1.0672254,true,1000
blockdiag_high_index n=45 k=5,blockdiag_high_index_singular,45,5,julia,10,158,0.19180825,500,5000,0.122077,3600,358729576,499236864,false,1.0672254,true,1000
blockdiag_high_index n=45 k=5,blockdiag_high_index_singular,45,5,julia,10,159,0.19180825,500,5000,0.122077,3600,358729576,499236864,false,1.0672254,true,1000
blockdiag_high_index n=45 k=5,blockdiag_high_index_singular,45,5,julia,10,160,0.19180825,500,5000,0.122077,3600,358729576,499236864,false,1.0672254,true,1000
blockdiag_high_index n=45 k=5,blockdiag_high_index_singular,45,5,julia,10,161,0.19180825,500,5000,0.122077,3600,358729576,499236864,false,1.0672254,true,1000
blockdiag_high_index n=45 k=5,blockdiag_high_index_singular,45,5,julia,10,162,0.19180825,500,5000,0.122077,3600,358729576,499236864,false,1.0672254,true,1000
blockdiag_high_index n=45 k=5,blockdiag_high_index_singular,45,5,julia,10,163,0.19180825,500,5000,0.122077,3600,358729576,499236864,false,1.0672254,true,1000
blockdiag_high_index n=45 k=5,blockdiag_high_index_singular,45,5,julia,10,164,0.19180825,500,5000,0.122077,3600,358729576,499236864,false,1.0672254,true,1000
blockdiag_high_index n=45 k=5,blockdiag_high_index_singular,45,5,julia,10,165,0.19180825,500,5000,0.122077,3600,358729576,499236864,false,1.0672254,true,1000
blockdiag_high_index n=45 k=5,blockdiag_high_index_singular,45,5,julia,10,166,0.19180825,500,5000,0.122077,3600,358729576,499236864,false,1.0672254,true,1000
blockdiag_high_index n=45 k=5,blockdiag_high_index_singular,45,5,julia,10,167,0.19180825,500,5000,0.122077,3600,358729576,499236864,false,1.0672254,true,1000
blockdiag_high_index n=45 k=5,blockdiag_high_index_singular,45,5,julia,10,168,0.19180825,500,5000,0.122077,3600,358729576,499236864,false,1.0672254,true,1000
blockdiag_high_index n=45 k=5,blockdiag_high_index_singular,45,5,julia,10,169,0.19180825,500,5000,0.122077,3600,358729576,499236864,false,1.0672254,true,1000
blockdiag_high_index n=45 k=5,blockdiag_high_index_singular,45,5,julia,10,170,0.19180825,500,5000,0.122077,3600,358729576,499236864,false,1.0672254,true,1000
blockdiag_high_index n=45 k=5,blockdiag_high_index_singular,45,5,julia,10,171,0.19180825,500,5000,0.122077,3600,358729576,499236864,false,1.0672254,true,1000
blockdiag_high_index n=45 k=5,blockdiag_high_index_singular,45,5,julia,10,172,0.19180825,500,5000,0.122077,3600,358729576,499236864,false,1.0672254,true,1000
blockdiag_high_index n=45 k=5,blockdiag_high_index_singular,45,5,julia,10,173,0.19180825,500,5000,0.122077,3600,358729576,499236864,false,1.0672254,true,1000
blockdiag_high_index n=45 k=5,blockdiag_high_index_singular,45,5,julia,10,174,0.19180825,500,5000,0.122077,3600,358729576,499236864,false,1.0672254,true,1000
blockdiag_high_index n=45 k=5,blockdiag_high_index_singular,45,5,julia,10,175,0.19180825,500,5000,0.122077,3600,358729576,499236864,false,1.0672254,true,1000
blockdiag_high_index n=45 k=5,blockdiag_high_index_singular,45,5,julia,10,176,0.19180825,500,5000,0.122077,3600,358729576,499236864,false,1.0672254,true,1000
blockdiag_high_index n=45 k=5,blockdiag_high_index_singular,45,5,julia,10,177,0.19180825,500,5000,0.122077,3600,358729576,499236864,false,1.0672254,true,1000
blockdiag_high_index n=45 k=5,blockdiag_high_index_singular,45,5,julia,10,178,0.19180825,500,5000,0.122077,3600,358729576,499236864,false,1.0672254,true,1000
blockdiag_high_index n=45 k=5,blockdiag_high_index_singular,45,5,julia,10,179,0.19180825,500,5000,0.122077,3600,358729576,499236864,false,1.0672254,true,1000
blockdiag_high_index n=45 k=5,blockdiag_high_index_singular,45,5,julia,10,180,0.19180825,500,5000,0.122077,3600,358729576,499236864,false,1.0672254,true,1000
blockdiag_high_index n=45 k=5,blockdiag_high_index_singular,45,5,julia,10,181,0.19180825,500,5000,0.122077,3600,358729576,499236864,false,1.0672254,true,1000
blockdiag_high_index n=45 k=5,blockdiag_high_index_singular,45,5,julia,10,182,0.19180825,500,5000,0.122077,3600,358729576,499236864,false,1.0672254,true,1000
blockdiag_high_index n=45 k=5,blockdiag_high_index_singular,45,5,julia,10,183,0.19180825,500,5000,0.122077,3600,358729576,499236864,false,1.0672254,true,1000
blockdiag_high_index n=45 k=5,blockdiag_high_index_singular,45,5,julia,10,184,0.19180825,500,5000,0.122077,3600,358729576,499236864,false,1.0672254,true,1000
blockdiag_high_index n=45 k=5,blockdiag_high_index_singular,45,5,julia,10,185,0.19180825,500,5000,0.122077,3600,358729576,499236864,false,1.0672254,true,1000
blockdiag_high_index n=45 k=5,blockdiag_high_index_singular,45,5,julia,10,186,0.19180825,500,5000,0.122077,3600,358729576,499236864,false,1.0672254,true,1000
blockdiag_high_index n=45 k=5,blockdiag_high_index_singular,45,5,julia,10,187,0.19180825,500,5000,0.122077,3600,358729576,499236864,false,1.0672254,true,1000
blockdiag_high_index n=45 k=5,blockdiag_high_index_singular,45,5,julia,10,188,0.19180825,500,5000,0.122077,3600,358729576,499236864,false,1.0672254,true,1000
blockdiag_high_index n=45 k=5,blockdiag_high_index_singular,45,5,julia,10,189,0.19180825,500,5000,0.122077,3600,358729576,499236864,false,1.0672254,true,1000
blockdiag_high_index n=45 k=5,blockdiag_high_index_singular,45,5,julia,10,190,0.19180825,500,5000,0.122077,3600,358729576,499236864,false,1.0672254,true,1000
blockdiag_high_index n=45 k=5,blockdiag_high_index_singular,45,5,julia,10,191,0.19180825,500,5000,0.122077,3600,358729576,499236864,false,1.0672254,true,1000
blockdiag_high_index n=45 k=5,blockdiag_high_index_singular,45,5,julia,10,192,0.19180825,500,5000,0.122077,3600,358729576,499236864,false,1.0672254,true,1000
blockdiag_high_index n=45 k=5,blockdiag_high_index_singular,45,5,julia,10,193,0.19180825,500,5000,0.122077,3600,358729576,499236864,false,1.0672254,true,1000
blockdiag_high_index n=45 k=5,blockdiag_high_index_singular,45,5,julia,10,194,0.19180825,500,5000,0.122077,3600,358729576,499236864,false,1.0672254,true,1000
blockdiag_high_index n=45 k=5,blockdiag_high_index_singular,45,5,julia,10,195,0.19180825,500,5000,0.122077,3600,358729576,499236864,false,1.0672254,true,1000
blockdiag_high_index n=45 k=5,blockdiag_high_index_singular,45,5,julia,10,196,0.19180825,500,5000,0.122077,3600,358729576,499236864,false,1.0672254,true,1000
blockdiag_high_index n=45 k=5,blockdiag_high_index_singular,45,5,julia,10,197,0.19180825,500,5000,0.122077,3600,358729576,499236864,false,1.0672254,true,1000
blockdiag_high_index n=45 k=5,blockdiag_high_index_singular,45,5,julia,10,198,0.19180825,500,5000,0.122077,3600,358729576,499236864,false,1.0672254,true,1000
blockdiag_high_index n=45 k=5,blockdiag_high_index_singular,45,5,julia,10,199,0.19180825,500,5000,0.122077,3600,358729576,499236864,false,1.0672254,true,1000
blockdiag_high_index n=45 k=5,blockdiag_high_index_singular,45,5,julia,10,200,0.19180825,500,5000,0.122077,3600,358729576,499236864,false,1.0672254,true,1000
blockdiag_high_index n=45 k=5,blockdiag_high_index_singular,45,5,julia,10,201,0.19180825,500,5000,0.122077,3600,358729576,499236864,false,1.0672254,true,1000
blockdiag_high_index n=45 k=5,blockdiag_high_index_singular,45,5,julia,10,202,0.19180825,500,5000,0.122077,3600,358729576,499236864,false,1.0672254,true,1000
blockdiag_high_index n=45 k=5,blockdiag_high_index_singular,45,5,julia,10,203,0.19180825,500,5000,0.122077,3600,358729576,499236864,false,1.0672254,true,1000
blockdiag_high_index n=45 k=5,blockdiag_high_index_singular,45,5,julia,10,204,0.19180825,500,5000,0.122077,3600,358729576,499236864,false,1.0672254,true,1000
blockdiag_high_index n=45 k=5,blockdiag_high_index_singular,45,5,julia,10,205,0.19180825,500,5000,0.122077,3600,358729576,499236864,false,1.0672254,true,1000
blockdiag_high_index n=45 k=5,blockdiag_high_index_singular,45,5,julia,10,206,0.19180825,500,5000,0.122077,3600,358729576,499236864,false,1.0672254,true,1000
blockdiag_high_index n=45 k=5,blockdiag_high_index_singular,45,5,julia,10,207,0.19180825,500,5000,0.122077,3600,358729576,499236864,false,1.0672254,true,1000
blockdiag_high_index n=45 k=5,blockdiag_high_index_singular,45,5,julia,10,208,0.19180825,500,5000,0.122077,3600,358729576,499236864,false,1.0672254,true,1000
blockdiag_high_index n=45 k=5,blockdiag_high_index_singular,45,5,julia,10,209,0.19180825,500,5000,0.122077,3600,358729576,499236864,false,1.0672254,true,1000
blockdiag_high_index n=45 k=5,blockdiag_high_index_singular,45,5,julia,10,210,0.19180825,500,5000,0.122077,3600,358729576,499236864,false,1.0672254,true,1000
blockdiag_high_index n=45 k=5,blockdiag_high_index_singular,45,5,julia,10,211,0.19180825,500,5000,0.122077,3600,358729576,499236864,false,1.0672254,true,1000
blockdiag_high_index n=45 k=5,blockdiag_high_index_singular,45,5,julia,10,212,0.19180825,500,5000,0.122077,3600,358729576,499236864,false,1.0672254,true,1000
blockdiag_high_index n=45 k=5,blockdiag_high_index_singular,45,5,julia,10,213,0.19180825,500,5000,0.122077,3600,358729576,499236864,false,1.0672254,true,1000
blockdiag_high_index n=45 k=5,blockdiag_high_index_singular,45,5,julia,10,214,0.19180825,500,5000,0.122077,3600,358729576,499236864,false,1.0672254,true,1000
blockdiag_high_index n=45 k=5,blockdiag_high_index_singular,45,5,julia,10,215,0.19180825,500,5000,0.122077,3600,358729576,499236864,false,1.0672254,true,1000
blockdiag_high_index n=45 k=5,blockdiag_high_index_singular,45,5,julia,10,216,0.19180825,500,5000,0.122077,3600,358729576,499236864,false,1.0672254,true,1000
blockdiag_high_index n=45 k=5,blockdiag_high_index_singular,45,5,julia,10,217,0.19180825,500,5000,0.122077,3600,358729576,499236864,false,1.0672254,true,1000
blockdiag_high_index n=45 k=5,blockdiag_high_index_singular,45,5,julia,10,218,0.19180825,500,5000,0.122077,3600,358729576,499236864,false,1.0672254,true,1000
blockdiag_high_index n=45 k=5,blockdiag_high_index_singular,45,5,julia,10,219,0.19180825,500,5000,0.122077,3600,358729576,499236864,false,1.0672254,true,1000
blockdiag_high_index n=45 k=5,blockdiag_high_index_singular,45,5,julia,10,220,0.19180825,500,5000,0.122077,3600,358729576,499236864,false,1.0672254,true,1000
blockdiag_high_index n=45 k=5,blockdiag_high_index_singular,45,5,julia,10,221,0.19180825,500,5000,0.122077,3600,358729576,499236864,false,1.0672254,true,1000
blockdiag_high_index n=45 k=5,blockdiag_high_index_singular,45,5,julia,10,222,0.19180825,500,5000,0.122077,3600,358729576,499236864,false,1.0672254,true,1000
blockdiag_high_index n=45 k=5,blockdiag_high_index_singular,45,5,julia,10,223,0.19180825,500,5000,0.122077,3600,358729576,499236864,false,1.0672254,true,1000
blockdiag_high_index n=45 k=5,blockdiag_high_index_singular,45,5,julia,10,224,0.19180825,500,5000,0.122077,3600,358729576,499236864,false,1.0672254,true,1000
blockdiag_high_index n=45 k=5,blockdiag_high_index_singular,45,5,julia,10,225,0.19180825,500,5000,0.122077,3600,358729576,499236864,false,1.0672254,true,1000
blockdiag_high_index n=45 k=5,blockdiag_high_index_singular,45,5,julia,10,226,0.19180825,500,5000,0.122077,3600,358729576,499236864,false,1.0672254,true,1000
blockdiag_high_index n=45 k=5,blockdiag_high_index_singular,45,5,julia,10,227,0.19180825,500,5000,0.122077,3600,358729576,499236864,false,1.0672254,true,1000
blockdiag_high_index n=45 k=5,blockdiag_high_index_singular,45,5,julia,10,228,0.19180825,500,5000,0.122077,3600,358729576,499236864,false,1.0672254,true,1000
blockdiag_high_index n=45 k=5,blockdiag_high_index_singular,45,5,julia,10,229,0.19180825,500,5000,0.122077,3600,358729576,499236864,false,1.0672254,true,1000
blockdiag_high_index n=45 k=5,blockdiag_high_index_singular,45,5,julia,10,230,0.19180825,500,5000,0.122077,3600,358729576,499236864,false,1.0672254,true,1000
blockdiag_high_index n=45 k=5,blockdiag_high_index_singular,45,5,julia,10,231,0.19180825,500,5000,0.122077,3600,358729576,499236864,false,1.0672254,true,1000
blockdiag_high_index n=45 k=5,blockdiag_high_index_singular,45,5,julia,10,232,0.19180825,500,5000,0.122077,3600,358729576,499236864,false,1.0672254,true,1000
blockdiag_high_index n=45 k=5,blockdiag_high_index_singular,45,5,julia,10,233,0.19180825,500,5000,0.122077,3600,358729576,499236864,false,1.0672254,true,1000
blockdiag_high_index n=45 k=5,blockdiag_high_index_singular,45,5,julia,10,234,0.19180825,500,5000,0.122077,3600,358729576,499236864,false,1.0672254,true,1000
blockdiag_high_index n=45 k=5,blockdiag_high_index_singular,45,5,julia,10,235,0.19180825,500,5000,0.122077,3600,358729576,499236864,false,1.0672254,true,1000
blockdiag_high_index n=45 k=5,blockdiag_high_index_singular,45,5,julia,10,236,0.19180825,500,5000,0.122077,3600,358729576,499236864,false,1.0672254,true,1000
blockdiag_high_index n=45 k=5,blockdiag_high_index_singular,45,5,julia,10,237,0.19180825,500,5000,0.122077,3600,358729576,499236864,false,1.0672254,true,1000
blockdiag_high_index n=45 k=5,blockdiag_high_index_singular,45,5,julia,10,238,0.19180825,500,5000,0.122077,3600,358729576,499236864,false,1.0672254,true,1000
blockdiag_high_index n=45 k=5,blockdiag_high_index_singular,45,5,julia,10,239,0.19180825,500,5000,0.122077,3600,358729576,499236864,false,1.0672254,true,1000
blockdiag_high_index n=45 k=5,blockdiag_high_index_singular,45,5,julia,10,240,0.19180825,500,5000,0.122077,3600,358729576,499236864,false,1.0672254,true,1000
blockdiag_high_index n=45 k=5,blockdiag_high_index_singular,45,5,julia,10,241,0.19180825,500,5000,0.122077,3600,358729576,499236864,false,1.0672254,true,1000
blockdiag_high_index n=45 k=5,blockdiag_high_index_singular,45,5,julia,10,242,0.19180825,500,5000,0.122077,3600,358729576,499236864,false,1.0672254,true,1000
blockdiag_high_index n=45 k=5,blockdiag_high_index_singular,45,5,julia,10,243,0.19180825,500,5000,0.122077,3600,358729576,499236864,false,1.0672254,true,1000
blockdiag_high_index n=45 k=5,blockdiag_high_index_singular,45,5,julia,10,244,0.19180825,500,5000,0.122077,3600,358729576,499236864,false,1.0672254,true,1000
blockdiag_high_index n=45 k=5,blockdiag_high_index_singular,45,5,julia,10,245,0.19180825,500,5000,0.122077,3600,358729576,499236864,false,1.0672254,true,1000
blockdiag_high_index n=45 k=5,blockdiag_high_index_singular,45,5,julia,10,246,0.19180825,500,5000,0.122077,3600,358729576,499236864,false,1.0672254,true,1000
blockdiag_high_index n=45 k=5,blockdiag_high_index_singular,45,5,julia,10,247,0.19180825,500,5000,0.122077,3600,358729576,499236864,false,1.0672254,true,1000
blockdiag_high_index n=45 k=5,blockdiag_high_index_singular,45,5,julia,10,248,0.19180825,500,5000,0.122077,3600,358729576,499236864,false,1.0672254,true,1000
blockdiag_high_index n=45 k=5,blockdiag_high_index_singular,45,5,julia,10,249,0.19180825,500,5000,0.122077,3600,358729576,499236864,false,1.0672254,true,1000
blockdiag_high_index n=45 k=5,blockdiag_high_index_singular,45,5,julia,10,250,0.19180825,500,5000,0.122077,3600,358729576,499236864,false,1.0672254,true,1000
blockdiag_high_index n=45 k=5,blockdiag_high_index_singular,45,5,julia,10,251,0.19180825,500,5000,0.122077,3600,358729576,499236864,false,1.0672254,true,1000
blockdiag_high_index n=45 k=5,blockdiag_high_index_singular,45,5,julia,10,252,0.19180825,500,5000,0.122077,3600,358729576,499236864,false,1.0672254,true,1000
blockdiag_high_index n=45 k=5,blockdiag_high_index_singular,45,5,julia,10,253,0.19180825,500,5000,0.122077,3600,358729576,499236864,false,1.0672254,true,1000
blockdiag_high_index n=45 k=5,blockdiag_high_index_singular,45,5,julia,10,254,0.19180825,500,5000,0.122077,3600,358729576,499236864,false,1.0672254,true,1000
blockdiag_high_index n=45 k=5,blockdiag_high_index_singular,45,5,julia,10,255,0.19180825,500,5000,0.122077,3600,358729576,499236864,false,1.0672254,true,1000
blockdiag_high_index n=45 k=5,blockdiag_high_index_singular,45,5,julia,10,256,0.19180825,500,5000,0.122077,3600,358729576,499236864,false,1.0672254,true,1000
blockdiag_high_index n=45 k=5,blockdiag_high_index_singular,45,5,julia,10,257,0.19180825,500,5000,0.122077,3600,358729576,499236864,false,1.0672254,true,1000
blockdiag_high_index n=45 k=5,blockdiag_high_index_singular,45,5,julia,10,258,0.19180825,500,5000,0.122077,3600,358729576,499236864,false,1.0672254,true,1000
blockdiag_high_index n=45 k=5,blockdiag_high_index_singular,45,5,julia,10,259,0.19180825,500,5000,0.122077,3600,358729576,499236864,false,1.0672254,true,1000
blockdiag_high_index n=45 k=5,blockdiag_high_index_singular,45,5,julia,10,260,0.19180825,500,5000,0.122077,3600,358729576,499236864,false,1.0672254,true,1000
blockdiag_high_index n=45 k=5,blockdiag_high_index_singular,45,5,julia,10,261,0.19180825,500,5000,0.122077,3600,358729576,499236864,false,1.0672254,true,1000
blockdiag_high_index n=45 k=5,blockdiag_high_index_singular,45,5,julia,10,262,0.19180825,500,5000,0.122077,3600,358729576,499236864,false,1.0672254,true,1000
blockdiag_high_index n=45 k=5,blockdiag_high_index_singular,45,5,julia,10,263,0.19180825,500,5000,0.122077,3600,358729576,499236864,false,1.0672254,true,1000
blockdiag_high_index n=45 k=5,blockdiag_high_index_singular,45,5,julia,10,264,0.19180825,500,5000,0.122077,3600,358729576,499236864,false,1.0672254,true,1000
blockdiag_high_index n=45 k=5,blockdiag_high_index_singular,45,5,julia,10,265,0.19180825,500,5000,0.122077,3600,358729576,499236864,false,1.0672254,true,1000
blockdiag_high_index n=45 k=5,blockdiag_high_index_singular,45,5,julia,10,266,0.19180825,500,5000,0.122077,3600,358729576,499236864,false,1.0672254,true,1000
blockdiag_high_index n=45 k=5,blockdiag_high_index_singular,45,5,julia,10,267,0.19180825,500,5000,0.122077,3600,358729576,499236864,false,1.0672254,true,1000
blockdiag_high_index n=45 k=5,blockdiag_high_index_singular,45,5,julia,10,268,0.19180825,500,5000,0.122077,3600,358729576,499236864,false,1.0672254,true,1000
blockdiag_high_index n=45 k=5,blockdiag_high_index_singular,45,5,julia,10,269,0.19180825,500,5000,0.122077,3600,358729576,499236864,false,1.0672254,true,1000
blockdiag_high_index n=45 k=5,blockdiag_high_index_singular,45,5,julia,10,270,0.19180825,500,5000,0.122077,3600,358729576,499236864,false,1.0672254,true,1000
blockdiag_high_index n=45 k=5,blockdiag_high_index_singular,45,5,julia,10,271,0.19180825,500,5000,0.122077,3600,358729576,499236864,false,1.0672254,true,1000
blockdiag_high_index n=45 k=5,blockdiag_high_index_singular,45,5,julia,10,272,0.19180825,500,5000,0.122077,3600,358729576,499236864,false,1.0672254,true,1000
blockdiag_high_index n=45 k=5,blockdiag_high_index_singular,45,5,julia,10,273,0.19180825,500,5000,0.122077,3600,358729576,499236864,false,1.0672254,true,1000
blockdiag_high_index n=45 k=5,blockdiag_high_index_singular,45,5,julia,10,274,0.19180825,500,5000,0.122077,3600,358729576,499236864,false,1.0672254,true,1000
blockdiag_high_index n=45 k=5,blockdiag_high_index_singular,45,5,julia,10,275,0.19180825,500,5000,0.122077,3600,358729576,499236864,false,1.0672254,true,1000
blockdiag_high_index n=45 k=5,blockdiag_high_index_singular,45,5,julia,10,276,0.19180825,500,5000,0.122077,3600,358729576,499236864,false,1.0672254,true,1000
blockdiag_high_index n=45 k=5,blockdiag_high_index_singular,45,5,julia,10,277,0.19180825,500,5000,0.122077,3600,358729576,499236864,false,1.0672254,true,1000
blockdiag_high_index n=45 k=5,blockdiag_high_index_singular,45,5,julia,10,278,0.19180825,500,5000,0.122077,3600,358729576,499236864,false,1.0672254,true,1000
blockdiag_high_index n=45 k=5,blockdiag_high_index_singular,45,5,julia,10,279,0.19180825,500,5000,0.122077,3600,358729576,499236864,false,1.0672254,true,1000
blockdiag_high_index n=45 k=5,blockdiag_high_index_singular,45,5,julia,10,280,0.19180825,500,5000,0.122077,3600,358729576,499236864,false,1.0672254,true,1000
blockdiag_high_index n=45 k=5,blockdiag_high_index_singular,45,5,julia,10,281,0.19180825,500,5000,0.122077,3600,358729576,499236864,false,1.0672254,true,1000
blockdiag_high_index n=45 k=5,blockdiag_high_index_singular,45,5,julia,10,282,0.19180825,500,5000,0.122077,3600,358729576,499236864,false,1.0672254,true,1000
blockdiag_high_index n=45 k=5,blockdiag_high_index_singular,45,5,julia,10,283,0.19180825,500,5000,0.122077,3600,358729576,499236864,false,1.0672254,true,1000
blockdiag_high_index n=45 k=5,blockdiag_high_index_singular,45,5,julia,10,284,0.19180825,500,5000,0.122077,3600,358729576,499236864,false,1.0672254,true,1000
blockdiag_high_index n=45 k=5,blockdiag_high_index_singular,45,5,julia,10,285,0.19180825,500,5000,0.122077,3600,358729576,499236864,false,1.0672254,true,1000
blockdiag_high_index n=45 k=5,blockdiag_high_index_singular,45,5,julia,10,286,0.19180825,500,5000,0.122077,3600,358729576,499236864,false,1.0672254,true,1000
blockdiag_high_index n=45 k=5,blockdiag_high_index_singular,45,5,julia,10,287,0.19180825,500,5000,0.122077,3600,358729576,499236864,false,1.0672254,true,1000
blockdiag_high_index n=45 k=5,blockdiag_high_index_singular,45,5,julia,10,288,0.19180825,500,5000,0.122077,3600,358729576,499236864,false,1.0672254,true,1000
blockdiag_high_index n=45 k=5,blockdiag_high_index_singular,45,5,julia,10,289,0.19180825,500,5000,0.122077,3600,358729576,499236864,false,1.0672254,true,1000
blockdiag_high_index n=45 k=5,blockdiag_high_index_singular,45,5,julia,10,290,0.19180825,500,5000,0.122077,3600,358729576,499236864,false,1.0672254,true,1000
blockdiag_high_index n=45 k=5,blockdiag_high_index_singular,45,5,julia,10,291,0.19180825,500,5000,0.122077,3600,358729576,499236864,false,1.0672254,true,1000
blockdiag_high_index n=45 k=5,blockdiag_high_index_singular,45,5,julia,10,292,0.19180825,500,5000,0.122077,3600,358729576,499236864,false,1.0672254,true,1000
blockdiag_high_index n=45 k=5,blockdiag_high_index_singular,45,5,julia,10,293,0.19180825,500,5000,0.122077,3600,358729576,499236864,false,1.0672254,true,1000
blockdiag_high_index n=45 k=5,blockdiag_high_index_singular,45,5,julia,10,294,0.19180825,500,5000,0.122077,3600,358729576,499236864,false,1.0672254,true,1000
blockdiag_high_index n=45 k=5,blockdiag_high_index_singular,45,5,julia,10,295,0.19180825,500,5000,0.122077,3600,358729576,499236864,false,1.0672254,true,1000
blockdiag_high_index n=45 k=5,blockdiag_high_index_singular,45,5,julia,10,296,0.19180825,500,5000,0.122077,3600,358729576,499236864,false,1.0672254,true,1000
blockdiag_high_index n=45 k=5,blockdiag_high_index_singular,45,5,julia,10,297,0.19180825,500,5000,0.122077,3600,358729576,499236864,false,1.0672254,true,1000
blockdiag_high_index n=45 k=5,blockdiag_high_index_singular,45,5,julia,10,298,0.19180825,500,5000,0.122077,3600,358729576,499236864,false,1.0672254,true,1000
blockdiag_high_index n=45 k=5,blockdiag_high_index_singular,45,5,julia,10,299,0.19180825,500,5000,0.122077,3600,358729576,499236864,false,1.0672254,true,1000
blockdiag_high_index n=45 k=5,blockdiag_high_index_singular,45,5,julia,10,300,0.19180825,500,5000,0.122077,3600,358729576,499236864,false,1.0672254,true,1000
blockdiag_high_index n=45 k=5,blockdiag_high_index_singular,45,5,julia,10,301,0.19180825,500,5000,0.122077,3600,358729576,499236864,false,1.0672254,true,1000
blockdiag_high_index n=45 k=5,blockdiag_high_index_singular,45,5,julia,10,302,0.19180825,500,5000,0.122077,3600,358729576,499236864,false,1.0672254,true,1000
blockdiag_high_index n=45 k=5,blockdiag_high_index_singular,45,5,julia,10,303,0.19180825,500,5000,0.122077,3600,358729576,499236864,false,1.0672254,true,1000
blockdiag_high_index n=45 k=5,blockdiag_high_index_singular,45,5,julia,10,304,0.19180825,500,5000,0.122077,3600,358729576,499236864,false,1.0672254,true,1000
blockdiag_high_index n=45 k=5,blockdiag_high_index_singular,45,5,julia,10,305,0.19180825,500,5000,0.122077,3600,358729576,499236864,false,1.0672254,true,1000
blockdiag_high_index n=45 k=5,blockdiag_high_index_singular,45,5,julia,10,306,0.19180825,500,5000,0.122077,3600,358729576,499236864,false,1.0672254,true,1000
blockdiag_high_index n=45 k=5,blockdiag_high_index_singular,45,5,julia,10,307,0.19180825,500,5000,0.122077,3600,358729576,499236864,false,1.0672254,true,1000
blockdiag_high_index n=45 k=5,blockdiag_high_index_singular,45,5,julia,10,308,0.19180825,500,5000,0.122077,3600,358729576,499236864,false,1.0672254,true,1000
blockdiag_high_index n=45 k=5,blockdiag_high_index_singular,45,5,julia,10,309,0.19180825,500,5000,0.122077,3600,358729576,499236864,false,1.0672254,true,1000
blockdiag_high_index n=45 k=5,blockdiag_high_index_singular,45,5,julia,10,310,0.19180825,500,5000,0.122077,3600,358729576,499236864,false,1.0672254,true,1000
blockdiag_high_index n=45 k=5,blockdiag_high_index_singular,45,5,julia,10,311,0.19180825,500,5000,0.122077,3600,358729576,499236864,false,1.0672254,true,1000
blockdiag_high_index n=45 k=5,blockdiag_high_index_singular,45,5,julia,10,312,0.19180825,500,5000,0.122077,3600,358729576,499236864,false,1.0672254,true,1000
blockdiag_high_index n=45 k=5,blockdiag_high_index_singular,45,5,julia,10,313,0.19180825,500,5000,0.122077,3600,358729576,499236864,false,1.0672254,true,1000
blockdiag_high_index n=45 k=5,blockdiag_high_index_singular,45,5,julia,10,314,0.19180825,500,5000,0.122077,3600,358729576,499236864,false,1.0672254,true,1000
blockdiag_high_index n=45 k=5,blockdiag_high_index_singular,45,5,julia,10,315,0.19180825,500,5000,0.122077,3600,358729576,499236864,false,1.0672254,true,1000
blockdiag_high_index n=45 k=5,blockdiag_high_index_singular,45,5,julia,10,316,0.19180825,500,5000,0.122077,3600,358729576,499236864,false,1.0672254,true,1000
blockdiag_high_index n=45 k=5,blockdiag_high_index_singular,45,5,julia,10,317,0.19180825,500,5000,0.122077,3600,358729576,499236864,false,1.0672254,true,1000
blockdiag_high_index n=45 k=5,blockdiag_high_index_singular,45,5,julia,10,318,0.19180825,500,5000,0.122077,3600,358729576,499236864,false,1.0672254,true,1000
blockdiag_high_index n=45 k=5,blockdiag_high_index_singular,45,5,julia,10,319,0.19180825,500,5000,0.122077,3600,358729576,499236864,false,1.0672254,true,1000
blockdiag_high_index n=45 k=5,blockdiag_high_index_singular,45,5,julia,10,320,0.19180825,500,5000,0.122077,3600,358729576,499236864,false,1.0672254,true,1000
blockdiag_high_index n=45 k=5,blockdiag_high_index_singular,45,5,julia,10,321,0.19180825,500,5000,0.122077,3600,358729576,499236864,false,1.0672254,true,1000
blockdiag_high_index n=45 k=5,blockdiag_high_index_singular,45,5,julia,10,322,0.19180825,500,5000,0.122077,3600,358729576,499236864,false,1.0672254,true,1000
blockdiag_high_index n=45 k=5,blockdiag_high_index_singular,45,5,julia,10,323,0.19180825,500,5000,0.122077,3600,358729576,499236864,false,1.0672254,true,1000
blockdiag_high_index n=45 k=5,blockdiag_high_index_singular,45,5,julia,10,324,0.19180825,500,5000,0.122077,3600,358729576,499236864,false,1.0672254,true,1000
blockdiag_high_index n=45 k=5,blockdiag_high_index_singular,45,5,julia,10,325,0.19180825,500,5000,0.122077,3600,358729576,499236864,false,1.0672254,true,1000
blockdiag_high_index n=45 k=5,blockdiag_high_index_singular,45,5,julia,10,326,0.19180825,500,5000,0.122077,3600,358729576,499236864,false,1.0672254,true,1000
blockdiag_high_index n=45 k=5,blockdiag_high_index_singular,45,5,julia,10,327,0.19180825,500,5000,0.122077,3600,358729576,499236864,false,1.0672254,true,1000
blockdiag_high_index n=45 k=5,blockdiag_high_index_singular,45,5,julia,10,328,0.19180825,500,5000,0.122077,3600,358729576,499236864,false,1.0672254,true,1000
blockdiag_high_index n=45 k=5,blockdiag_high_index_singular,45,5,julia,10,329,0.19180825,500,5000,0.122077,3600,358729576,499236864,false,1.0672254,true,1000
blockdiag_high_index n=45 k=5,blockdiag_high_index_singular,45,5,julia,10,330,0.19180825,500,5000,0.122077,3600,358729576,499236864,false,1.0672254,true,1000
blockdiag_high_index n=45 k=5,blockdiag_high_index_singular,45,5,julia,10,331,0.19180825,500,5000,0.122077,3600,358729576,499236864,false,1.0672254,true,1000
blockdiag_high_index n=45 k=5,blockdiag_high_index_singular,45,5,julia,10,332,0.19180825,500,5000,0.122077,3600,358729576,499236864,false,1.0672254,true,1000
blockdiag_high_index n=45 k=5,blockdiag_high_index_singular,45,5,julia,10,333,0.19180825,500,5000,0.122077,3600,358729576,499236864,false,1.0672254,true,1000
blockdiag_high_index n=45 k=5,blockdiag_high_index_singular,45,5,julia,10,334,0.19180825,500,5000,0.122077,3600,358729576,499236864,false,1.0672254,true,1000
blockdiag_high_index n=45 k=5,blockdiag_high_index_singular,45,5,julia,10,335,0.19180825,500,5000,0.122077,3600,358729576,499236864,false,1.0672254,true,1000
blockdiag_high_index n=45 k=5,blockdiag_high_index_singular,45,5,julia,10,336,0.19180825,500,5000,0.122077,3600,358729576,499236864,false,1.0672254,true,1000
blockdiag_high_index n=45 k=5,blockdiag_high_index_singular,45,5,julia,10,337,0.19180825,500,5000,0.122077,3600,358729576,499236864,false,1.0672254,true,1000
blockdiag_high_index n=45 k=5,blockdiag_high_index_singular,45,5,julia,10,338,0.19180825,500,5000,0.122077,3600,358729576,499236864,false,1.0672254,true,1000
blockdiag_high_index n=45 k=5,blockdiag_high_index_singular,45,5,julia,10,339,0.19180825,500,5000,0.122077,3600,358729576,499236864,false,1.0672254,true,1000
blockdiag_high_index n=45 k=5,blockdiag_high_index_singular,45,5,julia,10,340,0.19180825,500,5000,0.122077,3600,358729576,499236864,false,1.0672254,true,1000
blockdiag_high_index n=45 k=5,blockdiag_high_index_singular,45,5,julia,10,341,0.19180825,500,5000,0.122077,3600,358729576,499236864,false,1.0672254,true,1000
blockdiag_high_index n=45 k=5,blockdiag_high_index_singular,45,5,julia,10,342,0.19180825,500,5000,0.122077,3600,358729576,499236864,false,1.0672254,true,1000
blockdiag_high_index n=45 k=5,blockdiag_high_index_singular,45,5,julia,10,343,0.19180825,500,5000,0.122077,3600,358729576,499236864,false,1.0672254,true,1000
blockdiag_high_index n=45 k=5,blockdiag_high_index_singular,45,5,julia,10,344,0.19180825,500,5000,0.122077,3600,358729576,499236864,false,1.0672254,true,1000
blockdiag_high_index n=45 k=5,blockdiag_high_index_singular,45,5,julia,10,345,0.19180825,500,5000,0.122077,3600,358729576,499236864,false,1.0672254,true,1000
blockdiag_high_index n=45 k=5,blockdiag_high_index_singular,45,5,julia,10,346,0.19180825,500,5000,0.122077,3600,358729576,499236864,false,1.0672254,true,1000
blockdiag_high_index n=45 k=5,blockdiag_high_index_singular,45,5,julia,10,347,0.19180825,500,5000,0.122077,3600,358729576,499236864,false,1.0672254,true,1000
blockdiag_high_index n=45 k=5,blockdiag_high_index_singular,45,5,julia,10,348,0.19180825,500,5000,0.122077,3600,358729576,499236864,false,1.0672254,true,1000
blockdiag_high_index n=45 k=5,blockdiag_high_index_singular,45,5,julia,10,349,0.19180825,500,5000,0.122077,3600,358729576,499236864,false,1.0672254,true,1000
blockdiag_high_index n=45 k=5,blockdiag_high_index_singular,45,5,julia,10,350,0.19180825,500,5000,0.122077,3600,358729576,499236864,false,1.0672254,true,1000
blockdiag_high_index n=45 k=5,blockdiag_high_index_singular,45,5,julia,10,351,0.19180825,500,5000,0.122077,3600,358729576,499236864,false,1.0672254,true,1000
blockdiag_high_index n=45 k=5,blockdiag_high_index_singular,45,5,julia,10,352,0.19180825,500,5000,0.122077,3600,358729576,499236864,false,1.0672254,true,1000
blockdiag_high_index n=45 k=5,blockdiag_high_index_singular,45,5,julia,10,353,0.19180825,500,5000,0.122077,3600,358729576,499236864,false,1.0672254,true,1000
blockdiag_high_index n=45 k=5,blockdiag_high_index_singular,45,5,julia,10,354,0.19180825,500,5000,0.122077,3600,358729576,499236864,false,1.0672254,true,1000
blockdiag_high_index n=45 k=5,blockdiag_high_index_singular,45,5,julia,10,355,0.19180825,500,5000,0.122077,3600,358729576,499236864,false,1.0672254,true,1000
blockdiag_high_index n=45 k=5,blockdiag_high_index_singular,45,5,julia,10,356,0.19180825,500,5000,0.122077,3600,358729576,499236864,false,1.0672254,true,1000
blockdiag_high_index n=45 k=5,blockdiag_high_index_singular,45,5,julia,10,357,0.19180825,500,5000,0.122077,3600,358729576,499236864,false,1.0672254,true,1000
blockdiag_high_index n=45 k=5,blockdiag_high_index_singular,45,5,julia,10,358,0.19180825,500,5000,0.122077,3600,358729576,499236864,false,1.0672254,true,1000
blockdiag_high_index n=45 k=5,blockdiag_high_index_singular,45,5,julia,10,359,0.19180825,500,5000,0.122077,3600,358729576,499236864,false,1.0672254,true,1000
blockdiag_high_index n=45 k=5,blockdiag_high_index_singular,45,5,julia,10,360,0.19180825,500,5000,0.122077,3600,358729576,499236864,false,1.0672254,true,1000
blockdiag_high_index n=45 k=5,blockdiag_high_index_singular,45,5,julia,10,361,0.19180825,500,5000,0.122077,3600,358729576,499236864,false,1.0672254,true,1000
blockdiag_high_index n=45 k=5,blockdiag_high_index_singular,45,5,julia,10,362,0.19180825,500,5000,0.122077,3600,358729576,499236864,false,1.0672254,true,1000
blockdiag_high_index n=45 k=5,blockdiag_high_index_singular,45,5,julia,10,363,0.19180825,500,5000,0.122077,3600,358729576,499236864,false,1.0672254,true,1000
blockdiag_high_index n=45 k=5,blockdiag_high_index_singular,45,5,julia,10,364,0.19180825,500,5000,0.122077,3600,358729576,499236864,false,1.0672254,true,1000
blockdiag_high_index n=45 k=5,blockdiag_high_index_singular,45,5,julia,10,365,0.19180825,500,5000,0.122077,3600,358729576,499236864,false,1.0672254,true,1000
blockdiag_high_index n=45 k=5,blockdiag_high_index_singular,45,5,julia,10,366,0.19180825,500,5000,0.122077,3600,358729576,499236864,false,1.0672254,true,1000
blockdiag_high_index n=45 k=5,blockdiag_high_index_singular,45,5,julia,10,367,0.19180825,500,5000,0.122077,3600,358729576,499236864,false,1.0672254,true,1000
blockdiag_high_index n=45 k=5,blockdiag_high_index_singular,45,5,julia,10,368,0.19180825,500,5000,0.122077,3600,358729576,499236864,false,1.0672254,true,1000
blockdiag_high_index n=45 k=5,blockdiag_high_index_singular,45,5,julia,10,369,0.19180825,500,5000,0.122077,3600,358729576,499236864,false,1.0672254,true,1000
blockdiag_high_index n=45 k=5,blockdiag_high_index_singular,45,5,julia,10,370,0.19180825,500,5000,0.122077,3600,358729576,499236864,false,1.0672254,true,1000
blockdiag_high_index n=45 k=5,blockdiag_high_index_singular,45,5,julia,10,371,0.19180825,500,5000,0.122077,3600,358729576,499236864,false,1.0672254,true,1000
blockdiag_high_index n=45 k=5,blockdiag_high_index_singular,45,5,julia,10,372,0.19180825,500,5000,0.122077,3600,358729576,499236864,false,1.0672254,true,1000
blockdiag_high_index n=45 k=5,blockdiag_high_index_singular,45,5,julia,10,373,0.19180825,500,5000,0.122077,3600,358729576,499236864,false,1.0672254,true,1000
blockdiag_high_index n=45 k=5,blockdiag_high_index_singular,45,5,julia,10,374,0.19180825,500,5000,0.122077,3600,358729576,499236864,false,1.0672254,true,1000
blockdiag_high_index n=45 k=5,blockdiag_high_index_singular,45,5,julia,10,375,0.19180825,500,5000,0.122077,3600,358729576,499236864,false,1.0672254,true,1000
blockdiag_high_index n=45 k=5,blockdiag_high_index_singular,45,5,julia,10,376,0.19180825,500,5000,0.122077,3600,358729576,499236864,false,1.0672254,true,1000
blockdiag_high_index n=45 k=5,blockdiag_high_index_singular,45,5,julia,10,377,0.19180825,500,5000,0.122077,3600,358729576,499236864,false,1.0672254,true,1000
blockdiag_high_index n=45 k=5,blockdiag_high_index_singular,45,5,julia,10,378,0.19180825,500,5000,0.122077,3600,358729576,499236864,false,1.0672254,true,1000
blockdiag_high_index n=45 k=5,blockdiag_high_index_singular,45,5,julia,10,379,0.19180825,500,5000,0.122077,3600,358729576,499236864,false,1.0672254,true,1000
blockdiag_high_index n=45 k=5,blockdiag_high_index_singular,45,5,julia,10,380,0.19180825,500,5000,0.122077,3600,358729576,499236864,false,1.0672254,true,1000
blockdiag_high_index n=45 k=5,blockdiag_high_index_singular,45,5,julia,10,381,0.19180825,500,5000,0.122077,3600,358729576,499236864,false,1.0672254,true,1000
blockdiag_high_index n=45 k=5,blockdiag_high_index_singular,45,5,julia,10,382,0.19180825,500,5000,0.122077,3600,358729576,499236864,false,1.0672254,true,1000
blockdiag_high_index n=45 k=5,blockdiag_high_index_singular,45,5,julia,10,383,0.19180825,500,5000,0.122077,3600,358729576,499236864,false,1.0672254,true,1000
blockdiag_high_index n=45 k=5,blockdiag_high_index_singular,45,5,julia,10,384,0.19180825,500,5000,0.122077,3600,358729576,499236864,false,1.0672254,true,1000
blockdiag_high_index n=45 k=5,blockdiag_high_index_singular,45,5,julia,10,385,0.19180825,500,5000,0.122077,3600,358729576,499236864,false,1.0672254,true,1000
blockdiag_high_index n=45 k=5,blockdiag_high_index_singular,45,5,julia,10,386,0.19180825,500,5000,0.122077,3600,358729576,499236864,false,1.0672254,true,1000
blockdiag_high_index n=45 k=5,blockdiag_high_index_singular,45,5,julia,10,387,0.19180825,500,5000,0.122077,3600,358729576,499236864,false,1.0672254,true,1000
blockdiag_high_index n=45 k=5,blockdiag_high_index_singular,45,5,julia,10,388,0.19180825,500,5000,0.122077,3600,358729576,499236864,false,1.0672254,true,1000
blockdiag_high_index n=45 k=5,blockdiag_high_index_singular,45,5,julia,10,389,0.19180825,500,5000,0.122077,3600,358729576,499236864,false,1.0672254,true,1000
blockdiag_high_index n=45 k=5,blockdiag_high_index_singular,45,5,julia,10,390,0.19180825,500,5000,0.122077,3600,358729576,499236864,false,1.0672254,true,1000
blockdiag_high_index n=45 k=5,blockdiag_high_index_singular,45,5,julia,10,391,0.19180825,500,5000,0.122077,3600,358729576,499236864,false,1.0672254,true,1000
blockdiag_high_index n=45 k=5,blockdiag_high_index_singular,45,5,julia,10,392,0.19180825,500,5000,0.122077,3600,358729576,499236864,false,1.0672254,true,1000
blockdiag_high_index n=45 k=5,blockdiag_high_index_singular,45,5,julia,10,393,0.19180825,500,5000,0.122077,3600,358729576,499236864,false,1.0672254,true,1000
blockdiag_high_index n=45 k=5,blockdiag_high_index_singular,45,5,julia,10,394,0.19180825,500,5000,0.122077,3600,358729576,499236864,false,1.0672254,true,1000
blockdiag_high_index n=45 k=5,blockdiag_high_index_singular,45,5,julia,10,395,0.19180825,500,5000,0.122077,3600,358729576,499236864,false,1.0672254,true,1000
blockdiag_high_index n=45 k=5,blockdiag_high_index_singular,45,5,julia,10,396,0.19180825,500,5000,0.122077,3600,358729576,499236864,false,1.0672254,true,1000
blockdiag_high_index n=45 k=5,blockdiag_high_index_singular,45,5,julia,10,397,0.19180825,500,5000,0.122077,3600,358729576,499236864,false,1.0672254,true,1000
blockdiag_high_index n=45 k=5,blockdiag_high_index_singular,45,5,julia,10,398,0.19180825,500,5000,0.122077,3600,358729576,499236864,false,1.0672254,true,1000
blockdiag_high_index n=45 k=5,blockdiag_high_index_singular,45,5,julia,10,399,0.19180825,500,5000,0.122077,3600,358729576,499236864,false,1.0672254,true,1000
blockdiag_high_index n=45 k=5,blockdiag_high_index_singular,45,5,julia,10,400,0.19180825,500,5000,0.122077,3600,358729576,499236864,false,1.0672254,true,1000
blockdiag_high_index n=45 k=5,blockdiag_high_index_singular,45,5,julia,10,401,0.19180825,500,5000,0.122077,3600,358729576,499236864,false,1.0672254,true,1000
blockdiag_high_index n=45 k=5,blockdiag_high_index_singular,45,5,julia,10,402,0.19180825,500,5000,0.122077,3600,358729576,499236864,false,1.0672254,true,1000
blockdiag_high_index n=45 k=5,blockdiag_high_index_singular,45,5,julia,10,403,0.19180825,500,5000,0.122077,3600,358729576,499236864,false,1.0672254,true,1000
blockdiag_high_index n=45 k=5,blockdiag_high_index_singular,45,5,julia,10,404,0.19180825,500,5000,0.122077,3600,358729576,499236864,false,1.0672254,true,1000
blockdiag_high_index n=45 k=5,blockdiag_high_index_singular,45,5,julia,10,405,0.19180825,500,5000,0.122077,3600,358729576,499236864,false,1.0672254,true,1000
blockdiag_high_index n=45 k=5,blockdiag_high_index_singular,45,5,julia,10,406,0.19180825,500,5000,0.122077,3600,358729576,499236864,false,1.0672254,true,1000
blockdiag_high_index n=45 k=5,blockdiag_high_index_singular,45,5,julia,10,407,0.19180825,500,5000,0.122077,3600,358729576,499236864,false,1.0672254,true,1000
blockdiag_high_index n=45 k=5,blockdiag_high_index_singular,45,5,julia,10,408,0.19180825,500,5000,0.122077,3600,358729576,499236864,false,1.0672254,true,1000
blockdiag_high_index n=45 k=5,blockdiag_high_index_singular,45,5,julia,10,409,0.19180825,500,5000,0.122077,3600,358729576,499236864,false,1.0672254,true,1000
blockdiag_high_index n=45 k=5,blockdiag_high_index_singular,45,5,julia,10,410,0.19180825,500,5000,0.122077,3600,358729576,499236864,false,1.0672254,true,1000
blockdiag_high_index n=45 k=5,blockdiag_high_index_singular,45,5,julia,10,411,0.19180825,500,5000,0.122077,3600,358729576,499236864,false,1.0672254,true,1000
blockdiag_high_index n=45 k=5,blockdiag_high_index_singular,45,5,julia,10,412,0.19180825,500,5000,0.122077,3600,358729576,499236864,false,1.0672254,true,1000
blockdiag_high_index n=45 k=5,blockdiag_high_index_singular,45,5,julia,10,413,0.19180825,500,5000,0.122077,3600,358729576,499236864,false,1.0672254,true,1000
blockdiag_high_index n=45 k=5,blockdiag_high_index_singular,45,5,julia,10,414,0.19180825,500,5000,0.122077,3600,358729576,499236864,false,1.0672254,true,1000
blockdiag_high_index n=45 k=5,blockdiag_high_index_singular,45,5,julia,10,415,0.19180825,500,5000,0.122077,3600,358729576,499236864,false,1.0672254,true,1000
blockdiag_high_index n=45 k=5,blockdiag_high_index_singular,45,5,julia,10,416,0.19180825,500,5000,0.122077,3600,358729576,499236864,false,1.0672254,true,1000
blockdiag_high_index n=45 k=5,blockdiag_high_index_singular,45,5,julia,10,417,0.19180825,500,5000,0.122077,3600,358729576,499236864,false,1.0672254,true,1000
blockdiag_high_index n=45 k=5,blockdiag_high_index_singular,45,5,julia,10,418,0.19180825,500,5000,0.122077,3600,358729576,499236864,false,1.0672254,true,1000
blockdiag_high_index n=45 k=5,blockdiag_high_index_singular,45,5,julia,10,419,0.19180825,500,5000,0.122077,3600,358729576,499236864,false,1.0672254,true,1000
blockdiag_high_index n=45 k=5,blockdiag_high_index_singular,45,5,julia,10,420,0.19180825,500,5000,0.122077,3600,358729576,499236864,false,1.0672254,true,1000
blockdiag_high_index n=45 k=5,blockdiag_high_index_singular,45,5,julia,10,421,0.19180825,500,5000,0.122077,3600,358729576,499236864,false,1.0672254,true,1000
blockdiag_high_index n=45 k=5,blockdiag_high_index_singular,45,5,julia,10,422,0.19180825,500,5000,0.122077,3600,358729576,499236864,false,1.0672254,true,1000
blockdiag_high_index n=45 k=5,blockdiag_high_index_singular,45,5,julia,10,423,0.19180825,500,5000,0.122077,3600,358729576,499236864,false,1.0672254,true,1000
blockdiag_high_index n=45 k=5,blockdiag_high_index_singular,45,5,julia,10,424,0.19180825,500,5000,0.122077,3600,358729576,499236864,false,1.0672254,true,1000
blockdiag_high_index n=45 k=5,blockdiag_high_index_singular,45,5,julia,10,425,0.19180825,500,5000,0.122077,3600,358729576,499236864,false,1.0672254,true,1000
blockdiag_high_index n=45 k=5,blockdiag_high_index_singular,45,5,julia,10,426,0.19180825,500,5000,0.122077,3600,358729576,499236864,false,1.0672254,true,1000
blockdiag_high_index n=45 k=5,blockdiag_high_index_singular,45,5,julia,10,427,0.19180825,500,5000,0.122077,3600,358729576,499236864,false,1.0672254,true,1000
blockdiag_high_index n=45 k=5,blockdiag_high_index_singular,45,5,julia,10,428,0.19180825,500,5000,0.122077,3600,358729576,499236864,false,1.0672254,true,1000
blockdiag_high_index n=45 k=5,blockdiag_high_index_singular,45,5,julia,10,429,0.19180825,500,5000,0.122077,3600,358729576,499236864,false,1.0672254,true,1000
blockdiag_high_index n=45 k=5,blockdiag_high_index_singular,45,5,julia,10,430,0.19180825,500,5000,0.122077,3600,358729576,499236864,false,1.0672254,true,1000
blockdiag_high_index n=45 k=5,blockdiag_high_index_singular,45,5,julia,10,431,0.19180825,500,5000,0.122077,3600,358729576,499236864,false,1.0672254,true,1000
blockdiag_high_index n=45 k=5,blockdiag_high_index_singular,45,5,julia,10,432,0.19180825,500,5000,0.122077,3600,358729576,499236864,false,1.0672254,true,1000
blockdiag_high_index n=45 k=5,blockdiag_high_index_singular,45,5,julia,10,433,0.19180825,500,5000,0.122077,3600,358729576,499236864,false,1.0672254,true,1000
blockdiag_high_index n=45 k=5,blockdiag_high_index_singular,45,5,julia,10,434,0.19180825,500,5000,0.122077,3600,358729576,499236864,false,1.0672254,true,1000
blockdiag_high_index n=45 k=5,blockdiag_high_index_singular,45,5,julia,10,435,0.19180825,500,5000,0.122077,3600,358729576,499236864,false,1.0672254,true,1000
blockdiag_high_index n=45 k=5,blockdiag_high_index_singular,45,5,julia,10,436,0.19180825,500,5000,0.122077,3600,358729576,499236864,false,1.0672254,true,1000
blockdiag_high_index n=45 k=5,blockdiag_high_index_singular,45,5,julia,10,437,0.19180825,500,5000,0.122077,3600,358729576,499236864,false,1.0672254,true,1000
blockdiag_high_index n=45 k=5,blockdiag_high_index_singular,45,5,julia,10,438,0.19180825,500,5000,0.122077,3600,358729576,499236864,false,1.0672254,true,1000
blockdiag_high_index n=45 k=5,blockdiag_high_index_singular,45,5,julia,10,439,0.19180825,500,5000,0.122077,3600,358729576,499236864,false,1.0672254,true,1000
blockdiag_high_index n=45 k=5,blockdiag_high_index_singular,45,5,julia,10,440,0.19180825,500,5000,0.122077,3600,358729576,499236864,false,1.0672254,true,1000
blockdiag_high_index n=45 k=5,blockdiag_high_index_singular,45,5,julia,10,441,0.19180825,500,5000,0.122077,3600,358729576,499236864,false,1.0672254,true,1000
blockdiag_high_index n=45 k=5,blockdiag_high_index_singular,45,5,julia,10,442,0.19180825,500,5000,0.122077,3600,358729576,499236864,false,1.0672254,true,1000
blockdiag_high_index n=45 k=5,blockdiag_high_index_singular,45,5,julia,10,443,0.19180825,500,5000,0.122077,3600,358729576,499236864,false,1.0672254,true,1000
blockdiag_high_index n=45 k=5,blockdiag_high_index_singular,45,5,julia,10,444,0.19180825,500,5000,0.122077,3600,358729576,499236864,false,1.0672254,true,1000
blockdiag_high_index n=45 k=5,blockdiag_high_index_singular,45,5,julia,10,445,0.19180825,500,5000,0.122077,3600,358729576,499236864,false,1.0672254,true,1000
blockdiag_high_index n=45 k=5,blockdiag_high_index_singular,45,5,julia,10,446,0.19180825,500,5000,0.122077,3600,358729576,499236864,false,1.0672254,true,1000
blockdiag_high_index n=45 k=5,blockdiag_high_index_singular,45,5,julia,10,447,0.19180825,500,5000,0.122077,3600,358729576,499236864,false,1.0672254,true,1000
blockdiag_high_index n=45 k=5,blockdiag_high_index_singular,45,5,julia,10,448,0.19180825,500,5000,0.122077,3600,358729576,499236864,false,1.0672254,true,1000
blockdiag_high_index n=45 k=5,blockdiag_high_index_singular,45,5,julia,10,449,0.19180825,500,5000,0.122077,3600,358729576,499236864,false,1.0672254,true,1000
blockdiag_high_index n=45 k=5,blockdiag_high_index_singular,45,5,julia,10,450,0.19180825,500,5000,0.122077,3600,358729576,499236864,false,1.0672254,true,1000
blockdiag_high_index n=45 k=5,blockdiag_high_index_singular,45,5,julia,10,451,0.19180825,500,5000,0.122077,3600,358729576,499236864,false,1.0672254,true,1000
blockdiag_high_index n=45 k=5,blockdiag_high_index_singular,45,5,julia,10,452,0.19180825,500,5000,0.122077,3600,358729576,499236864,false,1.0672254,true,1000
blockdiag_high_index n=45 k=5,blockdiag_high_index_singular,45,5,julia,10,453,0.19180825,500,5000,0.122077,3600,358729576,499236864,false,1.0672254,true,1000
blockdiag_high_index n=45 k=5,blockdiag_high_index_singular,45,5,julia,10,454,0.19180825,500,5000,0.122077,3600,358729576,499236864,false,1.0672254,true,1000
blockdiag_high_index n=45 k=5,blockdiag_high_index_singular,45,5,julia,10,455,0.19180825,500,5000,0.122077,3600,358729576,499236864,false,1.0672254,true,1000
blockdiag_high_index n=45 k=5,blockdiag_high_index_singular,45,5,julia,10,456,0.19180825,500,5000,0.122077,3600,358729576,499236864,false,1.0672254,true,1000
blockdiag_high_index n=45 k=5,blockdiag_high_index_singular,45,5,julia,10,457,0.19180825,500,5000,0.122077,3600,358729576,499236864,false,1.0672254,true,1000
blockdiag_high_index n=45 k=5,blockdiag_high_index_singular,45,5,julia,10,458,0.19180825,500,5000,0.122077,3600,358729576,499236864,false,1.0672254,true,1000
blockdiag_high_index n=45 k=5,blockdiag_high_index_singular,45,5,julia,10,459,0.19180825,500,5000,0.122077,3600,358729576,499236864,false,1.0672254,true,1000
blockdiag_high_index n=45 k=5,blockdiag_high_index_singular,45,5,julia,10,460,0.19180825,500,5000,0.122077,3600,358729576,499236864,false,1.0672254,true,1000
blockdiag_high_index n=45 k=5,blockdiag_high_index_singular,45,5,julia,10,461,0.19180825,500,5000,0.122077,3600,358729576,499236864,false,1.0672254,true,1000
blockdiag_high_index n=45 k=5,blockdiag_high_index_singular,45,5,julia,10,462,0.19180825,500,5000,0.122077,3600,358729576,499236864,false,1.0672254,true,1000
blockdiag_high_index n=45 k=5,blockdiag_high_index_singular,45,5,julia,10,463,0.19180825,500,5000,0.122077,3600,358729576,499236864,false,1.0672254,true,1000
blockdiag_high_index n=45 k=5,blockdiag_high_index_singular,45,5,julia,10,464,0.19180825,500,5000,0.122077,3600,358729576,499236864,false,1.0672254,true,1000
blockdiag_high_index n=45 k=5,blockdiag_high_index_singular,45,5,julia,10,465,0.19180825,500,5000,0.122077,3600,358729576,499236864,false,1.0672254,true,1000
blockdiag_high_index n=45 k=5,blockdiag_high_index_singular,45,5,julia,10,466,0.19180825,500,5000,0.122077,3600,358729576,499236864,false,1.0672254,true,1000
blockdiag_high_index n=45 k=5,blockdiag_high_index_singular,45,5,julia,10,467,0.19180825,500,5000,0.122077,3600,358729576,499236864,false,1.0672254,true,1000
blockdiag_high_index n=45 k=5,blockdiag_high_index_singular,45,5,julia,10,468,0.19180825,500,5000,0.122077,3600,358729576,499236864,false,1.0672254,true,1000
blockdiag_high_index n=45 k=5,blockdiag_high_index_singular,45,5,julia,10,469,0.19180825,500,5000,0.122077,3600,358729576,499236864,false,1.0672254,true,1000
blockdiag_high_index n=45 k=5,blockdiag_high_index_singular,45,5,julia,10,470,0.19180825,500,5000,0.122077,3600,358729576,499236864,false,1.0672254,true,1000
blockdiag_high_index n=45 k=5,blockdiag_high_index_singular,45,5,julia,10,471,0.19180825,500,5000,0.122077,3600,358729576,499236864,false,1.0672254,true,1000
blockdiag_high_index n=45 k=5,blockdiag_high_index_singular,45,5,julia,10,472,0.19180825,500,5000,0.122077,3600,358729576,499236864,false,1.0672254,true,1000
blockdiag_high_index n=45 k=5,blockdiag_high_index_singular,45,5,julia,10,473,0.19180825,500,5000,0.122077,3600,358729576,499236864,false,1.0672254,true,1000
blockdiag_high_index n=45 k=5,blockdiag_high_index_singular,45,5,julia,10,474,0.19180825,500,5000,0.122077,3600,358729576,499236864,false,1.0672254,true,1000
blockdiag_high_index n=45 k=5,blockdiag_high_index_singular,45,5,julia,10,475,0.19180825,500,5000,0.122077,3600,358729576,499236864,false,1.0672254,true,1000
blockdiag_high_index n=45 k=5,blockdiag_high_index_singular,45,5,julia,10,476,0.19180825,500,5000,0.122077,3600,358729576,499236864,false,1.0672254,true,1000
blockdiag_high_index n=45 k=5,blockdiag_high_index_singular,45,5,julia,10,477,0.19180825,500,5000,0.122077,3600,358729576,499236864,false,1.0672254,true,1000
blockdiag_high_index n=45 k=5,blockdiag_high_index_singular,45,5,julia,10,478,0.19180825,500,5000,0.122077,3600,358729576,499236864,false,1.0672254,true,1000
blockdiag_high_index n=45 k=5,blockdiag_high_index_singular,45,5,julia,10,479,0.19180825,500,5000,0.122077,3600,358729576,499236864,false,1.0672254,true,1000
blockdiag_high_index n=45 k=5,blockdiag_high_index_singular,45,5,julia,10,480,0.19180825,500,5000,0.122077,3600,358729576,499236864,false,1.0672254,true,1000
blockdiag_high_index n=45 k=5,blockdiag_high_index_singular,45,5,julia,10,481,0.19180825,500,5000,0.122077,3600,358729576,499236864,false,1.0672254,true,1000
blockdiag_high_index n=45 k=5,blockdiag_high_index_singular,45,5,julia,10,482,0.19180825,500,5000,0.122077,3600,358729576,499236864,false,1.0672254,true,1000
blockdiag_high_index n=45 k=5,blockdiag_high_index_singular,45,5,julia,10,483,0.19180825,500,5000,0.122077,3600,358729576,499236864,false,1.0672254,true,1000
blockdiag_high_index n=45 k=5,blockdiag_high_index_singular,45,5,julia,10,484,0.19180825,500,5000,0.122077,3600,358729576,499236864,false,1.0672254,true,1000
blockdiag_high_index n=45 k=5,blockdiag_high_index_singular,45,5,julia,10,485,0.19180825,500,5000,0.122077,3600,358729576,499236864,false,1.0672254,true,1000
blockdiag_high_index n=45 k=5,blockdiag_high_index_singular,45,5,julia,10,486,0.19180825,500,5000,0.122077,3600,358729576,499236864,false,1.0672254,true,1000
blockdiag_high_index n=45 k=5,blockdiag_high_index_singular,45,5,julia,10,487,0.19180825,500,5000,0.122077,3600,358729576,499236864,false,1.0672254,true,1000
blockdiag_high_index n=45 k=5,blockdiag_high_index_singular,45,5,julia,10,488,0.19180825,500,5000,0.122077,3600,358729576,499236864,false,1.0672254,true,1000
blockdiag_high_index n=45 k=5,blockdiag_high_index_singular,45,5,julia,10,489,0.19180825,500,5000,0.122077,3600,358729576,499236864,false,1.0672254,true,1000
blockdiag_high_index n=45 k=5,blockdiag_high_index_singular,45,5,julia,10,490,0.19180825,500,5000,0.122077,3600,358729576,499236864,false,1.0672254,true,1000
blockdiag_high_index n=45 k=5,blockdiag_high_index_singular,45,5,julia,10,491,0.19180825,500,5000,0.122077,3600,358729576,499236864,false,1.0672254,true,1000
blockdiag_high_index n=45 k=5,blockdiag_high_index_singular,45,5,julia,10,492,0.19180825,500,5000,0.122077,3600,358729576,499236864,false,1.0672254,true,1000
blockdiag_high_index n=45 k=5,blockdiag_high_index_singular,45,5,julia,10,493,0.19180825,500,5000,0.122077,3600,358729576,499236864,false,1.0672254,true,1000
blockdiag_high_index n=45 k=5,blockdiag_high_index_singular,45,5,julia,10,494,0.19180825,500,5000,0.122077,3600,358729576,499236864,false,1.0672254,true,1000
blockdiag_high_index n=45 k=5,blockdiag_high_index_singular,45,5,julia,10,495,0.19180825,500,5000,0.122077,3600,358729576,499236864,false,1.0672254,true,1000
blockdiag_high_index n=45 k=5,blockdiag_high_index_singular,45,5,julia,10,496,0.19180825,500,5000,0.122077,3600,358729576,499236864,false,1.0672254,true,1000
blockdiag_high_index n=45 k=5,blockdiag_high_index_singular,45,5,julia,10,497,0.19180825,500,5000,0.122077,3600,358729576,499236864,false,1.0672254,true,1000
blockdiag_high_index n=45 k=5,blockdiag_high_index_singular,45,5,julia,10,498,0.19180825,500,5000,0.122077,3600,358729576,499236864,false,1.0672254,true,1000
blockdiag_high_index n=45 k=5,blockdiag_high_index_singular,45,5,julia,10,499,0.19180825,500,5000,0.122077,3600,358729576,499236864,false,1.0672254,true,1000
blockdiag_high_index n=45 k=5,blockdiag_high_index_singular,45,5,julia,10,500,0.19180825,500,5000,0.122077,3600,358729576,499236864,false,1.0672254,true,1000
blockdiag_high_index n=45 k=5,blockdiag_high_index_singular,45,5,julia,20,1,0.096510594,500,10000,0.417266,7200,976333576,499236864,false,1.6886833,true,1000
blockdiag_high_index n=45 k=5,blockdiag_high_index_singular,45,5,julia,20,2,0.083888853,500,10000,0.417266,7200,976333576,499236864,false,1.6886833,true,1000
blockdiag_high_index n=45 k=5,blockdiag_high_index_singular,45,5,julia,20,3,0.081245623,500,10000,0.417266,7200,976333576,499236864,false,1.6886833,true,1000
blockdiag_high_index n=45 k=5,blockdiag_high_index_singular,45,5,julia,20,4,0.080652347,500,10000,0.417266,7200,976333576,499236864,false,1.6886833,true,1000
blockdiag_high_index n=45 k=5,blockdiag_high_index_singular,45,5,julia,20,5,0.080521163,500,10000,0.417266,7200,976333576,499236864,false,1.6886833,true,1000
blockdiag_high_index n=45 k=5,blockdiag_high_index_singular,45,5,julia,20,6,0.080491484,500,10000,0.417266,7200,976333576,499236864,false,1.6886833,true,1000
blockdiag_high_index n=45 k=5,blockdiag_high_index_singular,45,5,julia,20,7,0.080484801,500,10000,0.417266,7200,976333576,499236864,false,1.6886833,true,1000
blockdiag_high_index n=45 k=5,blockdiag_high_index_singular,45,5,julia,20,8,0.080483286,500,10000,0.417266,7200,976333576,499236864,false,1.6886833,true,1000
blockdiag_high_index n=45 k=5,blockdiag_high_index_singular,45,5,julia,20,9,0.080482941,500,10000,0.417266,7200,976333576,499236864,false,1.6886833,true,1000
blockdiag_high_index n=45 k=5,blockdiag_high_index_singular,45,5,julia,20,10,0.080482862,500,10000,0.417266,7200,976333576,499236864,false,1.6886833,true,1000
blockdiag_high_index n=45 k=5,blockdiag_high_index_singular,45,5,julia,20,11,0.080482844,500,10000,0.417266,7200,976333576,499236864,false,1.6886833,true,1000
blockdiag_high_index n=45 k=5,blockdiag_high_index_singular,45,5,julia,20,12,0.08048284,500,10000,0.417266,7200,976333576,499236864,false,1.6886833,true,1000
blockdiag_high_index n=45 k=5,blockdiag_high_index_singular,45,5,julia,20,13,0.080482839,500,10000,0.417266,7200,976333576,499236864,false,1.6886833,true,1000
blockdiag_high_index n=45 k=5,blockdiag_high_index_singular,45,5,julia,20,14,0.080482839,500,10000,0.417266,7200,976333576,499236864,false,1.6886833,true,1000
blockdiag_high_index n=45 k=5,blockdiag_high_index_singular,45,5,julia,20,15,0.080482839,500,10000,0.417266,7200,976333576,499236864,false,1.6886833,true,1000
blockdiag_high_index n=45 k=5,blockdiag_high_index_singular,45,5,julia,20,16,0.080482839,500,10000,0.417266,7200,976333576,499236864,false,1.6886833,true,1000
blockdiag_high_index n=45 k=5,blockdiag_high_index_singular,45,5,julia,20,17,0.080482839,500,10000,0.417266,7200,976333576,499236864,false,1.6886833,true,1000
blockdiag_high_index n=45 k=5,blockdiag_high_index_singular,45,5,julia,20,18,0.080482839,500,10000,0.417266,7200,976333576,499236864,false,1.6886833,true,1000
blockdiag_high_index n=45 k=5,blockdiag_high_index_singular,45,5,julia,20,19,0.080482839,500,10000,0.417266,7200,976333576,499236864,false,1.6886833,true,1000
blockdiag_high_index n=45 k=5,blockdiag_high_index_singular,45,5,julia,20,20,0.080482839,500,10000,0.417266,7200,976333576,499236864,false,1.6886833,true,1000
blockdiag_high_index n=45 k=5,blockdiag_high_index_singular,45,5,julia,20,21,0.080482839,500,10000,0.417266,7200,976333576,499236864,false,1.6886833,true,1000
blockdiag_high_index n=45 k=5,blockdiag_high_index_singular,45,5,julia,20,22,0.080482839,500,10000,0.417266,7200,976333576,499236864,false,1.6886833,true,1000
blockdiag_high_index n=45 k=5,blockdiag_high_index_singular,45,5,julia,20,23,0.080482839,500,10000,0.417266,7200,976333576,499236864,false,1.6886833,true,1000
blockdiag_high_index n=45 k=5,blockdiag_high_index_singular,45,5,julia,20,24,0.080482839,500,10000,0.417266,7200,976333576,499236864,false,1.6886833,true,1000
blockdiag_high_index n=45 k=5,blockdiag_high_index_singular,45,5,julia,20,25,0.080482839,500,10000,0.417266,7200,976333576,499236864,false,1.6886833,true,1000
blockdiag_high_index n=45 k=5,blockdiag_high_index_singular,45,5,julia,20,26,0.080482839,500,10000,0.417266,7200,976333576,499236864,false,1.6886833,true,1000
blockdiag_high_index n=45 k=5,blockdiag_high_index_singular,45,5,julia,20,27,0.080482839,500,10000,0.417266,7200,976333576,499236864,false,1.6886833,true,1000
blockdiag_high_index n=45 k=5,blockdiag_high_index_singular,45,5,julia,20,28,0.080482839,500,10000,0.417266,7200,976333576,499236864,false,1.6886833,true,1000
blockdiag_high_index n=45 k=5,blockdiag_high_index_singular,45,5,julia,20,29,0.080482839,500,10000,0.417266,7200,976333576,499236864,false,1.6886833,true,1000
blockdiag_high_index n=45 k=5,blockdiag_high_index_singular,45,5,julia,20,30,0.080482839,500,10000,0.417266,7200,976333576,499236864,false,1.6886833,true,1000
blockdiag_high_index n=45 k=5,blockdiag_high_index_singular,45,5,julia,20,31,0.080482839,500,10000,0.417266,7200,976333576,499236864,false,1.6886833,true,1000
blockdiag_high_index n=45 k=5,blockdiag_high_index_singular,45,5,julia,20,32,0.080482839,500,10000,0.417266,7200,976333576,499236864,false,1.6886833,true,1000
blockdiag_high_index n=45 k=5,blockdiag_high_index_singular,45,5,julia,20,33,0.080482839,500,10000,0.417266,7200,976333576,499236864,false,1.6886833,true,1000
blockdiag_high_index n=45 k=5,blockdiag_high_index_singular,45,5,julia,20,34,0.080482839,500,10000,0.417266,7200,976333576,499236864,false,1.6886833,true,1000
blockdiag_high_index n=45 k=5,blockdiag_high_index_singular,45,5,julia,20,35,0.080482839,500,10000,0.417266,7200,976333576,499236864,false,1.6886833,true,1000
blockdiag_high_index n=45 k=5,blockdiag_high_index_singular,45,5,julia,20,36,0.080482839,500,10000,0.417266,7200,976333576,499236864,false,1.6886833,true,1000
blockdiag_high_index n=45 k=5,blockdiag_high_index_singular,45,5,julia,20,37,0.080482839,500,10000,0.417266,7200,976333576,499236864,false,1.6886833,true,1000
blockdiag_high_index n=45 k=5,blockdiag_high_index_singular,45,5,julia,20,38,0.080482839,500,10000,0.417266,7200,976333576,499236864,false,1.6886833,true,1000
blockdiag_high_index n=45 k=5,blockdiag_high_index_singular,45,5,julia,20,39,0.080482839,500,10000,0.417266,7200,976333576,499236864,false,1.6886833,true,1000
blockdiag_high_index n=45 k=5,blockdiag_high_index_singular,45,5,julia,20,40,0.080482839,500,10000,0.417266,7200,976333576,499236864,false,1.6886833,true,1000
blockdiag_high_index n=45 k=5,blockdiag_high_index_singular,45,5,julia,20,41,0.080482839,500,10000,0.417266,7200,976333576,499236864,false,1.6886833,true,1000
blockdiag_high_index n=45 k=5,blockdiag_high_index_singular,45,5,julia,20,42,0.080482839,500,10000,0.417266,7200,976333576,499236864,false,1.6886833,true,1000
blockdiag_high_index n=45 k=5,blockdiag_high_index_singular,45,5,julia,20,43,0.080482839,500,10000,0.417266,7200,976333576,499236864,false,1.6886833,true,1000
blockdiag_high_index n=45 k=5,blockdiag_high_index_singular,45,5,julia,20,44,0.080482839,500,10000,0.417266,7200,976333576,499236864,false,1.6886833,true,1000
blockdiag_high_index n=45 k=5,blockdiag_high_index_singular,45,5,julia,20,45,0.080482839,500,10000,0.417266,7200,976333576,499236864,false,1.6886833,true,1000
blockdiag_high_index n=45 k=5,blockdiag_high_index_singular,45,5,julia,20,46,0.080482839,500,10000,0.417266,7200,976333576,499236864,false,1.6886833,true,1000
blockdiag_high_index n=45 k=5,blockdiag_high_index_singular,45,5,julia,20,47,0.080482839,500,10000,0.417266,7200,976333576,499236864,false,1.6886833,true,1000
blockdiag_high_index n=45 k=5,blockdiag_high_index_singular,45,5,julia,20,48,0.080482839,500,10000,0.417266,7200,976333576,499236864,false,1.6886833,true,1000
blockdiag_high_index n=45 k=5,blockdiag_high_index_singular,45,5,julia,20,49,0.080482839,500,10000,0.417266,7200,976333576,499236864,false,1.6886833,true,1000
blockdiag_high_index n=45 k=5,blockdiag_high_index_singular,45,5,julia,20,50,0.080482839,500,10000,0.417266,7200,976333576,499236864,false,1.6886833,true,1000
blockdiag_high_index n=45 k=5,blockdiag_high_index_singular,45,5,julia,20,51,0.080482839,500,10000,0.417266,7200,976333576,499236864,false,1.6886833,true,1000
blockdiag_high_index n=45 k=5,blockdiag_high_index_singular,45,5,julia,20,52,0.080482839,500,10000,0.417266,7200,976333576,499236864,false,1.6886833,true,1000
blockdiag_high_index n=45 k=5,blockdiag_high_index_singular,45,5,julia,20,53,0.080482839,500,10000,0.417266,7200,976333576,499236864,false,1.6886833,true,1000
blockdiag_high_index n=45 k=5,blockdiag_high_index_singular,45,5,julia,20,54,0.080482839,500,10000,0.417266,7200,976333576,499236864,false,1.6886833,true,1000
blockdiag_high_index n=45 k=5,blockdiag_high_index_singular,45,5,julia,20,55,0.080482839,500,10000,0.417266,7200,976333576,499236864,false,1.6886833,true,1000
blockdiag_high_index n=45 k=5,blockdiag_high_index_singular,45,5,julia,20,56,0.080482839,500,10000,0.417266,7200,976333576,499236864,false,1.6886833,true,1000
blockdiag_high_index n=45 k=5,blockdiag_high_index_singular,45,5,julia,20,57,0.080482839,500,10000,0.417266,7200,976333576,499236864,false,1.6886833,true,1000
blockdiag_high_index n=45 k=5,blockdiag_high_index_singular,45,5,julia,20,58,0.080482839,500,10000,0.417266,7200,976333576,499236864,false,1.6886833,true,1000
blockdiag_high_index n=45 k=5,blockdiag_high_index_singular,45,5,julia,20,59,0.080482839,500,10000,0.417266,7200,976333576,499236864,false,1.6886833,true,1000
blockdiag_high_index n=45 k=5,blockdiag_high_index_singular,45,5,julia,20,60,0.080482839,500,10000,0.417266,7200,976333576,499236864,false,1.6886833,true,1000
blockdiag_high_index n=45 k=5,blockdiag_high_index_singular,45,5,julia,20,61,0.080482839,500,10000,0.417266,7200,976333576,499236864,false,1.6886833,true,1000
blockdiag_high_index n=45 k=5,blockdiag_high_index_singular,45,5,julia,20,62,0.080482839,500,10000,0.417266,7200,976333576,499236864,false,1.6886833,true,1000
blockdiag_high_index n=45 k=5,blockdiag_high_index_singular,45,5,julia,20,63,0.080482839,500,10000,0.417266,7200,976333576,499236864,false,1.6886833,true,1000
blockdiag_high_index n=45 k=5,blockdiag_high_index_singular,45,5,julia,20,64,0.080482839,500,10000,0.417266,7200,976333576,499236864,false,1.6886833,true,1000
blockdiag_high_index n=45 k=5,blockdiag_high_index_singular,45,5,julia,20,65,0.080482839,500,10000,0.417266,7200,976333576,499236864,false,1.6886833,true,1000
blockdiag_high_index n=45 k=5,blockdiag_high_index_singular,45,5,julia,20,66,0.080482839,500,10000,0.417266,7200,976333576,499236864,false,1.6886833,true,1000
blockdiag_high_index n=45 k=5,blockdiag_high_index_singular,45,5,julia,20,67,0.080482839,500,10000,0.417266,7200,976333576,499236864,false,1.6886833,true,1000
blockdiag_high_index n=45 k=5,blockdiag_high_index_singular,45,5,julia,20,68,0.080482839,500,10000,0.417266,7200,976333576,499236864,false,1.6886833,true,1000
blockdiag_high_index n=45 k=5,blockdiag_high_index_singular,45,5,julia,20,69,0.080482839,500,10000,0.417266,7200,976333576,499236864,false,1.6886833,true,1000
blockdiag_high_index n=45 k=5,blockdiag_high_index_singular,45,5,julia,20,70,0.080482839,500,10000,0.417266,7200,976333576,499236864,false,1.6886833,true,1000
blockdiag_high_index n=45 k=5,blockdiag_high_index_singular,45,5,julia,20,71,0.080482839,500,10000,0.417266,7200,976333576,499236864,false,1.6886833,true,1000
blockdiag_high_index n=45 k=5,blockdiag_high_index_singular,45,5,julia,20,72,0.080482839,500,10000,0.417266,7200,976333576,499236864,false,1.6886833,true,1000
blockdiag_high_index n=45 k=5,blockdiag_high_index_singular,45,5,julia,20,73,0.080482839,500,10000,0.417266,7200,976333576,499236864,false,1.6886833,true,1000
blockdiag_high_index n=45 k=5,blockdiag_high_index_singular,45,5,julia,20,74,0.080482839,500,10000,0.417266,7200,976333576,499236864,false,1.6886833,true,1000
blockdiag_high_index n=45 k=5,blockdiag_high_index_singular,45,5,julia,20,75,0.080482839,500,10000,0.417266,7200,976333576,499236864,false,1.6886833,true,1000
blockdiag_high_index n=45 k=5,blockdiag_high_index_singular,45,5,julia,20,76,0.080482839,500,10000,0.417266,7200,976333576,499236864,false,1.6886833,true,1000
blockdiag_high_index n=45 k=5,blockdiag_high_index_singular,45,5,julia,20,77,0.080482839,500,10000,0.417266,7200,976333576,499236864,false,1.6886833,true,1000
blockdiag_high_index n=45 k=5,blockdiag_high_index_singular,45,5,julia,20,78,0.080482839,500,10000,0.417266,7200,976333576,499236864,false,1.6886833,true,1000
blockdiag_high_index n=45 k=5,blockdiag_high_index_singular,45,5,julia,20,79,0.080482839,500,10000,0.417266,7200,976333576,499236864,false,1.6886833,true,1000
blockdiag_high_index n=45 k=5,blockdiag_high_index_singular,45,5,julia,20,80,0.080482839,500,10000,0.417266,7200,976333576,499236864,false,1.6886833,true,1000
blockdiag_high_index n=45 k=5,blockdiag_high_index_singular,45,5,julia,20,81,0.080482839,500,10000,0.417266,7200,976333576,499236864,false,1.6886833,true,1000
blockdiag_high_index n=45 k=5,blockdiag_high_index_singular,45,5,julia,20,82,0.080482839,500,10000,0.417266,7200,976333576,499236864,false,1.6886833,true,1000
blockdiag_high_index n=45 k=5,blockdiag_high_index_singular,45,5,julia,20,83,0.080482839,500,10000,0.417266,7200,976333576,499236864,false,1.6886833,true,1000
blockdiag_high_index n=45 k=5,blockdiag_high_index_singular,45,5,julia,20,84,0.080482839,500,10000,0.417266,7200,976333576,499236864,false,1.6886833,true,1000
blockdiag_high_index n=45 k=5,blockdiag_high_index_singular,45,5,julia,20,85,0.080482839,500,10000,0.417266,7200,976333576,499236864,false,1.6886833,true,1000
blockdiag_high_index n=45 k=5,blockdiag_high_index_singular,45,5,julia,20,86,0.080482839,500,10000,0.417266,7200,976333576,499236864,false,1.6886833,true,1000
blockdiag_high_index n=45 k=5,blockdiag_high_index_singular,45,5,julia,20,87,0.080482839,500,10000,0.417266,7200,976333576,499236864,false,1.6886833,true,1000
blockdiag_high_index n=45 k=5,blockdiag_high_index_singular,45,5,julia,20,88,0.080482839,500,10000,0.417266,7200,976333576,499236864,false,1.6886833,true,1000
blockdiag_high_index n=45 k=5,blockdiag_high_index_singular,45,5,julia,20,89,0.080482839,500,10000,0.417266,7200,976333576,499236864,false,1.6886833,true,1000
blockdiag_high_index n=45 k=5,blockdiag_high_index_singular,45,5,julia,20,90,0.080482839,500,10000,0.417266,7200,976333576,499236864,false,1.6886833,true,1000
blockdiag_high_index n=45 k=5,blockdiag_high_index_singular,45,5,julia,20,91,0.080482839,500,10000,0.417266,7200,976333576,499236864,false,1.6886833,true,1000
blockdiag_high_index n=45 k=5,blockdiag_high_index_singular,45,5,julia,20,92,0.080482839,500,10000,0.417266,7200,976333576,499236864,false,1.6886833,true,1000
blockdiag_high_index n=45 k=5,blockdiag_high_index_singular,45,5,julia,20,93,0.080482839,500,10000,0.417266,7200,976333576,499236864,false,1.6886833,true,1000
blockdiag_high_index n=45 k=5,blockdiag_high_index_singular,45,5,julia,20,94,0.080482839,500,10000,0.417266,7200,976333576,499236864,false,1.6886833,true,1000
blockdiag_high_index n=45 k=5,blockdiag_high_index_singular,45,5,julia,20,95,0.080482839,500,10000,0.417266,7200,976333576,499236864,false,1.6886833,true,1000
blockdiag_high_index n=45 k=5,blockdiag_high_index_singular,45,5,julia,20,96,0.080482839,500,10000,0.417266,7200,976333576,499236864,false,1.6886833,true,1000
blockdiag_high_index n=45 k=5,blockdiag_high_index_singular,45,5,julia,20,97,0.080482839,500,10000,0.417266,7200,976333576,499236864,false,1.6886833,true,1000
blockdiag_high_index n=45 k=5,blockdiag_high_index_singular,45,5,julia,20,98,0.080482839,500,10000,0.417266,7200,976333576,499236864,false,1.6886833,true,1000
blockdiag_high_index n=45 k=5,blockdiag_high_index_singular,45,5,julia,20,99,0.080482839,500,10000,0.417266,7200,976333576,499236864,false,1.6886833,true,1000
blockdiag_high_index n=45 k=5,blockdiag_high_index_singular,45,5,julia,20,100,0.080482839,500,10000,0.417266,7200,976333576,499236864,false,1.6886833,true,1000
blockdiag_high_index n=45 k=5,blockdiag_high_index_singular,45,5,julia,20,101,0.080482839,500,10000,0.417266,7200,976333576,499236864,false,1.6886833,true,1000
blockdiag_high_index n=45 k=5,blockdiag_high_index_singular,45,5,julia,20,102,0.080482839,500,10000,0.417266,7200,976333576,499236864,false,1.6886833,true,1000
blockdiag_high_index n=45 k=5,blockdiag_high_index_singular,45,5,julia,20,103,0.080482839,500,10000,0.417266,7200,976333576,499236864,false,1.6886833,true,1000
blockdiag_high_index n=45 k=5,blockdiag_high_index_singular,45,5,julia,20,104,0.080482839,500,10000,0.417266,7200,976333576,499236864,false,1.6886833,true,1000
blockdiag_high_index n=45 k=5,blockdiag_high_index_singular,45,5,julia,20,105,0.080482839,500,10000,0.417266,7200,976333576,499236864,false,1.6886833,true,1000
blockdiag_high_index n=45 k=5,blockdiag_high_index_singular,45,5,julia,20,106,0.080482839,500,10000,0.417266,7200,976333576,499236864,false,1.6886833,true,1000
blockdiag_high_index n=45 k=5,blockdiag_high_index_singular,45,5,julia,20,107,0.080482839,500,10000,0.417266,7200,976333576,499236864,false,1.6886833,true,1000
blockdiag_high_index n=45 k=5,blockdiag_high_index_singular,45,5,julia,20,108,0.080482839,500,10000,0.417266,7200,976333576,499236864,false,1.6886833,true,1000
blockdiag_high_index n=45 k=5,blockdiag_high_index_singular,45,5,julia,20,109,0.080482839,500,10000,0.417266,7200,976333576,499236864,false,1.6886833,true,1000
blockdiag_high_index n=45 k=5,blockdiag_high_index_singular,45,5,julia,20,110,0.080482839,500,10000,0.417266,7200,976333576,499236864,false,1.6886833,true,1000
blockdiag_high_index n=45 k=5,blockdiag_high_index_singular,45,5,julia,20,111,0.080482839,500,10000,0.417266,7200,976333576,499236864,false,1.6886833,true,1000
blockdiag_high_index n=45 k=5,blockdiag_high_index_singular,45,5,julia,20,112,0.080482839,500,10000,0.417266,7200,976333576,499236864,false,1.6886833,true,1000
blockdiag_high_index n=45 k=5,blockdiag_high_index_singular,45,5,julia,20,113,0.080482839,500,10000,0.417266,7200,976333576,499236864,false,1.6886833,true,1000
blockdiag_high_index n=45 k=5,blockdiag_high_index_singular,45,5,julia,20,114,0.080482839,500,10000,0.417266,7200,976333576,499236864,false,1.6886833,true,1000
blockdiag_high_index n=45 k=5,blockdiag_high_index_singular,45,5,julia,20,115,0.080482839,500,10000,0.417266,7200,976333576,499236864,false,1.6886833,true,1000
blockdiag_high_index n=45 k=5,blockdiag_high_index_singular,45,5,julia,20,116,0.080482839,500,10000,0.417266,7200,976333576,499236864,false,1.6886833,true,1000
blockdiag_high_index n=45 k=5,blockdiag_high_index_singular,45,5,julia,20,117,0.080482839,500,10000,0.417266,7200,976333576,499236864,false,1.6886833,true,1000
blockdiag_high_index n=45 k=5,blockdiag_high_index_singular,45,5,julia,20,118,0.080482839,500,10000,0.417266,7200,976333576,499236864,false,1.6886833,true,1000
blockdiag_high_index n=45 k=5,blockdiag_high_index_singular,45,5,julia,20,119,0.080482839,500,10000,0.417266,7200,976333576,499236864,false,1.6886833,true,1000
blockdiag_high_index n=45 k=5,blockdiag_high_index_singular,45,5,julia,20,120,0.080482839,500,10000,0.417266,7200,976333576,499236864,false,1.6886833,true,1000
blockdiag_high_index n=45 k=5,blockdiag_high_index_singular,45,5,julia,20,121,0.080482839,500,10000,0.417266,7200,976333576,499236864,false,1.6886833,true,1000
blockdiag_high_index n=45 k=5,blockdiag_high_index_singular,45,5,julia,20,122,0.080482839,500,10000,0.417266,7200,976333576,499236864,false,1.6886833,true,1000
blockdiag_high_index n=45 k=5,blockdiag_high_index_singular,45,5,julia,20,123,0.080482839,500,10000,0.417266,7200,976333576,499236864,false,1.6886833,true,1000
blockdiag_high_index n=45 k=5,blockdiag_high_index_singular,45,5,julia,20,124,0.080482839,500,10000,0.417266,7200,976333576,499236864,false,1.6886833,true,1000
blockdiag_high_index n=45 k=5,blockdiag_high_index_singular,45,5,julia,20,125,0.080482839,500,10000,0.417266,7200,976333576,499236864,false,1.6886833,true,1000
blockdiag_high_index n=45 k=5,blockdiag_high_index_singular,45,5,julia,20,126,0.080482839,500,10000,0.417266,7200,976333576,499236864,false,1.6886833,true,1000
blockdiag_high_index n=45 k=5,blockdiag_high_index_singular,45,5,julia,20,127,0.080482839,500,10000,0.417266,7200,976333576,499236864,false,1.6886833,true,1000
blockdiag_high_index n=45 k=5,blockdiag_high_index_singular,45,5,julia,20,128,0.080482839,500,10000,0.417266,7200,976333576,499236864,false,1.6886833,true,1000
blockdiag_high_index n=45 k=5,blockdiag_high_index_singular,45,5,julia,20,129,0.080482839,500,10000,0.417266,7200,976333576,499236864,false,1.6886833,true,1000
blockdiag_high_index n=45 k=5,blockdiag_high_index_singular,45,5,julia,20,130,0.080482839,500,10000,0.417266,7200,976333576,499236864,false,1.6886833,true,1000
blockdiag_high_index n=45 k=5,blockdiag_high_index_singular,45,5,julia,20,131,0.080482839,500,10000,0.417266,7200,976333576,499236864,false,1.6886833,true,1000
blockdiag_high_index n=45 k=5,blockdiag_high_index_singular,45,5,julia,20,132,0.080482839,500,10000,0.417266,7200,976333576,499236864,false,1.6886833,true,1000
blockdiag_high_index n=45 k=5,blockdiag_high_index_singular,45,5,julia,20,133,0.080482839,500,10000,0.417266,7200,976333576,499236864,false,1.6886833,true,1000
blockdiag_high_index n=45 k=5,blockdiag_high_index_singular,45,5,julia,20,134,0.080482839,500,10000,0.417266,7200,976333576,499236864,false,1.6886833,true,1000
blockdiag_high_index n=45 k=5,blockdiag_high_index_singular,45,5,julia,20,135,0.080482839,500,10000,0.417266,7200,976333576,499236864,false,1.6886833,true,1000
blockdiag_high_index n=45 k=5,blockdiag_high_index_singular,45,5,julia,20,136,0.080482839,500,10000,0.417266,7200,976333576,499236864,false,1.6886833,true,1000
blockdiag_high_index n=45 k=5,blockdiag_high_index_singular,45,5,julia,20,137,0.080482839,500,10000,0.417266,7200,976333576,499236864,false,1.6886833,true,1000
blockdiag_high_index n=45 k=5,blockdiag_high_index_singular,45,5,julia,20,138,0.080482839,500,10000,0.417266,7200,976333576,499236864,false,1.6886833,true,1000
blockdiag_high_index n=45 k=5,blockdiag_high_index_singular,45,5,julia,20,139,0.080482839,500,10000,0.417266,7200,976333576,499236864,false,1.6886833,true,1000
blockdiag_high_index n=45 k=5,blockdiag_high_index_singular,45,5,julia,20,140,0.080482839,500,10000,0.417266,7200,976333576,499236864,false,1.6886833,true,1000
blockdiag_high_index n=45 k=5,blockdiag_high_index_singular,45,5,julia,20,141,0.080482839,500,10000,0.417266,7200,976333576,499236864,false,1.6886833,true,1000
blockdiag_high_index n=45 k=5,blockdiag_high_index_singular,45,5,julia,20,142,0.080482839,500,10000,0.417266,7200,976333576,499236864,false,1.6886833,true,1000
blockdiag_high_index n=45 k=5,blockdiag_high_index_singular,45,5,julia,20,143,0.080482839,500,10000,0.417266,7200,976333576,499236864,false,1.6886833,true,1000
blockdiag_high_index n=45 k=5,blockdiag_high_index_singular,45,5,julia,20,144,0.080482839,500,10000,0.417266,7200,976333576,499236864,false,1.6886833,true,1000
blockdiag_high_index n=45 k=5,blockdiag_high_index_singular,45,5,julia,20,145,0.080482839,500,10000,0.417266,7200,976333576,499236864,false,1.6886833,true,1000
blockdiag_high_index n=45 k=5,blockdiag_high_index_singular,45,5,julia,20,146,0.080482839,500,10000,0.417266,7200,976333576,499236864,false,1.6886833,true,1000
blockdiag_high_index n=45 k=5,blockdiag_high_index_singular,45,5,julia,20,147,0.080482839,500,10000,0.417266,7200,976333576,499236864,false,1.6886833,true,1000
blockdiag_high_index n=45 k=5,blockdiag_high_index_singular,45,5,julia,20,148,0.080482839,500,10000,0.417266,7200,976333576,499236864,false,1.6886833,true,1000
blockdiag_high_index n=45 k=5,blockdiag_high_index_singular,45,5,julia,20,149,0.080482839,500,10000,0.417266,7200,976333576,499236864,false,1.6886833,true,1000
blockdiag_high_index n=45 k=5,blockdiag_high_index_singular,45,5,julia,20,150,0.080482839,500,10000,0.417266,7200,976333576,499236864,false,1.6886833,true,1000
blockdiag_high_index n=45 k=5,blockdiag_high_index_singular,45,5,julia,20,151,0.080482839,500,10000,0.417266,7200,976333576,499236864,false,1.6886833,true,1000
blockdiag_high_index n=45 k=5,blockdiag_high_index_singular,45,5,julia,20,152,0.080482839,500,10000,0.417266,7200,976333576,499236864,false,1.6886833,true,1000
blockdiag_high_index n=45 k=5,blockdiag_high_index_singular,45,5,julia,20,153,0.080482839,500,10000,0.417266,7200,976333576,499236864,false,1.6886833,true,1000
blockdiag_high_index n=45 k=5,blockdiag_high_index_singular,45,5,julia,20,154,0.080482839,500,10000,0.417266,7200,976333576,499236864,false,1.6886833,true,1000
blockdiag_high_index n=45 k=5,blockdiag_high_index_singular,45,5,julia,20,155,0.080482839,500,10000,0.417266,7200,976333576,499236864,false,1.6886833,true,1000
blockdiag_high_index n=45 k=5,blockdiag_high_index_singular,45,5,julia,20,156,0.080482839,500,10000,0.417266,7200,976333576,499236864,false,1.6886833,true,1000
blockdiag_high_index n=45 k=5,blockdiag_high_index_singular,45,5,julia,20,157,0.080482839,500,10000,0.417266,7200,976333576,499236864,false,1.6886833,true,1000
blockdiag_high_index n=45 k=5,blockdiag_high_index_singular,45,5,julia,20,158,0.080482839,500,10000,0.417266,7200,976333576,499236864,false,1.6886833,true,1000
blockdiag_high_index n=45 k=5,blockdiag_high_index_singular,45,5,julia,20,159,0.080482839,500,10000,0.417266,7200,976333576,499236864,false,1.6886833,true,1000
blockdiag_high_index n=45 k=5,blockdiag_high_index_singular,45,5,julia,20,160,0.080482839,500,10000,0.417266,7200,976333576,499236864,false,1.6886833,true,1000
blockdiag_high_index n=45 k=5,blockdiag_high_index_singular,45,5,julia,20,161,0.080482839,500,10000,0.417266,7200,976333576,499236864,false,1.6886833,true,1000
blockdiag_high_index n=45 k=5,blockdiag_high_index_singular,45,5,julia,20,162,0.080482839,500,10000,0.417266,7200,976333576,499236864,false,1.6886833,true,1000
blockdiag_high_index n=45 k=5,blockdiag_high_index_singular,45,5,julia,20,163,0.080482839,500,10000,0.417266,7200,976333576,499236864,false,1.6886833,true,1000
blockdiag_high_index n=45 k=5,blockdiag_high_index_singular,45,5,julia,20,164,0.080482839,500,10000,0.417266,7200,976333576,499236864,false,1.6886833,true,1000
blockdiag_high_index n=45 k=5,blockdiag_high_index_singular,45,5,julia,20,165,0.080482839,500,10000,0.417266,7200,976333576,499236864,false,1.6886833,true,1000
blockdiag_high_index n=45 k=5,blockdiag_high_index_singular,45,5,julia,20,166,0.080482839,500,10000,0.417266,7200,976333576,499236864,false,1.6886833,true,1000
blockdiag_high_index n=45 k=5,blockdiag_high_index_singular,45,5,julia,20,167,0.080482839,500,10000,0.417266,7200,976333576,499236864,false,1.6886833,true,1000
blockdiag_high_index n=45 k=5,blockdiag_high_index_singular,45,5,julia,20,168,0.080482839,500,10000,0.417266,7200,976333576,499236864,false,1.6886833,true,1000
blockdiag_high_index n=45 k=5,blockdiag_high_index_singular,45,5,julia,20,169,0.080482839,500,10000,0.417266,7200,976333576,499236864,false,1.6886833,true,1000
blockdiag_high_index n=45 k=5,blockdiag_high_index_singular,45,5,julia,20,170,0.080482839,500,10000,0.417266,7200,976333576,499236864,false,1.6886833,true,1000
blockdiag_high_index n=45 k=5,blockdiag_high_index_singular,45,5,julia,20,171,0.080482839,500,10000,0.417266,7200,976333576,499236864,false,1.6886833,true,1000
blockdiag_high_index n=45 k=5,blockdiag_high_index_singular,45,5,julia,20,172,0.080482839,500,10000,0.417266,7200,976333576,499236864,false,1.6886833,true,1000
blockdiag_high_index n=45 k=5,blockdiag_high_index_singular,45,5,julia,20,173,0.080482839,500,10000,0.417266,7200,976333576,499236864,false,1.6886833,true,1000
blockdiag_high_index n=45 k=5,blockdiag_high_index_singular,45,5,julia,20,174,0.080482839,500,10000,0.417266,7200,976333576,499236864,false,1.6886833,true,1000
blockdiag_high_index n=45 k=5,blockdiag_high_index_singular,45,5,julia,20,175,0.080482839,500,10000,0.417266,7200,976333576,499236864,false,1.6886833,true,1000
blockdiag_high_index n=45 k=5,blockdiag_high_index_singular,45,5,julia,20,176,0.080482839,500,10000,0.417266,7200,976333576,499236864,false,1.6886833,true,1000
blockdiag_high_index n=45 k=5,blockdiag_high_index_singular,45,5,julia,20,177,0.080482839,500,10000,0.417266,7200,976333576,499236864,false,1.6886833,true,1000
blockdiag_high_index n=45 k=5,blockdiag_high_index_singular,45,5,julia,20,178,0.080482839,500,10000,0.417266,7200,976333576,499236864,false,1.6886833,true,1000
blockdiag_high_index n=45 k=5,blockdiag_high_index_singular,45,5,julia,20,179,0.080482839,500,10000,0.417266,7200,976333576,499236864,false,1.6886833,true,1000
blockdiag_high_index n=45 k=5,blockdiag_high_index_singular,45,5,julia,20,180,0.080482839,500,10000,0.417266,7200,976333576,499236864,false,1.6886833,true,1000
blockdiag_high_index n=45 k=5,blockdiag_high_index_singular,45,5,julia,20,181,0.080482839,500,10000,0.417266,7200,976333576,499236864,false,1.6886833,true,1000
blockdiag_high_index n=45 k=5,blockdiag_high_index_singular,45,5,julia,20,182,0.080482839,500,10000,0.417266,7200,976333576,499236864,false,1.6886833,true,1000
blockdiag_high_index n=45 k=5,blockdiag_high_index_singular,45,5,julia,20,183,0.080482839,500,10000,0.417266,7200,976333576,499236864,false,1.6886833,true,1000
blockdiag_high_index n=45 k=5,blockdiag_high_index_singular,45,5,julia,20,184,0.080482839,500,10000,0.417266,7200,976333576,499236864,false,1.6886833,true,1000
blockdiag_high_index n=45 k=5,blockdiag_high_index_singular,45,5,julia,20,185,0.080482839,500,10000,0.417266,7200,976333576,499236864,false,1.6886833,true,1000
blockdiag_high_index n=45 k=5,blockdiag_high_index_singular,45,5,julia,20,186,0.080482839,500,10000,0.417266,7200,976333576,499236864,false,1.6886833,true,1000
blockdiag_high_index n=45 k=5,blockdiag_high_index_singular,45,5,julia,20,187,0.080482839,500,10000,0.417266,7200,976333576,499236864,false,1.6886833,true,1000
blockdiag_high_index n=45 k=5,blockdiag_high_index_singular,45,5,julia,20,188,0.080482839,500,10000,0.417266,7200,976333576,499236864,false,1.6886833,true,1000
blockdiag_high_index n=45 k=5,blockdiag_high_index_singular,45,5,julia,20,189,0.080482839,500,10000,0.417266,7200,976333576,499236864,false,1.6886833,true,1000
blockdiag_high_index n=45 k=5,blockdiag_high_index_singular,45,5,julia,20,190,0.080482839,500,10000,0.417266,7200,976333576,499236864,false,1.6886833,true,1000
blockdiag_high_index n=45 k=5,blockdiag_high_index_singular,45,5,julia,20,191,0.080482839,500,10000,0.417266,7200,976333576,499236864,false,1.6886833,true,1000
blockdiag_high_index n=45 k=5,blockdiag_high_index_singular,45,5,julia,20,192,0.080482839,500,10000,0.417266,7200,976333576,499236864,false,1.6886833,true,1000
blockdiag_high_index n=45 k=5,blockdiag_high_index_singular,45,5,julia,20,193,0.080482839,500,10000,0.417266,7200,976333576,499236864,false,1.6886833,true,1000
blockdiag_high_index n=45 k=5,blockdiag_high_index_singular,45,5,julia,20,194,0.080482839,500,10000,0.417266,7200,976333576,499236864,false,1.6886833,true,1000
blockdiag_high_index n=45 k=5,blockdiag_high_index_singular,45,5,julia,20,195,0.080482839,500,10000,0.417266,7200,976333576,499236864,false,1.6886833,true,1000
blockdiag_high_index n=45 k=5,blockdiag_high_index_singular,45,5,julia,20,196,0.080482839,500,10000,0.417266,7200,976333576,499236864,false,1.6886833,true,1000
blockdiag_high_index n=45 k=5,blockdiag_high_index_singular,45,5,julia,20,197,0.080482839,500,10000,0.417266,7200,976333576,499236864,false,1.6886833,true,1000
blockdiag_high_index n=45 k=5,blockdiag_high_index_singular,45,5,julia,20,198,0.080482839,500,10000,0.417266,7200,976333576,499236864,false,1.6886833,true,1000
blockdiag_high_index n=45 k=5,blockdiag_high_index_singular,45,5,julia,20,199,0.080482839,500,10000,0.417266,7200,976333576,499236864,false,1.6886833,true,1000
blockdiag_high_index n=45 k=5,blockdiag_high_index_singular,45,5,julia,20,200,0.080482839,500,10000,0.417266,7200,976333576,499236864,false,1.6886833,true,1000
blockdiag_high_index n=45 k=5,blockdiag_high_index_singular,45,5,julia,20,201,0.080482839,500,10000,0.417266,7200,976333576,499236864,false,1.6886833,true,1000
blockdiag_high_index n=45 k=5,blockdiag_high_index_singular,45,5,julia,20,202,0.080482839,500,10000,0.417266,7200,976333576,499236864,false,1.6886833,true,1000
blockdiag_high_index n=45 k=5,blockdiag_high_index_singular,45,5,julia,20,203,0.080482839,500,10000,0.417266,7200,976333576,499236864,false,1.6886833,true,1000
blockdiag_high_index n=45 k=5,blockdiag_high_index_singular,45,5,julia,20,204,0.080482839,500,10000,0.417266,7200,976333576,499236864,false,1.6886833,true,1000
blockdiag_high_index n=45 k=5,blockdiag_high_index_singular,45,5,julia,20,205,0.080482839,500,10000,0.417266,7200,976333576,499236864,false,1.6886833,true,1000
blockdiag_high_index n=45 k=5,blockdiag_high_index_singular,45,5,julia,20,206,0.080482839,500,10000,0.417266,7200,976333576,499236864,false,1.6886833,true,1000
blockdiag_high_index n=45 k=5,blockdiag_high_index_singular,45,5,julia,20,207,0.080482839,500,10000,0.417266,7200,976333576,499236864,false,1.6886833,true,1000
blockdiag_high_index n=45 k=5,blockdiag_high_index_singular,45,5,julia,20,208,0.080482839,500,10000,0.417266,7200,976333576,499236864,false,1.6886833,true,1000
blockdiag_high_index n=45 k=5,blockdiag_high_index_singular,45,5,julia,20,209,0.080482839,500,10000,0.417266,7200,976333576,499236864,false,1.6886833,true,1000
blockdiag_high_index n=45 k=5,blockdiag_high_index_singular,45,5,julia,20,210,0.080482839,500,10000,0.417266,7200,976333576,499236864,false,1.6886833,true,1000
blockdiag_high_index n=45 k=5,blockdiag_high_index_singular,45,5,julia,20,211,0.080482839,500,10000,0.417266,7200,976333576,499236864,false,1.6886833,true,1000
blockdiag_high_index n=45 k=5,blockdiag_high_index_singular,45,5,julia,20,212,0.080482839,500,10000,0.417266,7200,976333576,499236864,false,1.6886833,true,1000
blockdiag_high_index n=45 k=5,blockdiag_high_index_singular,45,5,julia,20,213,0.080482839,500,10000,0.417266,7200,976333576,499236864,false,1.6886833,true,1000
blockdiag_high_index n=45 k=5,blockdiag_high_index_singular,45,5,julia,20,214,0.080482839,500,10000,0.417266,7200,976333576,499236864,false,1.6886833,true,1000
blockdiag_high_index n=45 k=5,blockdiag_high_index_singular,45,5,julia,20,215,0.080482839,500,10000,0.417266,7200,976333576,499236864,false,1.6886833,true,1000
blockdiag_high_index n=45 k=5,blockdiag_high_index_singular,45,5,julia,20,216,0.080482839,500,10000,0.417266,7200,976333576,499236864,false,1.6886833,true,1000
blockdiag_high_index n=45 k=5,blockdiag_high_index_singular,45,5,julia,20,217,0.080482839,500,10000,0.417266,7200,976333576,499236864,false,1.6886833,true,1000
blockdiag_high_index n=45 k=5,blockdiag_high_index_singular,45,5,julia,20,218,0.080482839,500,10000,0.417266,7200,976333576,499236864,false,1.6886833,true,1000
blockdiag_high_index n=45 k=5,blockdiag_high_index_singular,45,5,julia,20,219,0.080482839,500,10000,0.417266,7200,976333576,499236864,false,1.6886833,true,1000
blockdiag_high_index n=45 k=5,blockdiag_high_index_singular,45,5,julia,20,220,0.080482839,500,10000,0.417266,7200,976333576,499236864,false,1.6886833,true,1000
blockdiag_high_index n=45 k=5,blockdiag_high_index_singular,45,5,julia,20,221,0.080482839,500,10000,0.417266,7200,976333576,499236864,false,1.6886833,true,1000
blockdiag_high_index n=45 k=5,blockdiag_high_index_singular,45,5,julia,20,222,0.080482839,500,10000,0.417266,7200,976333576,499236864,false,1.6886833,true,1000
blockdiag_high_index n=45 k=5,blockdiag_high_index_singular,45,5,julia,20,223,0.080482839,500,10000,0.417266,7200,976333576,499236864,false,1.6886833,true,1000
blockdiag_high_index n=45 k=5,blockdiag_high_index_singular,45,5,julia,20,224,0.080482839,500,10000,0.417266,7200,976333576,499236864,false,1.6886833,true,1000
blockdiag_high_index n=45 k=5,blockdiag_high_index_singular,45,5,julia,20,225,0.080482839,500,10000,0.417266,7200,976333576,499236864,false,1.6886833,true,1000
blockdiag_high_index n=45 k=5,blockdiag_high_index_singular,45,5,julia,20,226,0.080482839,500,10000,0.417266,7200,976333576,499236864,false,1.6886833,true,1000
blockdiag_high_index n=45 k=5,blockdiag_high_index_singular,45,5,julia,20,227,0.080482839,500,10000,0.417266,7200,976333576,499236864,false,1.6886833,true,1000
blockdiag_high_index n=45 k=5,blockdiag_high_index_singular,45,5,julia,20,228,0.080482839,500,10000,0.417266,7200,976333576,499236864,false,1.6886833,true,1000
blockdiag_high_index n=45 k=5,blockdiag_high_index_singular,45,5,julia,20,229,0.080482839,500,10000,0.417266,7200,976333576,499236864,false,1.6886833,true,1000
blockdiag_high_index n=45 k=5,blockdiag_high_index_singular,45,5,julia,20,230,0.080482839,500,10000,0.417266,7200,976333576,499236864,false,1.6886833,true,1000
blockdiag_high_index n=45 k=5,blockdiag_high_index_singular,45,5,julia,20,231,0.080482839,500,10000,0.417266,7200,976333576,499236864,false,1.6886833,true,1000
blockdiag_high_index n=45 k=5,blockdiag_high_index_singular,45,5,julia,20,232,0.080482839,500,10000,0.417266,7200,976333576,499236864,false,1.6886833,true,1000
blockdiag_high_index n=45 k=5,blockdiag_high_index_singular,45,5,julia,20,233,0.080482839,500,10000,0.417266,7200,976333576,499236864,false,1.6886833,true,1000
blockdiag_high_index n=45 k=5,blockdiag_high_index_singular,45,5,julia,20,234,0.080482839,500,10000,0.417266,7200,976333576,499236864,false,1.6886833,true,1000
blockdiag_high_index n=45 k=5,blockdiag_high_index_singular,45,5,julia,20,235,0.080482839,500,10000,0.417266,7200,976333576,499236864,false,1.6886833,true,1000
blockdiag_high_index n=45 k=5,blockdiag_high_index_singular,45,5,julia,20,236,0.080482839,500,10000,0.417266,7200,976333576,499236864,false,1.6886833,true,1000
blockdiag_high_index n=45 k=5,blockdiag_high_index_singular,45,5,julia,20,237,0.080482839,500,10000,0.417266,7200,976333576,499236864,false,1.6886833,true,1000
blockdiag_high_index n=45 k=5,blockdiag_high_index_singular,45,5,julia,20,238,0.080482839,500,10000,0.417266,7200,976333576,499236864,false,1.6886833,true,1000
blockdiag_high_index n=45 k=5,blockdiag_high_index_singular,45,5,julia,20,239,0.080482839,500,10000,0.417266,7200,976333576,499236864,false,1.6886833,true,1000
blockdiag_high_index n=45 k=5,blockdiag_high_index_singular,45,5,julia,20,240,0.080482839,500,10000,0.417266,7200,976333576,499236864,false,1.6886833,true,1000
blockdiag_high_index n=45 k=5,blockdiag_high_index_singular,45,5,julia,20,241,0.080482839,500,10000,0.417266,7200,976333576,499236864,false,1.6886833,true,1000
blockdiag_high_index n=45 k=5,blockdiag_high_index_singular,45,5,julia,20,242,0.080482839,500,10000,0.417266,7200,976333576,499236864,false,1.6886833,true,1000
blockdiag_high_index n=45 k=5,blockdiag_high_index_singular,45,5,julia,20,243,0.080482839,500,10000,0.417266,7200,976333576,499236864,false,1.6886833,true,1000
blockdiag_high_index n=45 k=5,blockdiag_high_index_singular,45,5,julia,20,244,0.080482839,500,10000,0.417266,7200,976333576,499236864,false,1.6886833,true,1000
blockdiag_high_index n=45 k=5,blockdiag_high_index_singular,45,5,julia,20,245,0.080482839,500,10000,0.417266,7200,976333576,499236864,false,1.6886833,true,1000
blockdiag_high_index n=45 k=5,blockdiag_high_index_singular,45,5,julia,20,246,0.080482839,500,10000,0.417266,7200,976333576,499236864,false,1.6886833,true,1000
blockdiag_high_index n=45 k=5,blockdiag_high_index_singular,45,5,julia,20,247,0.080482839,500,10000,0.417266,7200,976333576,499236864,false,1.6886833,true,1000
blockdiag_high_index n=45 k=5,blockdiag_high_index_singular,45,5,julia,20,248,0.080482839,500,10000,0.417266,7200,976333576,499236864,false,1.6886833,true,1000
blockdiag_high_index n=45 k=5,blockdiag_high_index_singular,45,5,julia,20,249,0.080482839,500,10000,0.417266,7200,976333576,499236864,false,1.6886833,true,1000
blockdiag_high_index n=45 k=5,blockdiag_high_index_singular,45,5,julia,20,250,0.080482839,500,10000,0.417266,7200,976333576,499236864,false,1.6886833,true,1000
blockdiag_high_index n=45 k=5,blockdiag_high_index_singular,45,5,julia,20,251,0.080482839,500,10000,0.417266,7200,976333576,499236864,false,1.6886833,true,1000
blockdiag_high_index n=45 k=5,blockdiag_high_index_singular,45,5,julia,20,252,0.080482839,500,10000,0.417266,7200,976333576,499236864,false,1.6886833,true,1000
blockdiag_high_index n=45 k=5,blockdiag_high_index_singular,45,5,julia,20,253,0.080482839,500,10000,0.417266,7200,976333576,499236864,false,1.6886833,true,1000
blockdiag_high_index n=45 k=5,blockdiag_high_index_singular,45,5,julia,20,254,0.080482839,500,10000,0.417266,7200,976333576,499236864,false,1.6886833,true,1000
blockdiag_high_index n=45 k=5,blockdiag_high_index_singular,45,5,julia,20,255,0.080482839,500,10000,0.417266,7200,976333576,499236864,false,1.6886833,true,1000
blockdiag_high_index n=45 k=5,blockdiag_high_index_singular,45,5,julia,20,256,0.080482839,500,10000,0.417266,7200,976333576,499236864,false,1.6886833,true,1000
blockdiag_high_index n=45 k=5,blockdiag_high_index_singular,45,5,julia,20,257,0.080482839,500,10000,0.417266,7200,976333576,499236864,false,1.6886833,true,1000
blockdiag_high_index n=45 k=5,blockdiag_high_index_singular,45,5,julia,20,258,0.080482839,500,10000,0.417266,7200,976333576,499236864,false,1.6886833,true,1000
blockdiag_high_index n=45 k=5,blockdiag_high_index_singular,45,5,julia,20,259,0.080482839,500,10000,0.417266,7200,976333576,499236864,false,1.6886833,true,1000
blockdiag_high_index n=45 k=5,blockdiag_high_index_singular,45,5,julia,20,260,0.080482839,500,10000,0.417266,7200,976333576,499236864,false,1.6886833,true,1000
blockdiag_high_index n=45 k=5,blockdiag_high_index_singular,45,5,julia,20,261,0.080482839,500,10000,0.417266,7200,976333576,499236864,false,1.6886833,true,1000
blockdiag_high_index n=45 k=5,blockdiag_high_index_singular,45,5,julia,20,262,0.080482839,500,10000,0.417266,7200,976333576,499236864,false,1.6886833,true,1000
blockdiag_high_index n=45 k=5,blockdiag_high_index_singular,45,5,julia,20,263,0.080482839,500,10000,0.417266,7200,976333576,499236864,false,1.6886833,true,1000
blockdiag_high_index n=45 k=5,blockdiag_high_index_singular,45,5,julia,20,264,0.080482839,500,10000,0.417266,7200,976333576,499236864,false,1.6886833,true,1000
blockdiag_high_index n=45 k=5,blockdiag_high_index_singular,45,5,julia,20,265,0.080482839,500,10000,0.417266,7200,976333576,499236864,false,1.6886833,true,1000
blockdiag_high_index n=45 k=5,blockdiag_high_index_singular,45,5,julia,20,266,0.080482839,500,10000,0.417266,7200,976333576,499236864,false,1.6886833,true,1000
blockdiag_high_index n=45 k=5,blockdiag_high_index_singular,45,5,julia,20,267,0.080482839,500,10000,0.417266,7200,976333576,499236864,false,1.6886833,true,1000
blockdiag_high_index n=45 k=5,blockdiag_high_index_singular,45,5,julia,20,268,0.080482839,500,10000,0.417266,7200,976333576,499236864,false,1.6886833,true,1000
blockdiag_high_index n=45 k=5,blockdiag_high_index_singular,45,5,julia,20,269,0.080482839,500,10000,0.417266,7200,976333576,499236864,false,1.6886833,true,1000
blockdiag_high_index n=45 k=5,blockdiag_high_index_singular,45,5,julia,20,270,0.080482839,500,10000,0.417266,7200,976333576,499236864,false,1.6886833,true,1000
blockdiag_high_index n=45 k=5,blockdiag_high_index_singular,45,5,julia,20,271,0.080482839,500,10000,0.417266,7200,976333576,499236864,false,1.6886833,true,1000
blockdiag_high_index n=45 k=5,blockdiag_high_index_singular,45,5,julia,20,272,0.080482839,500,10000,0.417266,7200,976333576,499236864,false,1.6886833,true,1000
blockdiag_high_index n=45 k=5,blockdiag_high_index_singular,45,5,julia,20,273,0.080482839,500,10000,0.417266,7200,976333576,499236864,false,1.6886833,true,1000
blockdiag_high_index n=45 k=5,blockdiag_high_index_singular,45,5,julia,20,274,0.080482839,500,10000,0.417266,7200,976333576,499236864,false,1.6886833,true,1000
blockdiag_high_index n=45 k=5,blockdiag_high_index_singular,45,5,julia,20,275,0.080482839,500,10000,0.417266,7200,976333576,499236864,false,1.6886833,true,1000
blockdiag_high_index n=45 k=5,blockdiag_high_index_singular,45,5,julia,20,276,0.080482839,500,10000,0.417266,7200,976333576,499236864,false,1.6886833,true,1000
blockdiag_high_index n=45 k=5,blockdiag_high_index_singular,45,5,julia,20,277,0.080482839,500,10000,0.417266,7200,976333576,499236864,false,1.6886833,true,1000
blockdiag_high_index n=45 k=5,blockdiag_high_index_singular,45,5,julia,20,278,0.080482839,500,10000,0.417266,7200,976333576,499236864,false,1.6886833,true,1000
blockdiag_high_index n=45 k=5,blockdiag_high_index_singular,45,5,julia,20,279,0.080482839,500,10000,0.417266,7200,976333576,499236864,false,1.6886833,true,1000
blockdiag_high_index n=45 k=5,blockdiag_high_index_singular,45,5,julia,20,280,0.080482839,500,10000,0.417266,7200,976333576,499236864,false,1.6886833,true,1000
blockdiag_high_index n=45 k=5,blockdiag_high_index_singular,45,5,julia,20,281,0.080482839,500,10000,0.417266,7200,976333576,499236864,false,1.6886833,true,1000
blockdiag_high_index n=45 k=5,blockdiag_high_index_singular,45,5,julia,20,282,0.080482839,500,10000,0.417266,7200,976333576,499236864,false,1.6886833,true,1000
blockdiag_high_index n=45 k=5,blockdiag_high_index_singular,45,5,julia,20,283,0.080482839,500,10000,0.417266,7200,976333576,499236864,false,1.6886833,true,1000
blockdiag_high_index n=45 k=5,blockdiag_high_index_singular,45,5,julia,20,284,0.080482839,500,10000,0.417266,7200,976333576,499236864,false,1.6886833,true,1000
blockdiag_high_index n=45 k=5,blockdiag_high_index_singular,45,5,julia,20,285,0.080482839,500,10000,0.417266,7200,976333576,499236864,false,1.6886833,true,1000
blockdiag_high_index n=45 k=5,blockdiag_high_index_singular,45,5,julia,20,286,0.080482839,500,10000,0.417266,7200,976333576,499236864,false,1.6886833,true,1000
blockdiag_high_index n=45 k=5,blockdiag_high_index_singular,45,5,julia,20,287,0.080482839,500,10000,0.417266,7200,976333576,499236864,false,1.6886833,true,1000
blockdiag_high_index n=45 k=5,blockdiag_high_index_singular,45,5,julia,20,288,0.080482839,500,10000,0.417266,7200,976333576,499236864,false,1.6886833,true,1000
blockdiag_high_index n=45 k=5,blockdiag_high_index_singular,45,5,julia,20,289,0.080482839,500,10000,0.417266,7200,976333576,499236864,false,1.6886833,true,1000
blockdiag_high_index n=45 k=5,blockdiag_high_index_singular,45,5,julia,20,290,0.080482839,500,10000,0.417266,7200,976333576,499236864,false,1.6886833,true,1000
blockdiag_high_index n=45 k=5,blockdiag_high_index_singular,45,5,julia,20,291,0.080482839,500,10000,0.417266,7200,976333576,499236864,false,1.6886833,true,1000
blockdiag_high_index n=45 k=5,blockdiag_high_index_singular,45,5,julia,20,292,0.080482839,500,10000,0.417266,7200,976333576,499236864,false,1.6886833,true,1000
blockdiag_high_index n=45 k=5,blockdiag_high_index_singular,45,5,julia,20,293,0.080482839,500,10000,0.417266,7200,976333576,499236864,false,1.6886833,true,1000
blockdiag_high_index n=45 k=5,blockdiag_high_index_singular,45,5,julia,20,294,0.080482839,500,10000,0.417266,7200,976333576,499236864,false,1.6886833,true,1000
blockdiag_high_index n=45 k=5,blockdiag_high_index_singular,45,5,julia,20,295,0.080482839,500,10000,0.417266,7200,976333576,499236864,false,1.6886833,true,1000
blockdiag_high_index n=45 k=5,blockdiag_high_index_singular,45,5,julia,20,296,0.080482839,500,10000,0.417266,7200,976333576,499236864,false,1.6886833,true,1000
blockdiag_high_index n=45 k=5,blockdiag_high_index_singular,45,5,julia,20,297,0.080482839,500,10000,0.417266,7200,976333576,499236864,false,1.6886833,true,1000
blockdiag_high_index n=45 k=5,blockdiag_high_index_singular,45,5,julia,20,298,0.080482839,500,10000,0.417266,7200,976333576,499236864,false,1.6886833,true,1000
blockdiag_high_index n=45 k=5,blockdiag_high_index_singular,45,5,julia,20,299,0.080482839,500,10000,0.417266,7200,976333576,499236864,false,1.6886833,true,1000
blockdiag_high_index n=45 k=5,blockdiag_high_index_singular,45,5,julia,20,300,0.080482839,500,10000,0.417266,7200,976333576,499236864,false,1.6886833,true,1000
blockdiag_high_index n=45 k=5,blockdiag_high_index_singular,45,5,julia,20,301,0.080482839,500,10000,0.417266,7200,976333576,499236864,false,1.6886833,true,1000
blockdiag_high_index n=45 k=5,blockdiag_high_index_singular,45,5,julia,20,302,0.080482839,500,10000,0.417266,7200,976333576,499236864,false,1.6886833,true,1000
blockdiag_high_index n=45 k=5,blockdiag_high_index_singular,45,5,julia,20,303,0.080482839,500,10000,0.417266,7200,976333576,499236864,false,1.6886833,true,1000
blockdiag_high_index n=45 k=5,blockdiag_high_index_singular,45,5,julia,20,304,0.080482839,500,10000,0.417266,7200,976333576,499236864,false,1.6886833,true,1000
blockdiag_high_index n=45 k=5,blockdiag_high_index_singular,45,5,julia,20,305,0.080482839,500,10000,0.417266,7200,976333576,499236864,false,1.6886833,true,1000
blockdiag_high_index n=45 k=5,blockdiag_high_index_singular,45,5,julia,20,306,0.080482839,500,10000,0.417266,7200,976333576,499236864,false,1.6886833,true,1000
blockdiag_high_index n=45 k=5,blockdiag_high_index_singular,45,5,julia,20,307,0.080482839,500,10000,0.417266,7200,976333576,499236864,false,1.6886833,true,1000
blockdiag_high_index n=45 k=5,blockdiag_high_index_singular,45,5,julia,20,308,0.080482839,500,10000,0.417266,7200,976333576,499236864,false,1.6886833,true,1000
blockdiag_high_index n=45 k=5,blockdiag_high_index_singular,45,5,julia,20,309,0.080482839,500,10000,0.417266,7200,976333576,499236864,false,1.6886833,true,1000
blockdiag_high_index n=45 k=5,blockdiag_high_index_singular,45,5,julia,20,310,0.080482839,500,10000,0.417266,7200,976333576,499236864,false,1.6886833,true,1000
blockdiag_high_index n=45 k=5,blockdiag_high_index_singular,45,5,julia,20,311,0.080482839,500,10000,0.417266,7200,976333576,499236864,false,1.6886833,true,1000
blockdiag_high_index n=45 k=5,blockdiag_high_index_singular,45,5,julia,20,312,0.080482839,500,10000,0.417266,7200,976333576,499236864,false,1.6886833,true,1000
blockdiag_high_index n=45 k=5,blockdiag_high_index_singular,45,5,julia,20,313,0.080482839,500,10000,0.417266,7200,976333576,499236864,false,1.6886833,true,1000
blockdiag_high_index n=45 k=5,blockdiag_high_index_singular,45,5,julia,20,314,0.080482839,500,10000,0.417266,7200,976333576,499236864,false,1.6886833,true,1000
blockdiag_high_index n=45 k=5,blockdiag_high_index_singular,45,5,julia,20,315,0.080482839,500,10000,0.417266,7200,976333576,499236864,false,1.6886833,true,1000
blockdiag_high_index n=45 k=5,blockdiag_high_index_singular,45,5,julia,20,316,0.080482839,500,10000,0.417266,7200,976333576,499236864,false,1.6886833,true,1000
blockdiag_high_index n=45 k=5,blockdiag_high_index_singular,45,5,julia,20,317,0.080482839,500,10000,0.417266,7200,976333576,499236864,false,1.6886833,true,1000
blockdiag_high_index n=45 k=5,blockdiag_high_index_singular,45,5,julia,20,318,0.080482839,500,10000,0.417266,7200,976333576,499236864,false,1.6886833,true,1000
blockdiag_high_index n=45 k=5,blockdiag_high_index_singular,45,5,julia,20,319,0.080482839,500,10000,0.417266,7200,976333576,499236864,false,1.6886833,true,1000
blockdiag_high_index n=45 k=5,blockdiag_high_index_singular,45,5,julia,20,320,0.080482839,500,10000,0.417266,7200,976333576,499236864,false,1.6886833,true,1000
blockdiag_high_index n=45 k=5,blockdiag_high_index_singular,45,5,julia,20,321,0.080482839,500,10000,0.417266,7200,976333576,499236864,false,1.6886833,true,1000
blockdiag_high_index n=45 k=5,blockdiag_high_index_singular,45,5,julia,20,322,0.080482839,500,10000,0.417266,7200,976333576,499236864,false,1.6886833,true,1000
blockdiag_high_index n=45 k=5,blockdiag_high_index_singular,45,5,julia,20,323,0.080482839,500,10000,0.417266,7200,976333576,499236864,false,1.6886833,true,1000
blockdiag_high_index n=45 k=5,blockdiag_high_index_singular,45,5,julia,20,324,0.080482839,500,10000,0.417266,7200,976333576,499236864,false,1.6886833,true,1000
blockdiag_high_index n=45 k=5,blockdiag_high_index_singular,45,5,julia,20,325,0.080482839,500,10000,0.417266,7200,976333576,499236864,false,1.6886833,true,1000
blockdiag_high_index n=45 k=5,blockdiag_high_index_singular,45,5,julia,20,326,0.080482839,500,10000,0.417266,7200,976333576,499236864,false,1.6886833,true,1000
blockdiag_high_index n=45 k=5,blockdiag_high_index_singular,45,5,julia,20,327,0.080482839,500,10000,0.417266,7200,976333576,499236864,false,1.6886833,true,1000
blockdiag_high_index n=45 k=5,blockdiag_high_index_singular,45,5,julia,20,328,0.080482839,500,10000,0.417266,7200,976333576,499236864,false,1.6886833,true,1000
blockdiag_high_index n=45 k=5,blockdiag_high_index_singular,45,5,julia,20,329,0.080482839,500,10000,0.417266,7200,976333576,499236864,false,1.6886833,true,1000
blockdiag_high_index n=45 k=5,blockdiag_high_index_singular,45,5,julia,20,330,0.080482839,500,10000,0.417266,7200,976333576,499236864,false,1.6886833,true,1000
blockdiag_high_index n=45 k=5,blockdiag_high_index_singular,45,5,julia,20,331,0.080482839,500,10000,0.417266,7200,976333576,499236864,false,1.6886833,true,1000
blockdiag_high_index n=45 k=5,blockdiag_high_index_singular,45,5,julia,20,332,0.080482839,500,10000,0.417266,7200,976333576,499236864,false,1.6886833,true,1000
blockdiag_high_index n=45 k=5,blockdiag_high_index_singular,45,5,julia,20,333,0.080482839,500,10000,0.417266,7200,976333576,499236864,false,1.6886833,true,1000
blockdiag_high_index n=45 k=5,blockdiag_high_index_singular,45,5,julia,20,334,0.080482839,500,10000,0.417266,7200,976333576,499236864,false,1.6886833,true,1000
blockdiag_high_index n=45 k=5,blockdiag_high_index_singular,45,5,julia,20,335,0.080482839,500,10000,0.417266,7200,976333576,499236864,false,1.6886833,true,1000
blockdiag_high_index n=45 k=5,blockdiag_high_index_singular,45,5,julia,20,336,0.080482839,500,10000,0.417266,7200,976333576,499236864,false,1.6886833,true,1000
blockdiag_high_index n=45 k=5,blockdiag_high_index_singular,45,5,julia,20,337,0.080482839,500,10000,0.417266,7200,976333576,499236864,false,1.6886833,true,1000
blockdiag_high_index n=45 k=5,blockdiag_high_index_singular,45,5,julia,20,338,0.080482839,500,10000,0.417266,7200,976333576,499236864,false,1.6886833,true,1000
blockdiag_high_index n=45 k=5,blockdiag_high_index_singular,45,5,julia,20,339,0.080482839,500,10000,0.417266,7200,976333576,499236864,false,1.6886833,true,1000
blockdiag_high_index n=45 k=5,blockdiag_high_index_singular,45,5,julia,20,340,0.080482839,500,10000,0.417266,7200,976333576,499236864,false,1.6886833,true,1000
blockdiag_high_index n=45 k=5,blockdiag_high_index_singular,45,5,julia,20,341,0.080482839,500,10000,0.417266,7200,976333576,499236864,false,1.6886833,true,1000
blockdiag_high_index n=45 k=5,blockdiag_high_index_singular,45,5,julia,20,342,0.080482839,500,10000,0.417266,7200,976333576,499236864,false,1.6886833,true,1000
blockdiag_high_index n=45 k=5,blockdiag_high_index_singular,45,5,julia,20,343,0.080482839,500,10000,0.417266,7200,976333576,499236864,false,1.6886833,true,1000
blockdiag_high_index n=45 k=5,blockdiag_high_index_singular,45,5,julia,20,344,0.080482839,500,10000,0.417266,7200,976333576,499236864,false,1.6886833,true,1000
blockdiag_high_index n=45 k=5,blockdiag_high_index_singular,45,5,julia,20,345,0.080482839,500,10000,0.417266,7200,976333576,499236864,false,1.6886833,true,1000
blockdiag_high_index n=45 k=5,blockdiag_high_index_singular,45,5,julia,20,346,0.080482839,500,10000,0.417266,7200,976333576,499236864,false,1.6886833,true,1000
blockdiag_high_index n=45 k=5,blockdiag_high_index_singular,45,5,julia,20,347,0.080482839,500,10000,0.417266,7200,976333576,499236864,false,1.6886833,true,1000
blockdiag_high_index n=45 k=5,blockdiag_high_index_singular,45,5,julia,20,348,0.080482839,500,10000,0.417266,7200,976333576,499236864,false,1.6886833,true,1000
blockdiag_high_index n=45 k=5,blockdiag_high_index_singular,45,5,julia,20,349,0.080482839,500,10000,0.417266,7200,976333576,499236864,false,1.6886833,true,1000
blockdiag_high_index n=45 k=5,blockdiag_high_index_singular,45,5,julia,20,350,0.080482839,500,10000,0.417266,7200,976333576,499236864,false,1.6886833,true,1000
blockdiag_high_index n=45 k=5,blockdiag_high_index_singular,45,5,julia,20,351,0.080482839,500,10000,0.417266,7200,976333576,499236864,false,1.6886833,true,1000
blockdiag_high_index n=45 k=5,blockdiag_high_index_singular,45,5,julia,20,352,0.080482839,500,10000,0.417266,7200,976333576,499236864,false,1.6886833,true,1000
blockdiag_high_index n=45 k=5,blockdiag_high_index_singular,45,5,julia,20,353,0.080482839,500,10000,0.417266,7200,976333576,499236864,false,1.6886833,true,1000
blockdiag_high_index n=45 k=5,blockdiag_high_index_singular,45,5,julia,20,354,0.080482839,500,10000,0.417266,7200,976333576,499236864,false,1.6886833,true,1000
blockdiag_high_index n=45 k=5,blockdiag_high_index_singular,45,5,julia,20,355,0.080482839,500,10000,0.417266,7200,976333576,499236864,false,1.6886833,true,1000
blockdiag_high_index n=45 k=5,blockdiag_high_index_singular,45,5,julia,20,356,0.080482839,500,10000,0.417266,7200,976333576,499236864,false,1.6886833,true,1000
blockdiag_high_index n=45 k=5,blockdiag_high_index_singular,45,5,julia,20,357,0.080482839,500,10000,0.417266,7200,976333576,499236864,false,1.6886833,true,1000
blockdiag_high_index n=45 k=5,blockdiag_high_index_singular,45,5,julia,20,358,0.080482839,500,10000,0.417266,7200,976333576,499236864,false,1.6886833,true,1000
blockdiag_high_index n=45 k=5,blockdiag_high_index_singular,45,5,julia,20,359,0.080482839,500,10000,0.417266,7200,976333576,499236864,false,1.6886833,true,1000
blockdiag_high_index n=45 k=5,blockdiag_high_index_singular,45,5,julia,20,360,0.080482839,500,10000,0.417266,7200,976333576,499236864,false,1.6886833,true,1000
blockdiag_high_index n=45 k=5,blockdiag_high_index_singular,45,5,julia,20,361,0.080482839,500,10000,0.417266,7200,976333576,499236864,false,1.6886833,true,1000
blockdiag_high_index n=45 k=5,blockdiag_high_index_singular,45,5,julia,20,362,0.080482839,500,10000,0.417266,7200,976333576,499236864,false,1.6886833,true,1000
blockdiag_high_index n=45 k=5,blockdiag_high_index_singular,45,5,julia,20,363,0.080482839,500,10000,0.417266,7200,976333576,499236864,false,1.6886833,true,1000
blockdiag_high_index n=45 k=5,blockdiag_high_index_singular,45,5,julia,20,364,0.080482839,500,10000,0.417266,7200,976333576,499236864,false,1.6886833,true,1000
blockdiag_high_index n=45 k=5,blockdiag_high_index_singular,45,5,julia,20,365,0.080482839,500,10000,0.417266,7200,976333576,499236864,false,1.6886833,true,1000
blockdiag_high_index n=45 k=5,blockdiag_high_index_singular,45,5,julia,20,366,0.080482839,500,10000,0.417266,7200,976333576,499236864,false,1.6886833,true,1000
blockdiag_high_index n=45 k=5,blockdiag_high_index_singular,45,5,julia,20,367,0.080482839,500,10000,0.417266,7200,976333576,499236864,false,1.6886833,true,1000
blockdiag_high_index n=45 k=5,blockdiag_high_index_singular,45,5,julia,20,368,0.080482839,500,10000,0.417266,7200,976333576,499236864,false,1.6886833,true,1000
blockdiag_high_index n=45 k=5,blockdiag_high_index_singular,45,5,julia,20,369,0.080482839,500,10000,0.417266,7200,976333576,499236864,false,1.6886833,true,1000
blockdiag_high_index n=45 k=5,blockdiag_high_index_singular,45,5,julia,20,370,0.080482839,500,10000,0.417266,7200,976333576,499236864,false,1.6886833,true,1000
blockdiag_high_index n=45 k=5,blockdiag_high_index_singular,45,5,julia,20,371,0.080482839,500,10000,0.417266,7200,976333576,499236864,false,1.6886833,true,1000
blockdiag_high_index n=45 k=5,blockdiag_high_index_singular,45,5,julia,20,372,0.080482839,500,10000,0.417266,7200,976333576,499236864,false,1.6886833,true,1000
blockdiag_high_index n=45 k=5,blockdiag_high_index_singular,45,5,julia,20,373,0.080482839,500,10000,0.417266,7200,976333576,499236864,false,1.6886833,true,1000
blockdiag_high_index n=45 k=5,blockdiag_high_index_singular,45,5,julia,20,374,0.080482839,500,10000,0.417266,7200,976333576,499236864,false,1.6886833,true,1000
blockdiag_high_index n=45 k=5,blockdiag_high_index_singular,45,5,julia,20,375,0.080482839,500,10000,0.417266,7200,976333576,499236864,false,1.6886833,true,1000
blockdiag_high_index n=45 k=5,blockdiag_high_index_singular,45,5,julia,20,376,0.080482839,500,10000,0.417266,7200,976333576,499236864,false,1.6886833,true,1000
blockdiag_high_index n=45 k=5,blockdiag_high_index_singular,45,5,julia,20,377,0.080482839,500,10000,0.417266,7200,976333576,499236864,false,1.6886833,true,1000
blockdiag_high_index n=45 k=5,blockdiag_high_index_singular,45,5,julia,20,378,0.080482839,500,10000,0.417266,7200,976333576,499236864,false,1.6886833,true,1000
blockdiag_high_index n=45 k=5,blockdiag_high_index_singular,45,5,julia,20,379,0.080482839,500,10000,0.417266,7200,976333576,499236864,false,1.6886833,true,1000
blockdiag_high_index n=45 k=5,blockdiag_high_index_singular,45,5,julia,20,380,0.080482839,500,10000,0.417266,7200,976333576,499236864,false,1.6886833,true,1000
blockdiag_high_index n=45 k=5,blockdiag_high_index_singular,45,5,julia,20,381,0.080482839,500,10000,0.417266,7200,976333576,499236864,false,1.6886833,true,1000
blockdiag_high_index n=45 k=5,blockdiag_high_index_singular,45,5,julia,20,382,0.080482839,500,10000,0.417266,7200,976333576,499236864,false,1.6886833,true,1000
blockdiag_high_index n=45 k=5,blockdiag_high_index_singular,45,5,julia,20,383,0.080482839,500,10000,0.417266,7200,976333576,499236864,false,1.6886833,true,1000
blockdiag_high_index n=45 k=5,blockdiag_high_index_singular,45,5,julia,20,384,0.080482839,500,10000,0.417266,7200,976333576,499236864,false,1.6886833,true,1000
blockdiag_high_index n=45 k=5,blockdiag_high_index_singular,45,5,julia,20,385,0.080482839,500,10000,0.417266,7200,976333576,499236864,false,1.6886833,true,1000
blockdiag_high_index n=45 k=5,blockdiag_high_index_singular,45,5,julia,20,386,0.080482839,500,10000,0.417266,7200,976333576,499236864,false,1.6886833,true,1000
blockdiag_high_index n=45 k=5,blockdiag_high_index_singular,45,5,julia,20,387,0.080482839,500,10000,0.417266,7200,976333576,499236864,false,1.6886833,true,1000
blockdiag_high_index n=45 k=5,blockdiag_high_index_singular,45,5,julia,20,388,0.080482839,500,10000,0.417266,7200,976333576,499236864,false,1.6886833,true,1000
blockdiag_high_index n=45 k=5,blockdiag_high_index_singular,45,5,julia,20,389,0.080482839,500,10000,0.417266,7200,976333576,499236864,false,1.6886833,true,1000
blockdiag_high_index n=45 k=5,blockdiag_high_index_singular,45,5,julia,20,390,0.080482839,500,10000,0.417266,7200,976333576,499236864,false,1.6886833,true,1000
blockdiag_high_index n=45 k=5,blockdiag_high_index_singular,45,5,julia,20,391,0.080482839,500,10000,0.417266,7200,976333576,499236864,false,1.6886833,true,1000
blockdiag_high_index n=45 k=5,blockdiag_high_index_singular,45,5,julia,20,392,0.080482839,500,10000,0.417266,7200,976333576,499236864,false,1.6886833,true,1000
blockdiag_high_index n=45 k=5,blockdiag_high_index_singular,45,5,julia,20,393,0.080482839,500,10000,0.417266,7200,976333576,499236864,false,1.6886833,true,1000
blockdiag_high_index n=45 k=5,blockdiag_high_index_singular,45,5,julia,20,394,0.080482839,500,10000,0.417266,7200,976333576,499236864,false,1.6886833,true,1000
blockdiag_high_index n=45 k=5,blockdiag_high_index_singular,45,5,julia,20,395,0.080482839,500,10000,0.417266,7200,976333576,499236864,false,1.6886833,true,1000
blockdiag_high_index n=45 k=5,blockdiag_high_index_singular,45,5,julia,20,396,0.080482839,500,10000,0.417266,7200,976333576,499236864,false,1.6886833,true,1000
blockdiag_high_index n=45 k=5,blockdiag_high_index_singular,45,5,julia,20,397,0.080482839,500,10000,0.417266,7200,976333576,499236864,false,1.6886833,true,1000
blockdiag_high_index n=45 k=5,blockdiag_high_index_singular,45,5,julia,20,398,0.080482839,500,10000,0.417266,7200,976333576,499236864,false,1.6886833,true,1000
blockdiag_high_index n=45 k=5,blockdiag_high_index_singular,45,5,julia,20,399,0.080482839,500,10000,0.417266,7200,976333576,499236864,false,1.6886833,true,1000
blockdiag_high_index n=45 k=5,blockdiag_high_index_singular,45,5,julia,20,400,0.080482839,500,10000,0.417266,7200,976333576,499236864,false,1.6886833,true,1000
blockdiag_high_index n=45 k=5,blockdiag_high_index_singular,45,5,julia,20,401,0.080482839,500,10000,0.417266,7200,976333576,499236864,false,1.6886833,true,1000
blockdiag_high_index n=45 k=5,blockdiag_high_index_singular,45,5,julia,20,402,0.080482839,500,10000,0.417266,7200,976333576,499236864,false,1.6886833,true,1000
blockdiag_high_index n=45 k=5,blockdiag_high_index_singular,45,5,julia,20,403,0.080482839,500,10000,0.417266,7200,976333576,499236864,false,1.6886833,true,1000
blockdiag_high_index n=45 k=5,blockdiag_high_index_singular,45,5,julia,20,404,0.080482839,500,10000,0.417266,7200,976333576,499236864,false,1.6886833,true,1000
blockdiag_high_index n=45 k=5,blockdiag_high_index_singular,45,5,julia,20,405,0.080482839,500,10000,0.417266,7200,976333576,499236864,false,1.6886833,true,1000
blockdiag_high_index n=45 k=5,blockdiag_high_index_singular,45,5,julia,20,406,0.080482839,500,10000,0.417266,7200,976333576,499236864,false,1.6886833,true,1000
blockdiag_high_index n=45 k=5,blockdiag_high_index_singular,45,5,julia,20,407,0.080482839,500,10000,0.417266,7200,976333576,499236864,false,1.6886833,true,1000
blockdiag_high_index n=45 k=5,blockdiag_high_index_singular,45,5,julia,20,408,0.080482839,500,10000,0.417266,7200,976333576,499236864,false,1.6886833,true,1000
blockdiag_high_index n=45 k=5,blockdiag_high_index_singular,45,5,julia,20,409,0.080482839,500,10000,0.417266,7200,976333576,499236864,false,1.6886833,true,1000
blockdiag_high_index n=45 k=5,blockdiag_high_index_singular,45,5,julia,20,410,0.080482839,500,10000,0.417266,7200,976333576,499236864,false,1.6886833,true,1000
blockdiag_high_index n=45 k=5,blockdiag_high_index_singular,45,5,julia,20,411,0.080482839,500,10000,0.417266,7200,976333576,499236864,false,1.6886833,true,1000
blockdiag_high_index n=45 k=5,blockdiag_high_index_singular,45,5,julia,20,412,0.080482839,500,10000,0.417266,7200,976333576,499236864,false,1.6886833,true,1000
blockdiag_high_index n=45 k=5,blockdiag_high_index_singular,45,5,julia,20,413,0.080482839,500,10000,0.417266,7200,976333576,499236864,false,1.6886833,true,1000
blockdiag_high_index n=45 k=5,blockdiag_high_index_singular,45,5,julia,20,414,0.080482839,500,10000,0.417266,7200,976333576,499236864,false,1.6886833,true,1000
blockdiag_high_index n=45 k=5,blockdiag_high_index_singular,45,5,julia,20,415,0.080482839,500,10000,0.417266,7200,976333576,499236864,false,1.6886833,true,1000
blockdiag_high_index n=45 k=5,blockdiag_high_index_singular,45,5,julia,20,416,0.080482839,500,10000,0.417266,7200,976333576,499236864,false,1.6886833,true,1000
blockdiag_high_index n=45 k=5,blockdiag_high_index_singular,45,5,julia,20,417,0.080482839,500,10000,0.417266,7200,976333576,499236864,false,1.6886833,true,1000
blockdiag_high_index n=45 k=5,blockdiag_high_index_singular,45,5,julia,20,418,0.080482839,500,10000,0.417266,7200,976333576,499236864,false,1.6886833,true,1000
blockdiag_high_index n=45 k=5,blockdiag_high_index_singular,45,5,julia,20,419,0.080482839,500,10000,0.417266,7200,976333576,499236864,false,1.6886833,true,1000
blockdiag_high_index n=45 k=5,blockdiag_high_index_singular,45,5,julia,20,420,0.080482839,500,10000,0.417266,7200,976333576,499236864,false,1.6886833,true,1000
blockdiag_high_index n=45 k=5,blockdiag_high_index_singular,45,5,julia,20,421,0.080482839,500,10000,0.417266,7200,976333576,499236864,false,1.6886833,true,1000
blockdiag_high_index n=45 k=5,blockdiag_high_index_singular,45,5,julia,20,422,0.080482839,500,10000,0.417266,7200,976333576,499236864,false,1.6886833,true,1000
blockdiag_high_index n=45 k=5,blockdiag_high_index_singular,45,5,julia,20,423,0.080482839,500,10000,0.417266,7200,976333576,499236864,false,1.6886833,true,1000
blockdiag_high_index n=45 k=5,blockdiag_high_index_singular,45,5,julia,20,424,0.080482839,500,10000,0.417266,7200,976333576,499236864,false,1.6886833,true,1000
blockdiag_high_index n=45 k=5,blockdiag_high_index_singular,45,5,julia,20,425,0.080482839,500,10000,0.417266,7200,976333576,499236864,false,1.6886833,true,1000
blockdiag_high_index n=45 k=5,blockdiag_high_index_singular,45,5,julia,20,426,0.080482839,500,10000,0.417266,7200,976333576,499236864,false,1.6886833,true,1000
blockdiag_high_index n=45 k=5,blockdiag_high_index_singular,45,5,julia,20,427,0.080482839,500,10000,0.417266,7200,976333576,499236864,false,1.6886833,true,1000
blockdiag_high_index n=45 k=5,blockdiag_high_index_singular,45,5,julia,20,428,0.080482839,500,10000,0.417266,7200,976333576,499236864,false,1.6886833,true,1000
blockdiag_high_index n=45 k=5,blockdiag_high_index_singular,45,5,julia,20,429,0.080482839,500,10000,0.417266,7200,976333576,499236864,false,1.6886833,true,1000
blockdiag_high_index n=45 k=5,blockdiag_high_index_singular,45,5,julia,20,430,0.080482839,500,10000,0.417266,7200,976333576,499236864,false,1.6886833,true,1000
blockdiag_high_index n=45 k=5,blockdiag_high_index_singular,45,5,julia,20,431,0.080482839,500,10000,0.417266,7200,976333576,499236864,false,1.6886833,true,1000
blockdiag_high_index n=45 k=5,blockdiag_high_index_singular,45,5,julia,20,432,0.080482839,500,10000,0.417266,7200,976333576,499236864,false,1.6886833,true,1000
blockdiag_high_index n=45 k=5,blockdiag_high_index_singular,45,5,julia,20,433,0.080482839,500,10000,0.417266,7200,976333576,499236864,false,1.6886833,true,1000
blockdiag_high_index n=45 k=5,blockdiag_high_index_singular,45,5,julia,20,434,0.080482839,500,10000,0.417266,7200,976333576,499236864,false,1.6886833,true,1000
blockdiag_high_index n=45 k=5,blockdiag_high_index_singular,45,5,julia,20,435,0.080482839,500,10000,0.417266,7200,976333576,499236864,false,1.6886833,true,1000
blockdiag_high_index n=45 k=5,blockdiag_high_index_singular,45,5,julia,20,436,0.080482839,500,10000,0.417266,7200,976333576,499236864,false,1.6886833,true,1000
blockdiag_high_index n=45 k=5,blockdiag_high_index_singular,45,5,julia,20,437,0.080482839,500,10000,0.417266,7200,976333576,499236864,false,1.6886833,true,1000
blockdiag_high_index n=45 k=5,blockdiag_high_index_singular,45,5,julia,20,438,0.080482839,500,10000,0.417266,7200,976333576,499236864,false,1.6886833,true,1000
blockdiag_high_index n=45 k=5,blockdiag_high_index_singular,45,5,julia,20,439,0.080482839,500,10000,0.417266,7200,976333576,499236864,false,1.6886833,true,1000
blockdiag_high_index n=45 k=5,blockdiag_high_index_singular,45,5,julia,20,440,0.080482839,500,10000,0.417266,7200,976333576,499236864,false,1.6886833,true,1000
blockdiag_high_index n=45 k=5,blockdiag_high_index_singular,45,5,julia,20,441,0.080482839,500,10000,0.417266,7200,976333576,499236864,false,1.6886833,true,1000
blockdiag_high_index n=45 k=5,blockdiag_high_index_singular,45,5,julia,20,442,0.080482839,500,10000,0.417266,7200,976333576,499236864,false,1.6886833,true,1000
blockdiag_high_index n=45 k=5,blockdiag_high_index_singular,45,5,julia,20,443,0.080482839,500,10000,0.417266,7200,976333576,499236864,false,1.6886833,true,1000
blockdiag_high_index n=45 k=5,blockdiag_high_index_singular,45,5,julia,20,444,0.080482839,500,10000,0.417266,7200,976333576,499236864,false,1.6886833,true,1000
blockdiag_high_index n=45 k=5,blockdiag_high_index_singular,45,5,julia,20,445,0.080482839,500,10000,0.417266,7200,976333576,499236864,false,1.6886833,true,1000
blockdiag_high_index n=45 k=5,blockdiag_high_index_singular,45,5,julia,20,446,0.080482839,500,10000,0.417266,7200,976333576,499236864,false,1.6886833,true,1000
blockdiag_high_index n=45 k=5,blockdiag_high_index_singular,45,5,julia,20,447,0.080482839,500,10000,0.417266,7200,976333576,499236864,false,1.6886833,true,1000
blockdiag_high_index n=45 k=5,blockdiag_high_index_singular,45,5,julia,20,448,0.080482839,500,10000,0.417266,7200,976333576,499236864,false,1.6886833,true,1000
blockdiag_high_index n=45 k=5,blockdiag_high_index_singular,45,5,julia,20,449,0.080482839,500,10000,0.417266,7200,976333576,499236864,false,1.6886833,true,1000
blockdiag_high_index n=45 k=5,blockdiag_high_index_singular,45,5,julia,20,450,0.080482839,500,10000,0.417266,7200,976333576,499236864,false,1.6886833,true,1000
blockdiag_high_index n=45 k=5,blockdiag_high_index_singular,45,5,julia,20,451,0.080482839,500,10000,0.417266,7200,976333576,499236864,false,1.6886833,true,1000
blockdiag_high_index n=45 k=5,blockdiag_high_index_singular,45,5,julia,20,452,0.080482839,500,10000,0.417266,7200,976333576,499236864,false,1.6886833,true,1000
blockdiag_high_index n=45 k=5,blockdiag_high_index_singular,45,5,julia,20,453,0.080482839,500,10000,0.417266,7200,976333576,499236864,false,1.6886833,true,1000
blockdiag_high_index n=45 k=5,blockdiag_high_index_singular,45,5,julia,20,454,0.080482839,500,10000,0.417266,7200,976333576,499236864,false,1.6886833,true,1000
blockdiag_high_index n=45 k=5,blockdiag_high_index_singular,45,5,julia,20,455,0.080482839,500,10000,0.417266,7200,976333576,499236864,false,1.6886833,true,1000
blockdiag_high_index n=45 k=5,blockdiag_high_index_singular,45,5,julia,20,456,0.080482839,500,10000,0.417266,7200,976333576,499236864,false,1.6886833,true,1000
blockdiag_high_index n=45 k=5,blockdiag_high_index_singular,45,5,julia,20,457,0.080482839,500,10000,0.417266,7200,976333576,499236864,false,1.6886833,true,1000
blockdiag_high_index n=45 k=5,blockdiag_high_index_singular,45,5,julia,20,458,0.080482839,500,10000,0.417266,7200,976333576,499236864,false,1.6886833,true,1000
blockdiag_high_index n=45 k=5,blockdiag_high_index_singular,45,5,julia,20,459,0.080482839,500,10000,0.417266,7200,976333576,499236864,false,1.6886833,true,1000
blockdiag_high_index n=45 k=5,blockdiag_high_index_singular,45,5,julia,20,460,0.080482839,500,10000,0.417266,7200,976333576,499236864,false,1.6886833,true,1000
blockdiag_high_index n=45 k=5,blockdiag_high_index_singular,45,5,julia,20,461,0.080482839,500,10000,0.417266,7200,976333576,499236864,false,1.6886833,true,1000
blockdiag_high_index n=45 k=5,blockdiag_high_index_singular,45,5,julia,20,462,0.080482839,500,10000,0.417266,7200,976333576,499236864,false,1.6886833,true,1000
blockdiag_high_index n=45 k=5,blockdiag_high_index_singular,45,5,julia,20,463,0.080482839,500,10000,0.417266,7200,976333576,499236864,false,1.6886833,true,1000
blockdiag_high_index n=45 k=5,blockdiag_high_index_singular,45,5,julia,20,464,0.080482839,500,10000,0.417266,7200,976333576,499236864,false,1.6886833,true,1000
blockdiag_high_index n=45 k=5,blockdiag_high_index_singular,45,5,julia,20,465,0.080482839,500,10000,0.417266,7200,976333576,499236864,false,1.6886833,true,1000
blockdiag_high_index n=45 k=5,blockdiag_high_index_singular,45,5,julia,20,466,0.080482839,500,10000,0.417266,7200,976333576,499236864,false,1.6886833,true,1000
blockdiag_high_index n=45 k=5,blockdiag_high_index_singular,45,5,julia,20,467,0.080482839,500,10000,0.417266,7200,976333576,499236864,false,1.6886833,true,1000
blockdiag_high_index n=45 k=5,blockdiag_high_index_singular,45,5,julia,20,468,0.080482839,500,10000,0.417266,7200,976333576,499236864,false,1.6886833,true,1000
blockdiag_high_index n=45 k=5,blockdiag_high_index_singular,45,5,julia,20,469,0.080482839,500,10000,0.417266,7200,976333576,499236864,false,1.6886833,true,1000
blockdiag_high_index n=45 k=5,blockdiag_high_index_singular,45,5,julia,20,470,0.080482839,500,10000,0.417266,7200,976333576,499236864,false,1.6886833,true,1000
blockdiag_high_index n=45 k=5,blockdiag_high_index_singular,45,5,julia,20,471,0.080482839,500,10000,0.417266,7200,976333576,499236864,false,1.6886833,true,1000
blockdiag_high_index n=45 k=5,blockdiag_high_index_singular,45,5,julia,20,472,0.080482839,500,10000,0.417266,7200,976333576,499236864,false,1.6886833,true,1000
blockdiag_high_index n=45 k=5,blockdiag_high_index_singular,45,5,julia,20,473,0.080482839,500,10000,0.417266,7200,976333576,499236864,false,1.6886833,true,1000
blockdiag_high_index n=45 k=5,blockdiag_high_index_singular,45,5,julia,20,474,0.080482839,500,10000,0.417266,7200,976333576,499236864,false,1.6886833,true,1000
blockdiag_high_index n=45 k=5,blockdiag_high_index_singular,45,5,julia,20,475,0.080482839,500,10000,0.417266,7200,976333576,499236864,false,1.6886833,true,1000
blockdiag_high_index n=45 k=5,blockdiag_high_index_singular,45,5,julia,20,476,0.080482839,500,10000,0.417266,7200,976333576,499236864,false,1.6886833,true,1000
blockdiag_high_index n=45 k=5,blockdiag_high_index_singular,45,5,julia,20,477,0.080482839,500,10000,0.417266,7200,976333576,499236864,false,1.6886833,true,1000
blockdiag_high_index n=45 k=5,blockdiag_high_index_singular,45,5,julia,20,478,0.080482839,500,10000,0.417266,7200,976333576,499236864,false,1.6886833,true,1000
blockdiag_high_index n=45 k=5,blockdiag_high_index_singular,45,5,julia,20,479,0.080482839,500,10000,0.417266,7200,976333576,499236864,false,1.6886833,true,1000
blockdiag_high_index n=45 k=5,blockdiag_high_index_singular,45,5,julia,20,480,0.080482839,500,10000,0.417266,7200,976333576,499236864,false,1.6886833,true,1000
blockdiag_high_index n=45 k=5,blockdiag_high_index_singular,45,5,julia,20,481,0.080482839,500,10000,0.417266,7200,976333576,499236864,false,1.6886833,true,1000
blockdiag_high_index n=45 k=5,blockdiag_high_index_singular,45,5,julia,20,482,0.080482839,500,10000,0.417266,7200,976333576,499236864,false,1.6886833,true,1000
blockdiag_high_index n=45 k=5,blockdiag_high_index_singular,45,5,julia,20,483,0.080482839,500,10000,0.417266,7200,976333576,499236864,false,1.6886833,true,1000
blockdiag_high_index n=45 k=5,blockdiag_high_index_singular,45,5,julia,20,484,0.080482839,500,10000,0.417266,7200,976333576,499236864,false,1.6886833,true,1000
blockdiag_high_index n=45 k=5,blockdiag_high_index_singular,45,5,julia,20,485,0.080482839,500,10000,0.417266,7200,976333576,499236864,false,1.6886833,true,1000
blockdiag_high_index n=45 k=5,blockdiag_high_index_singular,45,5,julia,20,486,0.080482839,500,10000,0.417266,7200,976333576,499236864,false,1.6886833,true,1000
blockdiag_high_index n=45 k=5,blockdiag_high_index_singular,45,5,julia,20,487,0.080482839,500,10000,0.417266,7200,976333576,499236864,false,1.6886833,true,1000
blockdiag_high_index n=45 k=5,blockdiag_high_index_singular,45,5,julia,20,488,0.080482839,500,10000,0.417266,7200,976333576,499236864,false,1.6886833,true,1000
blockdiag_high_index n=45 k=5,blockdiag_high_index_singular,45,5,julia,20,489,0.080482839,500,10000,0.417266,7200,976333576,499236864,false,1.6886833,true,1000
blockdiag_high_index n=45 k=5,blockdiag_high_index_singular,45,5,julia,20,490,0.080482839,500,10000,0.417266,7200,976333576,499236864,false,1.6886833,true,1000
blockdiag_high_index n=45 k=5,blockdiag_high_index_singular,45,5,julia,20,491,0.080482839,500,10000,0.417266,7200,976333576,499236864,false,1.6886833,true,1000
blockdiag_high_index n=45 k=5,blockdiag_high_index_singular,45,5,julia,20,492,0.080482839,500,10000,0.417266,7200,976333576,499236864,false,1.6886833,true,1000
blockdiag_high_index n=45 k=5,blockdiag_high_index_singular,45,5,julia,20,493,0.080482839,500,10000,0.417266,7200,976333576,499236864,false,1.6886833,true,1000
blockdiag_high_index n=45 k=5,blockdiag_high_index_singular,45,5,julia,20,494,0.080482839,500,10000,0.417266,7200,976333576,499236864,false,1.6886833,true,1000
blockdiag_high_index n=45 k=5,blockdiag_high_index_singular,45,5,julia,20,495,0.080482839,500,10000,0.417266,7200,976333576,499236864,false,1.6886833,true,1000
blockdiag_high_index n=45 k=5,blockdiag_high_index_singular,45,5,julia,20,496,0.080482839,500,10000,0.417266,7200,976333576,499236864,false,1.6886833,true,1000
blockdiag_high_index n=45 k=5,blockdiag_high_index_singular,45,5,julia,20,497,0.080482839,500,10000,0.417266,7200,976333576,499236864,false,1.6886833,true,1000
blockdiag_high_index n=45 k=5,blockdiag_high_index_singular,45,5,julia,20,498,0.080482839,500,10000,0.417266,7200,976333576,499236864,false,1.6886833,true,1000
blockdiag_high_index n=45 k=5,blockdiag_high_index_singular,45,5,julia,20,499,0.080482839,500,10000,0.417266,7200,976333576,499236864,false,1.6886833,true,1000
blockdiag_high_index n=45 k=5,blockdiag_high_index_singular,45,5,julia,20,500,0.080482839,500,10000,0.417266,7200,976333576,499236864,false,1.6886833,true,1000
blockdiag_high_index n=45 k=5,blockdiag_high_index_singular,45,5,julia,30,1,0.027811972,500,15000,0.965925,10800,1859149576,500580352,false,0.45875503,true,1000
blockdiag_high_index n=45 k=5,blockdiag_high_index_singular,45,5,julia,30,2,0.024314337,500,15000,0.965925,10800,1859149576,500580352,false,0.45875503,true,1000
blockdiag_high_index n=45 k=5,blockdiag_high_index_singular,45,5,julia,30,3,0.023091398,500,15000,0.965925,10800,1859149576,500580352,false,0.45875503,true,1000
blockdiag_high_index n=45 k=5,blockdiag_high_index_singular,45,5,julia,30,4,0.022656243,500,15000,0.965925,10800,1859149576,500580352,false,0.45875503,true,1000
blockdiag_high_index n=45 k=5,blockdiag_high_index_singular,45,5,julia,30,5,0.021456388,500,15000,0.965925,10800,1859149576,500580352,false,0.45875503,true,1000
blockdiag_high_index n=45 k=5,blockdiag_high_index_singular,45,5,julia,30,6,0.019971721,500,15000,0.965925,10800,1859149576,500580352,false,0.45875503,true,1000
blockdiag_high_index n=45 k=5,blockdiag_high_index_singular,45,5,julia,30,7,0.019679967,500,15000,0.965925,10800,1859149576,500580352,false,0.45875503,true,1000
blockdiag_high_index n=45 k=5,blockdiag_high_index_singular,45,5,julia,30,8,0.01795391,500,15000,0.965925,10800,1859149576,500580352,false,0.45875503,true,1000
blockdiag_high_index n=45 k=5,blockdiag_high_index_singular,45,5,julia,30,9,0.015998017,500,15000,0.965925,10800,1859149576,500580352,false,0.45875503,true,1000
blockdiag_high_index n=45 k=5,blockdiag_high_index_singular,45,5,julia,30,10,0.013971192,500,15000,0.965925,10800,1859149576,500580352,false,0.45875503,true,1000
blockdiag_high_index n=45 k=5,blockdiag_high_index_singular,45,5,julia,30,11,0.01269095,500,15000,0.965925,10800,1859149576,500580352,false,0.45875503,true,1000
blockdiag_high_index n=45 k=5,blockdiag_high_index_singular,45,5,julia,30,12,0.01224311,500,15000,0.965925,10800,1859149576,500580352,false,0.45875503,true,1000
blockdiag_high_index n=45 k=5,blockdiag_high_index_singular,45,5,julia,30,13,0.0120963,500,15000,0.965925,10800,1859149576,500580352,false,0.45875503,true,1000
blockdiag_high_index n=45 k=5,blockdiag_high_index_singular,45,5,julia,30,14,0.011942873,500,15000,0.965925,10800,1859149576,500580352,false,0.45875503,true,1000
blockdiag_high_index n=45 k=5,blockdiag_high_index_singular,45,5,julia,30,15,0.0095197335,500,15000,0.965925,10800,1859149576,500580352,false,0.45875503,true,1000
blockdiag_high_index n=45 k=5,blockdiag_high_index_singular,45,5,julia,30,16,0.0070986851,500,15000,0.965925,10800,1859149576,500580352,false,0.45875503,true,1000
blockdiag_high_index n=45 k=5,blockdiag_high_index_singular,45,5,julia,30,17,0.0065365794,500,15000,0.965925,10800,1859149576,500580352,false,0.45875503,true,1000
blockdiag_high_index n=45 k=5,blockdiag_high_index_singular,45,5,julia,30,18,0.0061010496,500,15000,0.965925,10800,1859149576,500580352,false,0.45875503,true,1000
blockdiag_high_index n=45 k=5,blockdiag_high_index_singular,45,5,julia,30,19,0.0060476422,500,15000,0.965925,10800,1859149576,500580352,false,0.45875503,true,1000
blockdiag_high_index n=45 k=5,blockdiag_high_index_singular,45,5,julia,30,20,0.0060097559,500,15000,0.965925,10800,1859149576,500580352,false,0.45875503,true,1000
blockdiag_high_index n=45 k=5,blockdiag_high_index_singular,45,5,julia,30,21,0.0059787009,500,15000,0.965925,10800,1859149576,500580352,false,0.45875503,true,1000
blockdiag_high_index n=45 k=5,blockdiag_high_index_singular,45,5,julia,30,22,0.0059530404,500,15000,0.965925,10800,1859149576,500580352,false,0.45875503,true,1000
blockdiag_high_index n=45 k=5,blockdiag_high_index_singular,45,5,julia,30,23,0.0059403565,500,15000,0.965925,10800,1859149576,500580352,false,0.45875503,true,1000
blockdiag_high_index n=45 k=5,blockdiag_high_index_singular,45,5,julia,30,24,0.0059347101,500,15000,0.965925,10800,1859149576,500580352,false,0.45875503,true,1000
blockdiag_high_index n=45 k=5,blockdiag_high_index_singular,45,5,julia,30,25,0.0059330144,500,15000,0.965925,10800,1859149576,500580352,false,0.45875503,true,1000
blockdiag_high_index n=45 k=5,blockdiag_high_index_singular,45,5,julia,30,26,0.0059324365,500,15000,0.965925,10800,1859149576,500580352,false,0.45875503,true,1000
blockdiag_high_index n=45 k=5,blockdiag_high_index_singular,45,5,julia,30,27,0.0059322516,500,15000,0.965925,10800,1859149576,500580352,false,0.45875503,true,1000
blockdiag_high_index n=45 k=5,blockdiag_high_index_singular,45,5,julia,30,28,0.0059321894,500,15000,0.965925,10800,1859149576,500580352,false,0.45875503,true,1000
blockdiag_high_index n=45 k=5,blockdiag_high_index_singular,45,5,julia,30,29,0.0059321685,500,15000,0.965925,10800,1859149576,500580352,false,0.45875503,true,1000
blockdiag_high_index n=45 k=5,blockdiag_high_index_singular,45,5,julia,30,30,0.0059321615,500,15000,0.965925,10800,1859149576,500580352,false,0.45875503,true,1000
blockdiag_high_index n=45 k=5,blockdiag_high_index_singular,45,5,julia,30,31,0.0059321591,500,15000,0.965925,10800,1859149576,500580352,false,0.45875503,true,1000
blockdiag_high_index n=45 k=5,blockdiag_high_index_singular,45,5,julia,30,32,0.0059321583,500,15000,0.965925,10800,1859149576,500580352,false,0.45875503,true,1000
blockdiag_high_index n=45 k=5,blockdiag_high_index_singular,45,5,julia,30,33,0.005932158,500,15000,0.965925,10800,1859149576,500580352,false,0.45875503,true,1000
blockdiag_high_index n=45 k=5,blockdiag_high_index_singular,45,5,julia,30,34,0.0059321579,500,15000,0.965925,10800,1859149576,500580352,false,0.45875503,true,1000
blockdiag_high_index n=45 k=5,blockdiag_high_index_singular,45,5,julia,30,35,0.0059321579,500,15000,0.965925,10800,1859149576,500580352,false,0.45875503,true,1000
blockdiag_high_index n=45 k=5,blockdiag_high_index_singular,45,5,julia,30,36,0.0059321579,500,15000,0.965925,10800,1859149576,500580352,false,0.45875503,true,1000
blockdiag_high_index n=45 k=5,blockdiag_high_index_singular,45,5,julia,30,37,0.0059321579,500,15000,0.965925,10800,1859149576,500580352,false,0.45875503,true,1000
blockdiag_high_index n=45 k=5,blockdiag_high_index_singular,45,5,julia,30,38,0.0059321579,500,15000,0.965925,10800,1859149576,500580352,false,0.45875503,true,1000
blockdiag_high_index n=45 k=5,blockdiag_high_index_singular,45,5,julia,30,39,0.0059321579,500,15000,0.965925,10800,1859149576,500580352,false,0.45875503,true,1000
blockdiag_high_index n=45 k=5,blockdiag_high_index_singular,45,5,julia,30,40,0.0059321579,500,15000,0.965925,10800,1859149576,500580352,false,0.45875503,true,1000
blockdiag_high_index n=45 k=5,blockdiag_high_index_singular,45,5,julia,30,41,0.0059321579,500,15000,0.965925,10800,1859149576,500580352,false,0.45875503,true,1000
blockdiag_high_index n=45 k=5,blockdiag_high_index_singular,45,5,julia,30,42,0.0059321579,500,15000,0.965925,10800,1859149576,500580352,false,0.45875503,true,1000
blockdiag_high_index n=45 k=5,blockdiag_high_index_singular,45,5,julia,30,43,0.0059321579,500,15000,0.965925,10800,1859149576,500580352,false,0.45875503,true,1000
blockdiag_high_index n=45 k=5,blockdiag_high_index_singular,45,5,julia,30,44,0.0059321579,500,15000,0.965925,10800,1859149576,500580352,false,0.45875503,true,1000
blockdiag_high_index n=45 k=5,blockdiag_high_index_singular,45,5,julia,30,45,0.0059321579,500,15000,0.965925,10800,1859149576,500580352,false,0.45875503,true,1000
blockdiag_high_index n=45 k=5,blockdiag_high_index_singular,45,5,julia,30,46,0.0059321579,500,15000,0.965925,10800,1859149576,500580352,false,0.45875503,true,1000
blockdiag_high_index n=45 k=5,blockdiag_high_index_singular,45,5,julia,30,47,0.0059321579,500,15000,0.965925,10800,1859149576,500580352,false,0.45875503,true,1000
blockdiag_high_index n=45 k=5,blockdiag_high_index_singular,45,5,julia,30,48,0.0059321579,500,15000,0.965925,10800,1859149576,500580352,false,0.45875503,true,1000
blockdiag_high_index n=45 k=5,blockdiag_high_index_singular,45,5,julia,30,49,0.0059321579,500,15000,0.965925,10800,1859149576,500580352,false,0.45875503,true,1000
blockdiag_high_index n=45 k=5,blockdiag_high_index_singular,45,5,julia,30,50,0.0059321579,500,15000,0.965925,10800,1859149576,500580352,false,0.45875503,true,1000
blockdiag_high_index n=45 k=5,blockdiag_high_index_singular,45,5,julia,30,51,0.0059321579,500,15000,0.965925,10800,1859149576,500580352,false,0.45875503,true,1000
blockdiag_high_index n=45 k=5,blockdiag_high_index_singular,45,5,julia,30,52,0.0059321579,500,15000,0.965925,10800,1859149576,500580352,false,0.45875503,true,1000
blockdiag_high_index n=45 k=5,blockdiag_high_index_singular,45,5,julia,30,53,0.0059321579,500,15000,0.965925,10800,1859149576,500580352,false,0.45875503,true,1000
blockdiag_high_index n=45 k=5,blockdiag_high_index_singular,45,5,julia,30,54,0.0059321579,500,15000,0.965925,10800,1859149576,500580352,false,0.45875503,true,1000
blockdiag_high_index n=45 k=5,blockdiag_high_index_singular,45,5,julia,30,55,0.0059321579,500,15000,0.965925,10800,1859149576,500580352,false,0.45875503,true,1000
blockdiag_high_index n=45 k=5,blockdiag_high_index_singular,45,5,julia,30,56,0.0059321579,500,15000,0.965925,10800,1859149576,500580352,false,0.45875503,true,1000
blockdiag_high_index n=45 k=5,blockdiag_high_index_singular,45,5,julia,30,57,0.0059321579,500,15000,0.965925,10800,1859149576,500580352,false,0.45875503,true,1000
blockdiag_high_index n=45 k=5,blockdiag_high_index_singular,45,5,julia,30,58,0.0059321579,500,15000,0.965925,10800,1859149576,500580352,false,0.45875503,true,1000
blockdiag_high_index n=45 k=5,blockdiag_high_index_singular,45,5,julia,30,59,0.0059321579,500,15000,0.965925,10800,1859149576,500580352,false,0.45875503,true,1000
blockdiag_high_index n=45 k=5,blockdiag_high_index_singular,45,5,julia,30,60,0.0059321579,500,15000,0.965925,10800,1859149576,500580352,false,0.45875503,true,1000
blockdiag_high_index n=45 k=5,blockdiag_high_index_singular,45,5,julia,30,61,0.0059321579,500,15000,0.965925,10800,1859149576,500580352,false,0.45875503,true,1000
blockdiag_high_index n=45 k=5,blockdiag_high_index_singular,45,5,julia,30,62,0.0059321579,500,15000,0.965925,10800,1859149576,500580352,false,0.45875503,true,1000
blockdiag_high_index n=45 k=5,blockdiag_high_index_singular,45,5,julia,30,63,0.0059321579,500,15000,0.965925,10800,1859149576,500580352,false,0.45875503,true,1000
blockdiag_high_index n=45 k=5,blockdiag_high_index_singular,45,5,julia,30,64,0.0059321579,500,15000,0.965925,10800,1859149576,500580352,false,0.45875503,true,1000
blockdiag_high_index n=45 k=5,blockdiag_high_index_singular,45,5,julia,30,65,0.0059321579,500,15000,0.965925,10800,1859149576,500580352,false,0.45875503,true,1000
blockdiag_high_index n=45 k=5,blockdiag_high_index_singular,45,5,julia,30,66,0.0059321579,500,15000,0.965925,10800,1859149576,500580352,false,0.45875503,true,1000
blockdiag_high_index n=45 k=5,blockdiag_high_index_singular,45,5,julia,30,67,0.0059321579,500,15000,0.965925,10800,1859149576,500580352,false,0.45875503,true,1000
blockdiag_high_index n=45 k=5,blockdiag_high_index_singular,45,5,julia,30,68,0.0059321579,500,15000,0.965925,10800,1859149576,500580352,false,0.45875503,true,1000
blockdiag_high_index n=45 k=5,blockdiag_high_index_singular,45,5,julia,30,69,0.0059321579,500,15000,0.965925,10800,1859149576,500580352,false,0.45875503,true,1000
blockdiag_high_index n=45 k=5,blockdiag_high_index_singular,45,5,julia,30,70,0.0059321579,500,15000,0.965925,10800,1859149576,500580352,false,0.45875503,true,1000
blockdiag_high_index n=45 k=5,blockdiag_high_index_singular,45,5,julia,30,71,0.0059321579,500,15000,0.965925,10800,1859149576,500580352,false,0.45875503,true,1000
blockdiag_high_index n=45 k=5,blockdiag_high_index_singular,45,5,julia,30,72,0.0059321579,500,15000,0.965925,10800,1859149576,500580352,false,0.45875503,true,1000
blockdiag_high_index n=45 k=5,blockdiag_high_index_singular,45,5,julia,30,73,0.0059321579,500,15000,0.965925,10800,1859149576,500580352,false,0.45875503,true,1000
blockdiag_high_index n=45 k=5,blockdiag_high_index_singular,45,5,julia,30,74,0.0059321579,500,15000,0.965925,10800,1859149576,500580352,false,0.45875503,true,1000
blockdiag_high_index n=45 k=5,blockdiag_high_index_singular,45,5,julia,30,75,0.0059321579,500,15000,0.965925,10800,1859149576,500580352,false,0.45875503,true,1000
blockdiag_high_index n=45 k=5,blockdiag_high_index_singular,45,5,julia,30,76,0.0059321579,500,15000,0.965925,10800,1859149576,500580352,false,0.45875503,true,1000
blockdiag_high_index n=45 k=5,blockdiag_high_index_singular,45,5,julia,30,77,0.0059321579,500,15000,0.965925,10800,1859149576,500580352,false,0.45875503,true,1000
blockdiag_high_index n=45 k=5,blockdiag_high_index_singular,45,5,julia,30,78,0.0059321579,500,15000,0.965925,10800,1859149576,500580352,false,0.45875503,true,1000
blockdiag_high_index n=45 k=5,blockdiag_high_index_singular,45,5,julia,30,79,0.0059321579,500,15000,0.965925,10800,1859149576,500580352,false,0.45875503,true,1000
blockdiag_high_index n=45 k=5,blockdiag_high_index_singular,45,5,julia,30,80,0.0059321579,500,15000,0.965925,10800,1859149576,500580352,false,0.45875503,true,1000
blockdiag_high_index n=45 k=5,blockdiag_high_index_singular,45,5,julia,30,81,0.0059321579,500,15000,0.965925,10800,1859149576,500580352,false,0.45875503,true,1000
blockdiag_high_index n=45 k=5,blockdiag_high_index_singular,45,5,julia,30,82,0.0059321579,500,15000,0.965925,10800,1859149576,500580352,false,0.45875503,true,1000
blockdiag_high_index n=45 k=5,blockdiag_high_index_singular,45,5,julia,30,83,0.0059321579,500,15000,0.965925,10800,1859149576,500580352,false,0.45875503,true,1000
blockdiag_high_index n=45 k=5,blockdiag_high_index_singular,45,5,julia,30,84,0.0059321579,500,15000,0.965925,10800,1859149576,500580352,false,0.45875503,true,1000
blockdiag_high_index n=45 k=5,blockdiag_high_index_singular,45,5,julia,30,85,0.0059321579,500,15000,0.965925,10800,1859149576,500580352,false,0.45875503,true,1000
blockdiag_high_index n=45 k=5,blockdiag_high_index_singular,45,5,julia,30,86,0.0059321579,500,15000,0.965925,10800,1859149576,500580352,false,0.45875503,true,1000
blockdiag_high_index n=45 k=5,blockdiag_high_index_singular,45,5,julia,30,87,0.0059321579,500,15000,0.965925,10800,1859149576,500580352,false,0.45875503,true,1000
blockdiag_high_index n=45 k=5,blockdiag_high_index_singular,45,5,julia,30,88,0.0059321579,500,15000,0.965925,10800,1859149576,500580352,false,0.45875503,true,1000
blockdiag_high_index n=45 k=5,blockdiag_high_index_singular,45,5,julia,30,89,0.0059321579,500,15000,0.965925,10800,1859149576,500580352,false,0.45875503,true,1000
blockdiag_high_index n=45 k=5,blockdiag_high_index_singular,45,5,julia,30,90,0.0059321579,500,15000,0.965925,10800,1859149576,500580352,false,0.45875503,true,1000
blockdiag_high_index n=45 k=5,blockdiag_high_index_singular,45,5,julia,30,91,0.0059321579,500,15000,0.965925,10800,1859149576,500580352,false,0.45875503,true,1000
blockdiag_high_index n=45 k=5,blockdiag_high_index_singular,45,5,julia,30,92,0.0059321579,500,15000,0.965925,10800,1859149576,500580352,false,0.45875503,true,1000
blockdiag_high_index n=45 k=5,blockdiag_high_index_singular,45,5,julia,30,93,0.0059321579,500,15000,0.965925,10800,1859149576,500580352,false,0.45875503,true,1000
blockdiag_high_index n=45 k=5,blockdiag_high_index_singular,45,5,julia,30,94,0.0059321579,500,15000,0.965925,10800,1859149576,500580352,false,0.45875503,true,1000
blockdiag_high_index n=45 k=5,blockdiag_high_index_singular,45,5,julia,30,95,0.0059321579,500,15000,0.965925,10800,1859149576,500580352,false,0.45875503,true,1000
blockdiag_high_index n=45 k=5,blockdiag_high_index_singular,45,5,julia,30,96,0.0059321579,500,15000,0.965925,10800,1859149576,500580352,false,0.45875503,true,1000
blockdiag_high_index n=45 k=5,blockdiag_high_index_singular,45,5,julia,30,97,0.0059321579,500,15000,0.965925,10800,1859149576,500580352,false,0.45875503,true,1000
blockdiag_high_index n=45 k=5,blockdiag_high_index_singular,45,5,julia,30,98,0.0059321579,500,15000,0.965925,10800,1859149576,500580352,false,0.45875503,true,1000
blockdiag_high_index n=45 k=5,blockdiag_high_index_singular,45,5,julia,30,99,0.0059321579,500,15000,0.965925,10800,1859149576,500580352,false,0.45875503,true,1000
blockdiag_high_index n=45 k=5,blockdiag_high_index_singular,45,5,julia,30,100,0.0059321579,500,15000,0.965925,10800,1859149576,500580352,false,0.45875503,true,1000
blockdiag_high_index n=45 k=5,blockdiag_high_index_singular,45,5,julia,30,101,0.0059321579,500,15000,0.965925,10800,1859149576,500580352,false,0.45875503,true,1000
blockdiag_high_index n=45 k=5,blockdiag_high_index_singular,45,5,julia,30,102,0.0059321579,500,15000,0.965925,10800,1859149576,500580352,false,0.45875503,true,1000
blockdiag_high_index n=45 k=5,blockdiag_high_index_singular,45,5,julia,30,103,0.0059321579,500,15000,0.965925,10800,1859149576,500580352,false,0.45875503,true,1000
blockdiag_high_index n=45 k=5,blockdiag_high_index_singular,45,5,julia,30,104,0.0059321579,500,15000,0.965925,10800,1859149576,500580352,false,0.45875503,true,1000
blockdiag_high_index n=45 k=5,blockdiag_high_index_singular,45,5,julia,30,105,0.0059321579,500,15000,0.965925,10800,1859149576,500580352,false,0.45875503,true,1000
blockdiag_high_index n=45 k=5,blockdiag_high_index_singular,45,5,julia,30,106,0.0059321579,500,15000,0.965925,10800,1859149576,500580352,false,0.45875503,true,1000
blockdiag_high_index n=45 k=5,blockdiag_high_index_singular,45,5,julia,30,107,0.0059321579,500,15000,0.965925,10800,1859149576,500580352,false,0.45875503,true,1000
blockdiag_high_index n=45 k=5,blockdiag_high_index_singular,45,5,julia,30,108,0.0059321579,500,15000,0.965925,10800,1859149576,500580352,false,0.45875503,true,1000
blockdiag_high_index n=45 k=5,blockdiag_high_index_singular,45,5,julia,30,109,0.0059321579,500,15000,0.965925,10800,1859149576,500580352,false,0.45875503,true,1000
blockdiag_high_index n=45 k=5,blockdiag_high_index_singular,45,5,julia,30,110,0.0059321579,500,15000,0.965925,10800,1859149576,500580352,false,0.45875503,true,1000
blockdiag_high_index n=45 k=5,blockdiag_high_index_singular,45,5,julia,30,111,0.0059321579,500,15000,0.965925,10800,1859149576,500580352,false,0.45875503,true,1000
blockdiag_high_index n=45 k=5,blockdiag_high_index_singular,45,5,julia,30,112,0.0059321579,500,15000,0.965925,10800,1859149576,500580352,false,0.45875503,true,1000
blockdiag_high_index n=45 k=5,blockdiag_high_index_singular,45,5,julia,30,113,0.0059321579,500,15000,0.965925,10800,1859149576,500580352,false,0.45875503,true,1000
blockdiag_high_index n=45 k=5,blockdiag_high_index_singular,45,5,julia,30,114,0.0059321579,500,15000,0.965925,10800,1859149576,500580352,false,0.45875503,true,1000
blockdiag_high_index n=45 k=5,blockdiag_high_index_singular,45,5,julia,30,115,0.0059321579,500,15000,0.965925,10800,1859149576,500580352,false,0.45875503,true,1000
blockdiag_high_index n=45 k=5,blockdiag_high_index_singular,45,5,julia,30,116,0.0059321579,500,15000,0.965925,10800,1859149576,500580352,false,0.45875503,true,1000
blockdiag_high_index n=45 k=5,blockdiag_high_index_singular,45,5,julia,30,117,0.0059321579,500,15000,0.965925,10800,1859149576,500580352,false,0.45875503,true,1000
blockdiag_high_index n=45 k=5,blockdiag_high_index_singular,45,5,julia,30,118,0.0059321579,500,15000,0.965925,10800,1859149576,500580352,false,0.45875503,true,1000
blockdiag_high_index n=45 k=5,blockdiag_high_index_singular,45,5,julia,30,119,0.0059321579,500,15000,0.965925,10800,1859149576,500580352,false,0.45875503,true,1000
blockdiag_high_index n=45 k=5,blockdiag_high_index_singular,45,5,julia,30,120,0.0059321579,500,15000,0.965925,10800,1859149576,500580352,false,0.45875503,true,1000
blockdiag_high_index n=45 k=5,blockdiag_high_index_singular,45,5,julia,30,121,0.0059321579,500,15000,0.965925,10800,1859149576,500580352,false,0.45875503,true,1000
blockdiag_high_index n=45 k=5,blockdiag_high_index_singular,45,5,julia,30,122,0.0059321579,500,15000,0.965925,10800,1859149576,500580352,false,0.45875503,true,1000
blockdiag_high_index n=45 k=5,blockdiag_high_index_singular,45,5,julia,30,123,0.0059321579,500,15000,0.965925,10800,1859149576,500580352,false,0.45875503,true,1000
blockdiag_high_index n=45 k=5,blockdiag_high_index_singular,45,5,julia,30,124,0.0059321579,500,15000,0.965925,10800,1859149576,500580352,false,0.45875503,true,1000
blockdiag_high_index n=45 k=5,blockdiag_high_index_singular,45,5,julia,30,125,0.0059321579,500,15000,0.965925,10800,1859149576,500580352,false,0.45875503,true,1000
blockdiag_high_index n=45 k=5,blockdiag_high_index_singular,45,5,julia,30,126,0.0059321579,500,15000,0.965925,10800,1859149576,500580352,false,0.45875503,true,1000
blockdiag_high_index n=45 k=5,blockdiag_high_index_singular,45,5,julia,30,127,0.0059321579,500,15000,0.965925,10800,1859149576,500580352,false,0.45875503,true,1000
blockdiag_high_index n=45 k=5,blockdiag_high_index_singular,45,5,julia,30,128,0.0059321579,500,15000,0.965925,10800,1859149576,500580352,false,0.45875503,true,1000
blockdiag_high_index n=45 k=5,blockdiag_high_index_singular,45,5,julia,30,129,0.0059321579,500,15000,0.965925,10800,1859149576,500580352,false,0.45875503,true,1000
blockdiag_high_index n=45 k=5,blockdiag_high_index_singular,45,5,julia,30,130,0.0059321579,500,15000,0.965925,10800,1859149576,500580352,false,0.45875503,true,1000
blockdiag_high_index n=45 k=5,blockdiag_high_index_singular,45,5,julia,30,131,0.0059321579,500,15000,0.965925,10800,1859149576,500580352,false,0.45875503,true,1000
blockdiag_high_index n=45 k=5,blockdiag_high_index_singular,45,5,julia,30,132,0.0059321579,500,15000,0.965925,10800,1859149576,500580352,false,0.45875503,true,1000
blockdiag_high_index n=45 k=5,blockdiag_high_index_singular,45,5,julia,30,133,0.0059321579,500,15000,0.965925,10800,1859149576,500580352,false,0.45875503,true,1000
blockdiag_high_index n=45 k=5,blockdiag_high_index_singular,45,5,julia,30,134,0.0059321579,500,15000,0.965925,10800,1859149576,500580352,false,0.45875503,true,1000
blockdiag_high_index n=45 k=5,blockdiag_high_index_singular,45,5,julia,30,135,0.0059321579,500,15000,0.965925,10800,1859149576,500580352,false,0.45875503,true,1000
blockdiag_high_index n=45 k=5,blockdiag_high_index_singular,45,5,julia,30,136,0.0059321579,500,15000,0.965925,10800,1859149576,500580352,false,0.45875503,true,1000
blockdiag_high_index n=45 k=5,blockdiag_high_index_singular,45,5,julia,30,137,0.0059321579,500,15000,0.965925,10800,1859149576,500580352,false,0.45875503,true,1000
blockdiag_high_index n=45 k=5,blockdiag_high_index_singular,45,5,julia,30,138,0.0059321579,500,15000,0.965925,10800,1859149576,500580352,false,0.45875503,true,1000
blockdiag_high_index n=45 k=5,blockdiag_high_index_singular,45,5,julia,30,139,0.0059321579,500,15000,0.965925,10800,1859149576,500580352,false,0.45875503,true,1000
blockdiag_high_index n=45 k=5,blockdiag_high_index_singular,45,5,julia,30,140,0.0059321579,500,15000,0.965925,10800,1859149576,500580352,false,0.45875503,true,1000
blockdiag_high_index n=45 k=5,blockdiag_high_index_singular,45,5,julia,30,141,0.0059321579,500,15000,0.965925,10800,1859149576,500580352,false,0.45875503,true,1000
blockdiag_high_index n=45 k=5,blockdiag_high_index_singular,45,5,julia,30,142,0.0059321579,500,15000,0.965925,10800,1859149576,500580352,false,0.45875503,true,1000
blockdiag_high_index n=45 k=5,blockdiag_high_index_singular,45,5,julia,30,143,0.0059321579,500,15000,0.965925,10800,1859149576,500580352,false,0.45875503,true,1000
blockdiag_high_index n=45 k=5,blockdiag_high_index_singular,45,5,julia,30,144,0.0059321579,500,15000,0.965925,10800,1859149576,500580352,false,0.45875503,true,1000
blockdiag_high_index n=45 k=5,blockdiag_high_index_singular,45,5,julia,30,145,0.0059321579,500,15000,0.965925,10800,1859149576,500580352,false,0.45875503,true,1000
blockdiag_high_index n=45 k=5,blockdiag_high_index_singular,45,5,julia,30,146,0.0059321579,500,15000,0.965925,10800,1859149576,500580352,false,0.45875503,true,1000
blockdiag_high_index n=45 k=5,blockdiag_high_index_singular,45,5,julia,30,147,0.0059321579,500,15000,0.965925,10800,1859149576,500580352,false,0.45875503,true,1000
blockdiag_high_index n=45 k=5,blockdiag_high_index_singular,45,5,julia,30,148,0.0059321579,500,15000,0.965925,10800,1859149576,500580352,false,0.45875503,true,1000
blockdiag_high_index n=45 k=5,blockdiag_high_index_singular,45,5,julia,30,149,0.0059321579,500,15000,0.965925,10800,1859149576,500580352,false,0.45875503,true,1000
blockdiag_high_index n=45 k=5,blockdiag_high_index_singular,45,5,julia,30,150,0.0059321579,500,15000,0.965925,10800,1859149576,500580352,false,0.45875503,true,1000
blockdiag_high_index n=45 k=5,blockdiag_high_index_singular,45,5,julia,30,151,0.0059321579,500,15000,0.965925,10800,1859149576,500580352,false,0.45875503,true,1000
blockdiag_high_index n=45 k=5,blockdiag_high_index_singular,45,5,julia,30,152,0.0059321579,500,15000,0.965925,10800,1859149576,500580352,false,0.45875503,true,1000
blockdiag_high_index n=45 k=5,blockdiag_high_index_singular,45,5,julia,30,153,0.0059321579,500,15000,0.965925,10800,1859149576,500580352,false,0.45875503,true,1000
blockdiag_high_index n=45 k=5,blockdiag_high_index_singular,45,5,julia,30,154,0.0059321579,500,15000,0.965925,10800,1859149576,500580352,false,0.45875503,true,1000
blockdiag_high_index n=45 k=5,blockdiag_high_index_singular,45,5,julia,30,155,0.0059321579,500,15000,0.965925,10800,1859149576,500580352,false,0.45875503,true,1000
blockdiag_high_index n=45 k=5,blockdiag_high_index_singular,45,5,julia,30,156,0.0059321579,500,15000,0.965925,10800,1859149576,500580352,false,0.45875503,true,1000
blockdiag_high_index n=45 k=5,blockdiag_high_index_singular,45,5,julia,30,157,0.0059321579,500,15000,0.965925,10800,1859149576,500580352,false,0.45875503,true,1000
blockdiag_high_index n=45 k=5,blockdiag_high_index_singular,45,5,julia,30,158,0.0059321579,500,15000,0.965925,10800,1859149576,500580352,false,0.45875503,true,1000
blockdiag_high_index n=45 k=5,blockdiag_high_index_singular,45,5,julia,30,159,0.0059321579,500,15000,0.965925,10800,1859149576,500580352,false,0.45875503,true,1000
blockdiag_high_index n=45 k=5,blockdiag_high_index_singular,45,5,julia,30,160,0.0059321579,500,15000,0.965925,10800,1859149576,500580352,false,0.45875503,true,1000
blockdiag_high_index n=45 k=5,blockdiag_high_index_singular,45,5,julia,30,161,0.0059321579,500,15000,0.965925,10800,1859149576,500580352,false,0.45875503,true,1000
blockdiag_high_index n=45 k=5,blockdiag_high_index_singular,45,5,julia,30,162,0.0059321579,500,15000,0.965925,10800,1859149576,500580352,false,0.45875503,true,1000
blockdiag_high_index n=45 k=5,blockdiag_high_index_singular,45,5,julia,30,163,0.0059321579,500,15000,0.965925,10800,1859149576,500580352,false,0.45875503,true,1000
blockdiag_high_index n=45 k=5,blockdiag_high_index_singular,45,5,julia,30,164,0.0059321579,500,15000,0.965925,10800,1859149576,500580352,false,0.45875503,true,1000
blockdiag_high_index n=45 k=5,blockdiag_high_index_singular,45,5,julia,30,165,0.0059321579,500,15000,0.965925,10800,1859149576,500580352,false,0.45875503,true,1000
blockdiag_high_index n=45 k=5,blockdiag_high_index_singular,45,5,julia,30,166,0.0059321579,500,15000,0.965925,10800,1859149576,500580352,false,0.45875503,true,1000
blockdiag_high_index n=45 k=5,blockdiag_high_index_singular,45,5,julia,30,167,0.0059321579,500,15000,0.965925,10800,1859149576,500580352,false,0.45875503,true,1000
blockdiag_high_index n=45 k=5,blockdiag_high_index_singular,45,5,julia,30,168,0.0059321579,500,15000,0.965925,10800,1859149576,500580352,false,0.45875503,true,1000
blockdiag_high_index n=45 k=5,blockdiag_high_index_singular,45,5,julia,30,169,0.0059321579,500,15000,0.965925,10800,1859149576,500580352,false,0.45875503,true,1000
blockdiag_high_index n=45 k=5,blockdiag_high_index_singular,45,5,julia,30,170,0.0059321579,500,15000,0.965925,10800,1859149576,500580352,false,0.45875503,true,1000
blockdiag_high_index n=45 k=5,blockdiag_high_index_singular,45,5,julia,30,171,0.0059321579,500,15000,0.965925,10800,1859149576,500580352,false,0.45875503,true,1000
blockdiag_high_index n=45 k=5,blockdiag_high_index_singular,45,5,julia,30,172,0.0059321579,500,15000,0.965925,10800,1859149576,500580352,false,0.45875503,true,1000
blockdiag_high_index n=45 k=5,blockdiag_high_index_singular,45,5,julia,30,173,0.0059321579,500,15000,0.965925,10800,1859149576,500580352,false,0.45875503,true,1000
blockdiag_high_index n=45 k=5,blockdiag_high_index_singular,45,5,julia,30,174,0.0059321579,500,15000,0.965925,10800,1859149576,500580352,false,0.45875503,true,1000
blockdiag_high_index n=45 k=5,blockdiag_high_index_singular,45,5,julia,30,175,0.0059321579,500,15000,0.965925,10800,1859149576,500580352,false,0.45875503,true,1000
blockdiag_high_index n=45 k=5,blockdiag_high_index_singular,45,5,julia,30,176,0.0059321579,500,15000,0.965925,10800,1859149576,500580352,false,0.45875503,true,1000
blockdiag_high_index n=45 k=5,blockdiag_high_index_singular,45,5,julia,30,177,0.0059321579,500,15000,0.965925,10800,1859149576,500580352,false,0.45875503,true,1000
blockdiag_high_index n=45 k=5,blockdiag_high_index_singular,45,5,julia,30,178,0.0059321579,500,15000,0.965925,10800,1859149576,500580352,false,0.45875503,true,1000
blockdiag_high_index n=45 k=5,blockdiag_high_index_singular,45,5,julia,30,179,0.0059321579,500,15000,0.965925,10800,1859149576,500580352,false,0.45875503,true,1000
blockdiag_high_index n=45 k=5,blockdiag_high_index_singular,45,5,julia,30,180,0.0059321579,500,15000,0.965925,10800,1859149576,500580352,false,0.45875503,true,1000
blockdiag_high_index n=45 k=5,blockdiag_high_index_singular,45,5,julia,30,181,0.0059321579,500,15000,0.965925,10800,1859149576,500580352,false,0.45875503,true,1000
blockdiag_high_index n=45 k=5,blockdiag_high_index_singular,45,5,julia,30,182,0.0059321579,500,15000,0.965925,10800,1859149576,500580352,false,0.45875503,true,1000
blockdiag_high_index n=45 k=5,blockdiag_high_index_singular,45,5,julia,30,183,0.0059321579,500,15000,0.965925,10800,1859149576,500580352,false,0.45875503,true,1000
blockdiag_high_index n=45 k=5,blockdiag_high_index_singular,45,5,julia,30,184,0.0059321579,500,15000,0.965925,10800,1859149576,500580352,false,0.45875503,true,1000
blockdiag_high_index n=45 k=5,blockdiag_high_index_singular,45,5,julia,30,185,0.0059321579,500,15000,0.965925,10800,1859149576,500580352,false,0.45875503,true,1000
blockdiag_high_index n=45 k=5,blockdiag_high_index_singular,45,5,julia,30,186,0.0059321579,500,15000,0.965925,10800,1859149576,500580352,false,0.45875503,true,1000
blockdiag_high_index n=45 k=5,blockdiag_high_index_singular,45,5,julia,30,187,0.0059321579,500,15000,0.965925,10800,1859149576,500580352,false,0.45875503,true,1000
blockdiag_high_index n=45 k=5,blockdiag_high_index_singular,45,5,julia,30,188,0.0059321579,500,15000,0.965925,10800,1859149576,500580352,false,0.45875503,true,1000
blockdiag_high_index n=45 k=5,blockdiag_high_index_singular,45,5,julia,30,189,0.0059321579,500,15000,0.965925,10800,1859149576,500580352,false,0.45875503,true,1000
blockdiag_high_index n=45 k=5,blockdiag_high_index_singular,45,5,julia,30,190,0.0059321579,500,15000,0.965925,10800,1859149576,500580352,false,0.45875503,true,1000
blockdiag_high_index n=45 k=5,blockdiag_high_index_singular,45,5,julia,30,191,0.0059321579,500,15000,0.965925,10800,1859149576,500580352,false,0.45875503,true,1000
blockdiag_high_index n=45 k=5,blockdiag_high_index_singular,45,5,julia,30,192,0.0059321579,500,15000,0.965925,10800,1859149576,500580352,false,0.45875503,true,1000
blockdiag_high_index n=45 k=5,blockdiag_high_index_singular,45,5,julia,30,193,0.0059321579,500,15000,0.965925,10800,1859149576,500580352,false,0.45875503,true,1000
blockdiag_high_index n=45 k=5,blockdiag_high_index_singular,45,5,julia,30,194,0.0059321579,500,15000,0.965925,10800,1859149576,500580352,false,0.45875503,true,1000
blockdiag_high_index n=45 k=5,blockdiag_high_index_singular,45,5,julia,30,195,0.0059321579,500,15000,0.965925,10800,1859149576,500580352,false,0.45875503,true,1000
blockdiag_high_index n=45 k=5,blockdiag_high_index_singular,45,5,julia,30,196,0.0059321579,500,15000,0.965925,10800,1859149576,500580352,false,0.45875503,true,1000
blockdiag_high_index n=45 k=5,blockdiag_high_index_singular,45,5,julia,30,197,0.0059321579,500,15000,0.965925,10800,1859149576,500580352,false,0.45875503,true,1000
blockdiag_high_index n=45 k=5,blockdiag_high_index_singular,45,5,julia,30,198,0.0059321579,500,15000,0.965925,10800,1859149576,500580352,false,0.45875503,true,1000
blockdiag_high_index n=45 k=5,blockdiag_high_index_singular,45,5,julia,30,199,0.0059321579,500,15000,0.965925,10800,1859149576,500580352,false,0.45875503,true,1000
blockdiag_high_index n=45 k=5,blockdiag_high_index_singular,45,5,julia,30,200,0.0059321579,500,15000,0.965925,10800,1859149576,500580352,false,0.45875503,true,1000
blockdiag_high_index n=45 k=5,blockdiag_high_index_singular,45,5,julia,30,201,0.0059321579,500,15000,0.965925,10800,1859149576,500580352,false,0.45875503,true,1000
blockdiag_high_index n=45 k=5,blockdiag_high_index_singular,45,5,julia,30,202,0.0059321579,500,15000,0.965925,10800,1859149576,500580352,false,0.45875503,true,1000
blockdiag_high_index n=45 k=5,blockdiag_high_index_singular,45,5,julia,30,203,0.0059321579,500,15000,0.965925,10800,1859149576,500580352,false,0.45875503,true,1000
blockdiag_high_index n=45 k=5,blockdiag_high_index_singular,45,5,julia,30,204,0.0059321579,500,15000,0.965925,10800,1859149576,500580352,false,0.45875503,true,1000
blockdiag_high_index n=45 k=5,blockdiag_high_index_singular,45,5,julia,30,205,0.0059321579,500,15000,0.965925,10800,1859149576,500580352,false,0.45875503,true,1000
blockdiag_high_index n=45 k=5,blockdiag_high_index_singular,45,5,julia,30,206,0.0059321579,500,15000,0.965925,10800,1859149576,500580352,false,0.45875503,true,1000
blockdiag_high_index n=45 k=5,blockdiag_high_index_singular,45,5,julia,30,207,0.0059321579,500,15000,0.965925,10800,1859149576,500580352,false,0.45875503,true,1000
blockdiag_high_index n=45 k=5,blockdiag_high_index_singular,45,5,julia,30,208,0.0059321579,500,15000,0.965925,10800,1859149576,500580352,false,0.45875503,true,1000
blockdiag_high_index n=45 k=5,blockdiag_high_index_singular,45,5,julia,30,209,0.0059321579,500,15000,0.965925,10800,1859149576,500580352,false,0.45875503,true,1000
blockdiag_high_index n=45 k=5,blockdiag_high_index_singular,45,5,julia,30,210,0.0059321579,500,15000,0.965925,10800,1859149576,500580352,false,0.45875503,true,1000
blockdiag_high_index n=45 k=5,blockdiag_high_index_singular,45,5,julia,30,211,0.0059321579,500,15000,0.965925,10800,1859149576,500580352,false,0.45875503,true,1000
blockdiag_high_index n=45 k=5,blockdiag_high_index_singular,45,5,julia,30,212,0.0059321579,500,15000,0.965925,10800,1859149576,500580352,false,0.45875503,true,1000
blockdiag_high_index n=45 k=5,blockdiag_high_index_singular,45,5,julia,30,213,0.0059321579,500,15000,0.965925,10800,1859149576,500580352,false,0.45875503,true,1000
blockdiag_high_index n=45 k=5,blockdiag_high_index_singular,45,5,julia,30,214,0.0059321579,500,15000,0.965925,10800,1859149576,500580352,false,0.45875503,true,1000
blockdiag_high_index n=45 k=5,blockdiag_high_index_singular,45,5,julia,30,215,0.0059321579,500,15000,0.965925,10800,1859149576,500580352,false,0.45875503,true,1000
blockdiag_high_index n=45 k=5,blockdiag_high_index_singular,45,5,julia,30,216,0.0059321579,500,15000,0.965925,10800,1859149576,500580352,false,0.45875503,true,1000
blockdiag_high_index n=45 k=5,blockdiag_high_index_singular,45,5,julia,30,217,0.0059321579,500,15000,0.965925,10800,1859149576,500580352,false,0.45875503,true,1000
blockdiag_high_index n=45 k=5,blockdiag_high_index_singular,45,5,julia,30,218,0.0059321579,500,15000,0.965925,10800,1859149576,500580352,false,0.45875503,true,1000
blockdiag_high_index n=45 k=5,blockdiag_high_index_singular,45,5,julia,30,219,0.0059321579,500,15000,0.965925,10800,1859149576,500580352,false,0.45875503,true,1000
blockdiag_high_index n=45 k=5,blockdiag_high_index_singular,45,5,julia,30,220,0.0059321579,500,15000,0.965925,10800,1859149576,500580352,false,0.45875503,true,1000
blockdiag_high_index n=45 k=5,blockdiag_high_index_singular,45,5,julia,30,221,0.0059321579,500,15000,0.965925,10800,1859149576,500580352,false,0.45875503,true,1000
blockdiag_high_index n=45 k=5,blockdiag_high_index_singular,45,5,julia,30,222,0.0059321579,500,15000,0.965925,10800,1859149576,500580352,false,0.45875503,true,1000
blockdiag_high_index n=45 k=5,blockdiag_high_index_singular,45,5,julia,30,223,0.0059321579,500,15000,0.965925,10800,1859149576,500580352,false,0.45875503,true,1000
blockdiag_high_index n=45 k=5,blockdiag_high_index_singular,45,5,julia,30,224,0.0059321579,500,15000,0.965925,10800,1859149576,500580352,false,0.45875503,true,1000
blockdiag_high_index n=45 k=5,blockdiag_high_index_singular,45,5,julia,30,225,0.0059321579,500,15000,0.965925,10800,1859149576,500580352,false,0.45875503,true,1000
blockdiag_high_index n=45 k=5,blockdiag_high_index_singular,45,5,julia,30,226,0.0059321579,500,15000,0.965925,10800,1859149576,500580352,false,0.45875503,true,1000
blockdiag_high_index n=45 k=5,blockdiag_high_index_singular,45,5,julia,30,227,0.0059321579,500,15000,0.965925,10800,1859149576,500580352,false,0.45875503,true,1000
blockdiag_high_index n=45 k=5,blockdiag_high_index_singular,45,5,julia,30,228,0.0059321579,500,15000,0.965925,10800,1859149576,500580352,false,0.45875503,true,1000
blockdiag_high_index n=45 k=5,blockdiag_high_index_singular,45,5,julia,30,229,0.0059321579,500,15000,0.965925,10800,1859149576,500580352,false,0.45875503,true,1000
blockdiag_high_index n=45 k=5,blockdiag_high_index_singular,45,5,julia,30,230,0.0059321579,500,15000,0.965925,10800,1859149576,500580352,false,0.45875503,true,1000
blockdiag_high_index n=45 k=5,blockdiag_high_index_singular,45,5,julia,30,231,0.0059321579,500,15000,0.965925,10800,1859149576,500580352,false,0.45875503,true,1000
blockdiag_high_index n=45 k=5,blockdiag_high_index_singular,45,5,julia,30,232,0.0059321579,500,15000,0.965925,10800,1859149576,500580352,false,0.45875503,true,1000
blockdiag_high_index n=45 k=5,blockdiag_high_index_singular,45,5,julia,30,233,0.0059321579,500,15000,0.965925,10800,1859149576,500580352,false,0.45875503,true,1000
blockdiag_high_index n=45 k=5,blockdiag_high_index_singular,45,5,julia,30,234,0.0059321579,500,15000,0.965925,10800,1859149576,500580352,false,0.45875503,true,1000
blockdiag_high_index n=45 k=5,blockdiag_high_index_singular,45,5,julia,30,235,0.0059321579,500,15000,0.965925,10800,1859149576,500580352,false,0.45875503,true,1000
blockdiag_high_index n=45 k=5,blockdiag_high_index_singular,45,5,julia,30,236,0.0059321579,500,15000,0.965925,10800,1859149576,500580352,false,0.45875503,true,1000
blockdiag_high_index n=45 k=5,blockdiag_high_index_singular,45,5,julia,30,237,0.0059321579,500,15000,0.965925,10800,1859149576,500580352,false,0.45875503,true,1000
blockdiag_high_index n=45 k=5,blockdiag_high_index_singular,45,5,julia,30,238,0.0059321579,500,15000,0.965925,10800,1859149576,500580352,false,0.45875503,true,1000
blockdiag_high_index n=45 k=5,blockdiag_high_index_singular,45,5,julia,30,239,0.0059321579,500,15000,0.965925,10800,1859149576,500580352,false,0.45875503,true,1000
blockdiag_high_index n=45 k=5,blockdiag_high_index_singular,45,5,julia,30,240,0.0059321579,500,15000,0.965925,10800,1859149576,500580352,false,0.45875503,true,1000
blockdiag_high_index n=45 k=5,blockdiag_high_index_singular,45,5,julia,30,241,0.0059321579,500,15000,0.965925,10800,1859149576,500580352,false,0.45875503,true,1000
blockdiag_high_index n=45 k=5,blockdiag_high_index_singular,45,5,julia,30,242,0.0059321579,500,15000,0.965925,10800,1859149576,500580352,false,0.45875503,true,1000
blockdiag_high_index n=45 k=5,blockdiag_high_index_singular,45,5,julia,30,243,0.0059321579,500,15000,0.965925,10800,1859149576,500580352,false,0.45875503,true,1000
blockdiag_high_index n=45 k=5,blockdiag_high_index_singular,45,5,julia,30,244,0.0059321579,500,15000,0.965925,10800,1859149576,500580352,false,0.45875503,true,1000
blockdiag_high_index n=45 k=5,blockdiag_high_index_singular,45,5,julia,30,245,0.0059321579,500,15000,0.965925,10800,1859149576,500580352,false,0.45875503,true,1000
blockdiag_high_index n=45 k=5,blockdiag_high_index_singular,45,5,julia,30,246,0.0059321579,500,15000,0.965925,10800,1859149576,500580352,false,0.45875503,true,1000
blockdiag_high_index n=45 k=5,blockdiag_high_index_singular,45,5,julia,30,247,0.0059321579,500,15000,0.965925,10800,1859149576,500580352,false,0.45875503,true,1000
blockdiag_high_index n=45 k=5,blockdiag_high_index_singular,45,5,julia,30,248,0.0059321579,500,15000,0.965925,10800,1859149576,500580352,false,0.45875503,true,1000
blockdiag_high_index n=45 k=5,blockdiag_high_index_singular,45,5,julia,30,249,0.0059321579,500,15000,0.965925,10800,1859149576,500580352,false,0.45875503,true,1000
blockdiag_high_index n=45 k=5,blockdiag_high_index_singular,45,5,julia,30,250,0.0059321579,500,15000,0.965925,10800,1859149576,500580352,false,0.45875503,true,1000
blockdiag_high_index n=45 k=5,blockdiag_high_index_singular,45,5,julia,30,251,0.0059321579,500,15000,0.965925,10800,1859149576,500580352,false,0.45875503,true,1000
blockdiag_high_index n=45 k=5,blockdiag_high_index_singular,45,5,julia,30,252,0.0059321579,500,15000,0.965925,10800,1859149576,500580352,false,0.45875503,true,1000
blockdiag_high_index n=45 k=5,blockdiag_high_index_singular,45,5,julia,30,253,0.0059321579,500,15000,0.965925,10800,1859149576,500580352,false,0.45875503,true,1000
blockdiag_high_index n=45 k=5,blockdiag_high_index_singular,45,5,julia,30,254,0.0059321579,500,15000,0.965925,10800,1859149576,500580352,false,0.45875503,true,1000
blockdiag_high_index n=45 k=5,blockdiag_high_index_singular,45,5,julia,30,255,0.0059321579,500,15000,0.965925,10800,1859149576,500580352,false,0.45875503,true,1000
blockdiag_high_index n=45 k=5,blockdiag_high_index_singular,45,5,julia,30,256,0.0059321579,500,15000,0.965925,10800,1859149576,500580352,false,0.45875503,true,1000
blockdiag_high_index n=45 k=5,blockdiag_high_index_singular,45,5,julia,30,257,0.0059321579,500,15000,0.965925,10800,1859149576,500580352,false,0.45875503,true,1000
blockdiag_high_index n=45 k=5,blockdiag_high_index_singular,45,5,julia,30,258,0.0059321579,500,15000,0.965925,10800,1859149576,500580352,false,0.45875503,true,1000
blockdiag_high_index n=45 k=5,blockdiag_high_index_singular,45,5,julia,30,259,0.0059321579,500,15000,0.965925,10800,1859149576,500580352,false,0.45875503,true,1000
blockdiag_high_index n=45 k=5,blockdiag_high_index_singular,45,5,julia,30,260,0.0059321579,500,15000,0.965925,10800,1859149576,500580352,false,0.45875503,true,1000
blockdiag_high_index n=45 k=5,blockdiag_high_index_singular,45,5,julia,30,261,0.0059321579,500,15000,0.965925,10800,1859149576,500580352,false,0.45875503,true,1000
blockdiag_high_index n=45 k=5,blockdiag_high_index_singular,45,5,julia,30,262,0.0059321579,500,15000,0.965925,10800,1859149576,500580352,false,0.45875503,true,1000
blockdiag_high_index n=45 k=5,blockdiag_high_index_singular,45,5,julia,30,263,0.0059321579,500,15000,0.965925,10800,1859149576,500580352,false,0.45875503,true,1000
blockdiag_high_index n=45 k=5,blockdiag_high_index_singular,45,5,julia,30,264,0.0059321579,500,15000,0.965925,10800,1859149576,500580352,false,0.45875503,true,1000
blockdiag_high_index n=45 k=5,blockdiag_high_index_singular,45,5,julia,30,265,0.0059321579,500,15000,0.965925,10800,1859149576,500580352,false,0.45875503,true,1000
blockdiag_high_index n=45 k=5,blockdiag_high_index_singular,45,5,julia,30,266,0.0059321579,500,15000,0.965925,10800,1859149576,500580352,false,0.45875503,true,1000
blockdiag_high_index n=45 k=5,blockdiag_high_index_singular,45,5,julia,30,267,0.0059321579,500,15000,0.965925,10800,1859149576,500580352,false,0.45875503,true,1000
blockdiag_high_index n=45 k=5,blockdiag_high_index_singular,45,5,julia,30,268,0.0059321579,500,15000,0.965925,10800,1859149576,500580352,false,0.45875503,true,1000
blockdiag_high_index n=45 k=5,blockdiag_high_index_singular,45,5,julia,30,269,0.0059321579,500,15000,0.965925,10800,1859149576,500580352,false,0.45875503,true,1000
blockdiag_high_index n=45 k=5,blockdiag_high_index_singular,45,5,julia,30,270,0.0059321579,500,15000,0.965925,10800,1859149576,500580352,false,0.45875503,true,1000
blockdiag_high_index n=45 k=5,blockdiag_high_index_singular,45,5,julia,30,271,0.0059321579,500,15000,0.965925,10800,1859149576,500580352,false,0.45875503,true,1000
blockdiag_high_index n=45 k=5,blockdiag_high_index_singular,45,5,julia,30,272,0.0059321579,500,15000,0.965925,10800,1859149576,500580352,false,0.45875503,true,1000
blockdiag_high_index n=45 k=5,blockdiag_high_index_singular,45,5,julia,30,273,0.0059321579,500,15000,0.965925,10800,1859149576,500580352,false,0.45875503,true,1000
blockdiag_high_index n=45 k=5,blockdiag_high_index_singular,45,5,julia,30,274,0.0059321579,500,15000,0.965925,10800,1859149576,500580352,false,0.45875503,true,1000
blockdiag_high_index n=45 k=5,blockdiag_high_index_singular,45,5,julia,30,275,0.0059321579,500,15000,0.965925,10800,1859149576,500580352,false,0.45875503,true,1000
blockdiag_high_index n=45 k=5,blockdiag_high_index_singular,45,5,julia,30,276,0.0059321579,500,15000,0.965925,10800,1859149576,500580352,false,0.45875503,true,1000
blockdiag_high_index n=45 k=5,blockdiag_high_index_singular,45,5,julia,30,277,0.0059321579,500,15000,0.965925,10800,1859149576,500580352,false,0.45875503,true,1000
blockdiag_high_index n=45 k=5,blockdiag_high_index_singular,45,5,julia,30,278,0.0059321579,500,15000,0.965925,10800,1859149576,500580352,false,0.45875503,true,1000
blockdiag_high_index n=45 k=5,blockdiag_high_index_singular,45,5,julia,30,279,0.0059321579,500,15000,0.965925,10800,1859149576,500580352,false,0.45875503,true,1000
blockdiag_high_index n=45 k=5,blockdiag_high_index_singular,45,5,julia,30,280,0.0059321579,500,15000,0.965925,10800,1859149576,500580352,false,0.45875503,true,1000
blockdiag_high_index n=45 k=5,blockdiag_high_index_singular,45,5,julia,30,281,0.0059321579,500,15000,0.965925,10800,1859149576,500580352,false,0.45875503,true,1000
blockdiag_high_index n=45 k=5,blockdiag_high_index_singular,45,5,julia,30,282,0.0059321579,500,15000,0.965925,10800,1859149576,500580352,false,0.45875503,true,1000
blockdiag_high_index n=45 k=5,blockdiag_high_index_singular,45,5,julia,30,283,0.0059321579,500,15000,0.965925,10800,1859149576,500580352,false,0.45875503,true,1000
blockdiag_high_index n=45 k=5,blockdiag_high_index_singular,45,5,julia,30,284,0.0059321579,500,15000,0.965925,10800,1859149576,500580352,false,0.45875503,true,1000
blockdiag_high_index n=45 k=5,blockdiag_high_index_singular,45,5,julia,30,285,0.0059321579,500,15000,0.965925,10800,1859149576,500580352,false,0.45875503,true,1000
blockdiag_high_index n=45 k=5,blockdiag_high_index_singular,45,5,julia,30,286,0.0059321579,500,15000,0.965925,10800,1859149576,500580352,false,0.45875503,true,1000
blockdiag_high_index n=45 k=5,blockdiag_high_index_singular,45,5,julia,30,287,0.0059321579,500,15000,0.965925,10800,1859149576,500580352,false,0.45875503,true,1000
blockdiag_high_index n=45 k=5,blockdiag_high_index_singular,45,5,julia,30,288,0.0059321579,500,15000,0.965925,10800,1859149576,500580352,false,0.45875503,true,1000
blockdiag_high_index n=45 k=5,blockdiag_high_index_singular,45,5,julia,30,289,0.0059321579,500,15000,0.965925,10800,1859149576,500580352,false,0.45875503,true,1000
blockdiag_high_index n=45 k=5,blockdiag_high_index_singular,45,5,julia,30,290,0.0059321579,500,15000,0.965925,10800,1859149576,500580352,false,0.45875503,true,1000
blockdiag_high_index n=45 k=5,blockdiag_high_index_singular,45,5,julia,30,291,0.0059321579,500,15000,0.965925,10800,1859149576,500580352,false,0.45875503,true,1000
blockdiag_high_index n=45 k=5,blockdiag_high_index_singular,45,5,julia,30,292,0.0059321579,500,15000,0.965925,10800,1859149576,500580352,false,0.45875503,true,1000
blockdiag_high_index n=45 k=5,blockdiag_high_index_singular,45,5,julia,30,293,0.0059321579,500,15000,0.965925,10800,1859149576,500580352,false,0.45875503,true,1000
blockdiag_high_index n=45 k=5,blockdiag_high_index_singular,45,5,julia,30,294,0.0059321579,500,15000,0.965925,10800,1859149576,500580352,false,0.45875503,true,1000
blockdiag_high_index n=45 k=5,blockdiag_high_index_singular,45,5,julia,30,295,0.0059321579,500,15000,0.965925,10800,1859149576,500580352,false,0.45875503,true,1000
blockdiag_high_index n=45 k=5,blockdiag_high_index_singular,45,5,julia,30,296,0.0059321579,500,15000,0.965925,10800,1859149576,500580352,false,0.45875503,true,1000
blockdiag_high_index n=45 k=5,blockdiag_high_index_singular,45,5,julia,30,297,0.0059321579,500,15000,0.965925,10800,1859149576,500580352,false,0.45875503,true,1000
blockdiag_high_index n=45 k=5,blockdiag_high_index_singular,45,5,julia,30,298,0.0059321579,500,15000,0.965925,10800,1859149576,500580352,false,0.45875503,true,1000
blockdiag_high_index n=45 k=5,blockdiag_high_index_singular,45,5,julia,30,299,0.0059321579,500,15000,0.965925,10800,1859149576,500580352,false,0.45875503,true,1000
blockdiag_high_index n=45 k=5,blockdiag_high_index_singular,45,5,julia,30,300,0.0059321579,500,15000,0.965925,10800,1859149576,500580352,false,0.45875503,true,1000
blockdiag_high_index n=45 k=5,blockdiag_high_index_singular,45,5,julia,30,301,0.0059321579,500,15000,0.965925,10800,1859149576,500580352,false,0.45875503,true,1000
blockdiag_high_index n=45 k=5,blockdiag_high_index_singular,45,5,julia,30,302,0.0059321579,500,15000,0.965925,10800,1859149576,500580352,false,0.45875503,true,1000
blockdiag_high_index n=45 k=5,blockdiag_high_index_singular,45,5,julia,30,303,0.0059321579,500,15000,0.965925,10800,1859149576,500580352,false,0.45875503,true,1000
blockdiag_high_index n=45 k=5,blockdiag_high_index_singular,45,5,julia,30,304,0.0059321579,500,15000,0.965925,10800,1859149576,500580352,false,0.45875503,true,1000
blockdiag_high_index n=45 k=5,blockdiag_high_index_singular,45,5,julia,30,305,0.0059321579,500,15000,0.965925,10800,1859149576,500580352,false,0.45875503,true,1000
blockdiag_high_index n=45 k=5,blockdiag_high_index_singular,45,5,julia,30,306,0.0059321579,500,15000,0.965925,10800,1859149576,500580352,false,0.45875503,true,1000
blockdiag_high_index n=45 k=5,blockdiag_high_index_singular,45,5,julia,30,307,0.0059321579,500,15000,0.965925,10800,1859149576,500580352,false,0.45875503,true,1000
blockdiag_high_index n=45 k=5,blockdiag_high_index_singular,45,5,julia,30,308,0.0059321579,500,15000,0.965925,10800,1859149576,500580352,false,0.45875503,true,1000
blockdiag_high_index n=45 k=5,blockdiag_high_index_singular,45,5,julia,30,309,0.0059321579,500,15000,0.965925,10800,1859149576,500580352,false,0.45875503,true,1000
blockdiag_high_index n=45 k=5,blockdiag_high_index_singular,45,5,julia,30,310,0.0059321579,500,15000,0.965925,10800,1859149576,500580352,false,0.45875503,true,1000
blockdiag_high_index n=45 k=5,blockdiag_high_index_singular,45,5,julia,30,311,0.0059321579,500,15000,0.965925,10800,1859149576,500580352,false,0.45875503,true,1000
blockdiag_high_index n=45 k=5,blockdiag_high_index_singular,45,5,julia,30,312,0.0059321579,500,15000,0.965925,10800,1859149576,500580352,false,0.45875503,true,1000
blockdiag_high_index n=45 k=5,blockdiag_high_index_singular,45,5,julia,30,313,0.0059321579,500,15000,0.965925,10800,1859149576,500580352,false,0.45875503,true,1000
blockdiag_high_index n=45 k=5,blockdiag_high_index_singular,45,5,julia,30,314,0.0059321579,500,15000,0.965925,10800,1859149576,500580352,false,0.45875503,true,1000
blockdiag_high_index n=45 k=5,blockdiag_high_index_singular,45,5,julia,30,315,0.0059321579,500,15000,0.965925,10800,1859149576,500580352,false,0.45875503,true,1000
blockdiag_high_index n=45 k=5,blockdiag_high_index_singular,45,5,julia,30,316,0.0059321579,500,15000,0.965925,10800,1859149576,500580352,false,0.45875503,true,1000
blockdiag_high_index n=45 k=5,blockdiag_high_index_singular,45,5,julia,30,317,0.0059321579,500,15000,0.965925,10800,1859149576,500580352,false,0.45875503,true,1000
blockdiag_high_index n=45 k=5,blockdiag_high_index_singular,45,5,julia,30,318,0.0059321579,500,15000,0.965925,10800,1859149576,500580352,false,0.45875503,true,1000
blockdiag_high_index n=45 k=5,blockdiag_high_index_singular,45,5,julia,30,319,0.0059321579,500,15000,0.965925,10800,1859149576,500580352,false,0.45875503,true,1000
blockdiag_high_index n=45 k=5,blockdiag_high_index_singular,45,5,julia,30,320,0.0059321579,500,15000,0.965925,10800,1859149576,500580352,false,0.45875503,true,1000
blockdiag_high_index n=45 k=5,blockdiag_high_index_singular,45,5,julia,30,321,0.0059321579,500,15000,0.965925,10800,1859149576,500580352,false,0.45875503,true,1000
blockdiag_high_index n=45 k=5,blockdiag_high_index_singular,45,5,julia,30,322,0.0059321579,500,15000,0.965925,10800,1859149576,500580352,false,0.45875503,true,1000
blockdiag_high_index n=45 k=5,blockdiag_high_index_singular,45,5,julia,30,323,0.0059321579,500,15000,0.965925,10800,1859149576,500580352,false,0.45875503,true,1000
blockdiag_high_index n=45 k=5,blockdiag_high_index_singular,45,5,julia,30,324,0.0059321579,500,15000,0.965925,10800,1859149576,500580352,false,0.45875503,true,1000
blockdiag_high_index n=45 k=5,blockdiag_high_index_singular,45,5,julia,30,325,0.0059321579,500,15000,0.965925,10800,1859149576,500580352,false,0.45875503,true,1000
blockdiag_high_index n=45 k=5,blockdiag_high_index_singular,45,5,julia,30,326,0.0059321579,500,15000,0.965925,10800,1859149576,500580352,false,0.45875503,true,1000
blockdiag_high_index n=45 k=5,blockdiag_high_index_singular,45,5,julia,30,327,0.0059321579,500,15000,0.965925,10800,1859149576,500580352,false,0.45875503,true,1000
blockdiag_high_index n=45 k=5,blockdiag_high_index_singular,45,5,julia,30,328,0.0059321579,500,15000,0.965925,10800,1859149576,500580352,false,0.45875503,true,1000
blockdiag_high_index n=45 k=5,blockdiag_high_index_singular,45,5,julia,30,329,0.0059321579,500,15000,0.965925,10800,1859149576,500580352,false,0.45875503,true,1000
blockdiag_high_index n=45 k=5,blockdiag_high_index_singular,45,5,julia,30,330,0.0059321579,500,15000,0.965925,10800,1859149576,500580352,false,0.45875503,true,1000
blockdiag_high_index n=45 k=5,blockdiag_high_index_singular,45,5,julia,30,331,0.0059321579,500,15000,0.965925,10800,1859149576,500580352,false,0.45875503,true,1000
blockdiag_high_index n=45 k=5,blockdiag_high_index_singular,45,5,julia,30,332,0.0059321579,500,15000,0.965925,10800,1859149576,500580352,false,0.45875503,true,1000
blockdiag_high_index n=45 k=5,blockdiag_high_index_singular,45,5,julia,30,333,0.0059321579,500,15000,0.965925,10800,1859149576,500580352,false,0.45875503,true,1000
blockdiag_high_index n=45 k=5,blockdiag_high_index_singular,45,5,julia,30,334,0.0059321579,500,15000,0.965925,10800,1859149576,500580352,false,0.45875503,true,1000
blockdiag_high_index n=45 k=5,blockdiag_high_index_singular,45,5,julia,30,335,0.0059321579,500,15000,0.965925,10800,1859149576,500580352,false,0.45875503,true,1000
blockdiag_high_index n=45 k=5,blockdiag_high_index_singular,45,5,julia,30,336,0.0059321579,500,15000,0.965925,10800,1859149576,500580352,false,0.45875503,true,1000
blockdiag_high_index n=45 k=5,blockdiag_high_index_singular,45,5,julia,30,337,0.0059321579,500,15000,0.965925,10800,1859149576,500580352,false,0.45875503,true,1000
blockdiag_high_index n=45 k=5,blockdiag_high_index_singular,45,5,julia,30,338,0.0059321579,500,15000,0.965925,10800,1859149576,500580352,false,0.45875503,true,1000
blockdiag_high_index n=45 k=5,blockdiag_high_index_singular,45,5,julia,30,339,0.0059321579,500,15000,0.965925,10800,1859149576,500580352,false,0.45875503,true,1000
blockdiag_high_index n=45 k=5,blockdiag_high_index_singular,45,5,julia,30,340,0.0059321579,500,15000,0.965925,10800,1859149576,500580352,false,0.45875503,true,1000
blockdiag_high_index n=45 k=5,blockdiag_high_index_singular,45,5,julia,30,341,0.0059321579,500,15000,0.965925,10800,1859149576,500580352,false,0.45875503,true,1000
blockdiag_high_index n=45 k=5,blockdiag_high_index_singular,45,5,julia,30,342,0.0059321579,500,15000,0.965925,10800,1859149576,500580352,false,0.45875503,true,1000
blockdiag_high_index n=45 k=5,blockdiag_high_index_singular,45,5,julia,30,343,0.0059321579,500,15000,0.965925,10800,1859149576,500580352,false,0.45875503,true,1000
blockdiag_high_index n=45 k=5,blockdiag_high_index_singular,45,5,julia,30,344,0.0059321579,500,15000,0.965925,10800,1859149576,500580352,false,0.45875503,true,1000
blockdiag_high_index n=45 k=5,blockdiag_high_index_singular,45,5,julia,30,345,0.0059321579,500,15000,0.965925,10800,1859149576,500580352,false,0.45875503,true,1000
blockdiag_high_index n=45 k=5,blockdiag_high_index_singular,45,5,julia,30,346,0.0059321579,500,15000,0.965925,10800,1859149576,500580352,false,0.45875503,true,1000
blockdiag_high_index n=45 k=5,blockdiag_high_index_singular,45,5,julia,30,347,0.0059321579,500,15000,0.965925,10800,1859149576,500580352,false,0.45875503,true,1000
blockdiag_high_index n=45 k=5,blockdiag_high_index_singular,45,5,julia,30,348,0.0059321579,500,15000,0.965925,10800,1859149576,500580352,false,0.45875503,true,1000
blockdiag_high_index n=45 k=5,blockdiag_high_index_singular,45,5,julia,30,349,0.0059321579,500,15000,0.965925,10800,1859149576,500580352,false,0.45875503,true,1000
blockdiag_high_index n=45 k=5,blockdiag_high_index_singular,45,5,julia,30,350,0.0059321579,500,15000,0.965925,10800,1859149576,500580352,false,0.45875503,true,1000
blockdiag_high_index n=45 k=5,blockdiag_high_index_singular,45,5,julia,30,351,0.0059321579,500,15000,0.965925,10800,1859149576,500580352,false,0.45875503,true,1000
blockdiag_high_index n=45 k=5,blockdiag_high_index_singular,45,5,julia,30,352,0.0059321579,500,15000,0.965925,10800,1859149576,500580352,false,0.45875503,true,1000
blockdiag_high_index n=45 k=5,blockdiag_high_index_singular,45,5,julia,30,353,0.0059321579,500,15000,0.965925,10800,1859149576,500580352,false,0.45875503,true,1000
blockdiag_high_index n=45 k=5,blockdiag_high_index_singular,45,5,julia,30,354,0.0059321579,500,15000,0.965925,10800,1859149576,500580352,false,0.45875503,true,1000
blockdiag_high_index n=45 k=5,blockdiag_high_index_singular,45,5,julia,30,355,0.0059321579,500,15000,0.965925,10800,1859149576,500580352,false,0.45875503,true,1000
blockdiag_high_index n=45 k=5,blockdiag_high_index_singular,45,5,julia,30,356,0.0059321579,500,15000,0.965925,10800,1859149576,500580352,false,0.45875503,true,1000
blockdiag_high_index n=45 k=5,blockdiag_high_index_singular,45,5,julia,30,357,0.0059321579,500,15000,0.965925,10800,1859149576,500580352,false,0.45875503,true,1000
blockdiag_high_index n=45 k=5,blockdiag_high_index_singular,45,5,julia,30,358,0.0059321579,500,15000,0.965925,10800,1859149576,500580352,false,0.45875503,true,1000
blockdiag_high_index n=45 k=5,blockdiag_high_index_singular,45,5,julia,30,359,0.0059321579,500,15000,0.965925,10800,1859149576,500580352,false,0.45875503,true,1000
blockdiag_high_index n=45 k=5,blockdiag_high_index_singular,45,5,julia,30,360,0.0059321579,500,15000,0.965925,10800,1859149576,500580352,false,0.45875503,true,1000
blockdiag_high_index n=45 k=5,blockdiag_high_index_singular,45,5,julia,30,361,0.0059321579,500,15000,0.965925,10800,1859149576,500580352,false,0.45875503,true,1000
blockdiag_high_index n=45 k=5,blockdiag_high_index_singular,45,5,julia,30,362,0.0059321579,500,15000,0.965925,10800,1859149576,500580352,false,0.45875503,true,1000
blockdiag_high_index n=45 k=5,blockdiag_high_index_singular,45,5,julia,30,363,0.0059321579,500,15000,0.965925,10800,1859149576,500580352,false,0.45875503,true,1000
blockdiag_high_index n=45 k=5,blockdiag_high_index_singular,45,5,julia,30,364,0.0059321579,500,15000,0.965925,10800,1859149576,500580352,false,0.45875503,true,1000
blockdiag_high_index n=45 k=5,blockdiag_high_index_singular,45,5,julia,30,365,0.0059321579,500,15000,0.965925,10800,1859149576,500580352,false,0.45875503,true,1000
blockdiag_high_index n=45 k=5,blockdiag_high_index_singular,45,5,julia,30,366,0.0059321579,500,15000,0.965925,10800,1859149576,500580352,false,0.45875503,true,1000
blockdiag_high_index n=45 k=5,blockdiag_high_index_singular,45,5,julia,30,367,0.0059321579,500,15000,0.965925,10800,1859149576,500580352,false,0.45875503,true,1000
blockdiag_high_index n=45 k=5,blockdiag_high_index_singular,45,5,julia,30,368,0.0059321579,500,15000,0.965925,10800,1859149576,500580352,false,0.45875503,true,1000
blockdiag_high_index n=45 k=5,blockdiag_high_index_singular,45,5,julia,30,369,0.0059321579,500,15000,0.965925,10800,1859149576,500580352,false,0.45875503,true,1000
blockdiag_high_index n=45 k=5,blockdiag_high_index_singular,45,5,julia,30,370,0.0059321579,500,15000,0.965925,10800,1859149576,500580352,false,0.45875503,true,1000
blockdiag_high_index n=45 k=5,blockdiag_high_index_singular,45,5,julia,30,371,0.0059321579,500,15000,0.965925,10800,1859149576,500580352,false,0.45875503,true,1000
blockdiag_high_index n=45 k=5,blockdiag_high_index_singular,45,5,julia,30,372,0.0059321579,500,15000,0.965925,10800,1859149576,500580352,false,0.45875503,true,1000
blockdiag_high_index n=45 k=5,blockdiag_high_index_singular,45,5,julia,30,373,0.0059321579,500,15000,0.965925,10800,1859149576,500580352,false,0.45875503,true,1000
blockdiag_high_index n=45 k=5,blockdiag_high_index_singular,45,5,julia,30,374,0.0059321579,500,15000,0.965925,10800,1859149576,500580352,false,0.45875503,true,1000
blockdiag_high_index n=45 k=5,blockdiag_high_index_singular,45,5,julia,30,375,0.0059321579,500,15000,0.965925,10800,1859149576,500580352,false,0.45875503,true,1000
blockdiag_high_index n=45 k=5,blockdiag_high_index_singular,45,5,julia,30,376,0.0059321579,500,15000,0.965925,10800,1859149576,500580352,false,0.45875503,true,1000
blockdiag_high_index n=45 k=5,blockdiag_high_index_singular,45,5,julia,30,377,0.0059321579,500,15000,0.965925,10800,1859149576,500580352,false,0.45875503,true,1000
blockdiag_high_index n=45 k=5,blockdiag_high_index_singular,45,5,julia,30,378,0.0059321579,500,15000,0.965925,10800,1859149576,500580352,false,0.45875503,true,1000
blockdiag_high_index n=45 k=5,blockdiag_high_index_singular,45,5,julia,30,379,0.0059321579,500,15000,0.965925,10800,1859149576,500580352,false,0.45875503,true,1000
blockdiag_high_index n=45 k=5,blockdiag_high_index_singular,45,5,julia,30,380,0.0059321579,500,15000,0.965925,10800,1859149576,500580352,false,0.45875503,true,1000
blockdiag_high_index n=45 k=5,blockdiag_high_index_singular,45,5,julia,30,381,0.0059321579,500,15000,0.965925,10800,1859149576,500580352,false,0.45875503,true,1000
blockdiag_high_index n=45 k=5,blockdiag_high_index_singular,45,5,julia,30,382,0.0059321579,500,15000,0.965925,10800,1859149576,500580352,false,0.45875503,true,1000
blockdiag_high_index n=45 k=5,blockdiag_high_index_singular,45,5,julia,30,383,0.0059321579,500,15000,0.965925,10800,1859149576,500580352,false,0.45875503,true,1000
blockdiag_high_index n=45 k=5,blockdiag_high_index_singular,45,5,julia,30,384,0.0059321579,500,15000,0.965925,10800,1859149576,500580352,false,0.45875503,true,1000
blockdiag_high_index n=45 k=5,blockdiag_high_index_singular,45,5,julia,30,385,0.0059321579,500,15000,0.965925,10800,1859149576,500580352,false,0.45875503,true,1000
blockdiag_high_index n=45 k=5,blockdiag_high_index_singular,45,5,julia,30,386,0.0059321579,500,15000,0.965925,10800,1859149576,500580352,false,0.45875503,true,1000
blockdiag_high_index n=45 k=5,blockdiag_high_index_singular,45,5,julia,30,387,0.0059321579,500,15000,0.965925,10800,1859149576,500580352,false,0.45875503,true,1000
blockdiag_high_index n=45 k=5,blockdiag_high_index_singular,45,5,julia,30,388,0.0059321579,500,15000,0.965925,10800,1859149576,500580352,false,0.45875503,true,1000
blockdiag_high_index n=45 k=5,blockdiag_high_index_singular,45,5,julia,30,389,0.0059321579,500,15000,0.965925,10800,1859149576,500580352,false,0.45875503,true,1000
blockdiag_high_index n=45 k=5,blockdiag_high_index_singular,45,5,julia,30,390,0.0059321579,500,15000,0.965925,10800,1859149576,500580352,false,0.45875503,true,1000
blockdiag_high_index n=45 k=5,blockdiag_high_index_singular,45,5,julia,30,391,0.0059321579,500,15000,0.965925,10800,1859149576,500580352,false,0.45875503,true,1000
blockdiag_high_index n=45 k=5,blockdiag_high_index_singular,45,5,julia,30,392,0.0059321579,500,15000,0.965925,10800,1859149576,500580352,false,0.45875503,true,1000
blockdiag_high_index n=45 k=5,blockdiag_high_index_singular,45,5,julia,30,393,0.0059321579,500,15000,0.965925,10800,1859149576,500580352,false,0.45875503,true,1000
blockdiag_high_index n=45 k=5,blockdiag_high_index_singular,45,5,julia,30,394,0.0059321579,500,15000,0.965925,10800,1859149576,500580352,false,0.45875503,true,1000
blockdiag_high_index n=45 k=5,blockdiag_high_index_singular,45,5,julia,30,395,0.0059321579,500,15000,0.965925,10800,1859149576,500580352,false,0.45875503,true,1000
blockdiag_high_index n=45 k=5,blockdiag_high_index_singular,45,5,julia,30,396,0.0059321579,500,15000,0.965925,10800,1859149576,500580352,false,0.45875503,true,1000
blockdiag_high_index n=45 k=5,blockdiag_high_index_singular,45,5,julia,30,397,0.0059321579,500,15000,0.965925,10800,1859149576,500580352,false,0.45875503,true,1000
blockdiag_high_index n=45 k=5,blockdiag_high_index_singular,45,5,julia,30,398,0.0059321579,500,15000,0.965925,10800,1859149576,500580352,false,0.45875503,true,1000
blockdiag_high_index n=45 k=5,blockdiag_high_index_singular,45,5,julia,30,399,0.0059321579,500,15000,0.965925,10800,1859149576,500580352,false,0.45875503,true,1000
blockdiag_high_index n=45 k=5,blockdiag_high_index_singular,45,5,julia,30,400,0.0059321579,500,15000,0.965925,10800,1859149576,500580352,false,0.45875503,true,1000
blockdiag_high_index n=45 k=5,blockdiag_high_index_singular,45,5,julia,30,401,0.0059321579,500,15000,0.965925,10800,1859149576,500580352,false,0.45875503,true,1000
blockdiag_high_index n=45 k=5,blockdiag_high_index_singular,45,5,julia,30,402,0.0059321579,500,15000,0.965925,10800,1859149576,500580352,false,0.45875503,true,1000
blockdiag_high_index n=45 k=5,blockdiag_high_index_singular,45,5,julia,30,403,0.0059321579,500,15000,0.965925,10800,1859149576,500580352,false,0.45875503,true,1000
blockdiag_high_index n=45 k=5,blockdiag_high_index_singular,45,5,julia,30,404,0.0059321579,500,15000,0.965925,10800,1859149576,500580352,false,0.45875503,true,1000
blockdiag_high_index n=45 k=5,blockdiag_high_index_singular,45,5,julia,30,405,0.0059321579,500,15000,0.965925,10800,1859149576,500580352,false,0.45875503,true,1000
blockdiag_high_index n=45 k=5,blockdiag_high_index_singular,45,5,julia,30,406,0.0059321579,500,15000,0.965925,10800,1859149576,500580352,false,0.45875503,true,1000
blockdiag_high_index n=45 k=5,blockdiag_high_index_singular,45,5,julia,30,407,0.0059321579,500,15000,0.965925,10800,1859149576,500580352,false,0.45875503,true,1000
blockdiag_high_index n=45 k=5,blockdiag_high_index_singular,45,5,julia,30,408,0.0059321579,500,15000,0.965925,10800,1859149576,500580352,false,0.45875503,true,1000
blockdiag_high_index n=45 k=5,blockdiag_high_index_singular,45,5,julia,30,409,0.0059321579,500,15000,0.965925,10800,1859149576,500580352,false,0.45875503,true,1000
blockdiag_high_index n=45 k=5,blockdiag_high_index_singular,45,5,julia,30,410,0.0059321579,500,15000,0.965925,10800,1859149576,500580352,false,0.45875503,true,1000
blockdiag_high_index n=45 k=5,blockdiag_high_index_singular,45,5,julia,30,411,0.0059321579,500,15000,0.965925,10800,1859149576,500580352,false,0.45875503,true,1000
blockdiag_high_index n=45 k=5,blockdiag_high_index_singular,45,5,julia,30,412,0.0059321579,500,15000,0.965925,10800,1859149576,500580352,false,0.45875503,true,1000
blockdiag_high_index n=45 k=5,blockdiag_high_index_singular,45,5,julia,30,413,0.0059321579,500,15000,0.965925,10800,1859149576,500580352,false,0.45875503,true,1000
blockdiag_high_index n=45 k=5,blockdiag_high_index_singular,45,5,julia,30,414,0.0059321579,500,15000,0.965925,10800,1859149576,500580352,false,0.45875503,true,1000
blockdiag_high_index n=45 k=5,blockdiag_high_index_singular,45,5,julia,30,415,0.0059321579,500,15000,0.965925,10800,1859149576,500580352,false,0.45875503,true,1000
blockdiag_high_index n=45 k=5,blockdiag_high_index_singular,45,5,julia,30,416,0.0059321579,500,15000,0.965925,10800,1859149576,500580352,false,0.45875503,true,1000
blockdiag_high_index n=45 k=5,blockdiag_high_index_singular,45,5,julia,30,417,0.0059321579,500,15000,0.965925,10800,1859149576,500580352,false,0.45875503,true,1000
blockdiag_high_index n=45 k=5,blockdiag_high_index_singular,45,5,julia,30,418,0.0059321579,500,15000,0.965925,10800,1859149576,500580352,false,0.45875503,true,1000
blockdiag_high_index n=45 k=5,blockdiag_high_index_singular,45,5,julia,30,419,0.0059321579,500,15000,0.965925,10800,1859149576,500580352,false,0.45875503,true,1000
blockdiag_high_index n=45 k=5,blockdiag_high_index_singular,45,5,julia,30,420,0.0059321579,500,15000,0.965925,10800,1859149576,500580352,false,0.45875503,true,1000
blockdiag_high_index n=45 k=5,blockdiag_high_index_singular,45,5,julia,30,421,0.0059321579,500,15000,0.965925,10800,1859149576,500580352,false,0.45875503,true,1000
blockdiag_high_index n=45 k=5,blockdiag_high_index_singular,45,5,julia,30,422,0.0059321579,500,15000,0.965925,10800,1859149576,500580352,false,0.45875503,true,1000
blockdiag_high_index n=45 k=5,blockdiag_high_index_singular,45,5,julia,30,423,0.0059321579,500,15000,0.965925,10800,1859149576,500580352,false,0.45875503,true,1000
blockdiag_high_index n=45 k=5,blockdiag_high_index_singular,45,5,julia,30,424,0.0059321579,500,15000,0.965925,10800,1859149576,500580352,false,0.45875503,true,1000
blockdiag_high_index n=45 k=5,blockdiag_high_index_singular,45,5,julia,30,425,0.0059321579,500,15000,0.965925,10800,1859149576,500580352,false,0.45875503,true,1000
blockdiag_high_index n=45 k=5,blockdiag_high_index_singular,45,5,julia,30,426,0.0059321579,500,15000,0.965925,10800,1859149576,500580352,false,0.45875503,true,1000
blockdiag_high_index n=45 k=5,blockdiag_high_index_singular,45,5,julia,30,427,0.0059321579,500,15000,0.965925,10800,1859149576,500580352,false,0.45875503,true,1000
blockdiag_high_index n=45 k=5,blockdiag_high_index_singular,45,5,julia,30,428,0.0059321579,500,15000,0.965925,10800,1859149576,500580352,false,0.45875503,true,1000
blockdiag_high_index n=45 k=5,blockdiag_high_index_singular,45,5,julia,30,429,0.0059321579,500,15000,0.965925,10800,1859149576,500580352,false,0.45875503,true,1000
blockdiag_high_index n=45 k=5,blockdiag_high_index_singular,45,5,julia,30,430,0.0059321579,500,15000,0.965925,10800,1859149576,500580352,false,0.45875503,true,1000
blockdiag_high_index n=45 k=5,blockdiag_high_index_singular,45,5,julia,30,431,0.0059321579,500,15000,0.965925,10800,1859149576,500580352,false,0.45875503,true,1000
blockdiag_high_index n=45 k=5,blockdiag_high_index_singular,45,5,julia,30,432,0.0059321579,500,15000,0.965925,10800,1859149576,500580352,false,0.45875503,true,1000
blockdiag_high_index n=45 k=5,blockdiag_high_index_singular,45,5,julia,30,433,0.0059321579,500,15000,0.965925,10800,1859149576,500580352,false,0.45875503,true,1000
blockdiag_high_index n=45 k=5,blockdiag_high_index_singular,45,5,julia,30,434,0.0059321579,500,15000,0.965925,10800,1859149576,500580352,false,0.45875503,true,1000
blockdiag_high_index n=45 k=5,blockdiag_high_index_singular,45,5,julia,30,435,0.0059321579,500,15000,0.965925,10800,1859149576,500580352,false,0.45875503,true,1000
blockdiag_high_index n=45 k=5,blockdiag_high_index_singular,45,5,julia,30,436,0.0059321579,500,15000,0.965925,10800,1859149576,500580352,false,0.45875503,true,1000
blockdiag_high_index n=45 k=5,blockdiag_high_index_singular,45,5,julia,30,437,0.0059321579,500,15000,0.965925,10800,1859149576,500580352,false,0.45875503,true,1000
blockdiag_high_index n=45 k=5,blockdiag_high_index_singular,45,5,julia,30,438,0.0059321579,500,15000,0.965925,10800,1859149576,500580352,false,0.45875503,true,1000
blockdiag_high_index n=45 k=5,blockdiag_high_index_singular,45,5,julia,30,439,0.0059321579,500,15000,0.965925,10800,1859149576,500580352,false,0.45875503,true,1000
blockdiag_high_index n=45 k=5,blockdiag_high_index_singular,45,5,julia,30,440,0.0059321579,500,15000,0.965925,10800,1859149576,500580352,false,0.45875503,true,1000
blockdiag_high_index n=45 k=5,blockdiag_high_index_singular,45,5,julia,30,441,0.0059321579,500,15000,0.965925,10800,1859149576,500580352,false,0.45875503,true,1000
blockdiag_high_index n=45 k=5,blockdiag_high_index_singular,45,5,julia,30,442,0.0059321579,500,15000,0.965925,10800,1859149576,500580352,false,0.45875503,true,1000
blockdiag_high_index n=45 k=5,blockdiag_high_index_singular,45,5,julia,30,443,0.0059321579,500,15000,0.965925,10800,1859149576,500580352,false,0.45875503,true,1000
blockdiag_high_index n=45 k=5,blockdiag_high_index_singular,45,5,julia,30,444,0.0059321579,500,15000,0.965925,10800,1859149576,500580352,false,0.45875503,true,1000
blockdiag_high_index n=45 k=5,blockdiag_high_index_singular,45,5,julia,30,445,0.0059321579,500,15000,0.965925,10800,1859149576,500580352,false,0.45875503,true,1000
blockdiag_high_index n=45 k=5,blockdiag_high_index_singular,45,5,julia,30,446,0.0059321579,500,15000,0.965925,10800,1859149576,500580352,false,0.45875503,true,1000
blockdiag_high_index n=45 k=5,blockdiag_high_index_singular,45,5,julia,30,447,0.0059321579,500,15000,0.965925,10800,1859149576,500580352,false,0.45875503,true,1000
blockdiag_high_index n=45 k=5,blockdiag_high_index_singular,45,5,julia,30,448,0.0059321579,500,15000,0.965925,10800,1859149576,500580352,false,0.45875503,true,1000
blockdiag_high_index n=45 k=5,blockdiag_high_index_singular,45,5,julia,30,449,0.0059321579,500,15000,0.965925,10800,1859149576,500580352,false,0.45875503,true,1000
blockdiag_high_index n=45 k=5,blockdiag_high_index_singular,45,5,julia,30,450,0.0059321579,500,15000,0.965925,10800,1859149576,500580352,false,0.45875503,true,1000
blockdiag_high_index n=45 k=5,blockdiag_high_index_singular,45,5,julia,30,451,0.0059321579,500,15000,0.965925,10800,1859149576,500580352,false,0.45875503,true,1000
blockdiag_high_index n=45 k=5,blockdiag_high_index_singular,45,5,julia,30,452,0.0059321579,500,15000,0.965925,10800,1859149576,500580352,false,0.45875503,true,1000
blockdiag_high_index n=45 k=5,blockdiag_high_index_singular,45,5,julia,30,453,0.0059321579,500,15000,0.965925,10800,1859149576,500580352,false,0.45875503,true,1000
blockdiag_high_index n=45 k=5,blockdiag_high_index_singular,45,5,julia,30,454,0.0059321579,500,15000,0.965925,10800,1859149576,500580352,false,0.45875503,true,1000
blockdiag_high_index n=45 k=5,blockdiag_high_index_singular,45,5,julia,30,455,0.0059321579,500,15000,0.965925,10800,1859149576,500580352,false,0.45875503,true,1000
blockdiag_high_index n=45 k=5,blockdiag_high_index_singular,45,5,julia,30,456,0.0059321579,500,15000,0.965925,10800,1859149576,500580352,false,0.45875503,true,1000
blockdiag_high_index n=45 k=5,blockdiag_high_index_singular,45,5,julia,30,457,0.0059321579,500,15000,0.965925,10800,1859149576,500580352,false,0.45875503,true,1000
blockdiag_high_index n=45 k=5,blockdiag_high_index_singular,45,5,julia,30,458,0.0059321579,500,15000,0.965925,10800,1859149576,500580352,false,0.45875503,true,1000
blockdiag_high_index n=45 k=5,blockdiag_high_index_singular,45,5,julia,30,459,0.0059321579,500,15000,0.965925,10800,1859149576,500580352,false,0.45875503,true,1000
blockdiag_high_index n=45 k=5,blockdiag_high_index_singular,45,5,julia,30,460,0.0059321579,500,15000,0.965925,10800,1859149576,500580352,false,0.45875503,true,1000
blockdiag_high_index n=45 k=5,blockdiag_high_index_singular,45,5,julia,30,461,0.0059321579,500,15000,0.965925,10800,1859149576,500580352,false,0.45875503,true,1000
blockdiag_high_index n=45 k=5,blockdiag_high_index_singular,45,5,julia,30,462,0.0059321579,500,15000,0.965925,10800,1859149576,500580352,false,0.45875503,true,1000
blockdiag_high_index n=45 k=5,blockdiag_high_index_singular,45,5,julia,30,463,0.0059321579,500,15000,0.965925,10800,1859149576,500580352,false,0.45875503,true,1000
blockdiag_high_index n=45 k=5,blockdiag_high_index_singular,45,5,julia,30,464,0.0059321579,500,15000,0.965925,10800,1859149576,500580352,false,0.45875503,true,1000
blockdiag_high_index n=45 k=5,blockdiag_high_index_singular,45,5,julia,30,465,0.0059321579,500,15000,0.965925,10800,1859149576,500580352,false,0.45875503,true,1000
blockdiag_high_index n=45 k=5,blockdiag_high_index_singular,45,5,julia,30,466,0.0059321579,500,15000,0.965925,10800,1859149576,500580352,false,0.45875503,true,1000
blockdiag_high_index n=45 k=5,blockdiag_high_index_singular,45,5,julia,30,467,0.0059321579,500,15000,0.965925,10800,1859149576,500580352,false,0.45875503,true,1000
blockdiag_high_index n=45 k=5,blockdiag_high_index_singular,45,5,julia,30,468,0.0059321579,500,15000,0.965925,10800,1859149576,500580352,false,0.45875503,true,1000
blockdiag_high_index n=45 k=5,blockdiag_high_index_singular,45,5,julia,30,469,0.0059321579,500,15000,0.965925,10800,1859149576,500580352,false,0.45875503,true,1000
blockdiag_high_index n=45 k=5,blockdiag_high_index_singular,45,5,julia,30,470,0.0059321579,500,15000,0.965925,10800,1859149576,500580352,false,0.45875503,true,1000
blockdiag_high_index n=45 k=5,blockdiag_high_index_singular,45,5,julia,30,471,0.0059321579,500,15000,0.965925,10800,1859149576,500580352,false,0.45875503,true,1000
blockdiag_high_index n=45 k=5,blockdiag_high_index_singular,45,5,julia,30,472,0.0059321579,500,15000,0.965925,10800,1859149576,500580352,false,0.45875503,true,1000
blockdiag_high_index n=45 k=5,blockdiag_high_index_singular,45,5,julia,30,473,0.0059321579,500,15000,0.965925,10800,1859149576,500580352,false,0.45875503,true,1000
blockdiag_high_index n=45 k=5,blockdiag_high_index_singular,45,5,julia,30,474,0.0059321579,500,15000,0.965925,10800,1859149576,500580352,false,0.45875503,true,1000
blockdiag_high_index n=45 k=5,blockdiag_high_index_singular,45,5,julia,30,475,0.0059321579,500,15000,0.965925,10800,1859149576,500580352,false,0.45875503,true,1000
blockdiag_high_index n=45 k=5,blockdiag_high_index_singular,45,5,julia,30,476,0.0059321579,500,15000,0.965925,10800,1859149576,500580352,false,0.45875503,true,1000
blockdiag_high_index n=45 k=5,blockdiag_high_index_singular,45,5,julia,30,477,0.0059321579,500,15000,0.965925,10800,1859149576,500580352,false,0.45875503,true,1000
blockdiag_high_index n=45 k=5,blockdiag_high_index_singular,45,5,julia,30,478,0.0059321579,500,15000,0.965925,10800,1859149576,500580352,false,0.45875503,true,1000
blockdiag_high_index n=45 k=5,blockdiag_high_index_singular,45,5,julia,30,479,0.0059321579,500,15000,0.965925,10800,1859149576,500580352,false,0.45875503,true,1000
blockdiag_high_index n=45 k=5,blockdiag_high_index_singular,45,5,julia,30,480,0.0059321579,500,15000,0.965925,10800,1859149576,500580352,false,0.45875503,true,1000
blockdiag_high_index n=45 k=5,blockdiag_high_index_singular,45,5,julia,30,481,0.0059321579,500,15000,0.965925,10800,1859149576,500580352,false,0.45875503,true,1000
blockdiag_high_index n=45 k=5,blockdiag_high_index_singular,45,5,julia,30,482,0.0059321579,500,15000,0.965925,10800,1859149576,500580352,false,0.45875503,true,1000
blockdiag_high_index n=45 k=5,blockdiag_high_index_singular,45,5,julia,30,483,0.0059321579,500,15000,0.965925,10800,1859149576,500580352,false,0.45875503,true,1000
blockdiag_high_index n=45 k=5,blockdiag_high_index_singular,45,5,julia,30,484,0.0059321579,500,15000,0.965925,10800,1859149576,500580352,false,0.45875503,true,1000
blockdiag_high_index n=45 k=5,blockdiag_high_index_singular,45,5,julia,30,485,0.0059321579,500,15000,0.965925,10800,1859149576,500580352,false,0.45875503,true,1000
blockdiag_high_index n=45 k=5,blockdiag_high_index_singular,45,5,julia,30,486,0.0059321579,500,15000,0.965925,10800,1859149576,500580352,false,0.45875503,true,1000
blockdiag_high_index n=45 k=5,blockdiag_high_index_singular,45,5,julia,30,487,0.0059321579,500,15000,0.965925,10800,1859149576,500580352,false,0.45875503,true,1000
blockdiag_high_index n=45 k=5,blockdiag_high_index_singular,45,5,julia,30,488,0.0059321579,500,15000,0.965925,10800,1859149576,500580352,false,0.45875503,true,1000
blockdiag_high_index n=45 k=5,blockdiag_high_index_singular,45,5,julia,30,489,0.0059321579,500,15000,0.965925,10800,1859149576,500580352,false,0.45875503,true,1000
blockdiag_high_index n=45 k=5,blockdiag_high_index_singular,45,5,julia,30,490,0.0059321579,500,15000,0.965925,10800,1859149576,500580352,false,0.45875503,true,1000
blockdiag_high_index n=45 k=5,blockdiag_high_index_singular,45,5,julia,30,491,0.0059321579,500,15000,0.965925,10800,1859149576,500580352,false,0.45875503,true,1000
blockdiag_high_index n=45 k=5,blockdiag_high_index_singular,45,5,julia,30,492,0.0059321579,500,15000,0.965925,10800,1859149576,500580352,false,0.45875503,true,1000
blockdiag_high_index n=45 k=5,blockdiag_high_index_singular,45,5,julia,30,493,0.0059321579,500,15000,0.965925,10800,1859149576,500580352,false,0.45875503,true,1000
blockdiag_high_index n=45 k=5,blockdiag_high_index_singular,45,5,julia,30,494,0.0059321579,500,15000,0.965925,10800,1859149576,500580352,false,0.45875503,true,1000
blockdiag_high_index n=45 k=5,blockdiag_high_index_singular,45,5,julia,30,495,0.0059321579,500,15000,0.965925,10800,1859149576,500580352,false,0.45875503,true,1000
blockdiag_high_index n=45 k=5,blockdiag_high_index_singular,45,5,julia,30,496,0.0059321579,500,15000,0.965925,10800,1859149576,500580352,false,0.45875503,true,1000
blockdiag_high_index n=45 k=5,blockdiag_high_index_singular,45,5,julia,30,497,0.0059321579,500,15000,0.965925,10800,1859149576,500580352,false,0.45875503,true,1000
blockdiag_high_index n=45 k=5,blockdiag_high_index_singular,45,5,julia,30,498,0.0059321579,500,15000,0.965925,10800,1859149576,500580352,false,0.45875503,true,1000
blockdiag_high_index n=45 k=5,blockdiag_high_index_singular,45,5,julia,30,499,0.0059321579,500,15000,0.965925,10800,1859149576,500580352,false,0.45875503,true,1000
blockdiag_high_index n=45 k=5,blockdiag_high_index_singular,45,5,julia,30,500,0.0059321579,500,15000,0.965925,10800,1859149576,500580352,false,0.45875503,true,1000
blockdiag_high_index n=45 k=5,blockdiag_high_index_singular,45,5,julia,50,1,1.8766123e-15,1,40,0.00339865,18000,6029816,500580352,true,3.6814733e-14,false,1000
block-diag n=503 k=3,sparse_block_singular,503,3,python,10,1,0.0088654735,10,100,0.00641641,40240,,61362176,true,2.8578961e-07,false,0
block-diag n=503 k=3,sparse_block_singular,503,3,python,10,2,0.0014270632,10,100,0.00641641,40240,,61362176,true,2.8578961e-07,false,0
block-diag n=503 k=3,sparse_block_singular,503,3,python,10,3,0.00028790106,10,100,0.00641641,40240,,61362176,true,2.8578961e-07,false,0
block-diag n=503 k=3,sparse_block_singular,503,3,python,10,4,5.8162249e-05,10,100,0.00641641,40240,,61362176,true,2.8578961e-07,false,0
block-diag n=503 k=3,sparse_block_singular,503,3,python,10,5,1.1740105e-05,10,100,0.00641641,40240,,61362176,true,2.8578961e-07,false,0
block-diag n=503 k=3,sparse_block_singular,503,3,python,10,6,2.3663843e-06,10,100,0.00641641,40240,,61362176,true,2.8578961e-07,false,0
block-diag n=503 k=3,sparse_block_singular,503,3,python,10,7,4.790995e-07,10,100,0.00641641,40240,,61362176,true,2.8578961e-07,false,0
block-diag n=503 k=3,sparse_block_singular,503,3,python,10,8,9.684504e-08,10,100,0.00641641,40240,,61362176,true,2.8578961e-07,false,0
block-diag n=503 k=3,sparse_block_singular,503,3,python,10,9,1.9444653e-08,10,100,0.00641641,40240,,61362176,true,2.8578961e-07,false,0
block-diag n=503 k=3,sparse_block_singular,503,3,python,10,10,3.9331581e-09,10,100,0.00641641,40240,,61362176,true,2.8578961e-07,false,0
block-diag n=503 k=3,sparse_block_singular,503,3,python,20,1,0.00016865629,3,60,0.0058277,80480,,61558784,true,1.3662571e-07,false,0
block-diag n=503 k=3,sparse_block_singular,503,3,python,20,2,5.7315502e-07,3,60,0.0058277,80480,,61558784,true,1.3662571e-07,false,0
block-diag n=503 k=3,sparse_block_singular,503,3,python,20,3,1.976242e-09,3,60,0.0058277,80480,,61558784,true,1.3662571e-07,false,0
block-diag n=503 k=3,sparse_block_singular,503,3,python,30,1,1.5003024e-06,2,60,0.00827586,120720,,61755392,true,2.7795098e-09,false,0
block-diag n=503 k=3,sparse_block_singular,503,3,python,30,2,4.1524288e-11,2,60,0.00827586,120720,,61755392,true,2.7795098e-09,false,0
block-diag n=503 k=3,sparse_block_singular,503,3,python,50,1,9.2154993e-09,1,40,0.00787045,201200,,62087168,true,6.0973945e-07,false,0
